{"ts": "2026-09-23T01:39:32.760129+00:00", "trace_id": null, "stage": "lexical", "event": "start"}
{"ts": "2026-09-23T01:39:32.760854+00:00", "trace_id": null, "stage": "lexical", "event": "finish", "duration_ms": 0.726, "candidates_out": 20}
{"ts": "2026-09-23T01:39:32.760899+00:00", "trace_id": null, "stage": "fuse", "event": "start", "candidates_in": 17}
{"ts": "2026-09-23T01:39:32.760982+00:00", "trace_id": null, "stage": "fuse", "event": "finish", "duration_ms": 0.083, "candidates_in": 17, "candidates_out": 17, "top_score": 0.01639344262295082}
{"ts": "2026-09-23T01:39:32.761298+00:00", "trace_id": null, "stage": "gate", "event": "start", "candidates_in": 5}
{"ts": "2026-09-23T01:39:32.761368+00:00", "trace_id": null, "stage": "gate", "event": "finish", "duration_ms": 0.069, "candidates_in": 5, "candidates_out": 5, "top_score": 20.243826992311785}
{"ts": "2026-09-23T01:39:32.761397+00:00", "trace_id": null, "stage": "lexical", "event": "start"}
{"ts": "2026-09-23T01:39:32.761605+00:00", "trace_id": null, "stage": "lexical", "event": "finish", "duration_ms": 0.208, "candidates_out": 20}
{"ts": "2026-09-23T01:39:32.761635+00:00", "trace_id": null, "stage": "fuse", "event": "start", "candidates_in": 17}
{"ts": "2026-09-23T01:39:32.761692+00:00", "trace_id": null, "stage": "fuse", "event": "finish", "duration_ms": 0.057, "candidates_in": 17, "candidates_out": 17, "top_score": 0.01639344262295082}
{"ts": "2026-09-23T01:39:32.761950+00:00", "trace_id": null, "stage": "gate", "event": "start", "candidates_in": 5}
{"ts": "2026-09-23T01:39:32.762003+00:00", "trace_id": null, "stage": "gate", "event": "finish", "duration_ms": 0.053, "candidates_in": 5, "candidates_out": 5, "top_score": 15.85734777463211}
{"ts": "2026-09-23T01:39:32.762029+00:00", "trace_id": null, "stage": "lexical", "event": "start"}
{"ts": "2026-09-23T01:39:32.762240+00:00", "trace_id": null, "stage": "lexical", "event": "finish", "duration_ms": 0.211, "candidates_out": 20}
{"ts": "2026-09-23T01:39:32.762262+00:00", "trace_id": null, "stage": "fuse", "event": "start", "candidates_in": 15}
{"ts": "2026-09-23T01:39:32.762316+00:00", "trace_id": null, "stage": "fuse", "event": "finish", "duration_ms": 0.054, "candidates_in": 15, "candidates_out": 15, "top_score": 0.01639344262295082}
{"ts": "2026-09-23T01:39:32.762530+00:00", "trace_id": null, "stage": "gate", "event": "start", "candidates_in": 5}
{"ts": "2026-09-23T01:39:32.762580+00:00", "trace_id": null, "stage": "gate", "event": "finish", "duration_ms": 0.05, "candidates_in": 5, "candidates_out": 5, "top_score": 18.00005477052008}
{"ts": "2026-09-23T01:39:32.762607+00:00", "trace_id": null, "stage": "lexical", "event": "start"}
{"ts": "2026-09-23T01:39:32.762796+00:00", "trace_id": null, "stage": "lexical", "event": "finish", "duration_ms": 0.189, "candidates_out": 20}
{"ts": "2026-09-23T01:39:32.762815+00:00", "trace_id": null, "stage": "fuse", "event": "start", "candidates_in": 16}
{"ts": "2026-09-23T01:39:32.762857+00:00", "trace_id": null, "stage": "fuse", "event": "finish", "duration_ms": 0.042, "candidates_in": 16, "candidates_out": 16, "top_score": 0.01639344262295082}
{"ts": "2026-09-23T01:39:32.763105+00:00", "trace_id": null, "stage": "gate", "event": "start", "candidates_in": 5}
{"ts": "2026-09-23T01:39:32.763155+00:00", "trace_id": null, "stage": "gate", "event": "finish", "duration_ms": 0.049, "candidates_in": 5, "candidates_out": 5, "top_score": 12.146479763196577}
{"ts": "2026-09-23T01:39:32.763180+00:00", "trace_id": null, "stage": "lexical", "event": "start"}
{"ts": "2026-09-23T01:39:32.763377+00:00", "trace_id": null, "stage": "lexical", "event": "finish", "duration_ms": 0.197, "candidates_out": 20}
{"ts": "2026-09-23T01:39:32.763397+00:00", "trace_id": null, "stage": "fuse", "event": "start", "candidates_in": 17}
{"ts": "2026-09-23T01:39:32.763460+00:00", "trace_id": null, "stage": "fuse", "event": "finish", "duration_ms": 0.063, "candidates_in": 17, "candidates_out": 17, "top_score": 0.01639344262295082}
{"ts": "2026-09-23T01:39:32.763668+00:00", "trace_id": null, "stage": "gate", "event": "start", "candidates_in": 5}
{"ts": "2026-09-23T01:39:32.763708+00:00", "trace_id": null, "stage": "gate", "event": "finish", "duration_ms": 0.04, "candidates_in": 5, "candidates_out": 5, "top_score": 12.807079207326511}
{"ts": "2026-09-23T01:39:32.763728+00:00", "trace_id": null, "stage": "lexical", "event": "start"}
{"ts": "2026-09-23T01:39:32.763908+00:00", "trace_id": null, "stage": "lexical", "event": "finish", "duration_ms": 0.18, "candidates_out": 20}
{"ts": "2026-09-23T01:39:32.763927+00:00", "trace_id": null, "stage": "fuse", "event": "start", "candidates_in": 17}
{"ts": "2026-09-23T01:39:32.763976+00:00", "trace_id": null, "stage": "fuse", "event": "finish", "duration_ms": 0.05, "candidates_in": 17, "candidates_out": 17, "top_score": 0.01639344262295082}
{"ts": "2026-09-23T01:39:32.764191+00:00", "trace_id": null, "stage": "gate", "event": "start", "candidates_in": 5}
{"ts": "2026-09-23T01:39:32.764236+00:00", "trace_id": null, "stage": "gate", "event": "finish", "duration_ms": 0.045, "candidates_in": 5, "candidates_out": 5, "top_score": 12.07723923683251}
{"ts": "2026-09-23T01:39:32.764262+00:00", "trace_id": null, "stage": "lexical", "event": "start"}
{"ts": "2026-09-23T01:39:32.764443+00:00", "trace_id": null, "stage": "lexical", "event": "finish", "duration_ms": 0.18, "candidates_out": 20}
{"ts": "2026-09-23T01:39:32.764474+00:00", "trace_id": null, "stage": "fuse", "event": "start", "candidates_in": 16}
{"ts": "2026-09-23T01:39:32.764535+00:00", "trace_id": null, "stage": "fuse", "event": "finish", "duration_ms": 0.062, "candidates_in": 16, "candidates_out": 16, "top_score": 0.01639344262295082}
{"ts": "2026-09-23T01:39:32.764740+00:00", "trace_id": null, "stage": "gate", "event": "start", "candidates_in": 5}
{"ts": "2026-09-23T01:39:32.764786+00:00", "trace_id": null, "stage": "gate", "event": "finish", "duration_ms": 0.046, "candidates_in": 5, "candidates_out": 5, "top_score": 14.77824381010211}
{"ts": "2026-09-23T01:39:32.764812+00:00", "trace_id": null, "stage": "lexical", "event": "start"}
{"ts": "2026-09-23T01:39:32.764975+00:00", "trace_id": null, "stage": "lexical", "event": "finish", "duration_ms": 0.163, "candidates_out": 20}
{"ts": "2026-09-23T01:39:32.764993+00:00", "trace_id": null, "stage": "fuse", "event": "start", "candidates_in": 16}
{"ts": "2026-09-23T01:39:32.765036+00:00", "trace_id": null, "stage": "fuse", "event": "finish", "duration_ms": 0.043, "candidates_in": 16, "candidates_out": 16, "top_score": 0.01639344262295082}
{"ts": "2026-09-23T01:39:32.765266+00:00", "trace_id": null, "stage": "gate", "event": "start", "candidates_in": 5}
{"ts": "2026-09-23T01:39:32.765316+00:00", "trace_id": null, "stage": "gate", "event": "finish", "duration_ms": 0.05, "candidates_in": 5, "candidates_out": 5, "top_score": 14.459960098954655}
{"ts": "2026-09-23T01:39:32.765339+00:00", "trace_id": null, "stage": "lexical", "event": "start"}
{"ts": "2026-09-23T01:39:32.765507+00:00", "trace_id": null, "stage": "lexical", "event": "finish", "duration_ms": 0.168, "candidates_out": 20}
{"ts": "2026-09-23T01:39:32.765524+00:00", "trace_id": null, "stage": "fuse", "event": "start", "candidates_in": 15}
{"ts": "2026-09-23T01:39:32.765564+00:00", "trace_id": null, "stage": "fuse", "event": "finish", "duration_ms": 0.04, "candidates_in": 15, "candidates_out": 15, "top_score": 0.01639344262295082}
{"ts": "2026-09-23T01:39:32.765793+00:00", "trace_id": null, "stage": "gate", "event": "start", "candidates_in": 5}
{"ts": "2026-09-23T01:39:32.765839+00:00", "trace_id": null, "stage": "gate", "event": "finish", "duration_ms": 0.045, "candidates_in": 5, "candidates_out": 5, "top_score": 12.351457265037338}
{"ts": "2026-09-23T01:39:32.765866+00:00", "trace_id": null, "stage": "lexical", "event": "start"}
{"ts": "2026-09-23T01:39:32.766038+00:00", "trace_id": null, "stage": "lexical", "event": "finish", "duration_ms": 0.173, "candidates_out": 20}
{"ts": "2026-09-23T01:39:32.766056+00:00", "trace_id": null, "stage": "fuse", "event": "start", "candidates_in": 15}
{"ts": "2026-09-23T01:39:32.766100+00:00", "trace_id": null, "stage": "fuse", "event": "finish", "duration_ms": 0.044, "candidates_in": 15, "candidates_out": 15, "top_score": 0.01639344262295082}
{"ts": "2026-09-23T01:39:32.766315+00:00", "trace_id": null, "stage": "gate", "event": "start", "candidates_in": 5}
{"ts": "2026-09-23T01:39:32.766359+00:00", "trace_id": null, "stage": "gate", "event": "finish", "duration_ms": 0.044, "candidates_in": 5, "candidates_out": 5, "top_score": 12.880683902978468}
{"ts": "2026-09-23T01:39:32.766381+00:00", "trace_id": null, "stage": "lexical", "event": "start"}
{"ts": "2026-09-23T01:39:32.766560+00:00", "trace_id": null, "stage": "lexical", "event": "finish", "duration_ms": 0.18, "candidates_out": 20}
{"ts": "2026-09-23T01:39:32.766578+00:00", "trace_id": null, "stage": "fuse", "event": "start", "candidates_in": 15}
{"ts": "2026-09-23T01:39:32.766620+00:00", "trace_id": null, "stage": "fuse", "event": "finish", "duration_ms": 0.042, "candidates_in": 15, "candidates_out": 15, "top_score": 0.01639344262295082}
{"ts": "2026-09-23T01:39:32.766853+00:00", "trace_id": null, "stage": "gate", "event": "start", "candidates_in": 5}
{"ts": "2026-09-23T01:39:32.766894+00:00", "trace_id": null, "stage": "gate", "event": "finish", "duration_ms": 0.041, "candidates_in": 5, "candidates_out": 5, "top_score": 10.604910015088267}
{"ts": "2026-09-23T01:39:32.766915+00:00", "trace_id": null, "stage": "lexical", "event": "start"}
{"ts": "2026-09-23T01:39:32.767095+00:00", "trace_id": null, "stage": "lexical", "event": "finish", "duration_ms": 0.18, "candidates_out": 20}
{"ts": "2026-09-23T01:39:32.767112+00:00", "trace_id": null, "stage": "fuse", "event": "start", "candidates_in": 16}
{"ts": "2026-09-23T01:39:32.767179+00:00", "trace_id": null, "stage": "fuse", "event": "finish", "duration_ms": 0.067, "candidates_in": 16, "candidates_out": 16, "top_score": 0.01639344262295082}
{"ts": "2026-09-23T01:39:32.767481+00:00", "trace_id": null, "stage": "gate", "event": "start", "candidates_in": 5}
{"ts": "2026-09-23T01:39:32.767525+00:00", "trace_id": null, "stage": "gate", "event": "finish", "duration_ms": 0.044, "candidates_in": 5, "candidates_out": 5, "top_score": 8.745020966057144}
{"ts": "2026-09-23T01:39:32.767546+00:00", "trace_id": null, "stage": "lexical", "event": "start"}
{"ts": "2026-09-23T01:39:32.767724+00:00", "trace_id": null, "stage": "lexical", "event": "finish", "duration_ms": 0.178, "candidates_out": 20}
{"ts": "2026-09-23T01:39:32.767741+00:00", "trace_id": null, "stage": "fuse", "event": "start", "candidates_in": 16}
{"ts": "2026-09-23T01:39:32.767790+00:00", "trace_id": null, "stage": "fuse", "event": "finish", "duration_ms": 0.049, "candidates_in": 16, "candidates_out": 16, "top_score": 0.01639344262295082}
{"ts": "2026-09-23T01:39:32.767988+00:00", "trace_id": null, "stage": "gate", "event": "start", "candidates_in": 5}
{"ts": "2026-09-23T01:39:32.768032+00:00", "trace_id": null, "stage": "gate", "event": "finish", "duration_ms": 0.043, "candidates_in": 5, "candidates_out": 5, "top_score": 8.464555963690316}
{"ts": "2026-09-23T01:39:32.768055+00:00", "trace_id": null, "stage": "lexical", "event": "start"}
{"ts": "2026-09-23T01:39:32.768215+00:00", "trace_id": null, "stage": "lexical", "event": "finish", "duration_ms": 0.16, "candidates_out": 20}
{"ts": "2026-09-23T01:39:32.768233+00:00", "trace_id": null, "stage": "fuse", "event": "start", "candidates_in": 18}
{"ts": "2026-09-23T01:39:32.768290+00:00", "trace_id": null, "stage": "fuse", "event": "finish", "duration_ms": 0.056, "candidates_in": 18, "candidates_out": 18, "top_score": 0.01639344262295082}
{"ts": "2026-09-23T01:39:32.768531+00:00", "trace_id": null, "stage": "gate", "event": "start", "candidates_in": 5}
{"ts": "2026-09-23T01:39:32.768571+00:00", "trace_id": null, "stage": "gate", "event": "finish", "duration_ms": 0.04, "candidates_in": 5, "candidates_out": 5, "top_score": 16.317802293123325}
{"ts": "2026-09-23T01:39:32.768594+00:00", "trace_id": null, "stage": "lexical", "event": "start"}
{"ts": "2026-09-23T01:39:32.768752+00:00", "trace_id": null, "stage": "lexical", "event": "finish", "duration_ms": 0.158, "candidates_out": 20}
{"ts": "2026-09-23T01:39:32.768770+00:00", "trace_id": null, "stage": "fuse", "event": "start", "candidates_in": 16}
{"ts": "2026-09-23T01:39:32.768811+00:00", "trace_id": null, "stage": "fuse", "event": "finish", "duration_ms": 0.041, "candidates_in": 16, "candidates_out": 16, "top_score": 0.01639344262295082}
{"ts": "2026-09-23T01:39:32.769023+00:00", "trace_id": null, "stage": "gate", "event": "start", "candidates_in": 5}
{"ts": "2026-09-23T01:39:32.769076+00:00", "trace_id": null, "stage": "gate", "event": "finish", "duration_ms": 0.053, "candidates_in": 5, "candidates_out": 5, "top_score": 13.45304077531919}
{"ts": "2026-09-23T01:39:32.769101+00:00", "trace_id": null, "stage": "lexical", "event": "start"}
{"ts": "2026-09-23T01:39:32.769283+00:00", "trace_id": null, "stage": "lexical", "event": "finish", "duration_ms": 0.182, "candidates_out": 20}
{"ts": "2026-09-23T01:39:32.769305+00:00", "trace_id": null, "stage": "fuse", "event": "start", "candidates_in": 17}
{"ts": "2026-09-23T01:39:32.769346+00:00", "trace_id": null, "stage": "fuse", "event": "finish", "duration_ms": 0.041, "candidates_in": 17, "candidates_out": 17, "top_score": 0.01639344262295082}
{"ts": "2026-09-23T01:39:32.769571+00:00", "trace_id": null, "stage": "gate", "event": "start", "candidates_in": 5}
{"ts": "2026-09-23T01:39:32.769614+00:00", "trace_id": null, "stage": "gate", "event": "finish", "duration_ms": 0.043, "candidates_in": 5, "candidates_out": 5, "top_score": 10.683755760308147}
{"ts": "2026-09-23T01:39:32.769635+00:00", "trace_id": null, "stage": "lexical", "event": "start"}
{"ts": "2026-09-23T01:39:32.769800+00:00", "trace_id": null, "stage": "lexical", "event": "finish", "duration_ms": 0.165, "candidates_out": 20}
{"ts": "2026-09-23T01:39:32.769819+00:00", "trace_id": null, "stage": "fuse", "event": "start", "candidates_in": 16}
{"ts": "2026-09-23T01:39:32.769868+00:00", "trace_id": null, "stage": "fuse", "event": "finish", "duration_ms": 0.049, "candidates_in": 16, "candidates_out": 16, "top_score": 0.01639344262295082}
{"ts": "2026-09-23T01:39:32.770058+00:00", "trace_id": null, "stage": "gate", "event": "start", "candidates_in": 5}
{"ts": "2026-09-23T01:39:32.770097+00:00", "trace_id": null, "stage": "gate", "event": "finish", "duration_ms": 0.039, "candidates_in": 5, "candidates_out": 5, "top_score": 11.944877256070518}
{"ts": "2026-09-23T01:39:32.770116+00:00", "trace_id": null, "stage": "lexical", "event": "start"}
{"ts": "2026-09-23T01:39:32.770280+00:00", "trace_id": null, "stage": "lexical", "event": "finish", "duration_ms": 0.164, "candidates_out": 20}
{"ts": "2026-09-23T01:39:32.770298+00:00", "trace_id": null, "stage": "fuse", "event": "start", "candidates_in": 18}
{"ts": "2026-09-23T01:39:32.770342+00:00", "trace_id": null, "stage": "fuse", "event": "finish", "duration_ms": 0.045, "candidates_in": 18, "candidates_out": 18, "top_score": 0.01639344262295082}
{"ts": "2026-09-23T01:39:32.770560+00:00", "trace_id": null, "stage": "gate", "event": "start", "candidates_in": 5}
{"ts": "2026-09-23T01:39:32.770598+00:00", "trace_id": null, "stage": "gate", "event": "finish", "duration_ms": 0.038, "candidates_in": 5, "candidates_out": 5, "top_score": 14.159676950411212}
{"ts": "2026-09-23T01:39:32.770630+00:00", "trace_id": null, "stage": "lexical", "event": "start"}
{"ts": "2026-09-23T01:39:32.770828+00:00", "trace_id": null, "stage": "lexical", "event": "finish", "duration_ms": 0.197, "candidates_out": 20}
{"ts": "2026-09-23T01:39:32.770859+00:00", "trace_id": null, "stage": "fuse", "event": "start", "candidates_in": 14}
{"ts": "2026-09-23T01:39:32.770913+00:00", "trace_id": null, "stage": "fuse", "event": "finish", "duration_ms": 0.054, "candidates_in": 14, "candidates_out": 14, "top_score": 0.01639344262295082}
{"ts": "2026-09-23T01:39:32.771111+00:00", "trace_id": null, "stage": "gate", "event": "start", "candidates_in": 5}
{"ts": "2026-09-23T01:39:32.771156+00:00", "trace_id": null, "stage": "gate", "event": "finish", "duration_ms": 0.045, "candidates_in": 5, "candidates_out": 5, "top_score": 4.452852330643205}
{"ts": "2026-09-23T01:39:32.771179+00:00", "trace_id": null, "stage": "lexical", "event": "start"}
{"ts": "2026-09-23T01:39:32.771352+00:00", "trace_id": null, "stage": "lexical", "event": "finish", "duration_ms": 0.173, "candidates_out": 20}
{"ts": "2026-09-23T01:39:32.771369+00:00", "trace_id": null, "stage": "fuse", "event": "start", "candidates_in": 15}
{"ts": "2026-09-23T01:39:32.771419+00:00", "trace_id": null, "stage": "fuse", "event": "finish", "duration_ms": 0.051, "candidates_in": 15, "candidates_out": 15, "top_score": 0.01639344262295082}
{"ts": "2026-09-23T01:39:32.771626+00:00", "trace_id": null, "stage": "gate", "event": "start", "candidates_in": 5}
{"ts": "2026-09-23T01:39:32.771671+00:00", "trace_id": null, "stage": "gate", "event": "finish", "duration_ms": 0.045, "candidates_in": 5, "candidates_out": 5, "top_score": 6.868449252323522}
{"ts": "2026-09-23T01:39:32.771700+00:00", "trace_id": null, "stage": "lexical", "event": "start"}
{"ts": "2026-09-23T01:39:32.771905+00:00", "trace_id": null, "stage": "lexical", "event": "finish", "duration_ms": 0.205, "candidates_out": 20}
{"ts": "2026-09-23T01:39:32.771925+00:00", "trace_id": null, "stage": "fuse", "event": "start", "candidates_in": 16}
{"ts": "2026-09-23T01:39:32.771976+00:00", "trace_id": null, "stage": "fuse", "event": "finish", "duration_ms": 0.051, "candidates_in": 16, "candidates_out": 16, "top_score": 0.01639344262295082}
{"ts": "2026-09-23T01:39:32.772170+00:00", "trace_id": null, "stage": "gate", "event": "start", "candidates_in": 5}
{"ts": "2026-09-23T01:39:32.772215+00:00", "trace_id": null, "stage": "gate", "event": "finish", "duration_ms": 0.045, "candidates_in": 5, "candidates_out": 5, "top_score": 14.042289790837987}
{"ts": "2026-09-23T01:39:32.772241+00:00", "trace_id": null, "stage": "lexical", "event": "start"}
{"ts": "2026-09-23T01:39:32.772422+00:00", "trace_id": null, "stage": "lexical", "event": "finish", "duration_ms": 0.181, "candidates_out": 20}
{"ts": "2026-09-23T01:39:32.772440+00:00", "trace_id": null, "stage": "fuse", "event": "start", "candidates_in": 16}
{"ts": "2026-09-23T01:39:32.772480+00:00", "trace_id": null, "stage": "fuse", "event": "finish", "duration_ms": 0.041, "candidates_in": 16, "candidates_out": 16, "top_score": 0.01639344262295082}
{"ts": "2026-09-23T01:39:32.772699+00:00", "trace_id": null, "stage": "gate", "event": "start", "candidates_in": 5}
{"ts": "2026-09-23T01:39:32.772742+00:00", "trace_id": null, "stage": "gate", "event": "finish", "duration_ms": 0.043, "candidates_in": 5, "candidates_out": 5, "top_score": 12.131156556056748}
{"ts": "2026-09-23T01:39:32.772765+00:00", "trace_id": null, "stage": "lexical", "event": "start"}
{"ts": "2026-09-23T01:39:32.772922+00:00", "trace_id": null, "stage": "lexical", "event": "finish", "duration_ms": 0.157, "candidates_out": 20}
{"ts": "2026-09-23T01:39:32.772940+00:00", "trace_id": null, "stage": "fuse", "event": "start", "candidates_in": 15}
{"ts": "2026-09-23T01:39:32.772996+00:00", "trace_id": null, "stage": "fuse", "event": "finish", "duration_ms": 0.056, "candidates_in": 15, "candidates_out": 15, "top_score": 0.01639344262295082}
{"ts": "2026-09-23T01:39:32.773210+00:00", "trace_id": null, "stage": "gate", "event": "start", "candidates_in": 5}
{"ts": "2026-09-23T01:39:32.773252+00:00", "trace_id": null, "stage": "gate", "event": "finish", "duration_ms": 0.042, "candidates_in": 5, "candidates_out": 5, "top_score": 7.360452580169751}
{"ts": "2026-09-23T01:39:32.773272+00:00", "trace_id": null, "stage": "lexical", "event": "start"}
{"ts": "2026-09-23T01:39:32.773459+00:00", "trace_id": null, "stage": "lexical", "event": "finish", "duration_ms": 0.187, "candidates_out": 20}
{"ts": "2026-09-23T01:39:32.773476+00:00", "trace_id": null, "stage": "fuse", "event": "start", "candidates_in": 17}
{"ts": "2026-09-23T01:39:32.773535+00:00", "trace_id": null, "stage": "fuse", "event": "finish", "duration_ms": 0.059, "candidates_in": 17, "candidates_out": 17, "top_score": 0.01639344262295082}
{"ts": "2026-09-23T01:39:32.773753+00:00", "trace_id": null, "stage": "gate", "event": "start", "candidates_in": 5}
{"ts": "2026-09-23T01:39:32.773798+00:00", "trace_id": null, "stage": "gate", "event": "finish", "duration_ms": 0.045, "candidates_in": 5, "candidates_out": 5, "top_score": 4.801469934020468}
{"ts": "2026-09-23T01:39:32.773825+00:00", "trace_id": null, "stage": "lexical", "event": "start"}
{"ts": "2026-09-23T01:39:32.774015+00:00", "trace_id": null, "stage": "lexical", "event": "finish", "duration_ms": 0.189, "candidates_out": 20}
{"ts": "2026-09-23T01:39:32.774034+00:00", "trace_id": null, "stage": "fuse", "event": "start", "candidates_in": 16}
{"ts": "2026-09-23T01:39:32.774089+00:00", "trace_id": null, "stage": "fuse", "event": "finish", "duration_ms": 0.055, "candidates_in": 16, "candidates_out": 16, "top_score": 0.01639344262295082}
{"ts": "2026-09-23T01:39:32.774283+00:00", "trace_id": null, "stage": "gate", "event": "start", "candidates_in": 5}
{"ts": "2026-09-23T01:39:32.774321+00:00", "trace_id": null, "stage": "gate", "event": "finish", "duration_ms": 0.038, "candidates_in": 5, "candidates_out": 5, "top_score": 12.219623299619336}
{"ts": "2026-09-23T01:39:32.774340+00:00", "trace_id": null, "stage": "lexical", "event": "start"}
{"ts": "2026-09-23T01:39:32.774524+00:00", "trace_id": null, "stage": "lexical", "event": "finish", "duration_ms": 0.185, "candidates_out": 20}
{"ts": "2026-09-23T01:39:32.774542+00:00", "trace_id": null, "stage": "fuse", "event": "start", "candidates_in": 16}
{"ts": "2026-09-23T01:39:32.774592+00:00", "trace_id": null, "stage": "fuse", "event": "finish", "duration_ms": 0.05, "candidates_in": 16, "candidates_out": 16, "top_score": 0.01639344262295082}
{"ts": "2026-09-23T01:39:32.774929+00:00", "trace_id": null, "stage": "gate", "event": "start", "candidates_in": 5}
{"ts": "2026-09-23T01:39:32.774974+00:00", "trace_id": null, "stage": "gate", "event": "finish", "duration_ms": 0.045, "candidates_in": 5, "candidates_out": 5, "top_score": 7.793898649033798}
{"ts": "2026-09-23T01:39:32.774994+00:00", "trace_id": null, "stage": "lexical", "event": "start"}
{"ts": "2026-09-23T01:39:32.775303+00:00", "trace_id": null, "stage": "lexical", "event": "finish", "duration_ms": 0.306, "candidates_out": 20}
{"ts": "2026-09-23T01:39:32.775366+00:00", "trace_id": null, "stage": "fuse", "event": "start", "candidates_in": 16}
{"ts": "2026-09-23T01:39:32.775456+00:00", "trace_id": null, "stage": "fuse", "event": "finish", "duration_ms": 0.091, "candidates_in": 16, "candidates_out": 16, "top_score": 0.01639344262295082}
{"ts": "2026-09-23T01:39:32.775674+00:00", "trace_id": null, "stage": "gate", "event": "start", "candidates_in": 5}
{"ts": "2026-09-23T01:39:32.775712+00:00", "trace_id": null, "stage": "gate", "event": "finish", "duration_ms": 0.038, "candidates_in": 5, "candidates_out": 5, "top_score": 9.140421124058175}
{"ts": "2026-09-23T01:39:32.775734+00:00", "trace_id": null, "stage": "lexical", "event": "start"}
{"ts": "2026-09-23T01:39:32.775907+00:00", "trace_id": null, "stage": "lexical", "event": "finish", "duration_ms": 0.173, "candidates_out": 20}
{"ts": "2026-09-23T01:39:32.775926+00:00", "trace_id": null, "stage": "fuse", "event": "start", "candidates_in": 13}
{"ts": "2026-09-23T01:39:32.775968+00:00", "trace_id": null, "stage": "fuse", "event": "finish", "duration_ms": 0.042, "candidates_in": 13, "candidates_out": 13, "top_score": 0.01639344262295082}
{"ts": "2026-09-23T01:39:32.776155+00:00", "trace_id": null, "stage": "gate", "event": "start", "candidates_in": 5}
{"ts": "2026-09-23T01:39:32.776201+00:00", "trace_id": null, "stage": "gate", "event": "finish", "duration_ms": 0.046, "candidates_in": 5, "candidates_out": 5, "top_score": 14.356437987526073}
{"ts": "2026-09-23T01:39:32.776219+00:00", "trace_id": null, "stage": "lexical", "event": "start"}
{"ts": "2026-09-23T01:39:32.776396+00:00", "trace_id": null, "stage": "lexical", "event": "finish", "duration_ms": 0.177, "candidates_out": 20}
{"ts": "2026-09-23T01:39:32.776413+00:00", "trace_id": null, "stage": "fuse", "event": "start", "candidates_in": 16}
{"ts": "2026-09-23T01:39:32.776457+00:00", "trace_id": null, "stage": "fuse", "event": "finish", "duration_ms": 0.043, "candidates_in": 16, "candidates_out": 16, "top_score": 0.01639344262295082}
{"ts": "2026-09-23T01:39:32.776693+00:00", "trace_id": null, "stage": "gate", "event": "start", "candidates_in": 5}
{"ts": "2026-09-23T01:39:32.776732+00:00", "trace_id": null, "stage": "gate", "event": "finish", "duration_ms": 0.039, "candidates_in": 5, "candidates_out": 5, "top_score": 17.77457098086655}
{"ts": "2026-09-23T01:39:32.776752+00:00", "trace_id": null, "stage": "lexical", "event": "start"}
{"ts": "2026-09-23T01:39:32.776943+00:00", "trace_id": null, "stage": "lexical", "event": "finish", "duration_ms": 0.191, "candidates_out": 20}
{"ts": "2026-09-23T01:39:32.776961+00:00", "trace_id": null, "stage": "fuse", "event": "start", "candidates_in": 16}
{"ts": "2026-09-23T01:39:32.777006+00:00", "trace_id": null, "stage": "fuse", "event": "finish", "duration_ms": 0.044, "candidates_in": 16, "candidates_out": 16, "top_score": 0.01639344262295082}
{"ts": "2026-09-23T01:39:32.777232+00:00", "trace_id": null, "stage": "gate", "event": "start", "candidates_in": 5}
{"ts": "2026-09-23T01:39:32.777286+00:00", "trace_id": null, "stage": "gate", "event": "finish", "duration_ms": 0.054, "candidates_in": 5, "candidates_out": 5, "top_score": 5.773439849474788}
{"ts": "2026-09-23T01:39:32.777306+00:00", "trace_id": null, "stage": "lexical", "event": "start"}
{"ts": "2026-09-23T01:39:32.777513+00:00", "trace_id": null, "stage": "lexical", "event": "finish", "duration_ms": 0.207, "candidates_out": 20}
{"ts": "2026-09-23T01:39:32.777531+00:00", "trace_id": null, "stage": "fuse", "event": "start", "candidates_in": 16}
{"ts": "2026-09-23T01:39:32.777571+00:00", "trace_id": null, "stage": "fuse", "event": "finish", "duration_ms": 0.04, "candidates_in": 16, "candidates_out": 16, "top_score": 0.01639344262295082}
{"ts": "2026-09-23T01:39:32.777789+00:00", "trace_id": null, "stage": "gate", "event": "start", "candidates_in": 5}
{"ts": "2026-09-23T01:39:32.777831+00:00", "trace_id": null, "stage": "gate", "event": "finish", "duration_ms": 0.042, "candidates_in": 5, "candidates_out": 5, "top_score": 6.319267576397815}
{"ts": "2026-09-23T01:39:32.777857+00:00", "trace_id": null, "stage": "lexical", "event": "start"}
{"ts": "2026-09-23T01:39:32.778028+00:00", "trace_id": null, "stage": "lexical", "event": "finish", "duration_ms": 0.172, "candidates_out": 20}
{"ts": "2026-09-23T01:39:32.778046+00:00", "trace_id": null, "stage": "fuse", "event": "start", "candidates_in": 15}
{"ts": "2026-09-23T01:39:32.778084+00:00", "trace_id": null, "stage": "fuse", "event": "finish", "duration_ms": 0.038, "candidates_in": 15, "candidates_out": 15, "top_score": 0.01639344262295082}
{"ts": "2026-09-23T01:39:32.778288+00:00", "trace_id": null, "stage": "gate", "event": "start", "candidates_in": 5}
{"ts": "2026-09-23T01:39:32.778326+00:00", "trace_id": null, "stage": "gate", "event": "finish", "duration_ms": 0.038, "candidates_in": 5, "candidates_out": 5, "top_score": 7.251046714509056}
{"ts": "2026-09-23T01:39:32.778346+00:00", "trace_id": null, "stage": "lexical", "event": "start"}
{"ts": "2026-09-23T01:39:32.778508+00:00", "trace_id": null, "stage": "lexical", "event": "finish", "duration_ms": 0.163, "candidates_out": 20}
{"ts": "2026-09-23T01:39:32.778526+00:00", "trace_id": null, "stage": "fuse", "event": "start", "candidates_in": 16}
{"ts": "2026-09-23T01:39:32.778579+00:00", "trace_id": null, "stage": "fuse", "event": "finish", "duration_ms": 0.053, "candidates_in": 16, "candidates_out": 16, "top_score": 0.01639344262295082}
{"ts": "2026-09-23T01:39:32.778785+00:00", "trace_id": null, "stage": "gate", "event": "start", "candidates_in": 5}
{"ts": "2026-09-23T01:39:32.778826+00:00", "trace_id": null, "stage": "gate", "event": "finish", "duration_ms": 0.041, "candidates_in": 5, "candidates_out": 5, "top_score": 5.921023204395259}
{"ts": "2026-09-23T01:39:32.778859+00:00", "trace_id": null, "stage": "lexical", "event": "start"}
{"ts": "2026-09-23T01:39:32.779027+00:00", "trace_id": null, "stage": "lexical", "event": "finish", "duration_ms": 0.169, "candidates_out": 20}
{"ts": "2026-09-23T01:39:32.779044+00:00", "trace_id": null, "stage": "fuse", "event": "start", "candidates_in": 15}
{"ts": "2026-09-23T01:39:32.779097+00:00", "trace_id": null, "stage": "fuse", "event": "finish", "duration_ms": 0.053, "candidates_in": 15, "candidates_out": 15, "top_score": 0.01639344262295082}
{"ts": "2026-09-23T01:39:32.779304+00:00", "trace_id": null, "stage": "gate", "event": "start", "candidates_in": 5}
{"ts": "2026-09-23T01:39:32.779347+00:00", "trace_id": null, "stage": "gate", "event": "finish", "duration_ms": 0.043, "candidates_in": 5, "candidates_out": 5, "top_score": 10.683755760308147}
{"ts": "2026-09-23T01:39:32.779367+00:00", "trace_id": null, "stage": "lexical", "event": "start"}
{"ts": "2026-09-23T01:39:32.779532+00:00", "trace_id": null, "stage": "lexical", "event": "finish", "duration_ms": 0.165, "candidates_out": 20}
{"ts": "2026-09-23T01:39:32.779550+00:00", "trace_id": null, "stage": "fuse", "event": "start", "candidates_in": 18}
{"ts": "2026-09-23T01:39:32.779590+00:00", "trace_id": null, "stage": "fuse", "event": "finish", "duration_ms": 0.04, "candidates_in": 18, "candidates_out": 18, "top_score": 0.01639344262295082}
{"ts": "2026-09-23T01:39:32.779809+00:00", "trace_id": null, "stage": "gate", "event": "start", "candidates_in": 5}
{"ts": "2026-09-23T01:39:32.779848+00:00", "trace_id": null, "stage": "gate", "event": "finish", "duration_ms": 0.039, "candidates_in": 5, "candidates_out": 5, "top_score": 6.733347020201628}
{"ts": "2026-09-23T01:39:32.779867+00:00", "trace_id": null, "stage": "lexical", "event": "start"}
{"ts": "2026-09-23T01:39:32.780037+00:00", "trace_id": null, "stage": "lexical", "event": "finish", "duration_ms": 0.17, "candidates_out": 20}
{"ts": "2026-09-23T01:39:32.780055+00:00", "trace_id": null, "stage": "fuse", "event": "start", "candidates_in": 15}
{"ts": "2026-09-23T01:39:32.780094+00:00", "trace_id": null, "stage": "fuse", "event": "finish", "duration_ms": 0.04, "candidates_in": 15, "candidates_out": 15, "top_score": 0.01639344262295082}
{"ts": "2026-09-23T01:39:32.780309+00:00", "trace_id": null, "stage": "gate", "event": "start", "candidates_in": 5}
{"ts": "2026-09-23T01:39:32.780351+00:00", "trace_id": null, "stage": "gate", "event": "finish", "duration_ms": 0.041, "candidates_in": 5, "candidates_out": 5, "top_score": 4.576521224855621}
{"ts": "2026-09-23T01:39:32.780384+00:00", "trace_id": null, "stage": "lexical", "event": "start"}
{"ts": "2026-09-23T01:39:32.780575+00:00", "trace_id": null, "stage": "lexical", "event": "finish", "duration_ms": 0.191, "candidates_out": 20}
{"ts": "2026-09-23T01:39:32.780592+00:00", "trace_id": null, "stage": "fuse", "event": "start", "candidates_in": 18}
{"ts": "2026-09-23T01:39:32.780643+00:00", "trace_id": null, "stage": "fuse", "event": "finish", "duration_ms": 0.051, "candidates_in": 18, "candidates_out": 18, "top_score": 0.01639344262295082}
{"ts": "2026-09-23T01:39:32.780852+00:00", "trace_id": null, "stage": "gate", "event": "start", "candidates_in": 5}
{"ts": "2026-09-23T01:39:32.780892+00:00", "trace_id": null, "stage": "gate", "event": "finish", "duration_ms": 0.04, "candidates_in": 5, "candidates_out": 5, "top_score": 17.32961300847812}
{"ts": "2026-09-23T01:39:32.780912+00:00", "trace_id": null, "stage": "lexical", "event": "start"}
{"ts": "2026-09-23T01:39:32.781082+00:00", "trace_id": null, "stage": "lexical", "event": "finish", "duration_ms": 0.17, "candidates_out": 20}
{"ts": "2026-09-23T01:39:32.781099+00:00", "trace_id": null, "stage": "fuse", "event": "start", "candidates_in": 18}
{"ts": "2026-09-23T01:39:32.781139+00:00", "trace_id": null, "stage": "fuse", "event": "finish", "duration_ms": 0.04, "candidates_in": 18, "candidates_out": 18, "top_score": 0.01639344262295082}
{"ts": "2026-09-23T01:39:32.781355+00:00", "trace_id": null, "stage": "gate", "event": "start", "candidates_in": 5}
{"ts": "2026-09-23T01:39:32.781397+00:00", "trace_id": null, "stage": "gate", "event": "finish", "duration_ms": 0.042, "candidates_in": 5, "candidates_out": 5, "top_score": 11.97172655714626}
{"ts": "2026-09-23T01:39:32.781415+00:00", "trace_id": null, "stage": "lexical", "event": "start"}
{"ts": "2026-09-23T01:39:32.781591+00:00", "trace_id": null, "stage": "lexical", "event": "finish", "duration_ms": 0.176, "candidates_out": 20}
{"ts": "2026-09-23T01:39:32.781611+00:00", "trace_id": null, "stage": "fuse", "event": "start", "candidates_in": 16}
{"ts": "2026-09-23T01:39:32.781650+00:00", "trace_id": null, "stage": "fuse", "event": "finish", "duration_ms": 0.039, "candidates_in": 16, "candidates_out": 16, "top_score": 0.01639344262295082}
{"ts": "2026-09-23T01:39:32.781869+00:00", "trace_id": null, "stage": "gate", "event": "start", "candidates_in": 5}
{"ts": "2026-09-23T01:39:32.781904+00:00", "trace_id": null, "stage": "gate", "event": "finish", "duration_ms": 0.035, "candidates_in": 5, "candidates_out": 5, "top_score": 8.472832266384676}
{"ts": "2026-09-23T01:39:32.781922+00:00", "trace_id": null, "stage": "lexical", "event": "start"}
{"ts": "2026-09-23T01:39:32.782127+00:00", "trace_id": null, "stage": "lexical", "event": "finish", "duration_ms": 0.205, "candidates_out": 20}
{"ts": "2026-09-23T01:39:32.782146+00:00", "trace_id": null, "stage": "fuse", "event": "start", "candidates_in": 16}
{"ts": "2026-09-23T01:39:32.782197+00:00", "trace_id": null, "stage": "fuse", "event": "finish", "duration_ms": 0.052, "candidates_in": 16, "candidates_out": 16, "top_score": 0.01639344262295082}
{"ts": "2026-09-23T01:39:32.782392+00:00", "trace_id": null, "stage": "gate", "event": "start", "candidates_in": 5}
{"ts": "2026-09-23T01:39:32.782435+00:00", "trace_id": null, "stage": "gate", "event": "finish", "duration_ms": 0.043, "candidates_in": 5, "candidates_out": 5, "top_score": 8.880214548683902}
{"ts": "2026-09-23T01:39:32.782457+00:00", "trace_id": null, "stage": "lexical", "event": "start"}
{"ts": "2026-09-23T01:39:32.782659+00:00", "trace_id": null, "stage": "lexical", "event": "finish", "duration_ms": 0.203, "candidates_out": 20}
{"ts": "2026-09-23T01:39:32.782677+00:00", "trace_id": null, "stage": "fuse", "event": "start", "candidates_in": 16}
{"ts": "2026-09-23T01:39:32.782717+00:00", "trace_id": null, "stage": "fuse", "event": "finish", "duration_ms": 0.04, "candidates_in": 16, "candidates_out": 16, "top_score": 0.01639344262295082}
{"ts": "2026-09-23T01:39:32.782938+00:00", "trace_id": null, "stage": "gate", "event": "start", "candidates_in": 5}
{"ts": "2026-09-23T01:39:32.782981+00:00", "trace_id": null, "stage": "gate", "event": "finish", "duration_ms": 0.043, "candidates_in": 5, "candidates_out": 5, "top_score": 9.130941776374302}
{"ts": "2026-09-23T01:39:32.783000+00:00", "trace_id": null, "stage": "lexical", "event": "start"}
{"ts": "2026-09-23T01:39:32.783169+00:00", "trace_id": null, "stage": "lexical", "event": "finish", "duration_ms": 0.169, "candidates_out": 20}
{"ts": "2026-09-23T01:39:32.783186+00:00", "trace_id": null, "stage": "fuse", "event": "start", "candidates_in": 18}
{"ts": "2026-09-23T01:39:32.783232+00:00", "trace_id": null, "stage": "fuse", "event": "finish", "duration_ms": 0.046, "candidates_in": 18, "candidates_out": 18, "top_score": 0.01639344262295082}
{"ts": "2026-09-23T01:39:32.783455+00:00", "trace_id": null, "stage": "gate", "event": "start", "candidates_in": 5}
{"ts": "2026-09-23T01:39:32.783517+00:00", "trace_id": null, "stage": "gate", "event": "finish", "duration_ms": 0.062, "candidates_in": 5, "candidates_out": 5, "top_score": 10.02631315965773}
{"ts": "2026-09-23T01:39:32.783536+00:00", "trace_id": null, "stage": "lexical", "event": "start"}
{"ts": "2026-09-23T01:39:32.783725+00:00", "trace_id": null, "stage": "lexical", "event": "finish", "duration_ms": 0.189, "candidates_out": 20}
{"ts": "2026-09-23T01:39:32.783746+00:00", "trace_id": null, "stage": "fuse", "event": "start", "candidates_in": 16}
{"ts": "2026-09-23T01:39:32.783789+00:00", "trace_id": null, "stage": "fuse", "event": "finish", "duration_ms": 0.044, "candidates_in": 16, "candidates_out": 16, "top_score": 0.01639344262295082}
{"ts": "2026-09-23T01:39:32.784014+00:00", "trace_id": null, "stage": "gate", "event": "start", "candidates_in": 5}
{"ts": "2026-09-23T01:39:32.784054+00:00", "trace_id": null, "stage": "gate", "event": "finish", "duration_ms": 0.04, "candidates_in": 5, "candidates_out": 5, "top_score": 8.615757941159137}
{"ts": "2026-09-23T01:39:32.784073+00:00", "trace_id": null, "stage": "lexical", "event": "start"}
{"ts": "2026-09-23T01:39:32.784252+00:00", "trace_id": null, "stage": "lexical", "event": "finish", "duration_ms": 0.179, "candidates_out": 20}
{"ts": "2026-09-23T01:39:32.784268+00:00", "trace_id": null, "stage": "fuse", "event": "start", "candidates_in": 16}
{"ts": "2026-09-23T01:39:32.784310+00:00", "trace_id": null, "stage": "fuse", "event": "finish", "duration_ms": 0.041, "candidates_in": 16, "candidates_out": 16, "top_score": 0.01639344262295082}
{"ts": "2026-09-23T01:39:32.784527+00:00", "trace_id": null, "stage": "gate", "event": "start", "candidates_in": 5}
{"ts": "2026-09-23T01:39:32.784573+00:00", "trace_id": null, "stage": "gate", "event": "finish", "duration_ms": 0.046, "candidates_in": 5, "candidates_out": 5, "top_score": 13.000589465353244}
{"ts": "2026-09-23T01:39:32.784596+00:00", "trace_id": null, "stage": "lexical", "event": "start"}
{"ts": "2026-09-23T01:39:32.784767+00:00", "trace_id": null, "stage": "lexical", "event": "finish", "duration_ms": 0.171, "candidates_out": 20}
{"ts": "2026-09-23T01:39:32.784785+00:00", "trace_id": null, "stage": "fuse", "event": "start", "candidates_in": 18}
{"ts": "2026-09-23T01:39:32.784824+00:00", "trace_id": null, "stage": "fuse", "event": "finish", "duration_ms": 0.039, "candidates_in": 18, "candidates_out": 18, "top_score": 0.01639344262295082}
{"ts": "2026-09-23T01:39:32.785054+00:00", "trace_id": null, "stage": "gate", "event": "start", "candidates_in": 5}
{"ts": "2026-09-23T01:39:32.785101+00:00", "trace_id": null, "stage": "gate", "event": "finish", "duration_ms": 0.047, "candidates_in": 5, "candidates_out": 5, "top_score": 12.692046272561562}
{"ts": "2026-09-23T01:39:32.785121+00:00", "trace_id": null, "stage": "lexical", "event": "start"}
{"ts": "2026-09-23T01:39:32.785283+00:00", "trace_id": null, "stage": "lexical", "event": "finish", "duration_ms": 0.162, "candidates_out": 20}
{"ts": "2026-09-23T01:39:32.785300+00:00", "trace_id": null, "stage": "fuse", "event": "start", "candidates_in": 17}
{"ts": "2026-09-23T01:39:32.785342+00:00", "trace_id": null, "stage": "fuse", "event": "finish", "duration_ms": 0.042, "candidates_in": 17, "candidates_out": 17, "top_score": 0.01639344262295082}
{"ts": "2026-09-23T01:39:32.785563+00:00", "trace_id": null, "stage": "gate", "event": "start", "candidates_in": 5}
{"ts": "2026-09-23T01:39:32.785604+00:00", "trace_id": null, "stage": "gate", "event": "finish", "duration_ms": 0.041, "candidates_in": 5, "candidates_out": 5, "top_score": 9.963306255010039}
{"ts": "2026-09-23T01:39:32.785623+00:00", "trace_id": null, "stage": "lexical", "event": "start"}
{"ts": "2026-09-23T01:39:32.785803+00:00", "trace_id": null, "stage": "lexical", "event": "finish", "duration_ms": 0.179, "candidates_out": 20}
{"ts": "2026-09-23T01:39:32.785820+00:00", "trace_id": null, "stage": "fuse", "event": "start", "candidates_in": 16}
{"ts": "2026-09-23T01:39:32.785863+00:00", "trace_id": null, "stage": "fuse", "event": "finish", "duration_ms": 0.043, "candidates_in": 16, "candidates_out": 16, "top_score": 0.01639344262295082}
{"ts": "2026-09-23T01:39:32.786066+00:00", "trace_id": null, "stage": "gate", "event": "start", "candidates_in": 5}
{"ts": "2026-09-23T01:39:32.786109+00:00", "trace_id": null, "stage": "gate", "event": "finish", "duration_ms": 0.043, "candidates_in": 5, "candidates_out": 5, "top_score": 11.23701390699319}
{"ts": "2026-09-23T01:39:32.786129+00:00", "trace_id": null, "stage": "lexical", "event": "start"}
{"ts": "2026-09-23T01:39:32.786306+00:00", "trace_id": null, "stage": "lexical", "event": "finish", "duration_ms": 0.177, "candidates_out": 20}
{"ts": "2026-09-23T01:39:32.786323+00:00", "trace_id": null, "stage": "fuse", "event": "start", "candidates_in": 16}
{"ts": "2026-09-23T01:39:32.786361+00:00", "trace_id": null, "stage": "fuse", "event": "finish", "duration_ms": 0.039, "candidates_in": 16, "candidates_out": 16, "top_score": 0.01639344262295082}
{"ts": "2026-09-23T01:39:32.786567+00:00", "trace_id": null, "stage": "gate", "event": "start", "candidates_in": 5}
{"ts": "2026-09-23T01:39:32.786610+00:00", "trace_id": null, "stage": "gate", "event": "finish", "duration_ms": 0.043, "candidates_in": 5, "candidates_out": 5, "top_score": 6.924908253747307}
{"ts": "2026-09-23T01:39:32.786632+00:00", "trace_id": null, "stage": "lexical", "event": "start"}
{"ts": "2026-09-23T01:39:32.786822+00:00", "trace_id": null, "stage": "lexical", "event": "finish", "duration_ms": 0.19, "candidates_out": 20}
{"ts": "2026-09-23T01:39:32.786839+00:00", "trace_id": null, "stage": "fuse", "event": "start", "candidates_in": 18}
{"ts": "2026-09-23T01:39:32.786891+00:00", "trace_id": null, "stage": "fuse", "event": "finish", "duration_ms": 0.051, "candidates_in": 18, "candidates_out": 18, "top_score": 0.01639344262295082}
{"ts": "2026-09-23T01:39:32.787100+00:00", "trace_id": null, "stage": "gate", "event": "start", "candidates_in": 5}
{"ts": "2026-09-23T01:39:32.787142+00:00", "trace_id": null, "stage": "gate", "event": "finish", "duration_ms": 0.042, "candidates_in": 5, "candidates_out": 5, "top_score": 8.41242951702621}
{"ts": "2026-09-23T01:39:32.787162+00:00", "trace_id": null, "stage": "lexical", "event": "start"}
{"ts": "2026-09-23T01:39:32.787315+00:00", "trace_id": null, "stage": "lexical", "event": "finish", "duration_ms": 0.152, "candidates_out": 20}
{"ts": "2026-09-23T01:39:32.787331+00:00", "trace_id": null, "stage": "fuse", "event": "start", "candidates_in": 13}
{"ts": "2026-09-23T01:39:32.787373+00:00", "trace_id": null, "stage": "fuse", "event": "finish", "duration_ms": 0.043, "candidates_in": 13, "candidates_out": 13, "top_score": 0.01639344262295082}
{"ts": "2026-09-23T01:39:32.787566+00:00", "trace_id": null, "stage": "gate", "event": "start", "candidates_in": 5}
{"ts": "2026-09-23T01:39:32.787609+00:00", "trace_id": null, "stage": "gate", "event": "finish", "duration_ms": 0.043, "candidates_in": 5, "candidates_out": 5, "top_score": 10.284694287575716}
{"ts": "2026-09-23T01:39:32.787631+00:00", "trace_id": null, "stage": "lexical", "event": "start"}
{"ts": "2026-09-23T01:39:32.787819+00:00", "trace_id": null, "stage": "lexical", "event": "finish", "duration_ms": 0.189, "candidates_out": 20}
{"ts": "2026-09-23T01:39:32.787838+00:00", "trace_id": null, "stage": "fuse", "event": "start", "candidates_in": 16}
{"ts": "2026-09-23T01:39:32.787885+00:00", "trace_id": null, "stage": "fuse", "event": "finish", "duration_ms": 0.046, "candidates_in": 16, "candidates_out": 16, "top_score": 0.01639344262295082}
{"ts": "2026-09-23T01:39:32.788080+00:00", "trace_id": null, "stage": "gate", "event": "start", "candidates_in": 5}
{"ts": "2026-09-23T01:39:32.788120+00:00", "trace_id": null, "stage": "gate", "event": "finish", "duration_ms": 0.04, "candidates_in": 5, "candidates_out": 5, "top_score": 11.396728875133986}
{"ts": "2026-09-23T01:39:32.788142+00:00", "trace_id": null, "stage": "lexical", "event": "start"}
{"ts": "2026-09-23T01:39:32.788314+00:00", "trace_id": null, "stage": "lexical", "event": "finish", "duration_ms": 0.171, "candidates_out": 20}
{"ts": "2026-09-23T01:39:32.788332+00:00", "trace_id": null, "stage": "fuse", "event": "start", "candidates_in": 16}
{"ts": "2026-09-23T01:39:32.788373+00:00", "trace_id": null, "stage": "fuse", "event": "finish", "duration_ms": 0.041, "candidates_in": 16, "candidates_out": 16, "top_score": 0.01639344262295082}
{"ts": "2026-09-23T01:39:32.788577+00:00", "trace_id": null, "stage": "gate", "event": "start", "candidates_in": 5}
{"ts": "2026-09-23T01:39:32.788617+00:00", "trace_id": null, "stage": "gate", "event": "finish", "duration_ms": 0.04, "candidates_in": 5, "candidates_out": 5, "top_score": 8.670592914734032}
{"ts": "2026-09-23T01:39:32.788639+00:00", "trace_id": null, "stage": "lexical", "event": "start"}
{"ts": "2026-09-23T01:39:32.788801+00:00", "trace_id": null, "stage": "lexical", "event": "finish", "duration_ms": 0.162, "candidates_out": 19}
{"ts": "2026-09-23T01:39:32.788819+00:00", "trace_id": null, "stage": "fuse", "event": "start", "candidates_in": 13}
{"ts": "2026-09-23T01:39:32.788857+00:00", "trace_id": null, "stage": "fuse", "event": "finish", "duration_ms": 0.038, "candidates_in": 13, "candidates_out": 13, "top_score": 0.01639344262295082}
{"ts": "2026-09-23T01:39:32.789055+00:00", "trace_id": null, "stage": "gate", "event": "start", "candidates_in": 5}
{"ts": "2026-09-23T01:39:32.789096+00:00", "trace_id": null, "stage": "gate", "event": "finish", "duration_ms": 0.042, "candidates_in": 5, "candidates_out": 5, "top_score": 9.071079939525838}
{"ts": "2026-09-23T01:39:32.789115+00:00", "trace_id": null, "stage": "lexical", "event": "start"}
{"ts": "2026-09-23T01:39:32.789258+00:00", "trace_id": null, "stage": "lexical", "event": "finish", "duration_ms": 0.143, "candidates_out": 14}
{"ts": "2026-09-23T01:39:32.789275+00:00", "trace_id": null, "stage": "fuse", "event": "start", "candidates_in": 11}
{"ts": "2026-09-23T01:39:32.789314+00:00", "trace_id": null, "stage": "fuse", "event": "finish", "duration_ms": 0.039, "candidates_in": 11, "candidates_out": 11, "top_score": 0.01639344262295082}
{"ts": "2026-09-23T01:39:32.789492+00:00", "trace_id": null, "stage": "gate", "event": "start", "candidates_in": 5}
{"ts": "2026-09-23T01:39:32.789536+00:00", "trace_id": null, "stage": "gate", "event": "finish", "duration_ms": 0.044, "candidates_in": 5, "candidates_out": 5, "top_score": 18.52724694867512}
{"ts": "2026-09-23T01:39:32.789557+00:00", "trace_id": null, "stage": "lexical", "event": "start"}
{"ts": "2026-09-23T01:39:32.789756+00:00", "trace_id": null, "stage": "lexical", "event": "finish", "duration_ms": 0.2, "candidates_out": 20}
{"ts": "2026-09-23T01:39:32.789774+00:00", "trace_id": null, "stage": "fuse", "event": "start", "candidates_in": 14}
{"ts": "2026-09-23T01:39:32.789815+00:00", "trace_id": null, "stage": "fuse", "event": "finish", "duration_ms": 0.041, "candidates_in": 14, "candidates_out": 14, "top_score": 0.01639344262295082}
{"ts": "2026-09-23T01:39:32.790008+00:00", "trace_id": null, "stage": "gate", "event": "start", "candidates_in": 5}
{"ts": "2026-09-23T01:39:32.790049+00:00", "trace_id": null, "stage": "gate", "event": "finish", "duration_ms": 0.041, "candidates_in": 5, "candidates_out": 5, "top_score": 7.360452580169751}
{"ts": "2026-09-23T01:39:32.790070+00:00", "trace_id": null, "stage": "lexical", "event": "start"}
{"ts": "2026-09-23T01:39:32.790249+00:00", "trace_id": null, "stage": "lexical", "event": "finish", "duration_ms": 0.18, "candidates_out": 20}
{"ts": "2026-09-23T01:39:32.790266+00:00", "trace_id": null, "stage": "fuse", "event": "start", "candidates_in": 14}
{"ts": "2026-09-23T01:39:32.790305+00:00", "trace_id": null, "stage": "fuse", "event": "finish", "duration_ms": 0.039, "candidates_in": 14, "candidates_out": 14, "top_score": 0.01639344262295082}
{"ts": "2026-09-23T01:39:32.790500+00:00", "trace_id": null, "stage": "gate", "event": "start", "candidates_in": 5}
{"ts": "2026-09-23T01:39:32.790541+00:00", "trace_id": null, "stage": "gate", "event": "finish", "duration_ms": 0.04, "candidates_in": 5, "candidates_out": 5, "top_score": 4.602898973793615}
{"ts": "2026-09-23T01:39:32.790565+00:00", "trace_id": null, "stage": "lexical", "event": "start"}
{"ts": "2026-09-23T01:39:32.790775+00:00", "trace_id": null, "stage": "lexical", "event": "finish", "duration_ms": 0.21, "candidates_out": 20}
{"ts": "2026-09-23T01:39:32.790793+00:00", "trace_id": null, "stage": "fuse", "event": "start", "candidates_in": 14}
{"ts": "2026-09-23T01:39:32.790846+00:00", "trace_id": null, "stage": "fuse", "event": "finish", "duration_ms": 0.052, "candidates_in": 14, "candidates_out": 14, "top_score": 0.01639344262295082}
{"ts": "2026-09-23T01:39:32.791040+00:00", "trace_id": null, "stage": "gate", "event": "start", "candidates_in": 5}
{"ts": "2026-09-23T01:39:32.791079+00:00", "trace_id": null, "stage": "gate", "event": "finish", "duration_ms": 0.039, "candidates_in": 5, "candidates_out": 5, "top_score": 5.475455798256646}
{"ts": "2026-09-23T01:39:32.791121+00:00", "trace_id": null, "stage": "lexical", "event": "start"}
{"ts": "2026-09-23T01:39:32.791287+00:00", "trace_id": null, "stage": "lexical", "event": "finish", "duration_ms": 0.167, "candidates_out": 20}
{"ts": "2026-09-23T01:39:32.791304+00:00", "trace_id": null, "stage": "fuse", "event": "start", "candidates_in": 11}
{"ts": "2026-09-23T01:39:32.791363+00:00", "trace_id": null, "stage": "fuse", "event": "finish", "duration_ms": 0.059, "candidates_in": 11, "candidates_out": 11, "top_score": 0.01639344262295082}
{"ts": "2026-09-23T01:39:32.791551+00:00", "trace_id": null, "stage": "gate", "event": "start", "candidates_in": 5}
{"ts": "2026-09-23T01:39:32.791592+00:00", "trace_id": null, "stage": "gate", "event": "finish", "duration_ms": 0.041, "candidates_in": 5, "candidates_out": 5, "top_score": 5.230876208107278}
{"ts": "2026-09-23T01:39:32.791611+00:00", "trace_id": null, "stage": "lexical", "event": "start"}
{"ts": "2026-09-23T01:39:32.791783+00:00", "trace_id": null, "stage": "lexical", "event": "finish", "duration_ms": 0.172, "candidates_out": 20}
{"ts": "2026-09-23T01:39:32.791800+00:00", "trace_id": null, "stage": "fuse", "event": "start", "candidates_in": 10}
{"ts": "2026-09-23T01:39:32.791846+00:00", "trace_id": null, "stage": "fuse", "event": "finish", "duration_ms": 0.046, "candidates_in": 10, "candidates_out": 10, "top_score": 0.01639344262295082}
{"ts": "2026-09-23T01:39:32.792042+00:00", "trace_id": null, "stage": "gate", "event": "start", "candidates_in": 5}
{"ts": "2026-09-23T01:39:32.792080+00:00", "trace_id": null, "stage": "gate", "event": "finish", "duration_ms": 0.039, "candidates_in": 5, "candidates_out": 5, "top_score": 8.593770985434945}
{"ts": "2026-09-23T01:39:32.792096+00:00", "trace_id": null, "stage": "lexical", "event": "start"}
{"ts": "2026-09-23T01:39:32.792315+00:00", "trace_id": null, "stage": "lexical", "event": "finish", "duration_ms": 0.218, "candidates_out": 20}
{"ts": "2026-09-23T01:39:32.792336+00:00", "trace_id": null, "stage": "fuse", "event": "start", "candidates_in": 11}
{"ts": "2026-09-23T01:39:32.792375+00:00", "trace_id": null, "stage": "fuse", "event": "finish", "duration_ms": 0.039, "candidates_in": 11, "candidates_out": 11, "top_score": 0.01639344262295082}
{"ts": "2026-09-23T01:39:32.792568+00:00", "trace_id": null, "stage": "gate", "event": "start", "candidates_in": 5}
{"ts": "2026-09-23T01:39:32.792610+00:00", "trace_id": null, "stage": "gate", "event": "finish", "duration_ms": 0.042, "candidates_in": 5, "candidates_out": 5, "top_score": 5.230876208107278}
{"ts": "2026-09-23T01:39:32.792630+00:00", "trace_id": null, "stage": "lexical", "event": "start"}
{"ts": "2026-09-23T01:39:32.792811+00:00", "trace_id": null, "stage": "lexical", "event": "finish", "duration_ms": 0.181, "candidates_out": 20}
{"ts": "2026-09-23T01:39:32.792829+00:00", "trace_id": null, "stage": "fuse", "event": "start", "candidates_in": 17}
{"ts": "2026-09-23T01:39:32.792870+00:00", "trace_id": null, "stage": "fuse", "event": "finish", "duration_ms": 0.04, "candidates_in": 17, "candidates_out": 17, "top_score": 0.01639344262295082}
{"ts": "2026-09-23T01:39:32.793096+00:00", "trace_id": null, "stage": "gate", "event": "start", "candidates_in": 5}
{"ts": "2026-09-23T01:39:32.793132+00:00", "trace_id": null, "stage": "gate", "event": "finish", "duration_ms": 0.036, "candidates_in": 5, "candidates_out": 5, "top_score": 6.949225174506924}
{"ts": "2026-09-23T01:39:32.793160+00:00", "trace_id": null, "stage": "lexical", "event": "start"}
{"ts": "2026-09-23T01:39:32.793345+00:00", "trace_id": null, "stage": "lexical", "event": "finish", "duration_ms": 0.186, "candidates_out": 20}
{"ts": "2026-09-23T01:39:32.793364+00:00", "trace_id": null, "stage": "fuse", "event": "start", "candidates_in": 14}
{"ts": "2026-09-23T01:39:32.793400+00:00", "trace_id": null, "stage": "fuse", "event": "finish", "duration_ms": 0.037, "candidates_in": 14, "candidates_out": 14, "top_score": 0.01639344262295082}
{"ts": "2026-09-23T01:39:32.793613+00:00", "trace_id": null, "stage": "gate", "event": "start", "candidates_in": 5}
{"ts": "2026-09-23T01:39:32.793654+00:00", "trace_id": null, "stage": "gate", "event": "finish", "duration_ms": 0.041, "candidates_in": 5, "candidates_out": 5, "top_score": 9.34026161875381}
{"ts": "2026-09-23T01:39:32.793671+00:00", "trace_id": null, "stage": "lexical", "event": "start"}
{"ts": "2026-09-23T01:39:32.793856+00:00", "trace_id": null, "stage": "lexical", "event": "finish", "duration_ms": 0.185, "candidates_out": 20}
{"ts": "2026-09-23T01:39:32.793873+00:00", "trace_id": null, "stage": "fuse", "event": "start", "candidates_in": 17}
{"ts": "2026-09-23T01:39:32.793911+00:00", "trace_id": null, "stage": "fuse", "event": "finish", "duration_ms": 0.038, "candidates_in": 17, "candidates_out": 17, "top_score": 0.01639344262295082}
{"ts": "2026-09-23T01:39:32.794155+00:00", "trace_id": null, "stage": "gate", "event": "start", "candidates_in": 5}
{"ts": "2026-09-23T01:39:32.794199+00:00", "trace_id": null, "stage": "gate", "event": "finish", "duration_ms": 0.044, "candidates_in": 5, "candidates_out": 5, "top_score": 7.921631660516093}
{"ts": "2026-09-23T01:39:32.794221+00:00", "trace_id": null, "stage": "lexical", "event": "start"}
{"ts": "2026-09-23T01:39:32.794410+00:00", "trace_id": null, "stage": "lexical", "event": "finish", "duration_ms": 0.188, "candidates_out": 20}
{"ts": "2026-09-23T01:39:32.794427+00:00", "trace_id": null, "stage": "fuse", "event": "start", "candidates_in": 14}
{"ts": "2026-09-23T01:39:32.794480+00:00", "trace_id": null, "stage": "fuse", "event": "finish", "duration_ms": 0.053, "candidates_in": 14, "candidates_out": 14, "top_score": 0.01639344262295082}
{"ts": "2026-09-23T01:39:32.794661+00:00", "trace_id": null, "stage": "gate", "event": "start", "candidates_in": 5}
{"ts": "2026-09-23T01:39:32.794705+00:00", "trace_id": null, "stage": "gate", "event": "finish", "duration_ms": 0.044, "candidates_in": 5, "candidates_out": 5, "top_score": 7.4086725861431315}
{"ts": "2026-09-23T01:39:32.794726+00:00", "trace_id": null, "stage": "lexical", "event": "start"}
{"ts": "2026-09-23T01:39:32.794893+00:00", "trace_id": null, "stage": "lexical", "event": "finish", "duration_ms": 0.167, "candidates_out": 20}
{"ts": "2026-09-23T01:39:32.794910+00:00", "trace_id": null, "stage": "fuse", "event": "start", "candidates_in": 16}
{"ts": "2026-09-23T01:39:32.794971+00:00", "trace_id": null, "stage": "fuse", "event": "finish", "duration_ms": 0.061, "candidates_in": 16, "candidates_out": 16, "top_score": 0.01639344262295082}
{"ts": "2026-09-23T01:39:32.795188+00:00", "trace_id": null, "stage": "gate", "event": "start", "candidates_in": 5}
{"ts": "2026-09-23T01:39:32.795235+00:00", "trace_id": null, "stage": "gate", "event": "finish", "duration_ms": 0.047, "candidates_in": 5, "candidates_out": 5, "top_score": 11.22637726857692}
{"ts": "2026-09-23T01:39:32.795258+00:00", "trace_id": null, "stage": "lexical", "event": "start"}
{"ts": "2026-09-23T01:39:32.795439+00:00", "trace_id": null, "stage": "lexical", "event": "finish", "duration_ms": 0.182, "candidates_out": 20}
{"ts": "2026-09-23T01:39:32.795458+00:00", "trace_id": null, "stage": "fuse", "event": "start", "candidates_in": 16}
{"ts": "2026-09-23T01:39:32.795511+00:00", "trace_id": null, "stage": "fuse", "event": "finish", "duration_ms": 0.054, "candidates_in": 16, "candidates_out": 16, "top_score": 0.01639344262295082}
{"ts": "2026-09-23T01:39:32.795724+00:00", "trace_id": null, "stage": "gate", "event": "start", "candidates_in": 5}
{"ts": "2026-09-23T01:39:32.795765+00:00", "trace_id": null, "stage": "gate", "event": "finish", "duration_ms": 0.041, "candidates_in": 5, "candidates_out": 5, "top_score": 6.536068458604275}
{"ts": "2026-09-23T01:39:32.795795+00:00", "trace_id": null, "stage": "lexical", "event": "start"}
{"ts": "2026-09-23T01:39:32.795967+00:00", "trace_id": null, "stage": "lexical", "event": "finish", "duration_ms": 0.172, "candidates_out": 20}
{"ts": "2026-09-23T01:39:32.795984+00:00", "trace_id": null, "stage": "fuse", "event": "start", "candidates_in": 16}
{"ts": "2026-09-23T01:39:32.796041+00:00", "trace_id": null, "stage": "fuse", "event": "finish", "duration_ms": 0.057, "candidates_in": 16, "candidates_out": 16, "top_score": 0.01639344262295082}
{"ts": "2026-09-23T01:39:32.796246+00:00", "trace_id": null, "stage": "gate", "event": "start", "candidates_in": 5}
{"ts": "2026-09-23T01:39:32.796289+00:00", "trace_id": null, "stage": "gate", "event": "finish", "duration_ms": 0.043, "candidates_in": 5, "candidates_out": 5, "top_score": 15.571026947516465}
{"ts": "2026-09-23T01:39:32.796311+00:00", "trace_id": null, "stage": "lexical", "event": "start"}
{"ts": "2026-09-23T01:39:32.796485+00:00", "trace_id": null, "stage": "lexical", "event": "finish", "duration_ms": 0.174, "candidates_out": 20}
{"ts": "2026-09-23T01:39:32.796502+00:00", "trace_id": null, "stage": "fuse", "event": "start", "candidates_in": 14}
{"ts": "2026-09-23T01:39:32.796542+00:00", "trace_id": null, "stage": "fuse", "event": "finish", "duration_ms": 0.04, "candidates_in": 14, "candidates_out": 14, "top_score": 0.01639344262295082}
{"ts": "2026-09-23T01:39:32.796746+00:00", "trace_id": null, "stage": "gate", "event": "start", "candidates_in": 5}
{"ts": "2026-09-23T01:39:32.796788+00:00", "trace_id": null, "stage": "gate", "event": "finish", "duration_ms": 0.043, "candidates_in": 5, "candidates_out": 5, "top_score": 5.19153502414804}
{"ts": "2026-09-23T01:39:32.796820+00:00", "trace_id": null, "stage": "lexical", "event": "start"}
{"ts": "2026-09-23T01:39:32.797005+00:00", "trace_id": null, "stage": "lexical", "event": "finish", "duration_ms": 0.185, "candidates_out": 20}
{"ts": "2026-09-23T01:39:32.797022+00:00", "trace_id": null, "stage": "fuse", "event": "start", "candidates_in": 16}
{"ts": "2026-09-23T01:39:32.797072+00:00", "trace_id": null, "stage": "fuse", "event": "finish", "duration_ms": 0.05, "candidates_in": 16, "candidates_out": 16, "top_score": 0.01639344262295082}
{"ts": "2026-09-23T01:39:32.797261+00:00", "trace_id": null, "stage": "gate", "event": "start", "candidates_in": 5}
{"ts": "2026-09-23T01:39:32.797304+00:00", "trace_id": null, "stage": "gate", "event": "finish", "duration_ms": 0.043, "candidates_in": 5, "candidates_out": 5, "top_score": 10.498912045979747}
{"ts": "2026-09-23T01:39:32.797323+00:00", "trace_id": null, "stage": "lexical", "event": "start"}
{"ts": "2026-09-23T01:39:32.797513+00:00", "trace_id": null, "stage": "lexical", "event": "finish", "duration_ms": 0.19, "candidates_out": 20}
{"ts": "2026-09-23T01:39:32.797530+00:00", "trace_id": null, "stage": "fuse", "event": "start", "candidates_in": 17}
{"ts": "2026-09-23T01:39:32.797577+00:00", "trace_id": null, "stage": "fuse", "event": "finish", "duration_ms": 0.045, "candidates_in": 17, "candidates_out": 17, "top_score": 0.01639344262295082}
{"ts": "2026-09-23T01:39:32.797789+00:00", "trace_id": null, "stage": "gate", "event": "start", "candidates_in": 5}
{"ts": "2026-09-23T01:39:32.797834+00:00", "trace_id": null, "stage": "gate", "event": "finish", "duration_ms": 0.045, "candidates_in": 5, "candidates_out": 5, "top_score": 12.178509713844441}
{"ts": "2026-09-23T01:39:32.797853+00:00", "trace_id": null, "stage": "lexical", "event": "start"}
{"ts": "2026-09-23T01:39:32.797992+00:00", "trace_id": null, "stage": "lexical", "event": "finish", "duration_ms": 0.139, "candidates_out": 13}
{"ts": "2026-09-23T01:39:32.798009+00:00", "trace_id": null, "stage": "fuse", "event": "start", "candidates_in": 12}
{"ts": "2026-09-23T01:39:32.798047+00:00", "trace_id": null, "stage": "fuse", "event": "finish", "duration_ms": 0.038, "candidates_in": 12, "candidates_out": 12, "top_score": 0.01639344262295082}
{"ts": "2026-09-23T01:39:32.798249+00:00", "trace_id": null, "stage": "gate", "event": "start", "candidates_in": 5}
{"ts": "2026-09-23T01:39:32.798288+00:00", "trace_id": null, "stage": "gate", "event": "finish", "duration_ms": 0.039, "candidates_in": 5, "candidates_out": 5, "top_score": 10.51028385683839}
{"ts": "2026-09-23T01:39:32.798306+00:00", "trace_id": null, "stage": "lexical", "event": "start"}
{"ts": "2026-09-23T01:39:32.798482+00:00", "trace_id": null, "stage": "lexical", "event": "finish", "duration_ms": 0.176, "candidates_out": 20}
{"ts": "2026-09-23T01:39:32.798498+00:00", "trace_id": null, "stage": "fuse", "event": "start", "candidates_in": 16}
{"ts": "2026-09-23T01:39:32.798538+00:00", "trace_id": null, "stage": "fuse", "event": "finish", "duration_ms": 0.04, "candidates_in": 16, "candidates_out": 16, "top_score": 0.01639344262295082}
{"ts": "2026-09-23T01:39:32.798759+00:00", "trace_id": null, "stage": "gate", "event": "start", "candidates_in": 5}
{"ts": "2026-09-23T01:39:32.798796+00:00", "trace_id": null, "stage": "gate", "event": "finish", "duration_ms": 0.037, "candidates_in": 5, "candidates_out": 5, "top_score": 12.899754606415947}
{"ts": "2026-09-23T01:39:32.798816+00:00", "trace_id": null, "stage": "lexical", "event": "start"}
{"ts": "2026-09-23T01:39:32.798980+00:00", "trace_id": null, "stage": "lexical", "event": "finish", "duration_ms": 0.164, "candidates_out": 20}
{"ts": "2026-09-23T01:39:32.798997+00:00", "trace_id": null, "stage": "fuse", "event": "start", "candidates_in": 17}
{"ts": "2026-09-23T01:39:32.799037+00:00", "trace_id": null, "stage": "fuse", "event": "finish", "duration_ms": 0.041, "candidates_in": 17, "candidates_out": 17, "top_score": 0.01639344262295082}
{"ts": "2026-09-23T01:39:32.799273+00:00", "trace_id": null, "stage": "gate", "event": "start", "candidates_in": 5}
{"ts": "2026-09-23T01:39:32.799311+00:00", "trace_id": null, "stage": "gate", "event": "finish", "duration_ms": 0.039, "candidates_in": 5, "candidates_out": 5, "top_score": 10.701954791263146}
{"ts": "2026-09-23T01:39:32.799330+00:00", "trace_id": null, "stage": "lexical", "event": "start"}
{"ts": "2026-09-23T01:39:32.799495+00:00", "trace_id": null, "stage": "lexical", "event": "finish", "duration_ms": 0.165, "candidates_out": 20}
{"ts": "2026-09-23T01:39:32.799513+00:00", "trace_id": null, "stage": "fuse", "event": "start", "candidates_in": 18}
{"ts": "2026-09-23T01:39:32.799552+00:00", "trace_id": null, "stage": "fuse", "event": "finish", "duration_ms": 0.039, "candidates_in": 18, "candidates_out": 18, "top_score": 0.01639344262295082}
{"ts": "2026-09-23T01:39:32.799772+00:00", "trace_id": null, "stage": "gate", "event": "start", "candidates_in": 5}
{"ts": "2026-09-23T01:39:32.799815+00:00", "trace_id": null, "stage": "gate", "event": "finish", "duration_ms": 0.043, "candidates_in": 5, "candidates_out": 5, "top_score": 7.96117168041441}
{"ts": "2026-09-23T01:39:32.799835+00:00", "trace_id": null, "stage": "lexical", "event": "start"}
{"ts": "2026-09-23T01:39:32.800009+00:00", "trace_id": null, "stage": "lexical", "event": "finish", "duration_ms": 0.175, "candidates_out": 20}
{"ts": "2026-09-23T01:39:32.800027+00:00", "trace_id": null, "stage": "fuse", "event": "start", "candidates_in": 19}
{"ts": "2026-09-23T01:39:32.800067+00:00", "trace_id": null, "stage": "fuse", "event": "finish", "duration_ms": 0.04, "candidates_in": 19, "candidates_out": 19, "top_score": 0.01639344262295082}
{"ts": "2026-09-23T01:39:32.800294+00:00", "trace_id": null, "stage": "gate", "event": "start", "candidates_in": 5}
{"ts": "2026-09-23T01:39:32.800336+00:00", "trace_id": null, "stage": "gate", "event": "finish", "duration_ms": 0.042, "candidates_in": 5, "candidates_out": 5, "top_score": 10.868083113129847}
{"ts": "2026-09-23T01:39:32.800357+00:00", "trace_id": null, "stage": "lexical", "event": "start"}
{"ts": "2026-09-23T01:39:32.800554+00:00", "trace_id": null, "stage": "lexical", "event": "finish", "duration_ms": 0.197, "candidates_out": 20}
{"ts": "2026-09-23T01:39:32.800569+00:00", "trace_id": null, "stage": "fuse", "event": "start", "candidates_in": 16}
{"ts": "2026-09-23T01:39:32.800623+00:00", "trace_id": null, "stage": "fuse", "event": "finish", "duration_ms": 0.054, "candidates_in": 16, "candidates_out": 16, "top_score": 0.01639344262295082}
{"ts": "2026-09-23T01:39:32.800861+00:00", "trace_id": null, "stage": "gate", "event": "start", "candidates_in": 5}
{"ts": "2026-09-23T01:39:32.800898+00:00", "trace_id": null, "stage": "gate", "event": "finish", "duration_ms": 0.037, "candidates_in": 5, "candidates_out": 5, "top_score": 12.865619837663713}
{"ts": "2026-09-23T01:39:32.800918+00:00", "trace_id": null, "stage": "lexical", "event": "start"}
{"ts": "2026-09-23T01:39:32.801108+00:00", "trace_id": null, "stage": "lexical", "event": "finish", "duration_ms": 0.19, "candidates_out": 20}
{"ts": "2026-09-23T01:39:32.801126+00:00", "trace_id": null, "stage": "fuse", "event": "start", "candidates_in": 16}
{"ts": "2026-09-23T01:39:32.801163+00:00", "trace_id": null, "stage": "fuse", "event": "finish", "duration_ms": 0.037, "candidates_in": 16, "candidates_out": 16, "top_score": 0.01639344262295082}
{"ts": "2026-09-23T01:39:32.801390+00:00", "trace_id": null, "stage": "gate", "event": "start", "candidates_in": 5}
{"ts": "2026-09-23T01:39:32.801426+00:00", "trace_id": null, "stage": "gate", "event": "finish", "duration_ms": 0.037, "candidates_in": 5, "candidates_out": 5, "top_score": 4.077913401830825}
{"ts": "2026-09-23T01:39:32.801442+00:00", "trace_id": null, "stage": "lexical", "event": "start"}
{"ts": "2026-09-23T01:39:32.801616+00:00", "trace_id": null, "stage": "lexical", "event": "finish", "duration_ms": 0.174, "candidates_out": 20}
{"ts": "2026-09-23T01:39:32.801635+00:00", "trace_id": null, "stage": "fuse", "event": "start", "candidates_in": 11}
{"ts": "2026-09-23T01:39:32.801675+00:00", "trace_id": null, "stage": "fuse", "event": "finish", "duration_ms": 0.04, "candidates_in": 11, "candidates_out": 11, "top_score": 0.01639344262295082}
{"ts": "2026-09-23T01:39:32.801868+00:00", "trace_id": null, "stage": "gate", "event": "start", "candidates_in": 5}
{"ts": "2026-09-23T01:39:32.801908+00:00", "trace_id": null, "stage": "gate", "event": "finish", "duration_ms": 0.041, "candidates_in": 5, "candidates_out": 5, "top_score": 7.43576323168131}
{"ts": "2026-09-23T01:39:32.801931+00:00", "trace_id": null, "stage": "lexical", "event": "start"}
{"ts": "2026-09-23T01:39:32.802136+00:00", "trace_id": null, "stage": "lexical", "event": "finish", "duration_ms": 0.206, "candidates_out": 20}
{"ts": "2026-09-23T01:39:32.802155+00:00", "trace_id": null, "stage": "fuse", "event": "start", "candidates_in": 14}
{"ts": "2026-09-23T01:39:32.802207+00:00", "trace_id": null, "stage": "fuse", "event": "finish", "duration_ms": 0.052, "candidates_in": 14, "candidates_out": 14, "top_score": 0.01639344262295082}
{"ts": "2026-09-23T01:39:32.802403+00:00", "trace_id": null, "stage": "gate", "event": "start", "candidates_in": 5}
{"ts": "2026-09-23T01:39:32.802446+00:00", "trace_id": null, "stage": "gate", "event": "finish", "duration_ms": 0.044, "candidates_in": 5, "candidates_out": 5, "top_score": 5.690857147556625}
{"ts": "2026-09-23T01:39:32.802466+00:00", "trace_id": null, "stage": "lexical", "event": "start"}
{"ts": "2026-09-23T01:39:32.802656+00:00", "trace_id": null, "stage": "lexical", "event": "finish", "duration_ms": 0.19, "candidates_out": 20}
{"ts": "2026-09-23T01:39:32.802676+00:00", "trace_id": null, "stage": "fuse", "event": "start", "candidates_in": 17}
{"ts": "2026-09-23T01:39:32.802727+00:00", "trace_id": null, "stage": "fuse", "event": "finish", "duration_ms": 0.051, "candidates_in": 17, "candidates_out": 17, "top_score": 0.01639344262295082}
{"ts": "2026-09-23T01:39:32.802933+00:00", "trace_id": null, "stage": "gate", "event": "start", "candidates_in": 5}
{"ts": "2026-09-23T01:39:32.802973+00:00", "trace_id": null, "stage": "gate", "event": "finish", "duration_ms": 0.04, "candidates_in": 5, "candidates_out": 5, "top_score": 8.294348549462573}
{"ts": "2026-09-23T01:39:32.803006+00:00", "trace_id": null, "stage": "lexical", "event": "start"}
{"ts": "2026-09-23T01:39:32.803178+00:00", "trace_id": null, "stage": "lexical", "event": "finish", "duration_ms": 0.172, "candidates_out": 20}
{"ts": "2026-09-23T01:39:32.803196+00:00", "trace_id": null, "stage": "fuse", "event": "start", "candidates_in": 14}
{"ts": "2026-09-23T01:39:32.803235+00:00", "trace_id": null, "stage": "fuse", "event": "finish", "duration_ms": 0.039, "candidates_in": 14, "candidates_out": 14, "top_score": 0.01639344262295082}
{"ts": "2026-09-23T01:39:32.803437+00:00", "trace_id": null, "stage": "gate", "event": "start", "candidates_in": 5}
{"ts": "2026-09-23T01:39:32.803478+00:00", "trace_id": null, "stage": "gate", "event": "finish", "duration_ms": 0.041, "candidates_in": 5, "candidates_out": 5, "top_score": 8.569968228914}
{"ts": "2026-09-23T01:39:32.803502+00:00", "trace_id": null, "stage": "lexical", "event": "start"}
{"ts": "2026-09-23T01:39:32.803703+00:00", "trace_id": null, "stage": "lexical", "event": "finish", "duration_ms": 0.201, "candidates_out": 20}
{"ts": "2026-09-23T01:39:32.803719+00:00", "trace_id": null, "stage": "fuse", "event": "start", "candidates_in": 16}
{"ts": "2026-09-23T01:39:32.803766+00:00", "trace_id": null, "stage": "fuse", "event": "finish", "duration_ms": 0.047, "candidates_in": 16, "candidates_out": 16, "top_score": 0.01639344262295082}
{"ts": "2026-09-23T01:39:32.803953+00:00", "trace_id": null, "stage": "gate", "event": "start", "candidates_in": 5}
{"ts": "2026-09-23T01:39:32.803991+00:00", "trace_id": null, "stage": "gate", "event": "finish", "duration_ms": 0.037, "candidates_in": 5, "candidates_out": 5, "top_score": 21.81283159164856}
{"ts": "2026-09-23T01:39:32.804011+00:00", "trace_id": null, "stage": "lexical", "event": "start"}
{"ts": "2026-09-23T01:39:32.804252+00:00", "trace_id": null, "stage": "lexical", "event": "finish", "duration_ms": 0.241, "candidates_out": 20}
{"ts": "2026-09-23T01:39:32.804271+00:00", "trace_id": null, "stage": "fuse", "event": "start", "candidates_in": 16}
{"ts": "2026-09-23T01:39:32.804310+00:00", "trace_id": null, "stage": "fuse", "event": "finish", "duration_ms": 0.039, "candidates_in": 16, "candidates_out": 16, "top_score": 0.01639344262295082}
{"ts": "2026-09-23T01:39:32.804511+00:00", "trace_id": null, "stage": "gate", "event": "start", "candidates_in": 5}
{"ts": "2026-09-23T01:39:32.804553+00:00", "trace_id": null, "stage": "gate", "event": "finish", "duration_ms": 0.042, "candidates_in": 5, "candidates_out": 5, "top_score": 10.59018931893558}
{"ts": "2026-09-23T01:39:32.804573+00:00", "trace_id": null, "stage": "lexical", "event": "start"}
{"ts": "2026-09-23T01:39:32.804754+00:00", "trace_id": null, "stage": "lexical", "event": "finish", "duration_ms": 0.181, "candidates_out": 20}
{"ts": "2026-09-23T01:39:32.804772+00:00", "trace_id": null, "stage": "fuse", "event": "start", "candidates_in": 16}
{"ts": "2026-09-23T01:39:32.804812+00:00", "trace_id": null, "stage": "fuse", "event": "finish", "duration_ms": 0.04, "candidates_in": 16, "candidates_out": 16, "top_score": 0.01639344262295082}
{"ts": "2026-09-23T01:39:32.805023+00:00", "trace_id": null, "stage": "gate", "event": "start", "candidates_in": 5}
{"ts": "2026-09-23T01:39:32.805065+00:00", "trace_id": null, "stage": "gate", "event": "finish", "duration_ms": 0.042, "candidates_in": 5, "candidates_out": 5, "top_score": 10.68934104502573}
{"ts": "2026-09-23T01:39:32.805087+00:00", "trace_id": null, "stage": "lexical", "event": "start"}
{"ts": "2026-09-23T01:39:32.805259+00:00", "trace_id": null, "stage": "lexical", "event": "finish", "duration_ms": 0.172, "candidates_out": 19}
{"ts": "2026-09-23T01:39:32.805276+00:00", "trace_id": null, "stage": "fuse", "event": "start", "candidates_in": 16}
{"ts": "2026-09-23T01:39:32.805316+00:00", "trace_id": null, "stage": "fuse", "event": "finish", "duration_ms": 0.04, "candidates_in": 16, "candidates_out": 16, "top_score": 0.01639344262295082}
{"ts": "2026-09-23T01:39:32.805527+00:00", "trace_id": null, "stage": "gate", "event": "start", "candidates_in": 5}
{"ts": "2026-09-23T01:39:32.805570+00:00", "trace_id": null, "stage": "gate", "event": "finish", "duration_ms": 0.042, "candidates_in": 5, "candidates_out": 5, "top_score": 8.525068768843955}
{"ts": "2026-09-23T01:39:32.805589+00:00", "trace_id": null, "stage": "lexical", "event": "start"}
{"ts": "2026-09-23T01:39:32.805813+00:00", "trace_id": null, "stage": "lexical", "event": "finish", "duration_ms": 0.224, "candidates_out": 20}
{"ts": "2026-09-23T01:39:32.805830+00:00", "trace_id": null, "stage": "fuse", "event": "start", "candidates_in": 17}
{"ts": "2026-09-23T01:39:32.805870+00:00", "trace_id": null, "stage": "fuse", "event": "finish", "duration_ms": 0.04, "candidates_in": 17, "candidates_out": 17, "top_score": 0.01639344262295082}
{"ts": "2026-09-23T01:39:32.806091+00:00", "trace_id": null, "stage": "gate", "event": "start", "candidates_in": 5}
{"ts": "2026-09-23T01:39:32.806136+00:00", "trace_id": null, "stage": "gate", "event": "finish", "duration_ms": 0.044, "candidates_in": 5, "candidates_out": 5, "top_score": 7.323828532145941}
{"ts": "2026-09-23T01:39:32.806159+00:00", "trace_id": null, "stage": "lexical", "event": "start"}
{"ts": "2026-09-23T01:39:32.806387+00:00", "trace_id": null, "stage": "lexical", "event": "finish", "duration_ms": 0.227, "candidates_out": 20}
{"ts": "2026-09-23T01:39:32.806416+00:00", "trace_id": null, "stage": "fuse", "event": "start", "candidates_in": 16}
{"ts": "2026-09-23T01:39:32.806460+00:00", "trace_id": null, "stage": "fuse", "event": "finish", "duration_ms": 0.045, "candidates_in": 16, "candidates_out": 16, "top_score": 0.01639344262295082}
{"ts": "2026-09-23T01:39:32.806676+00:00", "trace_id": null, "stage": "gate", "event": "start", "candidates_in": 5}
{"ts": "2026-09-23T01:39:32.806718+00:00", "trace_id": null, "stage": "gate", "event": "finish", "duration_ms": 0.042, "candidates_in": 5, "candidates_out": 5, "top_score": 10.245628715854954}
{"ts": "2026-09-23T01:39:32.806738+00:00", "trace_id": null, "stage": "lexical", "event": "start"}
{"ts": "2026-09-23T01:39:32.806953+00:00", "trace_id": null, "stage": "lexical", "event": "finish", "duration_ms": 0.215, "candidates_out": 20}
{"ts": "2026-09-23T01:39:32.806971+00:00", "trace_id": null, "stage": "fuse", "event": "start", "candidates_in": 16}
{"ts": "2026-09-23T01:39:32.807015+00:00", "trace_id": null, "stage": "fuse", "event": "finish", "duration_ms": 0.044, "candidates_in": 16, "candidates_out": 16, "top_score": 0.01639344262295082}
{"ts": "2026-09-23T01:39:32.807239+00:00", "trace_id": null, "stage": "gate", "event": "start", "candidates_in": 5}
{"ts": "2026-09-23T01:39:32.807286+00:00", "trace_id": null, "stage": "gate", "event": "finish", "duration_ms": 0.047, "candidates_in": 5, "candidates_out": 5, "top_score": 23.062169395965153}
{"ts": "2026-09-23T01:39:32.807308+00:00", "trace_id": null, "stage": "lexical", "event": "start"}
{"ts": "2026-09-23T01:39:32.807541+00:00", "trace_id": null, "stage": "lexical", "event": "finish", "duration_ms": 0.233, "candidates_out": 20}
{"ts": "2026-09-23T01:39:32.807559+00:00", "trace_id": null, "stage": "fuse", "event": "start", "candidates_in": 16}
{"ts": "2026-09-23T01:39:32.807611+00:00", "trace_id": null, "stage": "fuse", "event": "finish", "duration_ms": 0.052, "candidates_in": 16, "candidates_out": 16, "top_score": 0.01639344262295082}
{"ts": "2026-09-23T01:39:32.807815+00:00", "trace_id": null, "stage": "gate", "event": "start", "candidates_in": 5}
{"ts": "2026-09-23T01:39:32.807856+00:00", "trace_id": null, "stage": "gate", "event": "finish", "duration_ms": 0.041, "candidates_in": 5, "candidates_out": 5, "top_score": 12.13115655605675}
{"ts": "2026-09-23T01:39:32.807891+00:00", "trace_id": null, "stage": "lexical", "event": "start"}
{"ts": "2026-09-23T01:39:32.808111+00:00", "trace_id": null, "stage": "lexical", "event": "finish", "duration_ms": 0.22, "candidates_out": 20}
{"ts": "2026-09-23T01:39:32.808128+00:00", "trace_id": null, "stage": "fuse", "event": "start", "candidates_in": 17}
{"ts": "2026-09-23T01:39:32.808167+00:00", "trace_id": null, "stage": "fuse", "event": "finish", "duration_ms": 0.038, "candidates_in": 17, "candidates_out": 17, "top_score": 0.01639344262295082}
{"ts": "2026-09-23T01:39:32.808387+00:00", "trace_id": null, "stage": "gate", "event": "start", "candidates_in": 5}
{"ts": "2026-09-23T01:39:32.808431+00:00", "trace_id": null, "stage": "gate", "event": "finish", "duration_ms": 0.044, "candidates_in": 5, "candidates_out": 5, "top_score": 11.905957219798633}
{"ts": "2026-09-23T01:39:32.808450+00:00", "trace_id": null, "stage": "lexical", "event": "start"}
{"ts": "2026-09-23T01:39:32.808671+00:00", "trace_id": null, "stage": "lexical", "event": "finish", "duration_ms": 0.221, "candidates_out": 20}
{"ts": "2026-09-23T01:39:32.808689+00:00", "trace_id": null, "stage": "fuse", "event": "start", "candidates_in": 16}
{"ts": "2026-09-23T01:39:32.808728+00:00", "trace_id": null, "stage": "fuse", "event": "finish", "duration_ms": 0.039, "candidates_in": 16, "candidates_out": 16, "top_score": 0.01639344262295082}
{"ts": "2026-09-23T01:39:32.808950+00:00", "trace_id": null, "stage": "gate", "event": "start", "candidates_in": 5}
{"ts": "2026-09-23T01:39:32.809013+00:00", "trace_id": null, "stage": "gate", "event": "finish", "duration_ms": 0.063, "candidates_in": 5, "candidates_out": 5, "top_score": 11.085865128222538}
{"ts": "2026-09-23T01:39:32.809028+00:00", "trace_id": null, "stage": "lexical", "event": "start"}
{"ts": "2026-09-23T01:39:32.809279+00:00", "trace_id": null, "stage": "lexical", "event": "finish", "duration_ms": 0.25, "candidates_out": 20}
{"ts": "2026-09-23T01:39:32.809301+00:00", "trace_id": null, "stage": "fuse", "event": "start", "candidates_in": 14}
{"ts": "2026-09-23T01:39:32.809354+00:00", "trace_id": null, "stage": "fuse", "event": "finish", "duration_ms": 0.053, "candidates_in": 14, "candidates_out": 14, "top_score": 0.01639344262295082}
{"ts": "2026-09-23T01:39:32.809553+00:00", "trace_id": null, "stage": "gate", "event": "start", "candidates_in": 5}
{"ts": "2026-09-23T01:39:32.809598+00:00", "trace_id": null, "stage": "gate", "event": "finish", "duration_ms": 0.045, "candidates_in": 5, "candidates_out": 5, "top_score": 21.987400882952414}
{"ts": "2026-09-23T01:39:32.809616+00:00", "trace_id": null, "stage": "lexical", "event": "start"}
{"ts": "2026-09-23T01:39:32.809834+00:00", "trace_id": null, "stage": "lexical", "event": "finish", "duration_ms": 0.218, "candidates_out": 20}
{"ts": "2026-09-23T01:39:32.809852+00:00", "trace_id": null, "stage": "fuse", "event": "start", "candidates_in": 18}
{"ts": "2026-09-23T01:39:32.809893+00:00", "trace_id": null, "stage": "fuse", "event": "finish", "duration_ms": 0.041, "candidates_in": 18, "candidates_out": 18, "top_score": 0.01639344262295082}
{"ts": "2026-09-23T01:39:32.810126+00:00", "trace_id": null, "stage": "gate", "event": "start", "candidates_in": 5}
{"ts": "2026-09-23T01:39:32.810170+00:00", "trace_id": null, "stage": "gate", "event": "finish", "duration_ms": 0.044, "candidates_in": 5, "candidates_out": 5, "top_score": 19.60651320509934}
{"ts": "2026-09-23T01:39:32.810206+00:00", "trace_id": null, "stage": "lexical", "event": "start"}
{"ts": "2026-09-23T01:39:32.810424+00:00", "trace_id": null, "stage": "lexical", "event": "finish", "duration_ms": 0.219, "candidates_out": 20}
{"ts": "2026-09-23T01:39:32.810442+00:00", "trace_id": null, "stage": "fuse", "event": "start", "candidates_in": 18}
{"ts": "2026-09-23T01:39:32.810489+00:00", "trace_id": null, "stage": "fuse", "event": "finish", "duration_ms": 0.047, "candidates_in": 18, "candidates_out": 18, "top_score": 0.01639344262295082}
{"ts": "2026-09-23T01:39:32.810698+00:00", "trace_id": null, "stage": "gate", "event": "start", "candidates_in": 5}
{"ts": "2026-09-23T01:39:32.810743+00:00", "trace_id": null, "stage": "gate", "event": "finish", "duration_ms": 0.045, "candidates_in": 5, "candidates_out": 5, "top_score": 22.44904341458204}
{"ts": "2026-09-23T01:39:32.810766+00:00", "trace_id": null, "stage": "lexical", "event": "start"}
{"ts": "2026-09-23T01:39:32.810969+00:00", "trace_id": null, "stage": "lexical", "event": "finish", "duration_ms": 0.204, "candidates_out": 20}
{"ts": "2026-09-23T01:39:32.810986+00:00", "trace_id": null, "stage": "fuse", "event": "start", "candidates_in": 15}
{"ts": "2026-09-23T01:39:32.811024+00:00", "trace_id": null, "stage": "fuse", "event": "finish", "duration_ms": 0.037, "candidates_in": 15, "candidates_out": 15, "top_score": 0.01639344262295082}
{"ts": "2026-09-23T01:39:32.811231+00:00", "trace_id": null, "stage": "gate", "event": "start", "candidates_in": 5}
{"ts": "2026-09-23T01:39:32.811272+00:00", "trace_id": null, "stage": "gate", "event": "finish", "duration_ms": 0.042, "candidates_in": 5, "candidates_out": 5, "top_score": 7.998617110434933}
{"ts": "2026-09-23T01:39:32.811292+00:00", "trace_id": null, "stage": "lexical", "event": "start"}
{"ts": "2026-09-23T01:39:32.811515+00:00", "trace_id": null, "stage": "lexical", "event": "finish", "duration_ms": 0.223, "candidates_out": 20}
{"ts": "2026-09-23T01:39:32.811538+00:00", "trace_id": null, "stage": "fuse", "event": "start", "candidates_in": 18}
{"ts": "2026-09-23T01:39:32.811581+00:00", "trace_id": null, "stage": "fuse", "event": "finish", "duration_ms": 0.043, "candidates_in": 18, "candidates_out": 18, "top_score": 0.01639344262295082}
{"ts": "2026-09-23T01:39:32.811801+00:00", "trace_id": null, "stage": "gate", "event": "start", "candidates_in": 5}
{"ts": "2026-09-23T01:39:32.811841+00:00", "trace_id": null, "stage": "gate", "event": "finish", "duration_ms": 0.04, "candidates_in": 5, "candidates_out": 5, "top_score": 14.76193764457884}
{"ts": "2026-09-23T01:39:32.811863+00:00", "trace_id": null, "stage": "lexical", "event": "start"}
{"ts": "2026-09-23T01:39:32.812015+00:00", "trace_id": null, "stage": "lexical", "event": "finish", "duration_ms": 0.152, "candidates_out": 20}
{"ts": "2026-09-23T01:39:32.812032+00:00", "trace_id": null, "stage": "fuse", "event": "start", "candidates_in": 15}
{"ts": "2026-09-23T01:39:32.812071+00:00", "trace_id": null, "stage": "fuse", "event": "finish", "duration_ms": 0.038, "candidates_in": 15, "candidates_out": 15, "top_score": 0.01639344262295082}
{"ts": "2026-09-23T01:39:32.812267+00:00", "trace_id": null, "stage": "gate", "event": "start", "candidates_in": 5}
{"ts": "2026-09-23T01:39:32.812302+00:00", "trace_id": null, "stage": "gate", "event": "finish", "duration_ms": 0.036, "candidates_in": 5, "candidates_out": 5, "top_score": 18.00005477052008}
{"ts": "2026-09-23T01:39:32.812324+00:00", "trace_id": null, "stage": "lexical", "event": "start"}
{"ts": "2026-09-23T01:39:32.812498+00:00", "trace_id": null, "stage": "lexical", "event": "finish", "duration_ms": 0.174, "candidates_out": 20}
{"ts": "2026-09-23T01:39:32.812516+00:00", "trace_id": null, "stage": "fuse", "event": "start", "candidates_in": 17}
{"ts": "2026-09-23T01:39:32.812557+00:00", "trace_id": null, "stage": "fuse", "event": "finish", "duration_ms": 0.041, "candidates_in": 17, "candidates_out": 17, "top_score": 0.01639344262295082}
{"ts": "2026-09-23T01:39:32.812773+00:00", "trace_id": null, "stage": "gate", "event": "start", "candidates_in": 5}
{"ts": "2026-09-23T01:39:32.812810+00:00", "trace_id": null, "stage": "gate", "event": "finish", "duration_ms": 0.037, "candidates_in": 5, "candidates_out": 5, "top_score": 15.147864338918716}
{"ts": "2026-09-23T01:39:32.812831+00:00", "trace_id": null, "stage": "lexical", "event": "start"}
{"ts": "2026-09-23T01:39:32.813051+00:00", "trace_id": null, "stage": "lexical", "event": "finish", "duration_ms": 0.221, "candidates_out": 20}
{"ts": "2026-09-23T01:39:32.813069+00:00", "trace_id": null, "stage": "fuse", "event": "start", "candidates_in": 18}
{"ts": "2026-09-23T01:39:32.813110+00:00", "trace_id": null, "stage": "fuse", "event": "finish", "duration_ms": 0.041, "candidates_in": 18, "candidates_out": 18, "top_score": 0.01639344262295082}
{"ts": "2026-09-23T01:39:32.813337+00:00", "trace_id": null, "stage": "gate", "event": "start", "candidates_in": 5}
{"ts": "2026-09-23T01:39:32.813375+00:00", "trace_id": null, "stage": "gate", "event": "finish", "duration_ms": 0.038, "candidates_in": 5, "candidates_out": 5, "top_score": 7.3836419844088494}
{"ts": "2026-09-23T01:39:32.813397+00:00", "trace_id": null, "stage": "lexical", "event": "start"}
{"ts": "2026-09-23T01:39:32.813577+00:00", "trace_id": null, "stage": "lexical", "event": "finish", "duration_ms": 0.18, "candidates_out": 20}
{"ts": "2026-09-23T01:39:32.813594+00:00", "trace_id": null, "stage": "fuse", "event": "start", "candidates_in": 15}
{"ts": "2026-09-23T01:39:32.813636+00:00", "trace_id": null, "stage": "fuse", "event": "finish", "duration_ms": 0.042, "candidates_in": 15, "candidates_out": 15, "top_score": 0.01639344262295082}
{"ts": "2026-09-23T01:39:32.813832+00:00", "trace_id": null, "stage": "gate", "event": "start", "candidates_in": 5}
{"ts": "2026-09-23T01:39:32.813875+00:00", "trace_id": null, "stage": "gate", "event": "finish", "duration_ms": 0.043, "candidates_in": 5, "candidates_out": 5, "top_score": 9.31417915661125}
{"ts": "2026-09-23T01:39:32.813905+00:00", "trace_id": null, "stage": "lexical", "event": "start"}
{"ts": "2026-09-23T01:39:32.814102+00:00", "trace_id": null, "stage": "lexical", "event": "finish", "duration_ms": 0.198, "candidates_out": 20}
{"ts": "2026-09-23T01:39:32.814120+00:00", "trace_id": null, "stage": "fuse", "event": "start", "candidates_in": 16}
{"ts": "2026-09-23T01:39:32.814159+00:00", "trace_id": null, "stage": "fuse", "event": "finish", "duration_ms": 0.039, "candidates_in": 16, "candidates_out": 16, "top_score": 0.01639344262295082}
{"ts": "2026-09-23T01:39:32.814373+00:00", "trace_id": null, "stage": "gate", "event": "start", "candidates_in": 5}
{"ts": "2026-09-23T01:39:32.814412+00:00", "trace_id": null, "stage": "gate", "event": "finish", "duration_ms": 0.039, "candidates_in": 5, "candidates_out": 5, "top_score": 18.352300234192963}
{"ts": "2026-09-23T01:39:32.814432+00:00", "trace_id": null, "stage": "lexical", "event": "start"}
{"ts": "2026-09-23T01:39:32.814635+00:00", "trace_id": null, "stage": "lexical", "event": "finish", "duration_ms": 0.203, "candidates_out": 20}
{"ts": "2026-09-23T01:39:32.814653+00:00", "trace_id": null, "stage": "fuse", "event": "start", "candidates_in": 15}
{"ts": "2026-09-23T01:39:32.814692+00:00", "trace_id": null, "stage": "fuse", "event": "finish", "duration_ms": 0.039, "candidates_in": 15, "candidates_out": 15, "top_score": 0.01639344262295082}
{"ts": "2026-09-23T01:39:32.814899+00:00", "trace_id": null, "stage": "gate", "event": "start", "candidates_in": 5}
{"ts": "2026-09-23T01:39:32.814943+00:00", "trace_id": null, "stage": "gate", "event": "finish", "duration_ms": 0.044, "candidates_in": 5, "candidates_out": 5, "top_score": 8.812477345251054}
{"ts": "2026-09-23T01:39:32.814965+00:00", "trace_id": null, "stage": "lexical", "event": "start"}
{"ts": "2026-09-23T01:39:32.815115+00:00", "trace_id": null, "stage": "lexical", "event": "finish", "duration_ms": 0.151, "candidates_out": 11}
{"ts": "2026-09-23T01:39:32.815131+00:00", "trace_id": null, "stage": "fuse", "event": "start", "candidates_in": 9}
{"ts": "2026-09-23T01:39:32.815168+00:00", "trace_id": null, "stage": "fuse", "event": "finish", "duration_ms": 0.037, "candidates_in": 9, "candidates_out": 9, "top_score": 0.01639344262295082}
{"ts": "2026-09-23T01:39:32.815326+00:00", "trace_id": null, "stage": "gate", "event": "start", "candidates_in": 5}
{"ts": "2026-09-23T01:39:32.815365+00:00", "trace_id": null, "stage": "gate", "event": "finish", "duration_ms": 0.04, "candidates_in": 5, "candidates_out": 5, "top_score": 14.960487093030109}
{"ts": "2026-09-23T01:39:32.815383+00:00", "trace_id": null, "stage": "lexical", "event": "start"}
{"ts": "2026-09-23T01:39:32.815542+00:00", "trace_id": null, "stage": "lexical", "event": "finish", "duration_ms": 0.16, "candidates_out": 19}
{"ts": "2026-09-23T01:39:32.815559+00:00", "trace_id": null, "stage": "fuse", "event": "start", "candidates_in": 15}
{"ts": "2026-09-23T01:39:32.815599+00:00", "trace_id": null, "stage": "fuse", "event": "finish", "duration_ms": 0.04, "candidates_in": 15, "candidates_out": 15, "top_score": 0.01639344262295082}
{"ts": "2026-09-23T01:39:32.815801+00:00", "trace_id": null, "stage": "gate", "event": "start", "candidates_in": 5}
{"ts": "2026-09-23T01:39:32.815843+00:00", "trace_id": null, "stage": "gate", "event": "finish", "duration_ms": 0.043, "candidates_in": 5, "candidates_out": 5, "top_score": 13.750292224237374}
{"ts": "2026-09-23T01:39:32.815866+00:00", "trace_id": null, "stage": "lexical", "event": "start"}
{"ts": "2026-09-23T01:39:32.816034+00:00", "trace_id": null, "stage": "lexical", "event": "finish", "duration_ms": 0.169, "candidates_out": 16}
{"ts": "2026-09-23T01:39:32.816051+00:00", "trace_id": null, "stage": "fuse", "event": "start", "candidates_in": 13}
{"ts": "2026-09-23T01:39:32.816090+00:00", "trace_id": null, "stage": "fuse", "event": "finish", "duration_ms": 0.039, "candidates_in": 13, "candidates_out": 13, "top_score": 0.01639344262295082}
{"ts": "2026-09-23T01:39:32.816280+00:00", "trace_id": null, "stage": "gate", "event": "start", "candidates_in": 5}
{"ts": "2026-09-23T01:39:32.816317+00:00", "trace_id": null, "stage": "gate", "event": "finish", "duration_ms": 0.038, "candidates_in": 5, "candidates_out": 5, "top_score": 24.566129383761844}
{"ts": "2026-09-23T01:39:32.816338+00:00", "trace_id": null, "stage": "lexical", "event": "start"}
{"ts": "2026-09-23T01:39:32.816510+00:00", "trace_id": null, "stage": "lexical", "event": "finish", "duration_ms": 0.172, "candidates_out": 20}
{"ts": "2026-09-23T01:39:32.816529+00:00", "trace_id": null, "stage": "fuse", "event": "start", "candidates_in": 15}
{"ts": "2026-09-23T01:39:32.816574+00:00", "trace_id": null, "stage": "fuse", "event": "finish", "duration_ms": 0.045, "candidates_in": 15, "candidates_out": 15, "top_score": 0.01639344262295082}
{"ts": "2026-09-23T01:39:32.816757+00:00", "trace_id": null, "stage": "gate", "event": "start", "candidates_in": 5}
{"ts": "2026-09-23T01:39:32.816794+00:00", "trace_id": null, "stage": "gate", "event": "finish", "duration_ms": 0.037, "candidates_in": 5, "candidates_out": 5, "top_score": 10.295703504657096}
{"ts": "2026-09-23T01:39:32.816817+00:00", "trace_id": null, "stage": "lexical", "event": "start"}
{"ts": "2026-09-23T01:39:32.817036+00:00", "trace_id": null, "stage": "lexical", "event": "finish", "duration_ms": 0.219, "candidates_out": 20}
{"ts": "2026-09-23T01:39:32.817054+00:00", "trace_id": null, "stage": "fuse", "event": "start", "candidates_in": 17}
{"ts": "2026-09-23T01:39:32.817107+00:00", "trace_id": null, "stage": "fuse", "event": "finish", "duration_ms": 0.053, "candidates_in": 17, "candidates_out": 17, "top_score": 0.01639344262295082}
{"ts": "2026-09-23T01:39:32.817428+00:00", "trace_id": null, "stage": "gate", "event": "start", "candidates_in": 5}
{"ts": "2026-09-23T01:39:32.817466+00:00", "trace_id": null, "stage": "gate", "event": "finish", "duration_ms": 0.038, "candidates_in": 5, "candidates_out": 5, "top_score": 17.458599431872727}
{"ts": "2026-09-23T01:39:32.817486+00:00", "trace_id": null, "stage": "lexical", "event": "start"}
{"ts": "2026-09-23T01:39:32.817733+00:00", "trace_id": null, "stage": "lexical", "event": "finish", "duration_ms": 0.247, "candidates_out": 20}
{"ts": "2026-09-23T01:39:32.817752+00:00", "trace_id": null, "stage": "fuse", "event": "start", "candidates_in": 18}
{"ts": "2026-09-23T01:39:32.817790+00:00", "trace_id": null, "stage": "fuse", "event": "finish", "duration_ms": 0.039, "candidates_in": 18, "candidates_out": 18, "top_score": 0.01639344262295082}
{"ts": "2026-09-23T01:39:32.818041+00:00", "trace_id": null, "stage": "gate", "event": "start", "candidates_in": 5}
{"ts": "2026-09-23T01:39:32.818079+00:00", "trace_id": null, "stage": "gate", "event": "finish", "duration_ms": 0.038, "candidates_in": 5, "candidates_out": 5, "top_score": 13.152541098764578}
{"ts": "2026-09-23T01:39:32.818104+00:00", "trace_id": null, "stage": "lexical", "event": "start"}
{"ts": "2026-09-23T01:39:32.818323+00:00", "trace_id": null, "stage": "lexical", "event": "finish", "duration_ms": 0.219, "candidates_out": 20}
{"ts": "2026-09-23T01:39:32.818340+00:00", "trace_id": null, "stage": "fuse", "event": "start", "candidates_in": 16}
{"ts": "2026-09-23T01:39:32.818381+00:00", "trace_id": null, "stage": "fuse", "event": "finish", "duration_ms": 0.04, "candidates_in": 16, "candidates_out": 16, "top_score": 0.01639344262295082}
{"ts": "2026-09-23T01:39:32.818597+00:00", "trace_id": null, "stage": "gate", "event": "start", "candidates_in": 5}
{"ts": "2026-09-23T01:39:32.818641+00:00", "trace_id": null, "stage": "gate", "event": "finish", "duration_ms": 0.044, "candidates_in": 5, "candidates_out": 5, "top_score": 10.683755760308147}
{"ts": "2026-09-23T01:39:32.818662+00:00", "trace_id": null, "stage": "lexical", "event": "start"}
{"ts": "2026-09-23T01:39:32.818873+00:00", "trace_id": null, "stage": "lexical", "event": "finish", "duration_ms": 0.211, "candidates_out": 20}
{"ts": "2026-09-23T01:39:32.818891+00:00", "trace_id": null, "stage": "fuse", "event": "start", "candidates_in": 19}
{"ts": "2026-09-23T01:39:32.818932+00:00", "trace_id": null, "stage": "fuse", "event": "finish", "duration_ms": 0.041, "candidates_in": 19, "candidates_out": 19, "top_score": 0.01639344262295082}
{"ts": "2026-09-23T01:39:32.819168+00:00", "trace_id": null, "stage": "gate", "event": "start", "candidates_in": 5}
{"ts": "2026-09-23T01:39:32.819210+00:00", "trace_id": null, "stage": "gate", "event": "finish", "duration_ms": 0.043, "candidates_in": 5, "candidates_out": 5, "top_score": 8.412427645248172}
{"ts": "2026-09-23T01:39:32.819240+00:00", "trace_id": null, "stage": "lexical", "event": "start"}
{"ts": "2026-09-23T01:39:32.819406+00:00", "trace_id": null, "stage": "lexical", "event": "finish", "duration_ms": 0.165, "candidates_out": 20}
{"ts": "2026-09-23T01:39:32.819423+00:00", "trace_id": null, "stage": "fuse", "event": "start", "candidates_in": 16}
{"ts": "2026-09-23T01:39:32.819462+00:00", "trace_id": null, "stage": "fuse", "event": "finish", "duration_ms": 0.04, "candidates_in": 16, "candidates_out": 16, "top_score": 0.01639344262295082}
{"ts": "2026-09-23T01:39:32.819698+00:00", "trace_id": null, "stage": "gate", "event": "start", "candidates_in": 5}
{"ts": "2026-09-23T01:39:32.819738+00:00", "trace_id": null, "stage": "gate", "event": "finish", "duration_ms": 0.04, "candidates_in": 5, "candidates_out": 5, "top_score": 12.599717313343096}
{"ts": "2026-09-23T01:39:32.819756+00:00", "trace_id": null, "stage": "lexical", "event": "start"}
{"ts": "2026-09-23T01:39:32.819928+00:00", "trace_id": null, "stage": "lexical", "event": "finish", "duration_ms": 0.172, "candidates_out": 20}
{"ts": "2026-09-23T01:39:32.819945+00:00", "trace_id": null, "stage": "fuse", "event": "start", "candidates_in": 16}
{"ts": "2026-09-23T01:39:32.819989+00:00", "trace_id": null, "stage": "fuse", "event": "finish", "duration_ms": 0.044, "candidates_in": 16, "candidates_out": 16, "top_score": 0.01639344262295082}
{"ts": "2026-09-23T01:39:32.820207+00:00", "trace_id": null, "stage": "gate", "event": "start", "candidates_in": 5}
{"ts": "2026-09-23T01:39:32.820249+00:00", "trace_id": null, "stage": "gate", "event": "finish", "duration_ms": 0.042, "candidates_in": 5, "candidates_out": 5, "top_score": 9.140421124058175}
{"ts": "2026-09-23T01:39:32.820270+00:00", "trace_id": null, "stage": "lexical", "event": "start"}
{"ts": "2026-09-23T01:39:32.820442+00:00", "trace_id": null, "stage": "lexical", "event": "finish", "duration_ms": 0.173, "candidates_out": 20}
{"ts": "2026-09-23T01:39:32.820459+00:00", "trace_id": null, "stage": "fuse", "event": "start", "candidates_in": 16}
{"ts": "2026-09-23T01:39:32.820515+00:00", "trace_id": null, "stage": "fuse", "event": "finish", "duration_ms": 0.056, "candidates_in": 16, "candidates_out": 16, "top_score": 0.01639344262295082}
{"ts": "2026-09-23T01:39:32.820713+00:00", "trace_id": null, "stage": "gate", "event": "start", "candidates_in": 5}
{"ts": "2026-09-23T01:39:32.820757+00:00", "trace_id": null, "stage": "gate", "event": "finish", "duration_ms": 0.043, "candidates_in": 5, "candidates_out": 5, "top_score": 14.498307575390037}
{"ts": "2026-09-23T01:39:32.820777+00:00", "trace_id": null, "stage": "lexical", "event": "start"}
{"ts": "2026-09-23T01:39:32.820947+00:00", "trace_id": null, "stage": "lexical", "event": "finish", "duration_ms": 0.17, "candidates_out": 20}
{"ts": "2026-09-23T01:39:32.820966+00:00", "trace_id": null, "stage": "fuse", "event": "start", "candidates_in": 12}
{"ts": "2026-09-23T01:39:32.821005+00:00", "trace_id": null, "stage": "fuse", "event": "finish", "duration_ms": 0.04, "candidates_in": 12, "candidates_out": 12, "top_score": 0.01639344262295082}
{"ts": "2026-09-23T01:39:32.821196+00:00", "trace_id": null, "stage": "gate", "event": "start", "candidates_in": 5}
{"ts": "2026-09-23T01:39:32.821232+00:00", "trace_id": null, "stage": "gate", "event": "finish", "duration_ms": 0.036, "candidates_in": 5, "candidates_out": 5, "top_score": 5.073620761350715}
{"ts": "2026-09-23T01:39:32.821250+00:00", "trace_id": null, "stage": "lexical", "event": "start"}
{"ts": "2026-09-23T01:39:32.821445+00:00", "trace_id": null, "stage": "lexical", "event": "finish", "duration_ms": 0.195, "candidates_out": 20}
{"ts": "2026-09-23T01:39:32.821462+00:00", "trace_id": null, "stage": "fuse", "event": "start", "candidates_in": 14}
{"ts": "2026-09-23T01:39:32.821500+00:00", "trace_id": null, "stage": "fuse", "event": "finish", "duration_ms": 0.038, "candidates_in": 14, "candidates_out": 14, "top_score": 0.01639344262295082}
{"ts": "2026-09-23T01:39:32.821703+00:00", "trace_id": null, "stage": "gate", "event": "start", "candidates_in": 5}
{"ts": "2026-09-23T01:39:32.821740+00:00", "trace_id": null, "stage": "gate", "event": "finish", "duration_ms": 0.037, "candidates_in": 5, "candidates_out": 5, "top_score": 11.146930519284647}
{"ts": "2026-09-23T01:39:32.821760+00:00", "trace_id": null, "stage": "lexical", "event": "start"}
{"ts": "2026-09-23T01:39:32.821960+00:00", "trace_id": null, "stage": "lexical", "event": "finish", "duration_ms": 0.2, "candidates_out": 20}
{"ts": "2026-09-23T01:39:32.821977+00:00", "trace_id": null, "stage": "fuse", "event": "start", "candidates_in": 16}
{"ts": "2026-09-23T01:39:32.822017+00:00", "trace_id": null, "stage": "fuse", "event": "finish", "duration_ms": 0.041, "candidates_in": 16, "candidates_out": 16, "top_score": 0.01639344262295082}
{"ts": "2026-09-23T01:39:32.822234+00:00", "trace_id": null, "stage": "gate", "event": "start", "candidates_in": 5}
{"ts": "2026-09-23T01:39:32.822278+00:00", "trace_id": null, "stage": "gate", "event": "finish", "duration_ms": 0.045, "candidates_in": 5, "candidates_out": 5, "top_score": 12.95822457768157}
{"ts": "2026-09-23T01:39:32.822298+00:00", "trace_id": null, "stage": "lexical", "event": "start"}
{"ts": "2026-09-23T01:39:32.822499+00:00", "trace_id": null, "stage": "lexical", "event": "finish", "duration_ms": 0.202, "candidates_out": 20}
{"ts": "2026-09-23T01:39:32.822516+00:00", "trace_id": null, "stage": "fuse", "event": "start", "candidates_in": 18}
{"ts": "2026-09-23T01:39:32.822554+00:00", "trace_id": null, "stage": "fuse", "event": "finish", "duration_ms": 0.038, "candidates_in": 18, "candidates_out": 18, "top_score": 0.01639344262295082}
{"ts": "2026-09-23T01:39:32.822775+00:00", "trace_id": null, "stage": "gate", "event": "start", "candidates_in": 5}
{"ts": "2026-09-23T01:39:32.822814+00:00", "trace_id": null, "stage": "gate", "event": "finish", "duration_ms": 0.039, "candidates_in": 5, "candidates_out": 5, "top_score": 17.1098102786482}
{"ts": "2026-09-23T01:39:32.822835+00:00", "trace_id": null, "stage": "lexical", "event": "start"}
{"ts": "2026-09-23T01:39:32.823043+00:00", "trace_id": null, "stage": "lexical", "event": "finish", "duration_ms": 0.208, "candidates_out": 20}
{"ts": "2026-09-23T01:39:32.823060+00:00", "trace_id": null, "stage": "fuse", "event": "start", "candidates_in": 18}
{"ts": "2026-09-23T01:39:32.823101+00:00", "trace_id": null, "stage": "fuse", "event": "finish", "duration_ms": 0.041, "candidates_in": 18, "candidates_out": 18, "top_score": 0.01639344262295082}
{"ts": "2026-09-23T01:39:32.823327+00:00", "trace_id": null, "stage": "gate", "event": "start", "candidates_in": 5}
{"ts": "2026-09-23T01:39:32.823367+00:00", "trace_id": null, "stage": "gate", "event": "finish", "duration_ms": 0.039, "candidates_in": 5, "candidates_out": 5, "top_score": 17.1098102786482}
{"ts": "2026-09-23T01:39:32.823386+00:00", "trace_id": null, "stage": "lexical", "event": "start"}
{"ts": "2026-09-23T01:39:32.823587+00:00", "trace_id": null, "stage": "lexical", "event": "finish", "duration_ms": 0.202, "candidates_out": 20}
{"ts": "2026-09-23T01:39:32.823604+00:00", "trace_id": null, "stage": "fuse", "event": "start", "candidates_in": 16}
{"ts": "2026-09-23T01:39:32.823657+00:00", "trace_id": null, "stage": "fuse", "event": "finish", "duration_ms": 0.053, "candidates_in": 16, "candidates_out": 16, "top_score": 0.01639344262295082}
{"ts": "2026-09-23T01:39:32.823850+00:00", "trace_id": null, "stage": "gate", "event": "start", "candidates_in": 5}
{"ts": "2026-09-23T01:39:32.823891+00:00", "trace_id": null, "stage": "gate", "event": "finish", "duration_ms": 0.041, "candidates_in": 5, "candidates_out": 5, "top_score": 3.349809168571213}
{"ts": "2026-09-23T01:39:32.823916+00:00", "trace_id": null, "stage": "lexical", "event": "start"}
{"ts": "2026-09-23T01:39:32.824107+00:00", "trace_id": null, "stage": "lexical", "event": "finish", "duration_ms": 0.191, "candidates_out": 20}
{"ts": "2026-09-23T01:39:32.824124+00:00", "trace_id": null, "stage": "fuse", "event": "start", "candidates_in": 17}
{"ts": "2026-09-23T01:39:32.824164+00:00", "trace_id": null, "stage": "fuse", "event": "finish", "duration_ms": 0.041, "candidates_in": 17, "candidates_out": 17, "top_score": 0.01639344262295082}
{"ts": "2026-09-23T01:39:32.824388+00:00", "trace_id": null, "stage": "gate", "event": "start", "candidates_in": 5}
{"ts": "2026-09-23T01:39:32.824424+00:00", "trace_id": null, "stage": "gate", "event": "finish", "duration_ms": 0.036, "candidates_in": 5, "candidates_out": 5, "top_score": 21.289651886058273}
{"ts": "2026-09-23T01:39:32.824442+00:00", "trace_id": null, "stage": "lexical", "event": "start"}
{"ts": "2026-09-23T01:39:32.824643+00:00", "trace_id": null, "stage": "lexical", "event": "finish", "duration_ms": 0.201, "candidates_out": 20}
{"ts": "2026-09-23T01:39:32.824660+00:00", "trace_id": null, "stage": "fuse", "event": "start", "candidates_in": 15}
{"ts": "2026-09-23T01:39:32.824700+00:00", "trace_id": null, "stage": "fuse", "event": "finish", "duration_ms": 0.04, "candidates_in": 15, "candidates_out": 15, "top_score": 0.01639344262295082}
{"ts": "2026-09-23T01:39:32.824911+00:00", "trace_id": null, "stage": "gate", "event": "start", "candidates_in": 5}
{"ts": "2026-09-23T01:39:32.824946+00:00", "trace_id": null, "stage": "gate", "event": "finish", "duration_ms": 0.035, "candidates_in": 5, "candidates_out": 5, "top_score": 15.85734777463211}
{"ts": "2026-09-23T01:39:32.824966+00:00", "trace_id": null, "stage": "lexical", "event": "start"}
{"ts": "2026-09-23T01:39:32.825155+00:00", "trace_id": null, "stage": "lexical", "event": "finish", "duration_ms": 0.189, "candidates_out": 20}
{"ts": "2026-09-23T01:39:32.825172+00:00", "trace_id": null, "stage": "fuse", "event": "start", "candidates_in": 16}
{"ts": "2026-09-23T01:39:32.825212+00:00", "trace_id": null, "stage": "fuse", "event": "finish", "duration_ms": 0.04, "candidates_in": 16, "candidates_out": 16, "top_score": 0.01639344262295082}
{"ts": "2026-09-23T01:39:32.825438+00:00", "trace_id": null, "stage": "gate", "event": "start", "candidates_in": 5}
{"ts": "2026-09-23T01:39:32.825484+00:00", "trace_id": null, "stage": "gate", "event": "finish", "duration_ms": 0.047, "candidates_in": 5, "candidates_out": 5, "top_score": 4.226347957042215}
all n=122 recall=0.918 mrr=0.726 hist={1: 72, 2: 25, 3: 4, 'miss': 10, 4: 11}
{"ts": "2026-09-23T01:39:32.825548+00:00", "trace_id": null, "stage": "lexical", "event": "start"}
{"ts": "2026-09-23T01:39:32.825745+00:00", "trace_id": null, "stage": "lexical", "event": "finish", "duration_ms": 0.198, "candidates_out": 20}
{"ts": "2026-09-23T01:39:32.825762+00:00", "trace_id": null, "stage": "fuse", "event": "start", "candidates_in": 17}
{"ts": "2026-09-23T01:39:32.825808+00:00", "trace_id": null, "stage": "fuse", "event": "finish", "duration_ms": 0.046, "candidates_in": 17, "candidates_out": 17, "top_score": 0.01639344262295082}
{"ts": "2026-09-23T01:39:32.826068+00:00", "trace_id": null, "stage": "gate", "event": "start", "candidates_in": 5}
{"ts": "2026-09-23T01:39:32.826107+00:00", "trace_id": null, "stage": "gate", "event": "finish", "duration_ms": 0.04, "candidates_in": 5, "candidates_out": 5, "top_score": 20.243826992311785}
{"ts": "2026-09-23T01:39:32.826126+00:00", "trace_id": null, "stage": "lexical", "event": "start"}
{"ts": "2026-09-23T01:39:32.826301+00:00", "trace_id": null, "stage": "lexical", "event": "finish", "duration_ms": 0.175, "candidates_out": 20}
{"ts": "2026-09-23T01:39:32.826317+00:00", "trace_id": null, "stage": "fuse", "event": "start", "candidates_in": 15}
{"ts": "2026-09-23T01:39:32.826358+00:00", "trace_id": null, "stage": "fuse", "event": "finish", "duration_ms": 0.041, "candidates_in": 15, "candidates_out": 15, "top_score": 0.01639344262295082}
{"ts": "2026-09-23T01:39:32.826589+00:00", "trace_id": null, "stage": "gate", "event": "start", "candidates_in": 5}
{"ts": "2026-09-23T01:39:32.826628+00:00", "trace_id": null, "stage": "gate", "event": "finish", "duration_ms": 0.039, "candidates_in": 5, "candidates_out": 5, "top_score": 18.00005477052008}
{"ts": "2026-09-23T01:39:32.826648+00:00", "trace_id": null, "stage": "lexical", "event": "start"}
{"ts": "2026-09-23T01:39:32.826822+00:00", "trace_id": null, "stage": "lexical", "event": "finish", "duration_ms": 0.174, "candidates_out": 20}
{"ts": "2026-09-23T01:39:32.826842+00:00", "trace_id": null, "stage": "fuse", "event": "start", "candidates_in": 17}
{"ts": "2026-09-23T01:39:32.826880+00:00", "trace_id": null, "stage": "fuse", "event": "finish", "duration_ms": 0.038, "candidates_in": 17, "candidates_out": 17, "top_score": 0.01639344262295082}
{"ts": "2026-09-23T01:39:32.827109+00:00", "trace_id": null, "stage": "gate", "event": "start", "candidates_in": 5}
{"ts": "2026-09-23T01:39:32.827147+00:00", "trace_id": null, "stage": "gate", "event": "finish", "duration_ms": 0.038, "candidates_in": 5, "candidates_out": 5, "top_score": 12.807079207326511}
{"ts": "2026-09-23T01:39:32.827168+00:00", "trace_id": null, "stage": "lexical", "event": "start"}
{"ts": "2026-09-23T01:39:32.827343+00:00", "trace_id": null, "stage": "lexical", "event": "finish", "duration_ms": 0.175, "candidates_out": 20}
{"ts": "2026-09-23T01:39:32.827358+00:00", "trace_id": null, "stage": "fuse", "event": "start", "candidates_in": 17}
{"ts": "2026-09-23T01:39:32.827409+00:00", "trace_id": null, "stage": "fuse", "event": "finish", "duration_ms": 0.052, "candidates_in": 17, "candidates_out": 17, "top_score": 0.01639344262295082}
{"ts": "2026-09-23T01:39:32.827621+00:00", "trace_id": null, "stage": "gate", "event": "start", "candidates_in": 5}
{"ts": "2026-09-23T01:39:32.827663+00:00", "trace_id": null, "stage": "gate", "event": "finish", "duration_ms": 0.042, "candidates_in": 5, "candidates_out": 5, "top_score": 12.07723923683251}
{"ts": "2026-09-23T01:39:32.827683+00:00", "trace_id": null, "stage": "lexical", "event": "start"}
{"ts": "2026-09-23T01:39:32.827845+00:00", "trace_id": null, "stage": "lexical", "event": "finish", "duration_ms": 0.162, "candidates_out": 20}
{"ts": "2026-09-23T01:39:32.827865+00:00", "trace_id": null, "stage": "fuse", "event": "start", "candidates_in": 16}
{"ts": "2026-09-23T01:39:32.827903+00:00", "trace_id": null, "stage": "fuse", "event": "finish", "duration_ms": 0.038, "candidates_in": 16, "candidates_out": 16, "top_score": 0.01639344262295082}
{"ts": "2026-09-23T01:39:32.828121+00:00", "trace_id": null, "stage": "gate", "event": "start", "candidates_in": 5}
{"ts": "2026-09-23T01:39:32.828156+00:00", "trace_id": null, "stage": "gate", "event": "finish", "duration_ms": 0.036, "candidates_in": 5, "candidates_out": 5, "top_score": 14.77824381010211}
{"ts": "2026-09-23T01:39:32.828176+00:00", "trace_id": null, "stage": "lexical", "event": "start"}
{"ts": "2026-09-23T01:39:32.828328+00:00", "trace_id": null, "stage": "lexical", "event": "finish", "duration_ms": 0.152, "candidates_out": 20}
{"ts": "2026-09-23T01:39:32.828344+00:00", "trace_id": null, "stage": "fuse", "event": "start", "candidates_in": 16}
{"ts": "2026-09-23T01:39:32.828385+00:00", "trace_id": null, "stage": "fuse", "event": "finish", "duration_ms": 0.04, "candidates_in": 16, "candidates_out": 16, "top_score": 0.01639344262295082}
{"ts": "2026-09-23T01:39:32.828600+00:00", "trace_id": null, "stage": "gate", "event": "start", "candidates_in": 5}
{"ts": "2026-09-23T01:39:32.828642+00:00", "trace_id": null, "stage": "gate", "event": "finish", "duration_ms": 0.043, "candidates_in": 5, "candidates_out": 5, "top_score": 14.459960098954655}
{"ts": "2026-09-23T01:39:32.828664+00:00", "trace_id": null, "stage": "lexical", "event": "start"}
{"ts": "2026-09-23T01:39:32.828813+00:00", "trace_id": null, "stage": "lexical", "event": "finish", "duration_ms": 0.148, "candidates_out": 20}
{"ts": "2026-09-23T01:39:32.828830+00:00", "trace_id": null, "stage": "fuse", "event": "start", "candidates_in": 15}
{"ts": "2026-09-23T01:39:32.828870+00:00", "trace_id": null, "stage": "fuse", "event": "finish", "duration_ms": 0.04, "candidates_in": 15, "candidates_out": 15, "top_score": 0.01639344262295082}
{"ts": "2026-09-23T01:39:32.829069+00:00", "trace_id": null, "stage": "gate", "event": "start", "candidates_in": 5}
{"ts": "2026-09-23T01:39:32.829112+00:00", "trace_id": null, "stage": "gate", "event": "finish", "duration_ms": 0.043, "candidates_in": 5, "candidates_out": 5, "top_score": 12.351457265037338}
{"ts": "2026-09-23T01:39:32.829131+00:00", "trace_id": null, "stage": "lexical", "event": "start"}
{"ts": "2026-09-23T01:39:32.829304+00:00", "trace_id": null, "stage": "lexical", "event": "finish", "duration_ms": 0.173, "candidates_out": 20}
{"ts": "2026-09-23T01:39:32.829322+00:00", "trace_id": null, "stage": "fuse", "event": "start", "candidates_in": 15}
{"ts": "2026-09-23T01:39:32.829362+00:00", "trace_id": null, "stage": "fuse", "event": "finish", "duration_ms": 0.04, "candidates_in": 15, "candidates_out": 15, "top_score": 0.01639344262295082}
{"ts": "2026-09-23T01:39:32.829564+00:00", "trace_id": null, "stage": "gate", "event": "start", "candidates_in": 5}
{"ts": "2026-09-23T01:39:32.829598+00:00", "trace_id": null, "stage": "gate", "event": "finish", "duration_ms": 0.034, "candidates_in": 5, "candidates_out": 5, "top_score": 10.604910015088267}
{"ts": "2026-09-23T01:39:32.829617+00:00", "trace_id": null, "stage": "lexical", "event": "start"}
{"ts": "2026-09-23T01:39:32.829781+00:00", "trace_id": null, "stage": "lexical", "event": "finish", "duration_ms": 0.165, "candidates_out": 20}
{"ts": "2026-09-23T01:39:32.829798+00:00", "trace_id": null, "stage": "fuse", "event": "start", "candidates_in": 18}
{"ts": "2026-09-23T01:39:32.829842+00:00", "trace_id": null, "stage": "fuse", "event": "finish", "duration_ms": 0.044, "candidates_in": 18, "candidates_out": 18, "top_score": 0.01639344262295082}
{"ts": "2026-09-23T01:39:32.830078+00:00", "trace_id": null, "stage": "gate", "event": "start", "candidates_in": 5}
{"ts": "2026-09-23T01:39:32.830118+00:00", "trace_id": null, "stage": "gate", "event": "finish", "duration_ms": 0.039, "candidates_in": 5, "candidates_out": 5, "top_score": 16.317802293123325}
{"ts": "2026-09-23T01:39:32.830137+00:00", "trace_id": null, "stage": "lexical", "event": "start"}
{"ts": "2026-09-23T01:39:32.830314+00:00", "trace_id": null, "stage": "lexical", "event": "finish", "duration_ms": 0.176, "candidates_out": 20}
{"ts": "2026-09-23T01:39:32.830331+00:00", "trace_id": null, "stage": "fuse", "event": "start", "candidates_in": 17}
{"ts": "2026-09-23T01:39:32.830371+00:00", "trace_id": null, "stage": "fuse", "event": "finish", "duration_ms": 0.04, "candidates_in": 17, "candidates_out": 17, "top_score": 0.01639344262295082}
{"ts": "2026-09-23T01:39:32.830594+00:00", "trace_id": null, "stage": "gate", "event": "start", "candidates_in": 5}
{"ts": "2026-09-23T01:39:32.830632+00:00", "trace_id": null, "stage": "gate", "event": "finish", "duration_ms": 0.037, "candidates_in": 5, "candidates_out": 5, "top_score": 10.683755760308147}
{"ts": "2026-09-23T01:39:32.830650+00:00", "trace_id": null, "stage": "lexical", "event": "start"}
{"ts": "2026-09-23T01:39:32.830797+00:00", "trace_id": null, "stage": "lexical", "event": "finish", "duration_ms": 0.148, "candidates_out": 20}
{"ts": "2026-09-23T01:39:32.830814+00:00", "trace_id": null, "stage": "fuse", "event": "start", "candidates_in": 16}
{"ts": "2026-09-23T01:39:32.830853+00:00", "trace_id": null, "stage": "fuse", "event": "finish", "duration_ms": 0.04, "candidates_in": 16, "candidates_out": 16, "top_score": 0.01639344262295082}
{"ts": "2026-09-23T01:39:32.831064+00:00", "trace_id": null, "stage": "gate", "event": "start", "candidates_in": 5}
{"ts": "2026-09-23T01:39:32.831108+00:00", "trace_id": null, "stage": "gate", "event": "finish", "duration_ms": 0.044, "candidates_in": 5, "candidates_out": 5, "top_score": 11.944877256070518}
{"ts": "2026-09-23T01:39:32.831126+00:00", "trace_id": null, "stage": "lexical", "event": "start"}
{"ts": "2026-09-23T01:39:32.831286+00:00", "trace_id": null, "stage": "lexical", "event": "finish", "duration_ms": 0.161, "candidates_out": 20}
{"ts": "2026-09-23T01:39:32.831304+00:00", "trace_id": null, "stage": "fuse", "event": "start", "candidates_in": 18}
{"ts": "2026-09-23T01:39:32.831343+00:00", "trace_id": null, "stage": "fuse", "event": "finish", "duration_ms": 0.039, "candidates_in": 18, "candidates_out": 18, "top_score": 0.01639344262295082}
{"ts": "2026-09-23T01:39:32.831573+00:00", "trace_id": null, "stage": "gate", "event": "start", "candidates_in": 5}
{"ts": "2026-09-23T01:39:32.831612+00:00", "trace_id": null, "stage": "gate", "event": "finish", "duration_ms": 0.039, "candidates_in": 5, "candidates_out": 5, "top_score": 14.159676950411212}
{"ts": "2026-09-23T01:39:32.831633+00:00", "trace_id": null, "stage": "lexical", "event": "start"}
{"ts": "2026-09-23T01:39:32.831785+00:00", "trace_id": null, "stage": "lexical", "event": "finish", "duration_ms": 0.153, "candidates_out": 20}
{"ts": "2026-09-23T01:39:32.831802+00:00", "trace_id": null, "stage": "fuse", "event": "start", "candidates_in": 14}
{"ts": "2026-09-23T01:39:32.831843+00:00", "trace_id": null, "stage": "fuse", "event": "finish", "duration_ms": 0.041, "candidates_in": 14, "candidates_out": 14, "top_score": 0.01639344262295082}
{"ts": "2026-09-23T01:39:32.832037+00:00", "trace_id": null, "stage": "gate", "event": "start", "candidates_in": 5}
{"ts": "2026-09-23T01:39:32.832079+00:00", "trace_id": null, "stage": "gate", "event": "finish", "duration_ms": 0.042, "candidates_in": 5, "candidates_out": 5, "top_score": 4.452852330643205}
{"ts": "2026-09-23T01:39:32.832100+00:00", "trace_id": null, "stage": "lexical", "event": "start"}
{"ts": "2026-09-23T01:39:32.832298+00:00", "trace_id": null, "stage": "lexical", "event": "finish", "duration_ms": 0.197, "candidates_out": 20}
{"ts": "2026-09-23T01:39:32.832341+00:00", "trace_id": null, "stage": "fuse", "event": "start", "candidates_in": 15}
{"ts": "2026-09-23T01:39:32.832401+00:00", "trace_id": null, "stage": "fuse", "event": "finish", "duration_ms": 0.061, "candidates_in": 15, "candidates_out": 15, "top_score": 0.01639344262295082}
{"ts": "2026-09-23T01:39:32.832614+00:00", "trace_id": null, "stage": "gate", "event": "start", "candidates_in": 5}
{"ts": "2026-09-23T01:39:32.832660+00:00", "trace_id": null, "stage": "gate", "event": "finish", "duration_ms": 0.045, "candidates_in": 5, "candidates_out": 5, "top_score": 6.868449252323522}
{"ts": "2026-09-23T01:39:32.832674+00:00", "trace_id": null, "stage": "lexical", "event": "start"}
{"ts": "2026-09-23T01:39:32.832882+00:00", "trace_id": null, "stage": "lexical", "event": "finish", "duration_ms": 0.207, "candidates_out": 20}
{"ts": "2026-09-23T01:39:32.832900+00:00", "trace_id": null, "stage": "fuse", "event": "start", "candidates_in": 16}
{"ts": "2026-09-23T01:39:32.832938+00:00", "trace_id": null, "stage": "fuse", "event": "finish", "duration_ms": 0.038, "candidates_in": 16, "candidates_out": 16, "top_score": 0.01639344262295082}
{"ts": "2026-09-23T01:39:32.833153+00:00", "trace_id": null, "stage": "gate", "event": "start", "candidates_in": 5}
{"ts": "2026-09-23T01:39:32.833197+00:00", "trace_id": null, "stage": "gate", "event": "finish", "duration_ms": 0.044, "candidates_in": 5, "candidates_out": 5, "top_score": 14.042289790837987}
{"ts": "2026-09-23T01:39:32.833220+00:00", "trace_id": null, "stage": "lexical", "event": "start"}
{"ts": "2026-09-23T01:39:32.833408+00:00", "trace_id": null, "stage": "lexical", "event": "finish", "duration_ms": 0.188, "candidates_out": 20}
{"ts": "2026-09-23T01:39:32.833428+00:00", "trace_id": null, "stage": "fuse", "event": "start", "candidates_in": 17}
{"ts": "2026-09-23T01:39:32.833476+00:00", "trace_id": null, "stage": "fuse", "event": "finish", "duration_ms": 0.048, "candidates_in": 17, "candidates_out": 17, "top_score": 0.01639344262295082}
{"ts": "2026-09-23T01:39:32.833723+00:00", "trace_id": null, "stage": "gate", "event": "start", "candidates_in": 5}
{"ts": "2026-09-23T01:39:32.833769+00:00", "trace_id": null, "stage": "gate", "event": "finish", "duration_ms": 0.047, "candidates_in": 5, "candidates_out": 5, "top_score": 4.801469934020468}
{"ts": "2026-09-23T01:39:32.833795+00:00", "trace_id": null, "stage": "lexical", "event": "start"}
{"ts": "2026-09-23T01:39:32.833974+00:00", "trace_id": null, "stage": "lexical", "event": "finish", "duration_ms": 0.179, "candidates_out": 20}
{"ts": "2026-09-23T01:39:32.833991+00:00", "trace_id": null, "stage": "fuse", "event": "start", "candidates_in": 16}
{"ts": "2026-09-23T01:39:32.834041+00:00", "trace_id": null, "stage": "fuse", "event": "finish", "duration_ms": 0.05, "candidates_in": 16, "candidates_out": 16, "top_score": 0.01639344262295082}
{"ts": "2026-09-23T01:39:32.834246+00:00", "trace_id": null, "stage": "gate", "event": "start", "candidates_in": 5}
{"ts": "2026-09-23T01:39:32.834288+00:00", "trace_id": null, "stage": "gate", "event": "finish", "duration_ms": 0.042, "candidates_in": 5, "candidates_out": 5, "top_score": 12.219623299619336}
{"ts": "2026-09-23T01:39:32.834309+00:00", "trace_id": null, "stage": "lexical", "event": "start"}
{"ts": "2026-09-23T01:39:32.834474+00:00", "trace_id": null, "stage": "lexical", "event": "finish", "duration_ms": 0.165, "candidates_out": 20}
{"ts": "2026-09-23T01:39:32.834491+00:00", "trace_id": null, "stage": "fuse", "event": "start", "candidates_in": 16}
{"ts": "2026-09-23T01:39:32.834534+00:00", "trace_id": null, "stage": "fuse", "event": "finish", "duration_ms": 0.043, "candidates_in": 16, "candidates_out": 16, "top_score": 0.01639344262295082}
{"ts": "2026-09-23T01:39:32.834749+00:00", "trace_id": null, "stage": "gate", "event": "start", "candidates_in": 5}
{"ts": "2026-09-23T01:39:32.834789+00:00", "trace_id": null, "stage": "gate", "event": "finish", "duration_ms": 0.04, "candidates_in": 5, "candidates_out": 5, "top_score": 7.793898649033798}
{"ts": "2026-09-23T01:39:32.834809+00:00", "trace_id": null, "stage": "lexical", "event": "start"}
{"ts": "2026-09-23T01:39:32.834981+00:00", "trace_id": null, "stage": "lexical", "event": "finish", "duration_ms": 0.172, "candidates_out": 20}
{"ts": "2026-09-23T01:39:32.834999+00:00", "trace_id": null, "stage": "fuse", "event": "start", "candidates_in": 16}
{"ts": "2026-09-23T01:39:32.835040+00:00", "trace_id": null, "stage": "fuse", "event": "finish", "duration_ms": 0.042, "candidates_in": 16, "candidates_out": 16, "top_score": 0.01639344262295082}
{"ts": "2026-09-23T01:39:32.835265+00:00", "trace_id": null, "stage": "gate", "event": "start", "candidates_in": 5}
{"ts": "2026-09-23T01:39:32.835302+00:00", "trace_id": null, "stage": "gate", "event": "finish", "duration_ms": 0.037, "candidates_in": 5, "candidates_out": 5, "top_score": 9.140421124058175}
{"ts": "2026-09-23T01:39:32.835320+00:00", "trace_id": null, "stage": "lexical", "event": "start"}
{"ts": "2026-09-23T01:39:32.835504+00:00", "trace_id": null, "stage": "lexical", "event": "finish", "duration_ms": 0.184, "candidates_out": 20}
{"ts": "2026-09-23T01:39:32.835521+00:00", "trace_id": null, "stage": "fuse", "event": "start", "candidates_in": 16}
{"ts": "2026-09-23T01:39:32.835565+00:00", "trace_id": null, "stage": "fuse", "event": "finish", "duration_ms": 0.044, "candidates_in": 16, "candidates_out": 16, "top_score": 0.01639344262295082}
{"ts": "2026-09-23T01:39:32.835797+00:00", "trace_id": null, "stage": "gate", "event": "start", "candidates_in": 5}
{"ts": "2026-09-23T01:39:32.835836+00:00", "trace_id": null, "stage": "gate", "event": "finish", "duration_ms": 0.039, "candidates_in": 5, "candidates_out": 5, "top_score": 5.773439849474788}
{"ts": "2026-09-23T01:39:32.835854+00:00", "trace_id": null, "stage": "lexical", "event": "start"}
{"ts": "2026-09-23T01:39:32.836026+00:00", "trace_id": null, "stage": "lexical", "event": "finish", "duration_ms": 0.171, "candidates_out": 20}
{"ts": "2026-09-23T01:39:32.836043+00:00", "trace_id": null, "stage": "fuse", "event": "start", "candidates_in": 15}
{"ts": "2026-09-23T01:39:32.836082+00:00", "trace_id": null, "stage": "fuse", "event": "finish", "duration_ms": 0.04, "candidates_in": 15, "candidates_out": 15, "top_score": 0.01639344262295082}
{"ts": "2026-09-23T01:39:32.836284+00:00", "trace_id": null, "stage": "gate", "event": "start", "candidates_in": 5}
{"ts": "2026-09-23T01:39:32.836328+00:00", "trace_id": null, "stage": "gate", "event": "finish", "duration_ms": 0.044, "candidates_in": 5, "candidates_out": 5, "top_score": 7.251046714509056}
{"ts": "2026-09-23T01:39:32.836348+00:00", "trace_id": null, "stage": "lexical", "event": "start"}
{"ts": "2026-09-23T01:39:32.836520+00:00", "trace_id": null, "stage": "lexical", "event": "finish", "duration_ms": 0.172, "candidates_out": 20}
{"ts": "2026-09-23T01:39:32.836537+00:00", "trace_id": null, "stage": "fuse", "event": "start", "candidates_in": 18}
{"ts": "2026-09-23T01:39:32.836579+00:00", "trace_id": null, "stage": "fuse", "event": "finish", "duration_ms": 0.042, "candidates_in": 18, "candidates_out": 18, "top_score": 0.01639344262295082}
{"ts": "2026-09-23T01:39:32.836798+00:00", "trace_id": null, "stage": "gate", "event": "start", "candidates_in": 5}
{"ts": "2026-09-23T01:39:32.836837+00:00", "trace_id": null, "stage": "gate", "event": "finish", "duration_ms": 0.039, "candidates_in": 5, "candidates_out": 5, "top_score": 6.733347020201628}
{"ts": "2026-09-23T01:39:32.836856+00:00", "trace_id": null, "stage": "lexical", "event": "start"}
{"ts": "2026-09-23T01:39:32.837037+00:00", "trace_id": null, "stage": "lexical", "event": "finish", "duration_ms": 0.181, "candidates_out": 20}
{"ts": "2026-09-23T01:39:32.837054+00:00", "trace_id": null, "stage": "fuse", "event": "start", "candidates_in": 18}
{"ts": "2026-09-23T01:39:32.837094+00:00", "trace_id": null, "stage": "fuse", "event": "finish", "duration_ms": 0.04, "candidates_in": 18, "candidates_out": 18, "top_score": 0.01639344262295082}
{"ts": "2026-09-23T01:39:32.837318+00:00", "trace_id": null, "stage": "gate", "event": "start", "candidates_in": 5}
{"ts": "2026-09-23T01:39:32.837361+00:00", "trace_id": null, "stage": "gate", "event": "finish", "duration_ms": 0.043, "candidates_in": 5, "candidates_out": 5, "top_score": 11.97172655714626}
{"ts": "2026-09-23T01:39:32.837380+00:00", "trace_id": null, "stage": "lexical", "event": "start"}
{"ts": "2026-09-23T01:39:32.837564+00:00", "trace_id": null, "stage": "lexical", "event": "finish", "duration_ms": 0.184, "candidates_out": 20}
{"ts": "2026-09-23T01:39:32.837582+00:00", "trace_id": null, "stage": "fuse", "event": "start", "candidates_in": 16}
{"ts": "2026-09-23T01:39:32.837621+00:00", "trace_id": null, "stage": "fuse", "event": "finish", "duration_ms": 0.039, "candidates_in": 16, "candidates_out": 16, "top_score": 0.01639344262295082}
{"ts": "2026-09-23T01:39:32.837840+00:00", "trace_id": null, "stage": "gate", "event": "start", "candidates_in": 5}
{"ts": "2026-09-23T01:39:32.837882+00:00", "trace_id": null, "stage": "gate", "event": "finish", "duration_ms": 0.043, "candidates_in": 5, "candidates_out": 5, "top_score": 8.472832266384676}
{"ts": "2026-09-23T01:39:32.837900+00:00", "trace_id": null, "stage": "lexical", "event": "start"}
{"ts": "2026-09-23T01:39:32.838103+00:00", "trace_id": null, "stage": "lexical", "event": "finish", "duration_ms": 0.204, "candidates_out": 20}
{"ts": "2026-09-23T01:39:32.838121+00:00", "trace_id": null, "stage": "fuse", "event": "start", "candidates_in": 16}
{"ts": "2026-09-23T01:39:32.838161+00:00", "trace_id": null, "stage": "fuse", "event": "finish", "duration_ms": 0.04, "candidates_in": 16, "candidates_out": 16, "top_score": 0.01639344262295082}
{"ts": "2026-09-23T01:39:32.838371+00:00", "trace_id": null, "stage": "gate", "event": "start", "candidates_in": 5}
{"ts": "2026-09-23T01:39:32.838414+00:00", "trace_id": null, "stage": "gate", "event": "finish", "duration_ms": 0.043, "candidates_in": 5, "candidates_out": 5, "top_score": 9.130941776374302}
{"ts": "2026-09-23T01:39:32.838433+00:00", "trace_id": null, "stage": "lexical", "event": "start"}
{"ts": "2026-09-23T01:39:32.838588+00:00", "trace_id": null, "stage": "lexical", "event": "finish", "duration_ms": 0.155, "candidates_out": 20}
{"ts": "2026-09-23T01:39:32.838604+00:00", "trace_id": null, "stage": "fuse", "event": "start", "candidates_in": 18}
{"ts": "2026-09-23T01:39:32.838646+00:00", "trace_id": null, "stage": "fuse", "event": "finish", "duration_ms": 0.042, "candidates_in": 18, "candidates_out": 18, "top_score": 0.01639344262295082}
{"ts": "2026-09-23T01:39:32.838873+00:00", "trace_id": null, "stage": "gate", "event": "start", "candidates_in": 5}
{"ts": "2026-09-23T01:39:32.838909+00:00", "trace_id": null, "stage": "gate", "event": "finish", "duration_ms": 0.036, "candidates_in": 5, "candidates_out": 5, "top_score": 10.02631315965773}
{"ts": "2026-09-23T01:39:32.838926+00:00", "trace_id": null, "stage": "lexical", "event": "start"}
{"ts": "2026-09-23T01:39:32.839106+00:00", "trace_id": null, "stage": "lexical", "event": "finish", "duration_ms": 0.179, "candidates_out": 20}
{"ts": "2026-09-23T01:39:32.839123+00:00", "trace_id": null, "stage": "fuse", "event": "start", "candidates_in": 16}
{"ts": "2026-09-23T01:39:32.839163+00:00", "trace_id": null, "stage": "fuse", "event": "finish", "duration_ms": 0.04, "candidates_in": 16, "candidates_out": 16, "top_score": 0.01639344262295082}
{"ts": "2026-09-23T01:39:32.839379+00:00", "trace_id": null, "stage": "gate", "event": "start", "candidates_in": 5}
{"ts": "2026-09-23T01:39:32.839423+00:00", "trace_id": null, "stage": "gate", "event": "finish", "duration_ms": 0.044, "candidates_in": 5, "candidates_out": 5, "top_score": 13.000589465353244}
{"ts": "2026-09-23T01:39:32.839445+00:00", "trace_id": null, "stage": "lexical", "event": "start"}
{"ts": "2026-09-23T01:39:32.839615+00:00", "trace_id": null, "stage": "lexical", "event": "finish", "duration_ms": 0.171, "candidates_out": 20}
{"ts": "2026-09-23T01:39:32.839633+00:00", "trace_id": null, "stage": "fuse", "event": "start", "candidates_in": 16}
{"ts": "2026-09-23T01:39:32.839674+00:00", "trace_id": null, "stage": "fuse", "event": "finish", "duration_ms": 0.04, "candidates_in": 16, "candidates_out": 16, "top_score": 0.01639344262295082}
{"ts": "2026-09-23T01:39:32.839881+00:00", "trace_id": null, "stage": "gate", "event": "start", "candidates_in": 5}
{"ts": "2026-09-23T01:39:32.839923+00:00", "trace_id": null, "stage": "gate", "event": "finish", "duration_ms": 0.042, "candidates_in": 5, "candidates_out": 5, "top_score": 11.23701390699319}
{"ts": "2026-09-23T01:39:32.839943+00:00", "trace_id": null, "stage": "lexical", "event": "start"}
{"ts": "2026-09-23T01:39:32.840110+00:00", "trace_id": null, "stage": "lexical", "event": "finish", "duration_ms": 0.167, "candidates_out": 20}
{"ts": "2026-09-23T01:39:32.840127+00:00", "trace_id": null, "stage": "fuse", "event": "start", "candidates_in": 16}
{"ts": "2026-09-23T01:39:32.840172+00:00", "trace_id": null, "stage": "fuse", "event": "finish", "duration_ms": 0.044, "candidates_in": 16, "candidates_out": 16, "top_score": 0.01639344262295082}
{"ts": "2026-09-23T01:39:32.840374+00:00", "trace_id": null, "stage": "gate", "event": "start", "candidates_in": 5}
{"ts": "2026-09-23T01:39:32.840411+00:00", "trace_id": null, "stage": "gate", "event": "finish", "duration_ms": 0.037, "candidates_in": 5, "candidates_out": 5, "top_score": 6.924908253747307}
{"ts": "2026-09-23T01:39:32.840430+00:00", "trace_id": null, "stage": "lexical", "event": "start"}
{"ts": "2026-09-23T01:39:32.840585+00:00", "trace_id": null, "stage": "lexical", "event": "finish", "duration_ms": 0.155, "candidates_out": 20}
{"ts": "2026-09-23T01:39:32.840604+00:00", "trace_id": null, "stage": "fuse", "event": "start", "candidates_in": 13}
{"ts": "2026-09-23T01:39:32.840687+00:00", "trace_id": null, "stage": "fuse", "event": "finish", "duration_ms": 0.082, "candidates_in": 13, "candidates_out": 13, "top_score": 0.01639344262295082}
{"ts": "2026-09-23T01:39:32.840876+00:00", "trace_id": null, "stage": "gate", "event": "start", "candidates_in": 5}
{"ts": "2026-09-23T01:39:32.840912+00:00", "trace_id": null, "stage": "gate", "event": "finish", "duration_ms": 0.036, "candidates_in": 5, "candidates_out": 5, "top_score": 10.284694287575716}
{"ts": "2026-09-23T01:39:32.840930+00:00", "trace_id": null, "stage": "lexical", "event": "start"}
{"ts": "2026-09-23T01:39:32.841127+00:00", "trace_id": null, "stage": "lexical", "event": "finish", "duration_ms": 0.196, "candidates_out": 20}
{"ts": "2026-09-23T01:39:32.841149+00:00", "trace_id": null, "stage": "fuse", "event": "start", "candidates_in": 16}
{"ts": "2026-09-23T01:39:32.841201+00:00", "trace_id": null, "stage": "fuse", "event": "finish", "duration_ms": 0.052, "candidates_in": 16, "candidates_out": 16, "top_score": 0.01639344262295082}
{"ts": "2026-09-23T01:39:32.841407+00:00", "trace_id": null, "stage": "gate", "event": "start", "candidates_in": 5}
{"ts": "2026-09-23T01:39:32.841445+00:00", "trace_id": null, "stage": "gate", "event": "finish", "duration_ms": 0.039, "candidates_in": 5, "candidates_out": 5, "top_score": 11.396728875133986}
{"ts": "2026-09-23T01:39:32.841470+00:00", "trace_id": null, "stage": "lexical", "event": "start"}
{"ts": "2026-09-23T01:39:32.841645+00:00", "trace_id": null, "stage": "lexical", "event": "finish", "duration_ms": 0.175, "candidates_out": 20}
{"ts": "2026-09-23T01:39:32.841663+00:00", "trace_id": null, "stage": "fuse", "event": "start", "candidates_in": 16}
{"ts": "2026-09-23T01:39:32.841702+00:00", "trace_id": null, "stage": "fuse", "event": "finish", "duration_ms": 0.039, "candidates_in": 16, "candidates_out": 16, "top_score": 0.01639344262295082}
{"ts": "2026-09-23T01:39:32.841912+00:00", "trace_id": null, "stage": "gate", "event": "start", "candidates_in": 5}
{"ts": "2026-09-23T01:39:32.841954+00:00", "trace_id": null, "stage": "gate", "event": "finish", "duration_ms": 0.042, "candidates_in": 5, "candidates_out": 5, "top_score": 8.670592914734032}
{"ts": "2026-09-23T01:39:32.841976+00:00", "trace_id": null, "stage": "lexical", "event": "start"}
{"ts": "2026-09-23T01:39:32.842120+00:00", "trace_id": null, "stage": "lexical", "event": "finish", "duration_ms": 0.144, "candidates_out": 14}
{"ts": "2026-09-23T01:39:32.842137+00:00", "trace_id": null, "stage": "fuse", "event": "start", "candidates_in": 11}
{"ts": "2026-09-23T01:39:32.842182+00:00", "trace_id": null, "stage": "fuse", "event": "finish", "duration_ms": 0.045, "candidates_in": 11, "candidates_out": 11, "top_score": 0.01639344262295082}
{"ts": "2026-09-23T01:39:32.842335+00:00", "trace_id": null, "stage": "gate", "event": "start", "candidates_in": 5}
{"ts": "2026-09-23T01:39:32.842375+00:00", "trace_id": null, "stage": "gate", "event": "finish", "duration_ms": 0.04, "candidates_in": 5, "candidates_out": 5, "top_score": 18.52724694867512}
{"ts": "2026-09-23T01:39:32.842395+00:00", "trace_id": null, "stage": "lexical", "event": "start"}
{"ts": "2026-09-23T01:39:32.842583+00:00", "trace_id": null, "stage": "lexical", "event": "finish", "duration_ms": 0.188, "candidates_out": 20}
{"ts": "2026-09-23T01:39:32.842601+00:00", "trace_id": null, "stage": "fuse", "event": "start", "candidates_in": 14}
{"ts": "2026-09-23T01:39:32.842639+00:00", "trace_id": null, "stage": "fuse", "event": "finish", "duration_ms": 0.038, "candidates_in": 14, "candidates_out": 14, "top_score": 0.01639344262295082}
{"ts": "2026-09-23T01:39:32.842841+00:00", "trace_id": null, "stage": "gate", "event": "start", "candidates_in": 5}
{"ts": "2026-09-23T01:39:32.842886+00:00", "trace_id": null, "stage": "gate", "event": "finish", "duration_ms": 0.045, "candidates_in": 5, "candidates_out": 5, "top_score": 7.360452580169751}
{"ts": "2026-09-23T01:39:32.842905+00:00", "trace_id": null, "stage": "lexical", "event": "start"}
{"ts": "2026-09-23T01:39:32.843094+00:00", "trace_id": null, "stage": "lexical", "event": "finish", "duration_ms": 0.189, "candidates_out": 20}
{"ts": "2026-09-23T01:39:32.843111+00:00", "trace_id": null, "stage": "fuse", "event": "start", "candidates_in": 14}
{"ts": "2026-09-23T01:39:32.843151+00:00", "trace_id": null, "stage": "fuse", "event": "finish", "duration_ms": 0.04, "candidates_in": 14, "candidates_out": 14, "top_score": 0.01639344262295082}
{"ts": "2026-09-23T01:39:32.843361+00:00", "trace_id": null, "stage": "gate", "event": "start", "candidates_in": 5}
{"ts": "2026-09-23T01:39:32.843399+00:00", "trace_id": null, "stage": "gate", "event": "finish", "duration_ms": 0.038, "candidates_in": 5, "candidates_out": 5, "top_score": 5.475455798256646}
{"ts": "2026-09-23T01:39:32.843439+00:00", "trace_id": null, "stage": "lexical", "event": "start"}
{"ts": "2026-09-23T01:39:32.843607+00:00", "trace_id": null, "stage": "lexical", "event": "finish", "duration_ms": 0.168, "candidates_out": 20}
{"ts": "2026-09-23T01:39:32.843624+00:00", "trace_id": null, "stage": "fuse", "event": "start", "candidates_in": 11}
{"ts": "2026-09-23T01:39:32.843667+00:00", "trace_id": null, "stage": "fuse", "event": "finish", "duration_ms": 0.042, "candidates_in": 11, "candidates_out": 11, "top_score": 0.01639344262295082}
{"ts": "2026-09-23T01:39:32.843846+00:00", "trace_id": null, "stage": "gate", "event": "start", "candidates_in": 5}
{"ts": "2026-09-23T01:39:32.843889+00:00", "trace_id": null, "stage": "gate", "event": "finish", "duration_ms": 0.042, "candidates_in": 5, "candidates_out": 5, "top_score": 5.230876208107278}
{"ts": "2026-09-23T01:39:32.843908+00:00", "trace_id": null, "stage": "lexical", "event": "start"}
{"ts": "2026-09-23T01:39:32.844070+00:00", "trace_id": null, "stage": "lexical", "event": "finish", "duration_ms": 0.163, "candidates_out": 20}
{"ts": "2026-09-23T01:39:32.844087+00:00", "trace_id": null, "stage": "fuse", "event": "start", "candidates_in": 11}
{"ts": "2026-09-23T01:39:32.844128+00:00", "trace_id": null, "stage": "fuse", "event": "finish", "duration_ms": 0.041, "candidates_in": 11, "candidates_out": 11, "top_score": 0.01639344262295082}
{"ts": "2026-09-23T01:39:32.844311+00:00", "trace_id": null, "stage": "gate", "event": "start", "candidates_in": 5}
{"ts": "2026-09-23T01:39:32.844354+00:00", "trace_id": null, "stage": "gate", "event": "finish", "duration_ms": 0.043, "candidates_in": 5, "candidates_out": 5, "top_score": 5.230876208107278}
{"ts": "2026-09-23T01:39:32.844374+00:00", "trace_id": null, "stage": "lexical", "event": "start"}
{"ts": "2026-09-23T01:39:32.844557+00:00", "trace_id": null, "stage": "lexical", "event": "finish", "duration_ms": 0.183, "candidates_out": 20}
{"ts": "2026-09-23T01:39:32.844575+00:00", "trace_id": null, "stage": "fuse", "event": "start", "candidates_in": 17}
{"ts": "2026-09-23T01:39:32.844629+00:00", "trace_id": null, "stage": "fuse", "event": "finish", "duration_ms": 0.054, "candidates_in": 17, "candidates_out": 17, "top_score": 0.01639344262295082}
{"ts": "2026-09-23T01:39:32.844833+00:00", "trace_id": null, "stage": "gate", "event": "start", "candidates_in": 5}
{"ts": "2026-09-23T01:39:32.844876+00:00", "trace_id": null, "stage": "gate", "event": "finish", "duration_ms": 0.043, "candidates_in": 5, "candidates_out": 5, "top_score": 6.949225174506924}
{"ts": "2026-09-23T01:39:32.844905+00:00", "trace_id": null, "stage": "lexical", "event": "start"}
{"ts": "2026-09-23T01:39:32.845093+00:00", "trace_id": null, "stage": "lexical", "event": "finish", "duration_ms": 0.189, "candidates_out": 20}
{"ts": "2026-09-23T01:39:32.845110+00:00", "trace_id": null, "stage": "fuse", "event": "start", "candidates_in": 14}
{"ts": "2026-09-23T01:39:32.845159+00:00", "trace_id": null, "stage": "fuse", "event": "finish", "duration_ms": 0.049, "candidates_in": 14, "candidates_out": 14, "top_score": 0.01639344262295082}
{"ts": "2026-09-23T01:39:32.845346+00:00", "trace_id": null, "stage": "gate", "event": "start", "candidates_in": 5}
{"ts": "2026-09-23T01:39:32.845385+00:00", "trace_id": null, "stage": "gate", "event": "finish", "duration_ms": 0.038, "candidates_in": 5, "candidates_out": 5, "top_score": 9.34026161875381}
{"ts": "2026-09-23T01:39:32.845402+00:00", "trace_id": null, "stage": "lexical", "event": "start"}
{"ts": "2026-09-23T01:39:32.845594+00:00", "trace_id": null, "stage": "lexical", "event": "finish", "duration_ms": 0.192, "candidates_out": 20}
{"ts": "2026-09-23T01:39:32.845611+00:00", "trace_id": null, "stage": "fuse", "event": "start", "candidates_in": 14}
{"ts": "2026-09-23T01:39:32.845654+00:00", "trace_id": null, "stage": "fuse", "event": "finish", "duration_ms": 0.043, "candidates_in": 14, "candidates_out": 14, "top_score": 0.01639344262295082}
{"ts": "2026-09-23T01:39:32.845842+00:00", "trace_id": null, "stage": "gate", "event": "start", "candidates_in": 5}
{"ts": "2026-09-23T01:39:32.845878+00:00", "trace_id": null, "stage": "gate", "event": "finish", "duration_ms": 0.036, "candidates_in": 5, "candidates_out": 5, "top_score": 7.4086725861431315}
{"ts": "2026-09-23T01:39:32.845897+00:00", "trace_id": null, "stage": "lexical", "event": "start"}
{"ts": "2026-09-23T01:39:32.846064+00:00", "trace_id": null, "stage": "lexical", "event": "finish", "duration_ms": 0.167, "candidates_out": 20}
{"ts": "2026-09-23T01:39:32.846080+00:00", "trace_id": null, "stage": "fuse", "event": "start", "candidates_in": 16}
{"ts": "2026-09-23T01:39:32.846121+00:00", "trace_id": null, "stage": "fuse", "event": "finish", "duration_ms": 0.04, "candidates_in": 16, "candidates_out": 16, "top_score": 0.01639344262295082}
{"ts": "2026-09-23T01:39:32.846331+00:00", "trace_id": null, "stage": "gate", "event": "start", "candidates_in": 5}
{"ts": "2026-09-23T01:39:32.846374+00:00", "trace_id": null, "stage": "gate", "event": "finish", "duration_ms": 0.043, "candidates_in": 5, "candidates_out": 5, "top_score": 11.22637726857692}
{"ts": "2026-09-23T01:39:32.846392+00:00", "trace_id": null, "stage": "lexical", "event": "start"}
{"ts": "2026-09-23T01:39:32.846557+00:00", "trace_id": null, "stage": "lexical", "event": "finish", "duration_ms": 0.165, "candidates_out": 20}
{"ts": "2026-09-23T01:39:32.846575+00:00", "trace_id": null, "stage": "fuse", "event": "start", "candidates_in": 16}
{"ts": "2026-09-23T01:39:32.846624+00:00", "trace_id": null, "stage": "fuse", "event": "finish", "duration_ms": 0.049, "candidates_in": 16, "candidates_out": 16, "top_score": 0.01639344262295082}
{"ts": "2026-09-23T01:39:32.846827+00:00", "trace_id": null, "stage": "gate", "event": "start", "candidates_in": 5}
{"ts": "2026-09-23T01:39:32.846866+00:00", "trace_id": null, "stage": "gate", "event": "finish", "duration_ms": 0.039, "candidates_in": 5, "candidates_out": 5, "top_score": 6.536068458604275}
{"ts": "2026-09-23T01:39:32.846887+00:00", "trace_id": null, "stage": "lexical", "event": "start"}
{"ts": "2026-09-23T01:39:32.847058+00:00", "trace_id": null, "stage": "lexical", "event": "finish", "duration_ms": 0.171, "candidates_out": 20}
{"ts": "2026-09-23T01:39:32.847075+00:00", "trace_id": null, "stage": "fuse", "event": "start", "candidates_in": 16}
{"ts": "2026-09-23T01:39:32.847115+00:00", "trace_id": null, "stage": "fuse", "event": "finish", "duration_ms": 0.04, "candidates_in": 16, "candidates_out": 16, "top_score": 0.01639344262295082}
{"ts": "2026-09-23T01:39:32.847335+00:00", "trace_id": null, "stage": "gate", "event": "start", "candidates_in": 5}
{"ts": "2026-09-23T01:39:32.847378+00:00", "trace_id": null, "stage": "gate", "event": "finish", "duration_ms": 0.043, "candidates_in": 5, "candidates_out": 5, "top_score": 15.571026947516465}
{"ts": "2026-09-23T01:39:32.847399+00:00", "trace_id": null, "stage": "lexical", "event": "start"}
{"ts": "2026-09-23T01:39:32.847584+00:00", "trace_id": null, "stage": "lexical", "event": "finish", "duration_ms": 0.185, "candidates_out": 20}
{"ts": "2026-09-23T01:39:32.847623+00:00", "trace_id": null, "stage": "fuse", "event": "start", "candidates_in": 14}
{"ts": "2026-09-23T01:39:32.847664+00:00", "trace_id": null, "stage": "fuse", "event": "finish", "duration_ms": 0.041, "candidates_in": 14, "candidates_out": 14, "top_score": 0.01639344262295082}
{"ts": "2026-09-23T01:39:32.847864+00:00", "trace_id": null, "stage": "gate", "event": "start", "candidates_in": 5}
{"ts": "2026-09-23T01:39:32.847906+00:00", "trace_id": null, "stage": "gate", "event": "finish", "duration_ms": 0.043, "candidates_in": 5, "candidates_out": 5, "top_score": 5.19153502414804}
{"ts": "2026-09-23T01:39:32.847938+00:00", "trace_id": null, "stage": "lexical", "event": "start"}
{"ts": "2026-09-23T01:39:32.848120+00:00", "trace_id": null, "stage": "lexical", "event": "finish", "duration_ms": 0.182, "candidates_out": 20}
{"ts": "2026-09-23T01:39:32.848136+00:00", "trace_id": null, "stage": "fuse", "event": "start", "candidates_in": 16}
{"ts": "2026-09-23T01:39:32.848186+00:00", "trace_id": null, "stage": "fuse", "event": "finish", "duration_ms": 0.05, "candidates_in": 16, "candidates_out": 16, "top_score": 0.01639344262295082}
{"ts": "2026-09-23T01:39:32.848385+00:00", "trace_id": null, "stage": "gate", "event": "start", "candidates_in": 5}
{"ts": "2026-09-23T01:39:32.848427+00:00", "trace_id": null, "stage": "gate", "event": "finish", "duration_ms": 0.042, "candidates_in": 5, "candidates_out": 5, "top_score": 10.498912045979747}
{"ts": "2026-09-23T01:39:32.848446+00:00", "trace_id": null, "stage": "lexical", "event": "start"}
{"ts": "2026-09-23T01:39:32.848627+00:00", "trace_id": null, "stage": "lexical", "event": "finish", "duration_ms": 0.181, "candidates_out": 20}
{"ts": "2026-09-23T01:39:32.848645+00:00", "trace_id": null, "stage": "fuse", "event": "start", "candidates_in": 16}
{"ts": "2026-09-23T01:39:32.848684+00:00", "trace_id": null, "stage": "fuse", "event": "finish", "duration_ms": 0.039, "candidates_in": 16, "candidates_out": 16, "top_score": 0.01639344262295082}
{"ts": "2026-09-23T01:39:32.848891+00:00", "trace_id": null, "stage": "gate", "event": "start", "candidates_in": 5}
{"ts": "2026-09-23T01:39:32.848929+00:00", "trace_id": null, "stage": "gate", "event": "finish", "duration_ms": 0.038, "candidates_in": 5, "candidates_out": 5, "top_score": 12.899754606415947}
{"ts": "2026-09-23T01:39:32.848947+00:00", "trace_id": null, "stage": "lexical", "event": "start"}
{"ts": "2026-09-23T01:39:32.849116+00:00", "trace_id": null, "stage": "lexical", "event": "finish", "duration_ms": 0.169, "candidates_out": 20}
{"ts": "2026-09-23T01:39:32.849132+00:00", "trace_id": null, "stage": "fuse", "event": "start", "candidates_in": 16}
{"ts": "2026-09-23T01:39:32.849183+00:00", "trace_id": null, "stage": "fuse", "event": "finish", "duration_ms": 0.05, "candidates_in": 16, "candidates_out": 16, "top_score": 0.01639344262295082}
{"ts": "2026-09-23T01:39:32.849375+00:00", "trace_id": null, "stage": "gate", "event": "start", "candidates_in": 5}
{"ts": "2026-09-23T01:39:32.849412+00:00", "trace_id": null, "stage": "gate", "event": "finish", "duration_ms": 0.037, "candidates_in": 5, "candidates_out": 5, "top_score": 12.865619837663713}
{"ts": "2026-09-23T01:39:32.849430+00:00", "trace_id": null, "stage": "lexical", "event": "start"}
{"ts": "2026-09-23T01:39:32.849611+00:00", "trace_id": null, "stage": "lexical", "event": "finish", "duration_ms": 0.181, "candidates_out": 20}
{"ts": "2026-09-23T01:39:32.849627+00:00", "trace_id": null, "stage": "fuse", "event": "start", "candidates_in": 11}
{"ts": "2026-09-23T01:39:32.849668+00:00", "trace_id": null, "stage": "fuse", "event": "finish", "duration_ms": 0.041, "candidates_in": 11, "candidates_out": 11, "top_score": 0.01639344262295082}
{"ts": "2026-09-23T01:39:32.849848+00:00", "trace_id": null, "stage": "gate", "event": "start", "candidates_in": 5}
{"ts": "2026-09-23T01:39:32.849888+00:00", "trace_id": null, "stage": "gate", "event": "finish", "duration_ms": 0.04, "candidates_in": 5, "candidates_out": 5, "top_score": 7.43576323168131}
{"ts": "2026-09-23T01:39:32.849909+00:00", "trace_id": null, "stage": "lexical", "event": "start"}
{"ts": "2026-09-23T01:39:32.850068+00:00", "trace_id": null, "stage": "lexical", "event": "finish", "duration_ms": 0.159, "candidates_out": 20}
{"ts": "2026-09-23T01:39:32.850084+00:00", "trace_id": null, "stage": "fuse", "event": "start", "candidates_in": 14}
{"ts": "2026-09-23T01:39:32.850123+00:00", "trace_id": null, "stage": "fuse", "event": "finish", "duration_ms": 0.039, "candidates_in": 14, "candidates_out": 14, "top_score": 0.01639344262295082}
{"ts": "2026-09-23T01:39:32.850322+00:00", "trace_id": null, "stage": "gate", "event": "start", "candidates_in": 5}
{"ts": "2026-09-23T01:39:32.850358+00:00", "trace_id": null, "stage": "gate", "event": "finish", "duration_ms": 0.036, "candidates_in": 5, "candidates_out": 5, "top_score": 8.569968228914}
{"ts": "2026-09-23T01:39:32.850379+00:00", "trace_id": null, "stage": "lexical", "event": "start"}
{"ts": "2026-09-23T01:39:32.850575+00:00", "trace_id": null, "stage": "lexical", "event": "finish", "duration_ms": 0.196, "candidates_out": 20}
{"ts": "2026-09-23T01:39:32.850592+00:00", "trace_id": null, "stage": "fuse", "event": "start", "candidates_in": 16}
{"ts": "2026-09-23T01:39:32.850645+00:00", "trace_id": null, "stage": "fuse", "event": "finish", "duration_ms": 0.053, "candidates_in": 16, "candidates_out": 16, "top_score": 0.01639344262295082}
{"ts": "2026-09-23T01:39:32.850853+00:00", "trace_id": null, "stage": "gate", "event": "start", "candidates_in": 5}
{"ts": "2026-09-23T01:39:32.850931+00:00", "trace_id": null, "stage": "gate", "event": "finish", "duration_ms": 0.078, "candidates_in": 5, "candidates_out": 5, "top_score": 21.81283159164856}
{"ts": "2026-09-23T01:39:32.850951+00:00", "trace_id": null, "stage": "lexical", "event": "start"}
{"ts": "2026-09-23T01:39:32.851198+00:00", "trace_id": null, "stage": "lexical", "event": "finish", "duration_ms": 0.247, "candidates_out": 20}
{"ts": "2026-09-23T01:39:32.851218+00:00", "trace_id": null, "stage": "fuse", "event": "start", "candidates_in": 16}
{"ts": "2026-09-23T01:39:32.851282+00:00", "trace_id": null, "stage": "fuse", "event": "finish", "duration_ms": 0.064, "candidates_in": 16, "candidates_out": 16, "top_score": 0.01639344262295082}
{"ts": "2026-09-23T01:39:32.851492+00:00", "trace_id": null, "stage": "gate", "event": "start", "candidates_in": 5}
{"ts": "2026-09-23T01:39:32.851533+00:00", "trace_id": null, "stage": "gate", "event": "finish", "duration_ms": 0.041, "candidates_in": 5, "candidates_out": 5, "top_score": 10.59018931893558}
{"ts": "2026-09-23T01:39:32.851554+00:00", "trace_id": null, "stage": "lexical", "event": "start"}
{"ts": "2026-09-23T01:39:32.851722+00:00", "trace_id": null, "stage": "lexical", "event": "finish", "duration_ms": 0.169, "candidates_out": 19}
{"ts": "2026-09-23T01:39:32.851739+00:00", "trace_id": null, "stage": "fuse", "event": "start", "candidates_in": 16}
{"ts": "2026-09-23T01:39:32.851786+00:00", "trace_id": null, "stage": "fuse", "event": "finish", "duration_ms": 0.047, "candidates_in": 16, "candidates_out": 16, "top_score": 0.01639344262295082}
{"ts": "2026-09-23T01:39:32.851995+00:00", "trace_id": null, "stage": "gate", "event": "start", "candidates_in": 5}
{"ts": "2026-09-23T01:39:32.852033+00:00", "trace_id": null, "stage": "gate", "event": "finish", "duration_ms": 0.039, "candidates_in": 5, "candidates_out": 5, "top_score": 8.525068768843955}
{"ts": "2026-09-23T01:39:32.852053+00:00", "trace_id": null, "stage": "lexical", "event": "start"}
{"ts": "2026-09-23T01:39:32.852271+00:00", "trace_id": null, "stage": "lexical", "event": "finish", "duration_ms": 0.218, "candidates_out": 20}
{"ts": "2026-09-23T01:39:32.852288+00:00", "trace_id": null, "stage": "fuse", "event": "start", "candidates_in": 17}
{"ts": "2026-09-23T01:39:32.852328+00:00", "trace_id": null, "stage": "fuse", "event": "finish", "duration_ms": 0.04, "candidates_in": 17, "candidates_out": 17, "top_score": 0.01639344262295082}
{"ts": "2026-09-23T01:39:32.852570+00:00", "trace_id": null, "stage": "gate", "event": "start", "candidates_in": 5}
{"ts": "2026-09-23T01:39:32.852609+00:00", "trace_id": null, "stage": "gate", "event": "finish", "duration_ms": 0.039, "candidates_in": 5, "candidates_out": 5, "top_score": 7.323828532145941}
{"ts": "2026-09-23T01:39:32.852631+00:00", "trace_id": null, "stage": "lexical", "event": "start"}
{"ts": "2026-09-23T01:39:32.852860+00:00", "trace_id": null, "stage": "lexical", "event": "finish", "duration_ms": 0.23, "candidates_out": 20}
{"ts": "2026-09-23T01:39:32.852877+00:00", "trace_id": null, "stage": "fuse", "event": "start", "candidates_in": 16}
{"ts": "2026-09-23T01:39:32.852918+00:00", "trace_id": null, "stage": "fuse", "event": "finish", "duration_ms": 0.041, "candidates_in": 16, "candidates_out": 16, "top_score": 0.01639344262295082}
{"ts": "2026-09-23T01:39:32.853156+00:00", "trace_id": null, "stage": "gate", "event": "start", "candidates_in": 5}
{"ts": "2026-09-23T01:39:32.853199+00:00", "trace_id": null, "stage": "gate", "event": "finish", "duration_ms": 0.043, "candidates_in": 5, "candidates_out": 5, "top_score": 10.245628715854954}
{"ts": "2026-09-23T01:39:32.853218+00:00", "trace_id": null, "stage": "lexical", "event": "start"}
{"ts": "2026-09-23T01:39:32.853406+00:00", "trace_id": null, "stage": "lexical", "event": "finish", "duration_ms": 0.189, "candidates_out": 20}
{"ts": "2026-09-23T01:39:32.853422+00:00", "trace_id": null, "stage": "fuse", "event": "start", "candidates_in": 16}
{"ts": "2026-09-23T01:39:32.853460+00:00", "trace_id": null, "stage": "fuse", "event": "finish", "duration_ms": 0.038, "candidates_in": 16, "candidates_out": 16, "top_score": 0.01639344262295082}
{"ts": "2026-09-23T01:39:32.853668+00:00", "trace_id": null, "stage": "gate", "event": "start", "candidates_in": 5}
{"ts": "2026-09-23T01:39:32.853708+00:00", "trace_id": null, "stage": "gate", "event": "finish", "duration_ms": 0.041, "candidates_in": 5, "candidates_out": 5, "top_score": 23.062169395965153}
{"ts": "2026-09-23T01:39:32.853730+00:00", "trace_id": null, "stage": "lexical", "event": "start"}
{"ts": "2026-09-23T01:39:32.853951+00:00", "trace_id": null, "stage": "lexical", "event": "finish", "duration_ms": 0.221, "candidates_out": 20}
{"ts": "2026-09-23T01:39:32.853968+00:00", "trace_id": null, "stage": "fuse", "event": "start", "candidates_in": 17}
{"ts": "2026-09-23T01:39:32.854010+00:00", "trace_id": null, "stage": "fuse", "event": "finish", "duration_ms": 0.043, "candidates_in": 17, "candidates_out": 17, "top_score": 0.01639344262295082}
{"ts": "2026-09-23T01:39:32.854220+00:00", "trace_id": null, "stage": "gate", "event": "start", "candidates_in": 5}
{"ts": "2026-09-23T01:39:32.854263+00:00", "trace_id": null, "stage": "gate", "event": "finish", "duration_ms": 0.042, "candidates_in": 5, "candidates_out": 5, "top_score": 11.905957219798633}
{"ts": "2026-09-23T01:39:32.854281+00:00", "trace_id": null, "stage": "lexical", "event": "start"}
{"ts": "2026-09-23T01:39:32.854508+00:00", "trace_id": null, "stage": "lexical", "event": "finish", "duration_ms": 0.227, "candidates_out": 20}
{"ts": "2026-09-23T01:39:32.854540+00:00", "trace_id": null, "stage": "fuse", "event": "start", "candidates_in": 14}
{"ts": "2026-09-23T01:39:32.854585+00:00", "trace_id": null, "stage": "fuse", "event": "finish", "duration_ms": 0.045, "candidates_in": 14, "candidates_out": 14, "top_score": 0.01639344262295082}
{"ts": "2026-09-23T01:39:32.854771+00:00", "trace_id": null, "stage": "gate", "event": "start", "candidates_in": 5}
{"ts": "2026-09-23T01:39:32.854815+00:00", "trace_id": null, "stage": "gate", "event": "finish", "duration_ms": 0.044, "candidates_in": 5, "candidates_out": 5, "top_score": 21.987400882952414}
{"ts": "2026-09-23T01:39:32.854832+00:00", "trace_id": null, "stage": "lexical", "event": "start"}
{"ts": "2026-09-23T01:39:32.855025+00:00", "trace_id": null, "stage": "lexical", "event": "finish", "duration_ms": 0.192, "candidates_out": 20}
{"ts": "2026-09-23T01:39:32.855041+00:00", "trace_id": null, "stage": "fuse", "event": "start", "candidates_in": 15}
{"ts": "2026-09-23T01:39:32.855080+00:00", "trace_id": null, "stage": "fuse", "event": "finish", "duration_ms": 0.039, "candidates_in": 15, "candidates_out": 15, "top_score": 0.01639344262295082}
{"ts": "2026-09-23T01:39:32.855302+00:00", "trace_id": null, "stage": "gate", "event": "start", "candidates_in": 5}
{"ts": "2026-09-23T01:39:32.855338+00:00", "trace_id": null, "stage": "gate", "event": "finish", "duration_ms": 0.036, "candidates_in": 5, "candidates_out": 5, "top_score": 7.998617110434933}
{"ts": "2026-09-23T01:39:32.855357+00:00", "trace_id": null, "stage": "lexical", "event": "start"}
{"ts": "2026-09-23T01:39:32.855507+00:00", "trace_id": null, "stage": "lexical", "event": "finish", "duration_ms": 0.151, "candidates_out": 20}
{"ts": "2026-09-23T01:39:32.855524+00:00", "trace_id": null, "stage": "fuse", "event": "start", "candidates_in": 15}
{"ts": "2026-09-23T01:39:32.855567+00:00", "trace_id": null, "stage": "fuse", "event": "finish", "duration_ms": 0.043, "candidates_in": 15, "candidates_out": 15, "top_score": 0.01639344262295082}
{"ts": "2026-09-23T01:39:32.855788+00:00", "trace_id": null, "stage": "gate", "event": "start", "candidates_in": 5}
{"ts": "2026-09-23T01:39:32.855826+00:00", "trace_id": null, "stage": "gate", "event": "finish", "duration_ms": 0.038, "candidates_in": 5, "candidates_out": 5, "top_score": 18.00005477052008}
{"ts": "2026-09-23T01:39:32.855844+00:00", "trace_id": null, "stage": "lexical", "event": "start"}
{"ts": "2026-09-23T01:39:32.856001+00:00", "trace_id": null, "stage": "lexical", "event": "finish", "duration_ms": 0.157, "candidates_out": 20}
{"ts": "2026-09-23T01:39:32.856023+00:00", "trace_id": null, "stage": "fuse", "event": "start", "candidates_in": 17}
{"ts": "2026-09-23T01:39:32.856061+00:00", "trace_id": null, "stage": "fuse", "event": "finish", "duration_ms": 0.038, "candidates_in": 17, "candidates_out": 17, "top_score": 0.01639344262295082}
{"ts": "2026-09-23T01:39:32.856270+00:00", "trace_id": null, "stage": "gate", "event": "start", "candidates_in": 5}
{"ts": "2026-09-23T01:39:32.856305+00:00", "trace_id": null, "stage": "gate", "event": "finish", "duration_ms": 0.034, "candidates_in": 5, "candidates_out": 5, "top_score": 15.147864338918716}
{"ts": "2026-09-23T01:39:32.856325+00:00", "trace_id": null, "stage": "lexical", "event": "start"}
{"ts": "2026-09-23T01:39:32.856518+00:00", "trace_id": null, "stage": "lexical", "event": "finish", "duration_ms": 0.194, "candidates_out": 20}
{"ts": "2026-09-23T01:39:32.856536+00:00", "trace_id": null, "stage": "fuse", "event": "start", "candidates_in": 16}
{"ts": "2026-09-23T01:39:32.856577+00:00", "trace_id": null, "stage": "fuse", "event": "finish", "duration_ms": 0.041, "candidates_in": 16, "candidates_out": 16, "top_score": 0.01639344262295082}
{"ts": "2026-09-23T01:39:32.856791+00:00", "trace_id": null, "stage": "gate", "event": "start", "candidates_in": 5}
{"ts": "2026-09-23T01:39:32.856834+00:00", "trace_id": null, "stage": "gate", "event": "finish", "duration_ms": 0.042, "candidates_in": 5, "candidates_out": 5, "top_score": 18.352300234192963}
{"ts": "2026-09-23T01:39:32.856852+00:00", "trace_id": null, "stage": "lexical", "event": "start"}
{"ts": "2026-09-23T01:39:32.857049+00:00", "trace_id": null, "stage": "lexical", "event": "finish", "duration_ms": 0.196, "candidates_out": 20}
{"ts": "2026-09-23T01:39:32.857065+00:00", "trace_id": null, "stage": "fuse", "event": "start", "candidates_in": 15}
{"ts": "2026-09-23T01:39:32.857114+00:00", "trace_id": null, "stage": "fuse", "event": "finish", "duration_ms": 0.049, "candidates_in": 15, "candidates_out": 15, "top_score": 0.01639344262295082}
{"ts": "2026-09-23T01:39:32.857314+00:00", "trace_id": null, "stage": "gate", "event": "start", "candidates_in": 5}
{"ts": "2026-09-23T01:39:32.857357+00:00", "trace_id": null, "stage": "gate", "event": "finish", "duration_ms": 0.043, "candidates_in": 5, "candidates_out": 5, "top_score": 8.812477345251054}
{"ts": "2026-09-23T01:39:32.857374+00:00", "trace_id": null, "stage": "lexical", "event": "start"}
{"ts": "2026-09-23T01:39:32.857533+00:00", "trace_id": null, "stage": "lexical", "event": "finish", "duration_ms": 0.159, "candidates_out": 16}
{"ts": "2026-09-23T01:39:32.857548+00:00", "trace_id": null, "stage": "fuse", "event": "start", "candidates_in": 13}
{"ts": "2026-09-23T01:39:32.857587+00:00", "trace_id": null, "stage": "fuse", "event": "finish", "duration_ms": 0.038, "candidates_in": 13, "candidates_out": 13, "top_score": 0.01639344262295082}
{"ts": "2026-09-23T01:39:32.857771+00:00", "trace_id": null, "stage": "gate", "event": "start", "candidates_in": 5}
{"ts": "2026-09-23T01:39:32.857810+00:00", "trace_id": null, "stage": "gate", "event": "finish", "duration_ms": 0.039, "candidates_in": 5, "candidates_out": 5, "top_score": 24.566129383761844}
{"ts": "2026-09-23T01:39:32.857832+00:00", "trace_id": null, "stage": "lexical", "event": "start"}
{"ts": "2026-09-23T01:39:32.858044+00:00", "trace_id": null, "stage": "lexical", "event": "finish", "duration_ms": 0.212, "candidates_out": 20}
{"ts": "2026-09-23T01:39:32.858062+00:00", "trace_id": null, "stage": "fuse", "event": "start", "candidates_in": 17}
{"ts": "2026-09-23T01:39:32.858104+00:00", "trace_id": null, "stage": "fuse", "event": "finish", "duration_ms": 0.042, "candidates_in": 17, "candidates_out": 17, "top_score": 0.01639344262295082}
{"ts": "2026-09-23T01:39:32.858333+00:00", "trace_id": null, "stage": "gate", "event": "start", "candidates_in": 5}
{"ts": "2026-09-23T01:39:32.858374+00:00", "trace_id": null, "stage": "gate", "event": "finish", "duration_ms": 0.041, "candidates_in": 5, "candidates_out": 5, "top_score": 17.458599431872727}
{"ts": "2026-09-23T01:39:32.858465+00:00", "trace_id": null, "stage": "lexical", "event": "start"}
{"ts": "2026-09-23T01:39:32.858686+00:00", "trace_id": null, "stage": "lexical", "event": "finish", "duration_ms": 0.221, "candidates_out": 20}
{"ts": "2026-09-23T01:39:32.858704+00:00", "trace_id": null, "stage": "fuse", "event": "start", "candidates_in": 18}
{"ts": "2026-09-23T01:39:32.858747+00:00", "trace_id": null, "stage": "fuse", "event": "finish", "duration_ms": 0.043, "candidates_in": 18, "candidates_out": 18, "top_score": 0.01639344262295082}
{"ts": "2026-09-23T01:39:32.858983+00:00", "trace_id": null, "stage": "gate", "event": "start", "candidates_in": 5}
{"ts": "2026-09-23T01:39:32.859024+00:00", "trace_id": null, "stage": "gate", "event": "finish", "duration_ms": 0.041, "candidates_in": 5, "candidates_out": 5, "top_score": 13.152541098764578}
{"ts": "2026-09-23T01:39:32.859045+00:00", "trace_id": null, "stage": "lexical", "event": "start"}
{"ts": "2026-09-23T01:39:32.859256+00:00", "trace_id": null, "stage": "lexical", "event": "finish", "duration_ms": 0.212, "candidates_out": 20}
{"ts": "2026-09-23T01:39:32.859274+00:00", "trace_id": null, "stage": "fuse", "event": "start", "candidates_in": 19}
{"ts": "2026-09-23T01:39:32.859325+00:00", "trace_id": null, "stage": "fuse", "event": "finish", "duration_ms": 0.051, "candidates_in": 19, "candidates_out": 19, "top_score": 0.01639344262295082}
{"ts": "2026-09-23T01:39:32.859539+00:00", "trace_id": null, "stage": "gate", "event": "start", "candidates_in": 5}
{"ts": "2026-09-23T01:39:32.859579+00:00", "trace_id": null, "stage": "gate", "event": "finish", "duration_ms": 0.04, "candidates_in": 5, "candidates_out": 5, "top_score": 8.412427645248172}
{"ts": "2026-09-23T01:39:32.859609+00:00", "trace_id": null, "stage": "lexical", "event": "start"}
{"ts": "2026-09-23T01:39:32.859769+00:00", "trace_id": null, "stage": "lexical", "event": "finish", "duration_ms": 0.16, "candidates_out": 20}
{"ts": "2026-09-23T01:39:32.859785+00:00", "trace_id": null, "stage": "fuse", "event": "start", "candidates_in": 16}
{"ts": "2026-09-23T01:39:32.859841+00:00", "trace_id": null, "stage": "fuse", "event": "finish", "duration_ms": 0.057, "candidates_in": 16, "candidates_out": 16, "top_score": 0.01639344262295082}
{"ts": "2026-09-23T01:39:32.860037+00:00", "trace_id": null, "stage": "gate", "event": "start", "candidates_in": 5}
{"ts": "2026-09-23T01:39:32.860081+00:00", "trace_id": null, "stage": "gate", "event": "finish", "duration_ms": 0.044, "candidates_in": 5, "candidates_out": 5, "top_score": 12.599717313343096}
{"ts": "2026-09-23T01:39:32.860102+00:00", "trace_id": null, "stage": "lexical", "event": "start"}
{"ts": "2026-09-23T01:39:32.860265+00:00", "trace_id": null, "stage": "lexical", "event": "finish", "duration_ms": 0.163, "candidates_out": 20}
{"ts": "2026-09-23T01:39:32.860281+00:00", "trace_id": null, "stage": "fuse", "event": "start", "candidates_in": 16}
{"ts": "2026-09-23T01:39:32.860323+00:00", "trace_id": null, "stage": "fuse", "event": "finish", "duration_ms": 0.042, "candidates_in": 16, "candidates_out": 16, "top_score": 0.01639344262295082}
{"ts": "2026-09-23T01:39:32.860539+00:00", "trace_id": null, "stage": "gate", "event": "start", "candidates_in": 5}
{"ts": "2026-09-23T01:39:32.860578+00:00", "trace_id": null, "stage": "gate", "event": "finish", "duration_ms": 0.039, "candidates_in": 5, "candidates_out": 5, "top_score": 9.140421124058175}
{"ts": "2026-09-23T01:39:32.860597+00:00", "trace_id": null, "stage": "lexical", "event": "start"}
{"ts": "2026-09-23T01:39:32.860769+00:00", "trace_id": null, "stage": "lexical", "event": "finish", "duration_ms": 0.171, "candidates_out": 20}
{"ts": "2026-09-23T01:39:32.860786+00:00", "trace_id": null, "stage": "fuse", "event": "start", "candidates_in": 16}
{"ts": "2026-09-23T01:39:32.860825+00:00", "trace_id": null, "stage": "fuse", "event": "finish", "duration_ms": 0.039, "candidates_in": 16, "candidates_out": 16, "top_score": 0.01639344262295082}
{"ts": "2026-09-23T01:39:32.861051+00:00", "trace_id": null, "stage": "gate", "event": "start", "candidates_in": 5}
{"ts": "2026-09-23T01:39:32.861094+00:00", "trace_id": null, "stage": "gate", "event": "finish", "duration_ms": 0.043, "candidates_in": 5, "candidates_out": 5, "top_score": 14.498307575390037}
{"ts": "2026-09-23T01:39:32.861113+00:00", "trace_id": null, "stage": "lexical", "event": "start"}
{"ts": "2026-09-23T01:39:32.861314+00:00", "trace_id": null, "stage": "lexical", "event": "finish", "duration_ms": 0.201, "candidates_out": 20}
{"ts": "2026-09-23T01:39:32.861332+00:00", "trace_id": null, "stage": "fuse", "event": "start", "candidates_in": 18}
{"ts": "2026-09-23T01:39:32.861372+00:00", "trace_id": null, "stage": "fuse", "event": "finish", "duration_ms": 0.041, "candidates_in": 18, "candidates_out": 18, "top_score": 0.01639344262295082}
{"ts": "2026-09-23T01:39:32.861607+00:00", "trace_id": null, "stage": "gate", "event": "start", "candidates_in": 5}
{"ts": "2026-09-23T01:39:32.861649+00:00", "trace_id": null, "stage": "gate", "event": "finish", "duration_ms": 0.042, "candidates_in": 5, "candidates_out": 5, "top_score": 17.1098102786482}
{"ts": "2026-09-23T01:39:32.861668+00:00", "trace_id": null, "stage": "lexical", "event": "start"}
{"ts": "2026-09-23T01:39:32.861875+00:00", "trace_id": null, "stage": "lexical", "event": "finish", "duration_ms": 0.207, "candidates_out": 20}
{"ts": "2026-09-23T01:39:32.861893+00:00", "trace_id": null, "stage": "fuse", "event": "start", "candidates_in": 18}
{"ts": "2026-09-23T01:39:32.861934+00:00", "trace_id": null, "stage": "fuse", "event": "finish", "duration_ms": 0.041, "candidates_in": 18, "candidates_out": 18, "top_score": 0.01639344262295082}
{"ts": "2026-09-23T01:39:32.862163+00:00", "trace_id": null, "stage": "gate", "event": "start", "candidates_in": 5}
{"ts": "2026-09-23T01:39:32.862205+00:00", "trace_id": null, "stage": "gate", "event": "finish", "duration_ms": 0.042, "candidates_in": 5, "candidates_out": 5, "top_score": 17.1098102786482}
{"ts": "2026-09-23T01:39:32.862226+00:00", "trace_id": null, "stage": "lexical", "event": "start"}
{"ts": "2026-09-23T01:39:32.862413+00:00", "trace_id": null, "stage": "lexical", "event": "finish", "duration_ms": 0.187, "candidates_out": 20}
{"ts": "2026-09-23T01:39:32.862429+00:00", "trace_id": null, "stage": "fuse", "event": "start", "candidates_in": 16}
{"ts": "2026-09-23T01:39:32.862468+00:00", "trace_id": null, "stage": "fuse", "event": "finish", "duration_ms": 0.039, "candidates_in": 16, "candidates_out": 16, "top_score": 0.01639344262295082}
{"ts": "2026-09-23T01:39:32.862703+00:00", "trace_id": null, "stage": "gate", "event": "start", "candidates_in": 5}
{"ts": "2026-09-23T01:39:32.862745+00:00", "trace_id": null, "stage": "gate", "event": "finish", "duration_ms": 0.043, "candidates_in": 5, "candidates_out": 5, "top_score": 3.349809168571213}
{"ts": "2026-09-23T01:39:32.862769+00:00", "trace_id": null, "stage": "lexical", "event": "start"}
{"ts": "2026-09-23T01:39:32.862961+00:00", "trace_id": null, "stage": "lexical", "event": "finish", "duration_ms": 0.192, "candidates_out": 20}
{"ts": "2026-09-23T01:39:32.862978+00:00", "trace_id": null, "stage": "fuse", "event": "start", "candidates_in": 17}
{"ts": "2026-09-23T01:39:32.863021+00:00", "trace_id": null, "stage": "fuse", "event": "finish", "duration_ms": 0.043, "candidates_in": 17, "candidates_out": 17, "top_score": 0.01639344262295082}
{"ts": "2026-09-23T01:39:32.863240+00:00", "trace_id": null, "stage": "gate", "event": "start", "candidates_in": 5}
{"ts": "2026-09-23T01:39:32.863283+00:00", "trace_id": null, "stage": "gate", "event": "finish", "duration_ms": 0.042, "candidates_in": 5, "candidates_out": 5, "top_score": 21.289651886058273}
{"ts": "2026-09-23T01:39:32.863302+00:00", "trace_id": null, "stage": "lexical", "event": "start"}
{"ts": "2026-09-23T01:39:32.863504+00:00", "trace_id": null, "stage": "lexical", "event": "finish", "duration_ms": 0.202, "candidates_out": 20}
{"ts": "2026-09-23T01:39:32.863522+00:00", "trace_id": null, "stage": "fuse", "event": "start", "candidates_in": 16}
{"ts": "2026-09-23T01:39:32.863561+00:00", "trace_id": null, "stage": "fuse", "event": "finish", "duration_ms": 0.04, "candidates_in": 16, "candidates_out": 16, "top_score": 0.01639344262295082}
{"ts": "2026-09-23T01:39:32.863771+00:00", "trace_id": null, "stage": "gate", "event": "start", "candidates_in": 5}
{"ts": "2026-09-23T01:39:32.863815+00:00", "trace_id": null, "stage": "gate", "event": "finish", "duration_ms": 0.043, "candidates_in": 5, "candidates_out": 5, "top_score": 4.226347957042215}
holdout n=74 recall=0.946 mrr=0.769 hist={1: 47, 2: 16, 3: 2, 4: 5, 'miss': 4}
