thresholds:
  ('Qwen/Qwen3-Embedding-0.6B|97b0c614be4d77ee51c0cef4e5f07c00f9eb65b3|BAAI/bge-reranker-v2-m3|953dc6f6f85a1b2dbfca4c34a2796e7dde08d41e|dense', 0.6063982248306274)
  ('Qwen/Qwen3-Embedding-0.6B|97b0c614be4d77ee51c0cef4e5f07c00f9eb65b3|BAAI/bge-reranker-v2-m3|953dc6f6f85a1b2dbfca4c34a2796e7dde08d41e|bm25', 6.733347020201628)
  ('Qwen/Qwen3-Embedding-0.6B|97b0c614be4d77ee51c0cef4e5f07c00f9eb65b3|BAAI/bge-reranker-v2-m3|953dc6f6f85a1b2dbfca4c34a2796e7dde08d41e|rrf', 0.03252247488101534)
  ('Qwen/Qwen3-Embedding-0.6B|97b0c614be4d77ee51c0cef4e5f07c00f9eb65b3|BAAI/bge-reranker-v2-m3|953dc6f6f85a1b2dbfca4c34a2796e7dde08d41e|rerank', 0.11740434169769287)
  ('Qwen/Qwen3-Embedding-0.6B|97b0c614be4d77ee51c0cef4e5f07c00f9eb65b3|BAAI/bge-reranker-v2-m3|953dc6f6f85a1b2dbfca4c34a2796e7dde08d41e|cascade', 0.11740434169769287)
Loading weights:   0%|          | 0/310 [00:00<?, ?it/s]Loading weights: 100%|██████████| 310/310 [00:00<00:00, 21755.78it/s]
{"ts": "2026-09-23T03:45:59.924468+00:00", "trace_id": null, "stage": "embed_query", "event": "start", "model": "Qwen/Qwen3-Embedding-0.6B"}
{"ts": "2026-09-23T03:45:59.951402+00:00", "trace_id": null, "stage": "embed_query", "event": "finish", "duration_ms": 26.938, "model": "Qwen/Qwen3-Embedding-0.6B"}
{"ts": "2026-09-23T03:45:59.951458+00:00", "trace_id": null, "stage": "dense", "event": "start"}
{"ts": "2026-09-23T03:45:59.951756+00:00", "trace_id": null, "stage": "dense", "event": "finish", "duration_ms": 0.296, "candidates_out": 20}
{"ts": "2026-09-23T03:45:59.951794+00:00", "trace_id": null, "stage": "lexical", "event": "start"}
{"ts": "2026-09-23T03:45:59.953015+00:00", "trace_id": null, "stage": "lexical", "event": "finish", "duration_ms": 1.221, "candidates_out": 20}
{"ts": "2026-09-23T03:45:59.953052+00:00", "trace_id": null, "stage": "fuse", "event": "start", "candidates_in": 33}
{"ts": "2026-09-23T03:45:59.953133+00:00", "trace_id": null, "stage": "fuse", "event": "finish", "duration_ms": 0.079, "candidates_in": 33, "candidates_out": 22, "top_score": 0.03278688524590164}
{"ts": "2026-09-23T03:45:59.957313+00:00", "trace_id": null, "stage": "gate", "event": "start", "candidates_in": 5}
{"ts": "2026-09-23T03:45:59.957414+00:00", "trace_id": null, "stage": "gate", "event": "finish", "duration_ms": 0.103, "candidates_in": 5, "candidates_out": 5, "top_score": 0.14065573770491804}
{"ts": "2026-09-23T03:45:59.957446+00:00", "trace_id": null, "stage": "embed_query", "event": "start", "model": "Qwen/Qwen3-Embedding-0.6B"}
{"ts": "2026-09-23T03:45:59.984275+00:00", "trace_id": null, "stage": "embed_query", "event": "finish", "duration_ms": 26.826, "model": "Qwen/Qwen3-Embedding-0.6B"}
{"ts": "2026-09-23T03:45:59.984320+00:00", "trace_id": null, "stage": "dense", "event": "start"}
{"ts": "2026-09-23T03:45:59.984542+00:00", "trace_id": null, "stage": "dense", "event": "finish", "duration_ms": 0.221, "candidates_out": 20}
{"ts": "2026-09-23T03:45:59.984571+00:00", "trace_id": null, "stage": "lexical", "event": "start"}
{"ts": "2026-09-23T03:45:59.985000+00:00", "trace_id": null, "stage": "lexical", "event": "finish", "duration_ms": 0.428, "candidates_out": 20}
{"ts": "2026-09-23T03:45:59.985028+00:00", "trace_id": null, "stage": "fuse", "event": "start", "candidates_in": 33}
{"ts": "2026-09-23T03:45:59.985114+00:00", "trace_id": null, "stage": "fuse", "event": "finish", "duration_ms": 0.086, "candidates_in": 33, "candidates_out": 19, "top_score": 0.03278688524590164}
{"ts": "2026-09-23T03:45:59.987481+00:00", "trace_id": null, "stage": "gate", "event": "start", "candidates_in": 5}
{"ts": "2026-09-23T03:45:59.987552+00:00", "trace_id": null, "stage": "gate", "event": "finish", "duration_ms": 0.071, "candidates_in": 5, "candidates_out": 5, "top_score": 0.03278688524590164}
{"ts": "2026-09-23T03:45:59.987586+00:00", "trace_id": null, "stage": "embed_query", "event": "start", "model": "Qwen/Qwen3-Embedding-0.6B"}
{"ts": "2026-09-23T03:46:00.011412+00:00", "trace_id": null, "stage": "embed_query", "event": "finish", "duration_ms": 23.823, "model": "Qwen/Qwen3-Embedding-0.6B"}
{"ts": "2026-09-23T03:46:00.011461+00:00", "trace_id": null, "stage": "dense", "event": "start"}
{"ts": "2026-09-23T03:46:00.011684+00:00", "trace_id": null, "stage": "dense", "event": "finish", "duration_ms": 0.223, "candidates_out": 20}
{"ts": "2026-09-23T03:46:00.011706+00:00", "trace_id": null, "stage": "lexical", "event": "start"}
{"ts": "2026-09-23T03:46:00.011946+00:00", "trace_id": null, "stage": "lexical", "event": "finish", "duration_ms": 0.239, "candidates_out": 20}
{"ts": "2026-09-23T03:46:00.011983+00:00", "trace_id": null, "stage": "fuse", "event": "start", "candidates_in": 31}
{"ts": "2026-09-23T03:46:00.012055+00:00", "trace_id": null, "stage": "fuse", "event": "finish", "duration_ms": 0.072, "candidates_in": 31, "candidates_out": 19, "top_score": 0.03278688524590164}
{"ts": "2026-09-23T03:46:00.015702+00:00", "trace_id": null, "stage": "gate", "event": "start", "candidates_in": 5}
{"ts": "2026-09-23T03:46:00.015779+00:00", "trace_id": null, "stage": "gate", "event": "finish", "duration_ms": 0.072, "candidates_in": 5, "candidates_out": 5, "top_score": 0.05901639344262295}
{"ts": "2026-09-23T03:46:00.015818+00:00", "trace_id": null, "stage": "embed_query", "event": "start", "model": "Qwen/Qwen3-Embedding-0.6B"}
{"ts": "2026-09-23T03:46:00.042414+00:00", "trace_id": null, "stage": "embed_query", "event": "finish", "duration_ms": 26.593, "model": "Qwen/Qwen3-Embedding-0.6B"}
{"ts": "2026-09-23T03:46:00.042459+00:00", "trace_id": null, "stage": "dense", "event": "start"}
{"ts": "2026-09-23T03:46:00.042669+00:00", "trace_id": null, "stage": "dense", "event": "finish", "duration_ms": 0.21, "candidates_out": 20}
{"ts": "2026-09-23T03:46:00.042692+00:00", "trace_id": null, "stage": "lexical", "event": "start"}
{"ts": "2026-09-23T03:46:00.042965+00:00", "trace_id": null, "stage": "lexical", "event": "finish", "duration_ms": 0.272, "candidates_out": 20}
{"ts": "2026-09-23T03:46:00.043001+00:00", "trace_id": null, "stage": "fuse", "event": "start", "candidates_in": 33}
{"ts": "2026-09-23T03:46:00.043090+00:00", "trace_id": null, "stage": "fuse", "event": "finish", "duration_ms": 0.089, "candidates_in": 33, "candidates_out": 20, "top_score": 0.03252247488101534}
{"ts": "2026-09-23T03:46:00.046758+00:00", "trace_id": null, "stage": "gate", "event": "start", "candidates_in": 5}
{"ts": "2026-09-23T03:46:00.046831+00:00", "trace_id": null, "stage": "gate", "event": "finish", "duration_ms": 0.072, "candidates_in": 5, "candidates_out": 5, "top_score": 0.03252247488101534}
{"ts": "2026-09-23T03:46:00.046907+00:00", "trace_id": null, "stage": "embed_query", "event": "start", "model": "Qwen/Qwen3-Embedding-0.6B"}
{"ts": "2026-09-23T03:46:00.070564+00:00", "trace_id": null, "stage": "embed_query", "event": "finish", "duration_ms": 23.654, "model": "Qwen/Qwen3-Embedding-0.6B"}
{"ts": "2026-09-23T03:46:00.070612+00:00", "trace_id": null, "stage": "dense", "event": "start"}
{"ts": "2026-09-23T03:46:00.070818+00:00", "trace_id": null, "stage": "dense", "event": "finish", "duration_ms": 0.206, "candidates_out": 20}
{"ts": "2026-09-23T03:46:00.070840+00:00", "trace_id": null, "stage": "lexical", "event": "start"}
{"ts": "2026-09-23T03:46:00.071108+00:00", "trace_id": null, "stage": "lexical", "event": "finish", "duration_ms": 0.268, "candidates_out": 20}
{"ts": "2026-09-23T03:46:00.071137+00:00", "trace_id": null, "stage": "fuse", "event": "start", "candidates_in": 33}
{"ts": "2026-09-23T03:46:00.071222+00:00", "trace_id": null, "stage": "fuse", "event": "finish", "duration_ms": 0.085, "candidates_in": 33, "candidates_out": 20, "top_score": 0.03278688524590164}
{"ts": "2026-09-23T03:46:00.074870+00:00", "trace_id": null, "stage": "gate", "event": "start", "candidates_in": 5}
{"ts": "2026-09-23T03:46:00.074934+00:00", "trace_id": null, "stage": "gate", "event": "finish", "duration_ms": 0.064, "candidates_in": 5, "candidates_out": 5, "top_score": 0.03278688524590164}
{"ts": "2026-09-23T03:46:00.074966+00:00", "trace_id": null, "stage": "embed_query", "event": "start", "model": "Qwen/Qwen3-Embedding-0.6B"}
{"ts": "2026-09-23T03:46:00.098206+00:00", "trace_id": null, "stage": "embed_query", "event": "finish", "duration_ms": 23.236, "model": "Qwen/Qwen3-Embedding-0.6B"}
{"ts": "2026-09-23T03:46:00.098250+00:00", "trace_id": null, "stage": "dense", "event": "start"}
{"ts": "2026-09-23T03:46:00.098441+00:00", "trace_id": null, "stage": "dense", "event": "finish", "duration_ms": 0.191, "candidates_out": 20}
{"ts": "2026-09-23T03:46:00.098458+00:00", "trace_id": null, "stage": "lexical", "event": "start"}
{"ts": "2026-09-23T03:46:00.098710+00:00", "trace_id": null, "stage": "lexical", "event": "finish", "duration_ms": 0.252, "candidates_out": 20}
{"ts": "2026-09-23T03:46:00.098736+00:00", "trace_id": null, "stage": "fuse", "event": "start", "candidates_in": 31}
{"ts": "2026-09-23T03:46:00.098795+00:00", "trace_id": null, "stage": "fuse", "event": "finish", "duration_ms": 0.058, "candidates_in": 31, "candidates_out": 18, "top_score": 0.03252247488101534}
{"ts": "2026-09-23T03:46:00.102055+00:00", "trace_id": null, "stage": "gate", "event": "start", "candidates_in": 5}
{"ts": "2026-09-23T03:46:00.102116+00:00", "trace_id": null, "stage": "gate", "event": "finish", "duration_ms": 0.061, "candidates_in": 5, "candidates_out": 5, "top_score": 0.03252247488101534}
{"ts": "2026-09-23T03:46:00.102146+00:00", "trace_id": null, "stage": "embed_query", "event": "start", "model": "Qwen/Qwen3-Embedding-0.6B"}
{"ts": "2026-09-23T03:46:00.125548+00:00", "trace_id": null, "stage": "embed_query", "event": "finish", "duration_ms": 23.4, "model": "Qwen/Qwen3-Embedding-0.6B"}
{"ts": "2026-09-23T03:46:00.125592+00:00", "trace_id": null, "stage": "dense", "event": "start"}
{"ts": "2026-09-23T03:46:00.125790+00:00", "trace_id": null, "stage": "dense", "event": "finish", "duration_ms": 0.198, "candidates_out": 20}
{"ts": "2026-09-23T03:46:00.125808+00:00", "trace_id": null, "stage": "lexical", "event": "start"}
{"ts": "2026-09-23T03:46:00.126036+00:00", "trace_id": null, "stage": "lexical", "event": "finish", "duration_ms": 0.228, "candidates_out": 20}
{"ts": "2026-09-23T03:46:00.126064+00:00", "trace_id": null, "stage": "fuse", "event": "start", "candidates_in": 31}
{"ts": "2026-09-23T03:46:00.126147+00:00", "trace_id": null, "stage": "fuse", "event": "finish", "duration_ms": 0.082, "candidates_in": 31, "candidates_out": 19, "top_score": 0.03278688524590164}
{"ts": "2026-09-23T03:46:00.129445+00:00", "trace_id": null, "stage": "gate", "event": "start", "candidates_in": 5}
{"ts": "2026-09-23T03:46:00.129513+00:00", "trace_id": null, "stage": "gate", "event": "finish", "duration_ms": 0.069, "candidates_in": 5, "candidates_out": 5, "top_score": 0.05901639344262295}
{"ts": "2026-09-23T03:46:00.129549+00:00", "trace_id": null, "stage": "embed_query", "event": "start", "model": "Qwen/Qwen3-Embedding-0.6B"}
{"ts": "2026-09-23T03:46:00.152370+00:00", "trace_id": null, "stage": "embed_query", "event": "finish", "duration_ms": 22.819, "model": "Qwen/Qwen3-Embedding-0.6B"}
{"ts": "2026-09-23T03:46:00.152412+00:00", "trace_id": null, "stage": "dense", "event": "start"}
{"ts": "2026-09-23T03:46:00.152610+00:00", "trace_id": null, "stage": "dense", "event": "finish", "duration_ms": 0.198, "candidates_out": 20}
{"ts": "2026-09-23T03:46:00.152627+00:00", "trace_id": null, "stage": "lexical", "event": "start"}
{"ts": "2026-09-23T03:46:00.152872+00:00", "trace_id": null, "stage": "lexical", "event": "finish", "duration_ms": 0.244, "candidates_out": 20}
{"ts": "2026-09-23T03:46:00.152906+00:00", "trace_id": null, "stage": "fuse", "event": "start", "candidates_in": 32}
{"ts": "2026-09-23T03:46:00.152982+00:00", "trace_id": null, "stage": "fuse", "event": "finish", "duration_ms": 0.076, "candidates_in": 32, "candidates_out": 21, "top_score": 0.03278688524590164}
{"ts": "2026-09-23T03:46:00.156931+00:00", "trace_id": null, "stage": "gate", "event": "start", "candidates_in": 5}
{"ts": "2026-09-23T03:46:00.157033+00:00", "trace_id": null, "stage": "gate", "event": "finish", "duration_ms": 0.104, "candidates_in": 5, "candidates_out": 5, "top_score": 0.05901639344262295}
{"ts": "2026-09-23T03:46:00.157074+00:00", "trace_id": null, "stage": "embed_query", "event": "start", "model": "Qwen/Qwen3-Embedding-0.6B"}
{"ts": "2026-09-23T03:46:00.182714+00:00", "trace_id": null, "stage": "embed_query", "event": "finish", "duration_ms": 25.637, "model": "Qwen/Qwen3-Embedding-0.6B"}
{"ts": "2026-09-23T03:46:00.182759+00:00", "trace_id": null, "stage": "dense", "event": "start"}
{"ts": "2026-09-23T03:46:00.182973+00:00", "trace_id": null, "stage": "dense", "event": "finish", "duration_ms": 0.213, "candidates_out": 20}
{"ts": "2026-09-23T03:46:00.182993+00:00", "trace_id": null, "stage": "lexical", "event": "start"}
{"ts": "2026-09-23T03:46:00.183241+00:00", "trace_id": null, "stage": "lexical", "event": "finish", "duration_ms": 0.248, "candidates_out": 20}
{"ts": "2026-09-23T03:46:00.183266+00:00", "trace_id": null, "stage": "fuse", "event": "start", "candidates_in": 30}
{"ts": "2026-09-23T03:46:00.183331+00:00", "trace_id": null, "stage": "fuse", "event": "finish", "duration_ms": 0.064, "candidates_in": 30, "candidates_out": 19, "top_score": 0.03252247488101534}
{"ts": "2026-09-23T03:46:00.186609+00:00", "trace_id": null, "stage": "gate", "event": "start", "candidates_in": 5}
{"ts": "2026-09-23T03:46:00.186670+00:00", "trace_id": null, "stage": "gate", "event": "finish", "duration_ms": 0.062, "candidates_in": 5, "candidates_out": 5, "top_score": 0.03252247488101534}
{"ts": "2026-09-23T03:46:00.186697+00:00", "trace_id": null, "stage": "embed_query", "event": "start", "model": "Qwen/Qwen3-Embedding-0.6B"}
{"ts": "2026-09-23T03:46:00.208990+00:00", "trace_id": null, "stage": "embed_query", "event": "finish", "duration_ms": 22.291, "model": "Qwen/Qwen3-Embedding-0.6B"}
{"ts": "2026-09-23T03:46:00.209045+00:00", "trace_id": null, "stage": "dense", "event": "start"}
{"ts": "2026-09-23T03:46:00.209244+00:00", "trace_id": null, "stage": "dense", "event": "finish", "duration_ms": 0.198, "candidates_out": 20}
{"ts": "2026-09-23T03:46:00.209264+00:00", "trace_id": null, "stage": "lexical", "event": "start"}
{"ts": "2026-09-23T03:46:00.209491+00:00", "trace_id": null, "stage": "lexical", "event": "finish", "duration_ms": 0.227, "candidates_out": 20}
{"ts": "2026-09-23T03:46:00.209523+00:00", "trace_id": null, "stage": "fuse", "event": "start", "candidates_in": 30}
{"ts": "2026-09-23T03:46:00.209597+00:00", "trace_id": null, "stage": "fuse", "event": "finish", "duration_ms": 0.073, "candidates_in": 30, "candidates_out": 17, "top_score": 0.03252247488101534}
{"ts": "2026-09-23T03:46:00.212273+00:00", "trace_id": null, "stage": "gate", "event": "start", "candidates_in": 5}
{"ts": "2026-09-23T03:46:00.212330+00:00", "trace_id": null, "stage": "gate", "event": "finish", "duration_ms": 0.056, "candidates_in": 5, "candidates_out": 5, "top_score": 0.05854045478582761}
{"ts": "2026-09-23T03:46:00.212358+00:00", "trace_id": null, "stage": "embed_query", "event": "start", "model": "Qwen/Qwen3-Embedding-0.6B"}
{"ts": "2026-09-23T03:46:00.234869+00:00", "trace_id": null, "stage": "embed_query", "event": "finish", "duration_ms": 22.509, "model": "Qwen/Qwen3-Embedding-0.6B"}
{"ts": "2026-09-23T03:46:00.234910+00:00", "trace_id": null, "stage": "dense", "event": "start"}
{"ts": "2026-09-23T03:46:00.235113+00:00", "trace_id": null, "stage": "dense", "event": "finish", "duration_ms": 0.202, "candidates_out": 20}
{"ts": "2026-09-23T03:46:00.235137+00:00", "trace_id": null, "stage": "lexical", "event": "start"}
{"ts": "2026-09-23T03:46:00.235386+00:00", "trace_id": null, "stage": "lexical", "event": "finish", "duration_ms": 0.249, "candidates_out": 20}
{"ts": "2026-09-23T03:46:00.235414+00:00", "trace_id": null, "stage": "fuse", "event": "start", "candidates_in": 30}
{"ts": "2026-09-23T03:46:00.235484+00:00", "trace_id": null, "stage": "fuse", "event": "finish", "duration_ms": 0.069, "candidates_in": 30, "candidates_out": 19, "top_score": 0.03252247488101534}
{"ts": "2026-09-23T03:46:00.238340+00:00", "trace_id": null, "stage": "gate", "event": "start", "candidates_in": 5}
{"ts": "2026-09-23T03:46:00.238463+00:00", "trace_id": null, "stage": "gate", "event": "finish", "duration_ms": 0.124, "candidates_in": 5, "candidates_out": 5, "top_score": 0.03252247488101534}
{"ts": "2026-09-23T03:46:00.238491+00:00", "trace_id": null, "stage": "embed_query", "event": "start", "model": "Qwen/Qwen3-Embedding-0.6B"}
{"ts": "2026-09-23T03:46:00.260993+00:00", "trace_id": null, "stage": "embed_query", "event": "finish", "duration_ms": 22.499, "model": "Qwen/Qwen3-Embedding-0.6B"}
{"ts": "2026-09-23T03:46:00.261039+00:00", "trace_id": null, "stage": "dense", "event": "start"}
{"ts": "2026-09-23T03:46:00.261245+00:00", "trace_id": null, "stage": "dense", "event": "finish", "duration_ms": 0.205, "candidates_out": 20}
{"ts": "2026-09-23T03:46:00.261269+00:00", "trace_id": null, "stage": "lexical", "event": "start"}
{"ts": "2026-09-23T03:46:00.261507+00:00", "trace_id": null, "stage": "lexical", "event": "finish", "duration_ms": 0.238, "candidates_out": 20}
{"ts": "2026-09-23T03:46:00.261533+00:00", "trace_id": null, "stage": "fuse", "event": "start", "candidates_in": 31}
{"ts": "2026-09-23T03:46:00.261613+00:00", "trace_id": null, "stage": "fuse", "event": "finish", "duration_ms": 0.08, "candidates_in": 31, "candidates_out": 21, "top_score": 0.03252247488101534}
{"ts": "2026-09-23T03:46:00.264898+00:00", "trace_id": null, "stage": "gate", "event": "start", "candidates_in": 5}
{"ts": "2026-09-23T03:46:00.264959+00:00", "trace_id": null, "stage": "gate", "event": "finish", "duration_ms": 0.061, "candidates_in": 5, "candidates_out": 5, "top_score": 0.03252247488101534}
{"ts": "2026-09-23T03:46:00.264985+00:00", "trace_id": null, "stage": "embed_query", "event": "start", "model": "Qwen/Qwen3-Embedding-0.6B"}
{"ts": "2026-09-23T03:46:00.286843+00:00", "trace_id": null, "stage": "embed_query", "event": "finish", "duration_ms": 21.857, "model": "Qwen/Qwen3-Embedding-0.6B"}
{"ts": "2026-09-23T03:46:00.286882+00:00", "trace_id": null, "stage": "dense", "event": "start"}
{"ts": "2026-09-23T03:46:00.287084+00:00", "trace_id": null, "stage": "dense", "event": "finish", "duration_ms": 0.202, "candidates_out": 20}
{"ts": "2026-09-23T03:46:00.287109+00:00", "trace_id": null, "stage": "lexical", "event": "start"}
{"ts": "2026-09-23T03:46:00.287344+00:00", "trace_id": null, "stage": "lexical", "event": "finish", "duration_ms": 0.234, "candidates_out": 20}
{"ts": "2026-09-23T03:46:00.287369+00:00", "trace_id": null, "stage": "fuse", "event": "start", "candidates_in": 31}
{"ts": "2026-09-23T03:46:00.287442+00:00", "trace_id": null, "stage": "fuse", "event": "finish", "duration_ms": 0.071, "candidates_in": 31, "candidates_out": 20, "top_score": 0.032266458495966696}
{"ts": "2026-09-23T03:46:00.290758+00:00", "trace_id": null, "stage": "gate", "event": "start", "candidates_in": 5}
{"ts": "2026-09-23T03:46:00.290817+00:00", "trace_id": null, "stage": "gate", "event": "finish", "duration_ms": 0.059, "candidates_in": 5, "candidates_out": 0, "reason": "no_confident_hit"}
{"ts": "2026-09-23T03:46:00.290842+00:00", "trace_id": null, "stage": "embed_query", "event": "start", "model": "Qwen/Qwen3-Embedding-0.6B"}
{"ts": "2026-09-23T03:46:00.317805+00:00", "trace_id": null, "stage": "embed_query", "event": "finish", "duration_ms": 26.961, "model": "Qwen/Qwen3-Embedding-0.6B"}
{"ts": "2026-09-23T03:46:00.317855+00:00", "trace_id": null, "stage": "dense", "event": "start"}
{"ts": "2026-09-23T03:46:00.318084+00:00", "trace_id": null, "stage": "dense", "event": "finish", "duration_ms": 0.229, "candidates_out": 20}
{"ts": "2026-09-23T03:46:00.318106+00:00", "trace_id": null, "stage": "lexical", "event": "start"}
{"ts": "2026-09-23T03:46:00.318484+00:00", "trace_id": null, "stage": "lexical", "event": "finish", "duration_ms": 0.376, "candidates_out": 20}
{"ts": "2026-09-23T03:46:00.318522+00:00", "trace_id": null, "stage": "fuse", "event": "start", "candidates_in": 33}
{"ts": "2026-09-23T03:46:00.318607+00:00", "trace_id": null, "stage": "fuse", "event": "finish", "duration_ms": 0.085, "candidates_in": 33, "candidates_out": 23, "top_score": 0.03278688524590164}
{"ts": "2026-09-23T03:46:00.323354+00:00", "trace_id": null, "stage": "gate", "event": "start", "candidates_in": 5}
{"ts": "2026-09-23T03:46:00.323442+00:00", "trace_id": null, "stage": "gate", "event": "finish", "duration_ms": 0.09, "candidates_in": 5, "candidates_out": 5, "top_score": 0.08524590163934427}
{"ts": "2026-09-23T03:46:00.323475+00:00", "trace_id": null, "stage": "embed_query", "event": "start", "model": "Qwen/Qwen3-Embedding-0.6B"}
{"ts": "2026-09-23T03:46:00.348473+00:00", "trace_id": null, "stage": "embed_query", "event": "finish", "duration_ms": 24.995, "model": "Qwen/Qwen3-Embedding-0.6B"}
{"ts": "2026-09-23T03:46:00.348517+00:00", "trace_id": null, "stage": "dense", "event": "start"}
{"ts": "2026-09-23T03:46:00.348738+00:00", "trace_id": null, "stage": "dense", "event": "finish", "duration_ms": 0.221, "candidates_out": 20}
{"ts": "2026-09-23T03:46:00.348764+00:00", "trace_id": null, "stage": "lexical", "event": "start"}
{"ts": "2026-09-23T03:46:00.349049+00:00", "trace_id": null, "stage": "lexical", "event": "finish", "duration_ms": 0.285, "candidates_out": 20}
{"ts": "2026-09-23T03:46:00.349077+00:00", "trace_id": null, "stage": "fuse", "event": "start", "candidates_in": 28}
{"ts": "2026-09-23T03:46:00.349146+00:00", "trace_id": null, "stage": "fuse", "event": "finish", "duration_ms": 0.068, "candidates_in": 28, "candidates_out": 18, "top_score": 0.03278688524590164}
{"ts": "2026-09-23T03:46:00.351629+00:00", "trace_id": null, "stage": "gate", "event": "start", "candidates_in": 5}
{"ts": "2026-09-23T03:46:00.351696+00:00", "trace_id": null, "stage": "gate", "event": "finish", "duration_ms": 0.067, "candidates_in": 5, "candidates_out": 5, "top_score": 0.09737704918032787}
{"ts": "2026-09-23T03:46:00.351730+00:00", "trace_id": null, "stage": "embed_query", "event": "start", "model": "Qwen/Qwen3-Embedding-0.6B"}
{"ts": "2026-09-23T03:46:00.381769+00:00", "trace_id": null, "stage": "embed_query", "event": "finish", "duration_ms": 30.035, "model": "Qwen/Qwen3-Embedding-0.6B"}
{"ts": "2026-09-23T03:46:00.381815+00:00", "trace_id": null, "stage": "dense", "event": "start"}
{"ts": "2026-09-23T03:46:00.382023+00:00", "trace_id": null, "stage": "dense", "event": "finish", "duration_ms": 0.208, "candidates_out": 20}
{"ts": "2026-09-23T03:46:00.382041+00:00", "trace_id": null, "stage": "lexical", "event": "start"}
{"ts": "2026-09-23T03:46:00.382301+00:00", "trace_id": null, "stage": "lexical", "event": "finish", "duration_ms": 0.259, "candidates_out": 20}
{"ts": "2026-09-23T03:46:00.382336+00:00", "trace_id": null, "stage": "fuse", "event": "start", "candidates_in": 34}
{"ts": "2026-09-23T03:46:00.382408+00:00", "trace_id": null, "stage": "fuse", "event": "finish", "duration_ms": 0.071, "candidates_in": 34, "candidates_out": 21, "top_score": 0.03252247488101534}
{"ts": "2026-09-23T03:46:00.385603+00:00", "trace_id": null, "stage": "gate", "event": "start", "candidates_in": 5}
{"ts": "2026-09-23T03:46:00.385672+00:00", "trace_id": null, "stage": "gate", "event": "finish", "duration_ms": 0.069, "candidates_in": 5, "candidates_out": 5, "top_score": 0.13303125000000002}
{"ts": "2026-09-23T03:46:00.385701+00:00", "trace_id": null, "stage": "embed_query", "event": "start", "model": "Qwen/Qwen3-Embedding-0.6B"}
{"ts": "2026-09-23T03:46:00.411774+00:00", "trace_id": null, "stage": "embed_query", "event": "finish", "duration_ms": 26.071, "model": "Qwen/Qwen3-Embedding-0.6B"}
{"ts": "2026-09-23T03:46:00.411817+00:00", "trace_id": null, "stage": "dense", "event": "start"}
{"ts": "2026-09-23T03:46:00.412013+00:00", "trace_id": null, "stage": "dense", "event": "finish", "duration_ms": 0.196, "candidates_out": 20}
{"ts": "2026-09-23T03:46:00.412031+00:00", "trace_id": null, "stage": "lexical", "event": "start"}
{"ts": "2026-09-23T03:46:00.412283+00:00", "trace_id": null, "stage": "lexical", "event": "finish", "duration_ms": 0.252, "candidates_out": 20}
{"ts": "2026-09-23T03:46:00.412316+00:00", "trace_id": null, "stage": "fuse", "event": "start", "candidates_in": 30}
{"ts": "2026-09-23T03:46:00.412397+00:00", "trace_id": null, "stage": "fuse", "event": "finish", "duration_ms": 0.081, "candidates_in": 30, "candidates_out": 19, "top_score": 0.03278688524590164}
{"ts": "2026-09-23T03:46:00.415448+00:00", "trace_id": null, "stage": "gate", "event": "start", "candidates_in": 5}
{"ts": "2026-09-23T03:46:00.415513+00:00", "trace_id": null, "stage": "gate", "event": "finish", "duration_ms": 0.065, "candidates_in": 5, "candidates_out": 5, "top_score": 0.09737704918032787}
{"ts": "2026-09-23T03:46:00.415552+00:00", "trace_id": null, "stage": "embed_query", "event": "start", "model": "Qwen/Qwen3-Embedding-0.6B"}
{"ts": "2026-09-23T03:46:00.437963+00:00", "trace_id": null, "stage": "embed_query", "event": "finish", "duration_ms": 22.409, "model": "Qwen/Qwen3-Embedding-0.6B"}
{"ts": "2026-09-23T03:46:00.438006+00:00", "trace_id": null, "stage": "dense", "event": "start"}
{"ts": "2026-09-23T03:46:00.438383+00:00", "trace_id": null, "stage": "dense", "event": "finish", "duration_ms": 0.366, "candidates_out": 20}
{"ts": "2026-09-23T03:46:00.438558+00:00", "trace_id": null, "stage": "lexical", "event": "start"}
{"ts": "2026-09-23T03:46:00.438829+00:00", "trace_id": null, "stage": "lexical", "event": "finish", "duration_ms": 0.272, "candidates_out": 20}
{"ts": "2026-09-23T03:46:00.438859+00:00", "trace_id": null, "stage": "fuse", "event": "start", "candidates_in": 31}
{"ts": "2026-09-23T03:46:00.438927+00:00", "trace_id": null, "stage": "fuse", "event": "finish", "duration_ms": 0.067, "candidates_in": 31, "candidates_out": 19, "top_score": 0.03278688524590164}
{"ts": "2026-09-23T03:46:00.442798+00:00", "trace_id": null, "stage": "gate", "event": "start", "candidates_in": 5}
{"ts": "2026-09-23T03:46:00.442857+00:00", "trace_id": null, "stage": "gate", "event": "finish", "duration_ms": 0.059, "candidates_in": 5, "candidates_out": 5, "top_score": 0.09737704918032787}
{"ts": "2026-09-23T03:46:00.442885+00:00", "trace_id": null, "stage": "embed_query", "event": "start", "model": "Qwen/Qwen3-Embedding-0.6B"}
{"ts": "2026-09-23T03:46:00.469655+00:00", "trace_id": null, "stage": "embed_query", "event": "finish", "duration_ms": 26.768, "model": "Qwen/Qwen3-Embedding-0.6B"}
{"ts": "2026-09-23T03:46:00.469701+00:00", "trace_id": null, "stage": "dense", "event": "start"}
{"ts": "2026-09-23T03:46:00.469911+00:00", "trace_id": null, "stage": "dense", "event": "finish", "duration_ms": 0.211, "candidates_out": 20}
{"ts": "2026-09-23T03:46:00.469937+00:00", "trace_id": null, "stage": "lexical", "event": "start"}
{"ts": "2026-09-23T03:46:00.470176+00:00", "trace_id": null, "stage": "lexical", "event": "finish", "duration_ms": 0.239, "candidates_out": 20}
{"ts": "2026-09-23T03:46:00.470203+00:00", "trace_id": null, "stage": "fuse", "event": "start", "candidates_in": 25}
{"ts": "2026-09-23T03:46:00.470279+00:00", "trace_id": null, "stage": "fuse", "event": "finish", "duration_ms": 0.076, "candidates_in": 25, "candidates_out": 18, "top_score": 0.032266458495966696}
{"ts": "2026-09-23T03:46:00.472782+00:00", "trace_id": null, "stage": "gate", "event": "start", "candidates_in": 5}
{"ts": "2026-09-23T03:46:00.472836+00:00", "trace_id": null, "stage": "gate", "event": "finish", "duration_ms": 0.054, "candidates_in": 5, "candidates_out": 0, "reason": "no_confident_hit"}
{"ts": "2026-09-23T03:46:00.472867+00:00", "trace_id": null, "stage": "embed_query", "event": "start", "model": "Qwen/Qwen3-Embedding-0.6B"}
{"ts": "2026-09-23T03:46:00.496420+00:00", "trace_id": null, "stage": "embed_query", "event": "finish", "duration_ms": 23.55, "model": "Qwen/Qwen3-Embedding-0.6B"}
{"ts": "2026-09-23T03:46:00.496464+00:00", "trace_id": null, "stage": "dense", "event": "start"}
{"ts": "2026-09-23T03:46:00.496697+00:00", "trace_id": null, "stage": "dense", "event": "finish", "duration_ms": 0.233, "candidates_out": 20}
{"ts": "2026-09-23T03:46:00.496772+00:00", "trace_id": null, "stage": "lexical", "event": "start"}
{"ts": "2026-09-23T03:46:00.497113+00:00", "trace_id": null, "stage": "lexical", "event": "finish", "duration_ms": 0.341, "candidates_out": 20}
{"ts": "2026-09-23T03:46:00.497144+00:00", "trace_id": null, "stage": "fuse", "event": "start", "candidates_in": 31}
{"ts": "2026-09-23T03:46:00.497216+00:00", "trace_id": null, "stage": "fuse", "event": "finish", "duration_ms": 0.071, "candidates_in": 31, "candidates_out": 25, "top_score": 0.03252247488101534}
{"ts": "2026-09-23T03:46:00.502939+00:00", "trace_id": null, "stage": "gate", "event": "start", "candidates_in": 5}
{"ts": "2026-09-23T03:46:00.503000+00:00", "trace_id": null, "stage": "gate", "event": "finish", "duration_ms": 0.061, "candidates_in": 5, "candidates_out": 5, "top_score": 0.03252247488101534}
{"ts": "2026-09-23T03:46:00.503025+00:00", "trace_id": null, "stage": "embed_query", "event": "start", "model": "Qwen/Qwen3-Embedding-0.6B"}
{"ts": "2026-09-23T03:46:00.529844+00:00", "trace_id": null, "stage": "embed_query", "event": "finish", "duration_ms": 26.815, "model": "Qwen/Qwen3-Embedding-0.6B"}
{"ts": "2026-09-23T03:46:00.529897+00:00", "trace_id": null, "stage": "dense", "event": "start"}
{"ts": "2026-09-23T03:46:00.530133+00:00", "trace_id": null, "stage": "dense", "event": "finish", "duration_ms": 0.235, "candidates_out": 20}
{"ts": "2026-09-23T03:46:00.530161+00:00", "trace_id": null, "stage": "lexical", "event": "start"}
{"ts": "2026-09-23T03:46:00.530514+00:00", "trace_id": null, "stage": "lexical", "event": "finish", "duration_ms": 0.352, "candidates_out": 20}
{"ts": "2026-09-23T03:46:00.530551+00:00", "trace_id": null, "stage": "fuse", "event": "start", "candidates_in": 30}
{"ts": "2026-09-23T03:46:00.530639+00:00", "trace_id": null, "stage": "fuse", "event": "finish", "duration_ms": 0.087, "candidates_in": 30, "candidates_out": 21, "top_score": 0.03278688524590164}
{"ts": "2026-09-23T03:46:00.534202+00:00", "trace_id": null, "stage": "gate", "event": "start", "candidates_in": 5}
{"ts": "2026-09-23T03:46:00.534282+00:00", "trace_id": null, "stage": "gate", "event": "finish", "duration_ms": 0.079, "candidates_in": 5, "candidates_out": 5, "top_score": 0.051971726190476186}
{"ts": "2026-09-23T03:46:00.534317+00:00", "trace_id": null, "stage": "embed_query", "event": "start", "model": "Qwen/Qwen3-Embedding-0.6B"}
{"ts": "2026-09-23T03:46:00.558133+00:00", "trace_id": null, "stage": "embed_query", "event": "finish", "duration_ms": 23.813, "model": "Qwen/Qwen3-Embedding-0.6B"}
{"ts": "2026-09-23T03:46:00.558214+00:00", "trace_id": null, "stage": "dense", "event": "start"}
{"ts": "2026-09-23T03:46:00.558452+00:00", "trace_id": null, "stage": "dense", "event": "finish", "duration_ms": 0.237, "candidates_out": 20}
{"ts": "2026-09-23T03:46:00.558481+00:00", "trace_id": null, "stage": "lexical", "event": "start"}
{"ts": "2026-09-23T03:46:00.558735+00:00", "trace_id": null, "stage": "lexical", "event": "finish", "duration_ms": 0.254, "candidates_out": 20}
{"ts": "2026-09-23T03:46:00.558761+00:00", "trace_id": null, "stage": "fuse", "event": "start", "candidates_in": 30}
{"ts": "2026-09-23T03:46:00.558832+00:00", "trace_id": null, "stage": "fuse", "event": "finish", "duration_ms": 0.071, "candidates_in": 30, "candidates_out": 20, "top_score": 0.03278688524590164}
{"ts": "2026-09-23T03:46:00.562535+00:00", "trace_id": null, "stage": "gate", "event": "start", "candidates_in": 5}
{"ts": "2026-09-23T03:46:00.562652+00:00", "trace_id": null, "stage": "gate", "event": "finish", "duration_ms": 0.116, "candidates_in": 5, "candidates_out": 5, "top_score": 0.09428571428571428}
{"ts": "2026-09-23T03:46:00.562693+00:00", "trace_id": null, "stage": "embed_query", "event": "start", "model": "Qwen/Qwen3-Embedding-0.6B"}
{"ts": "2026-09-23T03:46:00.585318+00:00", "trace_id": null, "stage": "embed_query", "event": "finish", "duration_ms": 22.623, "model": "Qwen/Qwen3-Embedding-0.6B"}
{"ts": "2026-09-23T03:46:00.585364+00:00", "trace_id": null, "stage": "dense", "event": "start"}
{"ts": "2026-09-23T03:46:00.585563+00:00", "trace_id": null, "stage": "dense", "event": "finish", "duration_ms": 0.198, "candidates_out": 20}
{"ts": "2026-09-23T03:46:00.585580+00:00", "trace_id": null, "stage": "lexical", "event": "start"}
{"ts": "2026-09-23T03:46:00.585815+00:00", "trace_id": null, "stage": "lexical", "event": "finish", "duration_ms": 0.233, "candidates_out": 20}
{"ts": "2026-09-23T03:46:00.585849+00:00", "trace_id": null, "stage": "fuse", "event": "start", "candidates_in": 29}
{"ts": "2026-09-23T03:46:00.585925+00:00", "trace_id": null, "stage": "fuse", "event": "finish", "duration_ms": 0.076, "candidates_in": 29, "candidates_out": 20, "top_score": 0.03278688524590164}
{"ts": "2026-09-23T03:46:00.589355+00:00", "trace_id": null, "stage": "gate", "event": "start", "candidates_in": 5}
{"ts": "2026-09-23T03:46:00.589434+00:00", "trace_id": null, "stage": "gate", "event": "finish", "duration_ms": 0.081, "candidates_in": 5, "candidates_out": 5, "top_score": 0.054098360655737705}
{"ts": "2026-09-23T03:46:00.589461+00:00", "trace_id": null, "stage": "embed_query", "event": "start", "model": "Qwen/Qwen3-Embedding-0.6B"}
{"ts": "2026-09-23T03:46:00.613139+00:00", "trace_id": null, "stage": "embed_query", "event": "finish", "duration_ms": 23.674, "model": "Qwen/Qwen3-Embedding-0.6B"}
{"ts": "2026-09-23T03:46:00.613179+00:00", "trace_id": null, "stage": "dense", "event": "start"}
{"ts": "2026-09-23T03:46:00.613425+00:00", "trace_id": null, "stage": "dense", "event": "finish", "duration_ms": 0.245, "candidates_out": 20}
{"ts": "2026-09-23T03:46:00.613450+00:00", "trace_id": null, "stage": "lexical", "event": "start"}
{"ts": "2026-09-23T03:46:00.613948+00:00", "trace_id": null, "stage": "lexical", "event": "finish", "duration_ms": 0.496, "candidates_out": 20}
{"ts": "2026-09-23T03:46:00.613983+00:00", "trace_id": null, "stage": "fuse", "event": "start", "candidates_in": 31}
{"ts": "2026-09-23T03:46:00.614064+00:00", "trace_id": null, "stage": "fuse", "event": "finish", "duration_ms": 0.081, "candidates_in": 31, "candidates_out": 22, "top_score": 0.03278688524590164}
{"ts": "2026-09-23T03:46:00.617669+00:00", "trace_id": null, "stage": "gate", "event": "start", "candidates_in": 5}
{"ts": "2026-09-23T03:46:00.617752+00:00", "trace_id": null, "stage": "gate", "event": "finish", "duration_ms": 0.083, "candidates_in": 5, "candidates_out": 5, "top_score": 0.08524590163934427}
{"ts": "2026-09-23T03:46:00.617788+00:00", "trace_id": null, "stage": "embed_query", "event": "start", "model": "Qwen/Qwen3-Embedding-0.6B"}
{"ts": "2026-09-23T03:46:00.640735+00:00", "trace_id": null, "stage": "embed_query", "event": "finish", "duration_ms": 22.944, "model": "Qwen/Qwen3-Embedding-0.6B"}
{"ts": "2026-09-23T03:46:00.640782+00:00", "trace_id": null, "stage": "dense", "event": "start"}
{"ts": "2026-09-23T03:46:00.640983+00:00", "trace_id": null, "stage": "dense", "event": "finish", "duration_ms": 0.201, "candidates_out": 20}
{"ts": "2026-09-23T03:46:00.641007+00:00", "trace_id": null, "stage": "lexical", "event": "start"}
{"ts": "2026-09-23T03:46:00.641262+00:00", "trace_id": null, "stage": "lexical", "event": "finish", "duration_ms": 0.254, "candidates_out": 20}
{"ts": "2026-09-23T03:46:00.641288+00:00", "trace_id": null, "stage": "fuse", "event": "start", "candidates_in": 30}
{"ts": "2026-09-23T03:46:00.641355+00:00", "trace_id": null, "stage": "fuse", "event": "finish", "duration_ms": 0.067, "candidates_in": 30, "candidates_out": 20, "top_score": 0.03252247488101534}
{"ts": "2026-09-23T03:46:00.644631+00:00", "trace_id": null, "stage": "gate", "event": "start", "candidates_in": 5}
{"ts": "2026-09-23T03:46:00.644693+00:00", "trace_id": null, "stage": "gate", "event": "finish", "duration_ms": 0.062, "candidates_in": 5, "candidates_out": 5, "top_score": 0.09583138173302108}
{"ts": "2026-09-23T03:46:00.644724+00:00", "trace_id": null, "stage": "embed_query", "event": "start", "model": "Qwen/Qwen3-Embedding-0.6B"}
{"ts": "2026-09-23T03:46:00.670438+00:00", "trace_id": null, "stage": "embed_query", "event": "finish", "duration_ms": 25.711, "model": "Qwen/Qwen3-Embedding-0.6B"}
{"ts": "2026-09-23T03:46:00.670486+00:00", "trace_id": null, "stage": "dense", "event": "start"}
{"ts": "2026-09-23T03:46:00.670688+00:00", "trace_id": null, "stage": "dense", "event": "finish", "duration_ms": 0.202, "candidates_out": 20}
{"ts": "2026-09-23T03:46:00.670711+00:00", "trace_id": null, "stage": "lexical", "event": "start"}
{"ts": "2026-09-23T03:46:00.670981+00:00", "trace_id": null, "stage": "lexical", "event": "finish", "duration_ms": 0.269, "candidates_out": 20}
{"ts": "2026-09-23T03:46:00.671013+00:00", "trace_id": null, "stage": "fuse", "event": "start", "candidates_in": 32}
{"ts": "2026-09-23T03:46:00.671074+00:00", "trace_id": null, "stage": "fuse", "event": "finish", "duration_ms": 0.062, "candidates_in": 32, "candidates_out": 21, "top_score": 0.03278688524590164}
{"ts": "2026-09-23T03:46:00.674289+00:00", "trace_id": null, "stage": "gate", "event": "start", "candidates_in": 5}
{"ts": "2026-09-23T03:46:00.674572+00:00", "trace_id": null, "stage": "gate", "event": "finish", "duration_ms": 0.285, "candidates_in": 5, "candidates_out": 6, "top_score": 0.0532258064516129}
{"ts": "2026-09-23T03:46:00.674601+00:00", "trace_id": null, "stage": "embed_query", "event": "start", "model": "Qwen/Qwen3-Embedding-0.6B"}
{"ts": "2026-09-23T03:46:00.697459+00:00", "trace_id": null, "stage": "embed_query", "event": "finish", "duration_ms": 22.855, "model": "Qwen/Qwen3-Embedding-0.6B"}
{"ts": "2026-09-23T03:46:00.697513+00:00", "trace_id": null, "stage": "dense", "event": "start"}
{"ts": "2026-09-23T03:46:00.697737+00:00", "trace_id": null, "stage": "dense", "event": "finish", "duration_ms": 0.224, "candidates_out": 20}
{"ts": "2026-09-23T03:46:00.697758+00:00", "trace_id": null, "stage": "lexical", "event": "start"}
{"ts": "2026-09-23T03:46:00.698020+00:00", "trace_id": null, "stage": "lexical", "event": "finish", "duration_ms": 0.262, "candidates_out": 20}
{"ts": "2026-09-23T03:46:00.698064+00:00", "trace_id": null, "stage": "fuse", "event": "start", "candidates_in": 30}
{"ts": "2026-09-23T03:46:00.698136+00:00", "trace_id": null, "stage": "fuse", "event": "finish", "duration_ms": 0.072, "candidates_in": 30, "candidates_out": 18, "top_score": 0.03278688524590164}
{"ts": "2026-09-23T03:46:00.700559+00:00", "trace_id": null, "stage": "gate", "event": "start", "candidates_in": 5}
{"ts": "2026-09-23T03:46:00.700764+00:00", "trace_id": null, "stage": "gate", "event": "finish", "duration_ms": 0.205, "candidates_in": 5, "candidates_out": 6, "top_score": 0.0532258064516129}
{"ts": "2026-09-23T03:46:00.700794+00:00", "trace_id": null, "stage": "embed_query", "event": "start", "model": "Qwen/Qwen3-Embedding-0.6B"}
{"ts": "2026-09-23T03:46:00.724444+00:00", "trace_id": null, "stage": "embed_query", "event": "finish", "duration_ms": 23.649, "model": "Qwen/Qwen3-Embedding-0.6B"}
{"ts": "2026-09-23T03:46:00.724486+00:00", "trace_id": null, "stage": "dense", "event": "start"}
{"ts": "2026-09-23T03:46:00.724698+00:00", "trace_id": null, "stage": "dense", "event": "finish", "duration_ms": 0.211, "candidates_out": 20}
{"ts": "2026-09-23T03:46:00.724722+00:00", "trace_id": null, "stage": "lexical", "event": "start"}
{"ts": "2026-09-23T03:46:00.724975+00:00", "trace_id": null, "stage": "lexical", "event": "finish", "duration_ms": 0.253, "candidates_out": 20}
{"ts": "2026-09-23T03:46:00.725005+00:00", "trace_id": null, "stage": "fuse", "event": "start", "candidates_in": 27}
{"ts": "2026-09-23T03:46:00.725084+00:00", "trace_id": null, "stage": "fuse", "event": "finish", "duration_ms": 0.078, "candidates_in": 27, "candidates_out": 18, "top_score": 0.03252247488101534}
{"ts": "2026-09-23T03:46:00.728642+00:00", "trace_id": null, "stage": "gate", "event": "start", "candidates_in": 5}
{"ts": "2026-09-23T03:46:00.728702+00:00", "trace_id": null, "stage": "gate", "event": "finish", "duration_ms": 0.059, "candidates_in": 5, "candidates_out": 5, "top_score": 0.03252247488101534}
{"ts": "2026-09-23T03:46:00.728727+00:00", "trace_id": null, "stage": "embed_query", "event": "start", "model": "Qwen/Qwen3-Embedding-0.6B"}
{"ts": "2026-09-23T03:46:00.755337+00:00", "trace_id": null, "stage": "embed_query", "event": "finish", "duration_ms": 26.606, "model": "Qwen/Qwen3-Embedding-0.6B"}
{"ts": "2026-09-23T03:46:00.755429+00:00", "trace_id": null, "stage": "dense", "event": "start"}
{"ts": "2026-09-23T03:46:00.755650+00:00", "trace_id": null, "stage": "dense", "event": "finish", "duration_ms": 0.22, "candidates_out": 20}
{"ts": "2026-09-23T03:46:00.755677+00:00", "trace_id": null, "stage": "lexical", "event": "start"}
{"ts": "2026-09-23T03:46:00.755983+00:00", "trace_id": null, "stage": "lexical", "event": "finish", "duration_ms": 0.305, "candidates_out": 20}
{"ts": "2026-09-23T03:46:00.756013+00:00", "trace_id": null, "stage": "fuse", "event": "start", "candidates_in": 31}
{"ts": "2026-09-23T03:46:00.756090+00:00", "trace_id": null, "stage": "fuse", "event": "finish", "duration_ms": 0.076, "candidates_in": 31, "candidates_out": 22, "top_score": 0.03278688524590164}
{"ts": "2026-09-23T03:46:00.759825+00:00", "trace_id": null, "stage": "gate", "event": "start", "candidates_in": 5}
{"ts": "2026-09-23T03:46:00.759884+00:00", "trace_id": null, "stage": "gate", "event": "finish", "duration_ms": 0.059, "candidates_in": 5, "candidates_out": 5, "top_score": 0.09580645161290322}
{"ts": "2026-09-23T03:46:00.759912+00:00", "trace_id": null, "stage": "embed_query", "event": "start", "model": "Qwen/Qwen3-Embedding-0.6B"}
{"ts": "2026-09-23T03:46:00.783774+00:00", "trace_id": null, "stage": "embed_query", "event": "finish", "duration_ms": 23.859, "model": "Qwen/Qwen3-Embedding-0.6B"}
{"ts": "2026-09-23T03:46:00.783820+00:00", "trace_id": null, "stage": "dense", "event": "start"}
{"ts": "2026-09-23T03:46:00.784033+00:00", "trace_id": null, "stage": "dense", "event": "finish", "duration_ms": 0.213, "candidates_out": 20}
{"ts": "2026-09-23T03:46:00.784050+00:00", "trace_id": null, "stage": "lexical", "event": "start"}
{"ts": "2026-09-23T03:46:00.784329+00:00", "trace_id": null, "stage": "lexical", "event": "finish", "duration_ms": 0.28, "candidates_out": 20}
{"ts": "2026-09-23T03:46:00.784355+00:00", "trace_id": null, "stage": "fuse", "event": "start", "candidates_in": 29}
{"ts": "2026-09-23T03:46:00.784436+00:00", "trace_id": null, "stage": "fuse", "event": "finish", "duration_ms": 0.079, "candidates_in": 29, "candidates_out": 20, "top_score": 0.03131881575727918}
{"ts": "2026-09-23T03:46:00.787956+00:00", "trace_id": null, "stage": "gate", "event": "start", "candidates_in": 5}
{"ts": "2026-09-23T03:46:00.788019+00:00", "trace_id": null, "stage": "gate", "event": "finish", "duration_ms": 0.063, "candidates_in": 5, "candidates_out": 5, "top_score": 0.09283516483516482}
{"ts": "2026-09-23T03:46:00.788047+00:00", "trace_id": null, "stage": "embed_query", "event": "start", "model": "Qwen/Qwen3-Embedding-0.6B"}
{"ts": "2026-09-23T03:46:00.814546+00:00", "trace_id": null, "stage": "embed_query", "event": "finish", "duration_ms": 26.496, "model": "Qwen/Qwen3-Embedding-0.6B"}
{"ts": "2026-09-23T03:46:00.814589+00:00", "trace_id": null, "stage": "dense", "event": "start"}
{"ts": "2026-09-23T03:46:00.814812+00:00", "trace_id": null, "stage": "dense", "event": "finish", "duration_ms": 0.222, "candidates_out": 20}
{"ts": "2026-09-23T03:46:00.814840+00:00", "trace_id": null, "stage": "lexical", "event": "start"}
{"ts": "2026-09-23T03:46:00.815126+00:00", "trace_id": null, "stage": "lexical", "event": "finish", "duration_ms": 0.286, "candidates_out": 20}
{"ts": "2026-09-23T03:46:00.815155+00:00", "trace_id": null, "stage": "fuse", "event": "start", "candidates_in": 32}
{"ts": "2026-09-23T03:46:00.815224+00:00", "trace_id": null, "stage": "fuse", "event": "finish", "duration_ms": 0.068, "candidates_in": 32, "candidates_out": 26, "top_score": 0.03252247488101534}
{"ts": "2026-09-23T03:46:00.820656+00:00", "trace_id": null, "stage": "gate", "event": "start", "candidates_in": 5}
{"ts": "2026-09-23T03:46:00.820720+00:00", "trace_id": null, "stage": "gate", "event": "finish", "duration_ms": 0.064, "candidates_in": 5, "candidates_out": 5, "top_score": 0.05119047619047619}
{"ts": "2026-09-23T03:46:00.820750+00:00", "trace_id": null, "stage": "embed_query", "event": "start", "model": "Qwen/Qwen3-Embedding-0.6B"}
{"ts": "2026-09-23T03:46:00.844281+00:00", "trace_id": null, "stage": "embed_query", "event": "finish", "duration_ms": 23.528, "model": "Qwen/Qwen3-Embedding-0.6B"}
{"ts": "2026-09-23T03:46:00.844324+00:00", "trace_id": null, "stage": "dense", "event": "start"}
{"ts": "2026-09-23T03:46:00.844525+00:00", "trace_id": null, "stage": "dense", "event": "finish", "duration_ms": 0.2, "candidates_out": 20}
{"ts": "2026-09-23T03:46:00.844542+00:00", "trace_id": null, "stage": "lexical", "event": "start"}
{"ts": "2026-09-23T03:46:00.844794+00:00", "trace_id": null, "stage": "lexical", "event": "finish", "duration_ms": 0.252, "candidates_out": 20}
{"ts": "2026-09-23T03:46:00.844832+00:00", "trace_id": null, "stage": "fuse", "event": "start", "candidates_in": 29}
{"ts": "2026-09-23T03:46:00.844910+00:00", "trace_id": null, "stage": "fuse", "event": "finish", "duration_ms": 0.078, "candidates_in": 29, "candidates_out": 20, "top_score": 0.03252247488101534}
{"ts": "2026-09-23T03:46:00.847717+00:00", "trace_id": null, "stage": "gate", "event": "start", "candidates_in": 5}
{"ts": "2026-09-23T03:46:00.847794+00:00", "trace_id": null, "stage": "gate", "event": "finish", "duration_ms": 0.077, "candidates_in": 5, "candidates_out": 5, "top_score": 0.0576036866359447}
{"ts": "2026-09-23T03:46:00.847824+00:00", "trace_id": null, "stage": "embed_query", "event": "start", "model": "Qwen/Qwen3-Embedding-0.6B"}
{"ts": "2026-09-23T03:46:00.869917+00:00", "trace_id": null, "stage": "embed_query", "event": "finish", "duration_ms": 22.09, "model": "Qwen/Qwen3-Embedding-0.6B"}
{"ts": "2026-09-23T03:46:00.869986+00:00", "trace_id": null, "stage": "dense", "event": "start"}
{"ts": "2026-09-23T03:46:00.870174+00:00", "trace_id": null, "stage": "dense", "event": "finish", "duration_ms": 0.189, "candidates_out": 20}
{"ts": "2026-09-23T03:46:00.870200+00:00", "trace_id": null, "stage": "lexical", "event": "start"}
{"ts": "2026-09-23T03:46:00.870481+00:00", "trace_id": null, "stage": "lexical", "event": "finish", "duration_ms": 0.281, "candidates_out": 20}
{"ts": "2026-09-23T03:46:00.870508+00:00", "trace_id": null, "stage": "fuse", "event": "start", "candidates_in": 29}
{"ts": "2026-09-23T03:46:00.870571+00:00", "trace_id": null, "stage": "fuse", "event": "finish", "duration_ms": 0.062, "candidates_in": 29, "candidates_out": 19, "top_score": 0.03252247488101534}
{"ts": "2026-09-23T03:46:00.873054+00:00", "trace_id": null, "stage": "gate", "event": "start", "candidates_in": 5}
{"ts": "2026-09-23T03:46:00.873122+00:00", "trace_id": null, "stage": "gate", "event": "finish", "duration_ms": 0.068, "candidates_in": 5, "candidates_out": 5, "top_score": 0.05280337941628264}
{"ts": "2026-09-23T03:46:00.873155+00:00", "trace_id": null, "stage": "embed_query", "event": "start", "model": "Qwen/Qwen3-Embedding-0.6B"}
{"ts": "2026-09-23T03:46:00.895439+00:00", "trace_id": null, "stage": "embed_query", "event": "finish", "duration_ms": 22.281, "model": "Qwen/Qwen3-Embedding-0.6B"}
{"ts": "2026-09-23T03:46:00.895482+00:00", "trace_id": null, "stage": "dense", "event": "start"}
{"ts": "2026-09-23T03:46:00.895671+00:00", "trace_id": null, "stage": "dense", "event": "finish", "duration_ms": 0.189, "candidates_out": 20}
{"ts": "2026-09-23T03:46:00.895688+00:00", "trace_id": null, "stage": "lexical", "event": "start"}
{"ts": "2026-09-23T03:46:00.895989+00:00", "trace_id": null, "stage": "lexical", "event": "finish", "duration_ms": 0.3, "candidates_out": 20}
{"ts": "2026-09-23T03:46:00.896020+00:00", "trace_id": null, "stage": "fuse", "event": "start", "candidates_in": 32}
{"ts": "2026-09-23T03:46:00.896097+00:00", "trace_id": null, "stage": "fuse", "event": "finish", "duration_ms": 0.077, "candidates_in": 32, "candidates_out": 21, "top_score": 0.03252247488101534}
{"ts": "2026-09-23T03:46:00.898873+00:00", "trace_id": null, "stage": "gate", "event": "start", "candidates_in": 5}
{"ts": "2026-09-23T03:46:00.898931+00:00", "trace_id": null, "stage": "gate", "event": "finish", "duration_ms": 0.058, "candidates_in": 5, "candidates_out": 5, "top_score": 0.05359701492537314}
{"ts": "2026-09-23T03:46:00.898962+00:00", "trace_id": null, "stage": "embed_query", "event": "start", "model": "Qwen/Qwen3-Embedding-0.6B"}
{"ts": "2026-09-23T03:46:00.920931+00:00", "trace_id": null, "stage": "embed_query", "event": "finish", "duration_ms": 21.966, "model": "Qwen/Qwen3-Embedding-0.6B"}
{"ts": "2026-09-23T03:46:00.920971+00:00", "trace_id": null, "stage": "dense", "event": "start"}
{"ts": "2026-09-23T03:46:00.921182+00:00", "trace_id": null, "stage": "dense", "event": "finish", "duration_ms": 0.21, "candidates_out": 20}
{"ts": "2026-09-23T03:46:00.921199+00:00", "trace_id": null, "stage": "lexical", "event": "start"}
{"ts": "2026-09-23T03:46:00.921683+00:00", "trace_id": null, "stage": "lexical", "event": "finish", "duration_ms": 0.483, "candidates_out": 20}
{"ts": "2026-09-23T03:46:00.921732+00:00", "trace_id": null, "stage": "fuse", "event": "start", "candidates_in": 35}
{"ts": "2026-09-23T03:46:00.921809+00:00", "trace_id": null, "stage": "fuse", "event": "finish", "duration_ms": 0.077, "candidates_in": 35, "candidates_out": 26, "top_score": 0.03278688524590164}
{"ts": "2026-09-23T03:46:00.925981+00:00", "trace_id": null, "stage": "gate", "event": "start", "candidates_in": 5}
{"ts": "2026-09-23T03:46:00.926034+00:00", "trace_id": null, "stage": "gate", "event": "finish", "duration_ms": 0.053, "candidates_in": 5, "candidates_out": 0, "reason": "no_confident_hit"}
{"ts": "2026-09-23T03:46:00.926061+00:00", "trace_id": null, "stage": "embed_query", "event": "start", "model": "Qwen/Qwen3-Embedding-0.6B"}
{"ts": "2026-09-23T03:46:00.948226+00:00", "trace_id": null, "stage": "embed_query", "event": "finish", "duration_ms": 22.163, "model": "Qwen/Qwen3-Embedding-0.6B"}
{"ts": "2026-09-23T03:46:00.948266+00:00", "trace_id": null, "stage": "dense", "event": "start"}
{"ts": "2026-09-23T03:46:00.948461+00:00", "trace_id": null, "stage": "dense", "event": "finish", "duration_ms": 0.195, "candidates_out": 20}
{"ts": "2026-09-23T03:46:00.948477+00:00", "trace_id": null, "stage": "lexical", "event": "start"}
{"ts": "2026-09-23T03:46:00.948719+00:00", "trace_id": null, "stage": "lexical", "event": "finish", "duration_ms": 0.242, "candidates_out": 20}
{"ts": "2026-09-23T03:46:00.948745+00:00", "trace_id": null, "stage": "fuse", "event": "start", "candidates_in": 32}
{"ts": "2026-09-23T03:46:00.948814+00:00", "trace_id": null, "stage": "fuse", "event": "finish", "duration_ms": 0.069, "candidates_in": 32, "candidates_out": 21, "top_score": 0.03252247488101534}
{"ts": "2026-09-23T03:46:00.952434+00:00", "trace_id": null, "stage": "gate", "event": "start", "candidates_in": 5}
{"ts": "2026-09-23T03:46:00.952492+00:00", "trace_id": null, "stage": "gate", "event": "finish", "duration_ms": 0.058, "candidates_in": 5, "candidates_out": 5, "top_score": 0.034579918032786885}
{"ts": "2026-09-23T03:46:00.952524+00:00", "trace_id": null, "stage": "embed_query", "event": "start", "model": "Qwen/Qwen3-Embedding-0.6B"}
{"ts": "2026-09-23T03:46:00.976181+00:00", "trace_id": null, "stage": "embed_query", "event": "finish", "duration_ms": 23.654, "model": "Qwen/Qwen3-Embedding-0.6B"}
{"ts": "2026-09-23T03:46:00.976229+00:00", "trace_id": null, "stage": "dense", "event": "start"}
{"ts": "2026-09-23T03:46:00.976434+00:00", "trace_id": null, "stage": "dense", "event": "finish", "duration_ms": 0.205, "candidates_out": 20}
{"ts": "2026-09-23T03:46:00.976456+00:00", "trace_id": null, "stage": "lexical", "event": "start"}
{"ts": "2026-09-23T03:46:00.976718+00:00", "trace_id": null, "stage": "lexical", "event": "finish", "duration_ms": 0.262, "candidates_out": 20}
{"ts": "2026-09-23T03:46:00.976744+00:00", "trace_id": null, "stage": "fuse", "event": "start", "candidates_in": 33}
{"ts": "2026-09-23T03:46:00.976809+00:00", "trace_id": null, "stage": "fuse", "event": "finish", "duration_ms": 0.064, "candidates_in": 33, "candidates_out": 22, "top_score": 0.03278688524590164}
{"ts": "2026-09-23T03:46:00.980870+00:00", "trace_id": null, "stage": "gate", "event": "start", "candidates_in": 5}
{"ts": "2026-09-23T03:46:00.980955+00:00", "trace_id": null, "stage": "gate", "event": "finish", "duration_ms": 0.084, "candidates_in": 5, "candidates_out": 5, "top_score": 0.054098360655737705}
{"ts": "2026-09-23T03:46:00.980983+00:00", "trace_id": null, "stage": "embed_query", "event": "start", "model": "Qwen/Qwen3-Embedding-0.6B"}
{"ts": "2026-09-23T03:46:01.004389+00:00", "trace_id": null, "stage": "embed_query", "event": "finish", "duration_ms": 23.403, "model": "Qwen/Qwen3-Embedding-0.6B"}
{"ts": "2026-09-23T03:46:01.004430+00:00", "trace_id": null, "stage": "dense", "event": "start"}
{"ts": "2026-09-23T03:46:01.004744+00:00", "trace_id": null, "stage": "dense", "event": "finish", "duration_ms": 0.314, "candidates_out": 20}
{"ts": "2026-09-23T03:46:01.004850+00:00", "trace_id": null, "stage": "lexical", "event": "start"}
{"ts": "2026-09-23T03:46:01.005176+00:00", "trace_id": null, "stage": "lexical", "event": "finish", "duration_ms": 0.327, "candidates_out": 20}
{"ts": "2026-09-23T03:46:01.005204+00:00", "trace_id": null, "stage": "fuse", "event": "start", "candidates_in": 33}
{"ts": "2026-09-23T03:46:01.005284+00:00", "trace_id": null, "stage": "fuse", "event": "finish", "duration_ms": 0.08, "candidates_in": 33, "candidates_out": 22, "top_score": 0.03278688524590164}
{"ts": "2026-09-23T03:46:01.008866+00:00", "trace_id": null, "stage": "gate", "event": "start", "candidates_in": 5}
{"ts": "2026-09-23T03:46:01.008939+00:00", "trace_id": null, "stage": "gate", "event": "finish", "duration_ms": 0.074, "candidates_in": 5, "candidates_out": 5, "top_score": 0.054098360655737705}
{"ts": "2026-09-23T03:46:01.008965+00:00", "trace_id": null, "stage": "embed_query", "event": "start", "model": "Qwen/Qwen3-Embedding-0.6B"}
{"ts": "2026-09-23T03:46:01.032804+00:00", "trace_id": null, "stage": "embed_query", "event": "finish", "duration_ms": 23.836, "model": "Qwen/Qwen3-Embedding-0.6B"}
{"ts": "2026-09-23T03:46:01.032856+00:00", "trace_id": null, "stage": "dense", "event": "start"}
{"ts": "2026-09-23T03:46:01.033118+00:00", "trace_id": null, "stage": "dense", "event": "finish", "duration_ms": 0.261, "candidates_out": 20}
{"ts": "2026-09-23T03:46:01.033146+00:00", "trace_id": null, "stage": "lexical", "event": "start"}
{"ts": "2026-09-23T03:46:01.033477+00:00", "trace_id": null, "stage": "lexical", "event": "finish", "duration_ms": 0.33, "candidates_out": 20}
{"ts": "2026-09-23T03:46:01.033512+00:00", "trace_id": null, "stage": "fuse", "event": "start", "candidates_in": 33}
{"ts": "2026-09-23T03:46:01.033634+00:00", "trace_id": null, "stage": "fuse", "event": "finish", "duration_ms": 0.122, "candidates_in": 33, "candidates_out": 22, "top_score": 0.03278688524590164}
{"ts": "2026-09-23T03:46:01.036791+00:00", "trace_id": null, "stage": "gate", "event": "start", "candidates_in": 5}
{"ts": "2026-09-23T03:46:01.036862+00:00", "trace_id": null, "stage": "gate", "event": "finish", "duration_ms": 0.071, "candidates_in": 5, "candidates_out": 5, "top_score": 0.054098360655737705}
{"ts": "2026-09-23T03:46:01.036892+00:00", "trace_id": null, "stage": "embed_query", "event": "start", "model": "Qwen/Qwen3-Embedding-0.6B"}
{"ts": "2026-09-23T03:46:01.060469+00:00", "trace_id": null, "stage": "embed_query", "event": "finish", "duration_ms": 23.574, "model": "Qwen/Qwen3-Embedding-0.6B"}
{"ts": "2026-09-23T03:46:01.060521+00:00", "trace_id": null, "stage": "dense", "event": "start"}
{"ts": "2026-09-23T03:46:01.060776+00:00", "trace_id": null, "stage": "dense", "event": "finish", "duration_ms": 0.254, "candidates_out": 20}
{"ts": "2026-09-23T03:46:01.060802+00:00", "trace_id": null, "stage": "lexical", "event": "start"}
{"ts": "2026-09-23T03:46:01.061126+00:00", "trace_id": null, "stage": "lexical", "event": "finish", "duration_ms": 0.324, "candidates_out": 20}
{"ts": "2026-09-23T03:46:01.061152+00:00", "trace_id": null, "stage": "fuse", "event": "start", "candidates_in": 32}
{"ts": "2026-09-23T03:46:01.061259+00:00", "trace_id": null, "stage": "fuse", "event": "finish", "duration_ms": 0.106, "candidates_in": 32, "candidates_out": 22, "top_score": 0.03278688524590164}
{"ts": "2026-09-23T03:46:01.064050+00:00", "trace_id": null, "stage": "gate", "event": "start", "candidates_in": 5}
{"ts": "2026-09-23T03:46:01.064136+00:00", "trace_id": null, "stage": "gate", "event": "finish", "duration_ms": 0.088, "candidates_in": 5, "candidates_out": 5, "top_score": 0.05901639344262295}
{"ts": "2026-09-23T03:46:01.064182+00:00", "trace_id": null, "stage": "embed_query", "event": "start", "model": "Qwen/Qwen3-Embedding-0.6B"}
{"ts": "2026-09-23T03:46:01.088131+00:00", "trace_id": null, "stage": "embed_query", "event": "finish", "duration_ms": 23.944, "model": "Qwen/Qwen3-Embedding-0.6B"}
{"ts": "2026-09-23T03:46:01.088181+00:00", "trace_id": null, "stage": "dense", "event": "start"}
{"ts": "2026-09-23T03:46:01.088402+00:00", "trace_id": null, "stage": "dense", "event": "finish", "duration_ms": 0.219, "candidates_out": 20}
{"ts": "2026-09-23T03:46:01.088437+00:00", "trace_id": null, "stage": "lexical", "event": "start"}
{"ts": "2026-09-23T03:46:01.088728+00:00", "trace_id": null, "stage": "lexical", "event": "finish", "duration_ms": 0.29, "candidates_out": 20}
{"ts": "2026-09-23T03:46:01.088769+00:00", "trace_id": null, "stage": "fuse", "event": "start", "candidates_in": 31}
{"ts": "2026-09-23T03:46:01.088864+00:00", "trace_id": null, "stage": "fuse", "event": "finish", "duration_ms": 0.095, "candidates_in": 31, "candidates_out": 22, "top_score": 0.03278688524590164}
{"ts": "2026-09-23T03:46:01.093756+00:00", "trace_id": null, "stage": "gate", "event": "start", "candidates_in": 5}
{"ts": "2026-09-23T03:46:01.093825+00:00", "trace_id": null, "stage": "gate", "event": "finish", "duration_ms": 0.069, "candidates_in": 5, "candidates_out": 5, "top_score": 0.14065573770491804}
{"ts": "2026-09-23T03:46:01.093854+00:00", "trace_id": null, "stage": "embed_query", "event": "start", "model": "Qwen/Qwen3-Embedding-0.6B"}
{"ts": "2026-09-23T03:46:01.117165+00:00", "trace_id": null, "stage": "embed_query", "event": "finish", "duration_ms": 23.306, "model": "Qwen/Qwen3-Embedding-0.6B"}
{"ts": "2026-09-23T03:46:01.117212+00:00", "trace_id": null, "stage": "dense", "event": "start"}
{"ts": "2026-09-23T03:46:01.117420+00:00", "trace_id": null, "stage": "dense", "event": "finish", "duration_ms": 0.208, "candidates_out": 20}
{"ts": "2026-09-23T03:46:01.117440+00:00", "trace_id": null, "stage": "lexical", "event": "start"}
{"ts": "2026-09-23T03:46:01.117679+00:00", "trace_id": null, "stage": "lexical", "event": "finish", "duration_ms": 0.238, "candidates_out": 20}
{"ts": "2026-09-23T03:46:01.117704+00:00", "trace_id": null, "stage": "fuse", "event": "start", "candidates_in": 34}
{"ts": "2026-09-23T03:46:01.117813+00:00", "trace_id": null, "stage": "fuse", "event": "finish", "duration_ms": 0.108, "candidates_in": 34, "candidates_out": 23, "top_score": 0.03252247488101534}
{"ts": "2026-09-23T03:46:01.121072+00:00", "trace_id": null, "stage": "gate", "event": "start", "candidates_in": 5}
{"ts": "2026-09-23T03:46:01.121133+00:00", "trace_id": null, "stage": "gate", "event": "finish", "duration_ms": 0.061, "candidates_in": 5, "candidates_out": 5, "top_score": 0.03252247488101534}
{"ts": "2026-09-23T03:46:01.121162+00:00", "trace_id": null, "stage": "embed_query", "event": "start", "model": "Qwen/Qwen3-Embedding-0.6B"}
{"ts": "2026-09-23T03:46:01.144383+00:00", "trace_id": null, "stage": "embed_query", "event": "finish", "duration_ms": 23.216, "model": "Qwen/Qwen3-Embedding-0.6B"}
{"ts": "2026-09-23T03:46:01.144438+00:00", "trace_id": null, "stage": "dense", "event": "start"}
{"ts": "2026-09-23T03:46:01.144664+00:00", "trace_id": null, "stage": "dense", "event": "finish", "duration_ms": 0.225, "candidates_out": 20}
{"ts": "2026-09-23T03:46:01.144693+00:00", "trace_id": null, "stage": "lexical", "event": "start"}
{"ts": "2026-09-23T03:46:01.144973+00:00", "trace_id": null, "stage": "lexical", "event": "finish", "duration_ms": 0.28, "candidates_out": 20}
{"ts": "2026-09-23T03:46:01.145002+00:00", "trace_id": null, "stage": "fuse", "event": "start", "candidates_in": 33}
{"ts": "2026-09-23T03:46:01.145079+00:00", "trace_id": null, "stage": "fuse", "event": "finish", "duration_ms": 0.076, "candidates_in": 33, "candidates_out": 20, "top_score": 0.03225806451612903}
{"ts": "2026-09-23T03:46:01.147635+00:00", "trace_id": null, "stage": "gate", "event": "start", "candidates_in": 5}
{"ts": "2026-09-23T03:46:01.147695+00:00", "trace_id": null, "stage": "gate", "event": "finish", "duration_ms": 0.06, "candidates_in": 5, "candidates_out": 5, "top_score": 0.0532258064516129}
{"ts": "2026-09-23T03:46:01.147721+00:00", "trace_id": null, "stage": "embed_query", "event": "start", "model": "Qwen/Qwen3-Embedding-0.6B"}
{"ts": "2026-09-23T03:46:01.169833+00:00", "trace_id": null, "stage": "embed_query", "event": "finish", "duration_ms": 22.109, "model": "Qwen/Qwen3-Embedding-0.6B"}
{"ts": "2026-09-23T03:46:01.169882+00:00", "trace_id": null, "stage": "dense", "event": "start"}
{"ts": "2026-09-23T03:46:01.170090+00:00", "trace_id": null, "stage": "dense", "event": "finish", "duration_ms": 0.208, "candidates_out": 20}
{"ts": "2026-09-23T03:46:01.170110+00:00", "trace_id": null, "stage": "lexical", "event": "start"}
{"ts": "2026-09-23T03:46:01.170374+00:00", "trace_id": null, "stage": "lexical", "event": "finish", "duration_ms": 0.263, "candidates_out": 20}
{"ts": "2026-09-23T03:46:01.170408+00:00", "trace_id": null, "stage": "fuse", "event": "start", "candidates_in": 34}
{"ts": "2026-09-23T03:46:01.170497+00:00", "trace_id": null, "stage": "fuse", "event": "finish", "duration_ms": 0.089, "candidates_in": 34, "candidates_out": 24, "top_score": 0.03278688524590164}
{"ts": "2026-09-23T03:46:01.174352+00:00", "trace_id": null, "stage": "gate", "event": "start", "candidates_in": 5}
{"ts": "2026-09-23T03:46:01.174426+00:00", "trace_id": null, "stage": "gate", "event": "finish", "duration_ms": 0.074, "candidates_in": 5, "candidates_out": 5, "top_score": 0.03278688524590164}
{"ts": "2026-09-23T03:46:01.174467+00:00", "trace_id": null, "stage": "embed_query", "event": "start", "model": "Qwen/Qwen3-Embedding-0.6B"}
{"ts": "2026-09-23T03:46:01.196472+00:00", "trace_id": null, "stage": "embed_query", "event": "finish", "duration_ms": 22.002, "model": "Qwen/Qwen3-Embedding-0.6B"}
{"ts": "2026-09-23T03:46:01.196509+00:00", "trace_id": null, "stage": "dense", "event": "start"}
{"ts": "2026-09-23T03:46:01.196719+00:00", "trace_id": null, "stage": "dense", "event": "finish", "duration_ms": 0.21, "candidates_out": 20}
{"ts": "2026-09-23T03:46:01.196761+00:00", "trace_id": null, "stage": "lexical", "event": "start"}
{"ts": "2026-09-23T03:46:01.197087+00:00", "trace_id": null, "stage": "lexical", "event": "finish", "duration_ms": 0.326, "candidates_out": 20}
{"ts": "2026-09-23T03:46:01.197114+00:00", "trace_id": null, "stage": "fuse", "event": "start", "candidates_in": 34}
{"ts": "2026-09-23T03:46:01.197182+00:00", "trace_id": null, "stage": "fuse", "event": "finish", "duration_ms": 0.067, "candidates_in": 34, "candidates_out": 26, "top_score": 0.03278688524590164}
{"ts": "2026-09-23T03:46:01.201886+00:00", "trace_id": null, "stage": "gate", "event": "start", "candidates_in": 5}
{"ts": "2026-09-23T03:46:01.201949+00:00", "trace_id": null, "stage": "gate", "event": "finish", "duration_ms": 0.063, "candidates_in": 5, "candidates_out": 5, "top_score": 0.08524590163934427}
{"ts": "2026-09-23T03:46:01.201980+00:00", "trace_id": null, "stage": "embed_query", "event": "start", "model": "Qwen/Qwen3-Embedding-0.6B"}
{"ts": "2026-09-23T03:46:01.224399+00:00", "trace_id": null, "stage": "embed_query", "event": "finish", "duration_ms": 22.418, "model": "Qwen/Qwen3-Embedding-0.6B"}
{"ts": "2026-09-23T03:46:01.224437+00:00", "trace_id": null, "stage": "dense", "event": "start"}
{"ts": "2026-09-23T03:46:01.224639+00:00", "trace_id": null, "stage": "dense", "event": "finish", "duration_ms": 0.202, "candidates_out": 20}
{"ts": "2026-09-23T03:46:01.224657+00:00", "trace_id": null, "stage": "lexical", "event": "start"}
{"ts": "2026-09-23T03:46:01.225040+00:00", "trace_id": null, "stage": "lexical", "event": "finish", "duration_ms": 0.382, "candidates_out": 20}
{"ts": "2026-09-23T03:46:01.225073+00:00", "trace_id": null, "stage": "fuse", "event": "start", "candidates_in": 34}
{"ts": "2026-09-23T03:46:01.225156+00:00", "trace_id": null, "stage": "fuse", "event": "finish", "duration_ms": 0.082, "candidates_in": 34, "candidates_out": 26, "top_score": 0.03278688524590164}
{"ts": "2026-09-23T03:46:01.230016+00:00", "trace_id": null, "stage": "gate", "event": "start", "candidates_in": 5}
{"ts": "2026-09-23T03:46:01.230093+00:00", "trace_id": null, "stage": "gate", "event": "finish", "duration_ms": 0.077, "candidates_in": 5, "candidates_out": 5, "top_score": 0.05901639344262295}
{"ts": "2026-09-23T03:46:01.230122+00:00", "trace_id": null, "stage": "embed_query", "event": "start", "model": "Qwen/Qwen3-Embedding-0.6B"}
{"ts": "2026-09-23T03:46:01.252102+00:00", "trace_id": null, "stage": "embed_query", "event": "finish", "duration_ms": 21.978, "model": "Qwen/Qwen3-Embedding-0.6B"}
{"ts": "2026-09-23T03:46:01.252146+00:00", "trace_id": null, "stage": "dense", "event": "start"}
{"ts": "2026-09-23T03:46:01.252342+00:00", "trace_id": null, "stage": "dense", "event": "finish", "duration_ms": 0.196, "candidates_out": 20}
{"ts": "2026-09-23T03:46:01.252364+00:00", "trace_id": null, "stage": "lexical", "event": "start"}
{"ts": "2026-09-23T03:46:01.252617+00:00", "trace_id": null, "stage": "lexical", "event": "finish", "duration_ms": 0.253, "candidates_out": 20}
{"ts": "2026-09-23T03:46:01.252643+00:00", "trace_id": null, "stage": "fuse", "event": "start", "candidates_in": 32}
{"ts": "2026-09-23T03:46:01.252719+00:00", "trace_id": null, "stage": "fuse", "event": "finish", "duration_ms": 0.076, "candidates_in": 32, "candidates_out": 20, "top_score": 0.03278688524590164}
{"ts": "2026-09-23T03:46:01.255382+00:00", "trace_id": null, "stage": "gate", "event": "start", "candidates_in": 5}
{"ts": "2026-09-23T03:46:01.255451+00:00", "trace_id": null, "stage": "gate", "event": "finish", "duration_ms": 0.07, "candidates_in": 5, "candidates_out": 5, "top_score": 0.09737704918032787}
{"ts": "2026-09-23T03:46:01.255489+00:00", "trace_id": null, "stage": "embed_query", "event": "start", "model": "Qwen/Qwen3-Embedding-0.6B"}
{"ts": "2026-09-23T03:46:01.277699+00:00", "trace_id": null, "stage": "embed_query", "event": "finish", "duration_ms": 22.208, "model": "Qwen/Qwen3-Embedding-0.6B"}
{"ts": "2026-09-23T03:46:01.277746+00:00", "trace_id": null, "stage": "dense", "event": "start"}
{"ts": "2026-09-23T03:46:01.277957+00:00", "trace_id": null, "stage": "dense", "event": "finish", "duration_ms": 0.21, "candidates_out": 20}
{"ts": "2026-09-23T03:46:01.277982+00:00", "trace_id": null, "stage": "lexical", "event": "start"}
{"ts": "2026-09-23T03:46:01.278242+00:00", "trace_id": null, "stage": "lexical", "event": "finish", "duration_ms": 0.26, "candidates_out": 20}
{"ts": "2026-09-23T03:46:01.278269+00:00", "trace_id": null, "stage": "fuse", "event": "start", "candidates_in": 33}
{"ts": "2026-09-23T03:46:01.278349+00:00", "trace_id": null, "stage": "fuse", "event": "finish", "duration_ms": 0.079, "candidates_in": 33, "candidates_out": 25, "top_score": 0.032018442622950824}
{"ts": "2026-09-23T03:46:01.282567+00:00", "trace_id": null, "stage": "gate", "event": "start", "candidates_in": 5}
{"ts": "2026-09-23T03:46:01.282628+00:00", "trace_id": null, "stage": "gate", "event": "finish", "duration_ms": 0.061, "candidates_in": 5, "candidates_out": 5, "top_score": 0.09509477459016394}
{"ts": "2026-09-23T03:46:01.282653+00:00", "trace_id": null, "stage": "embed_query", "event": "start", "model": "Qwen/Qwen3-Embedding-0.6B"}
{"ts": "2026-09-23T03:46:01.305714+00:00", "trace_id": null, "stage": "embed_query", "event": "finish", "duration_ms": 23.057, "model": "Qwen/Qwen3-Embedding-0.6B"}
{"ts": "2026-09-23T03:46:01.305770+00:00", "trace_id": null, "stage": "dense", "event": "start"}
{"ts": "2026-09-23T03:46:01.306001+00:00", "trace_id": null, "stage": "dense", "event": "finish", "duration_ms": 0.231, "candidates_out": 20}
{"ts": "2026-09-23T03:46:01.306028+00:00", "trace_id": null, "stage": "lexical", "event": "start"}
{"ts": "2026-09-23T03:46:01.306349+00:00", "trace_id": null, "stage": "lexical", "event": "finish", "duration_ms": 0.321, "candidates_out": 20}
{"ts": "2026-09-23T03:46:01.306380+00:00", "trace_id": null, "stage": "fuse", "event": "start", "candidates_in": 34}
{"ts": "2026-09-23T03:46:01.306465+00:00", "trace_id": null, "stage": "fuse", "event": "finish", "duration_ms": 0.084, "candidates_in": 34, "candidates_out": 22, "top_score": 0.03278688524590164}
{"ts": "2026-09-23T03:46:01.311547+00:00", "trace_id": null, "stage": "gate", "event": "start", "candidates_in": 5}
{"ts": "2026-09-23T03:46:01.311603+00:00", "trace_id": null, "stage": "gate", "event": "finish", "duration_ms": 0.056, "candidates_in": 5, "candidates_out": 5, "top_score": 0.054098360655737705}
{"ts": "2026-09-23T03:46:01.311629+00:00", "trace_id": null, "stage": "embed_query", "event": "start", "model": "Qwen/Qwen3-Embedding-0.6B"}
{"ts": "2026-09-23T03:46:01.334373+00:00", "trace_id": null, "stage": "embed_query", "event": "finish", "duration_ms": 22.741, "model": "Qwen/Qwen3-Embedding-0.6B"}
{"ts": "2026-09-23T03:46:01.334512+00:00", "trace_id": null, "stage": "dense", "event": "start"}
{"ts": "2026-09-23T03:46:01.334717+00:00", "trace_id": null, "stage": "dense", "event": "finish", "duration_ms": 0.205, "candidates_out": 20}
{"ts": "2026-09-23T03:46:01.334742+00:00", "trace_id": null, "stage": "lexical", "event": "start"}
{"ts": "2026-09-23T03:46:01.334960+00:00", "trace_id": null, "stage": "lexical", "event": "finish", "duration_ms": 0.218, "candidates_out": 20}
{"ts": "2026-09-23T03:46:01.334986+00:00", "trace_id": null, "stage": "fuse", "event": "start", "candidates_in": 30}
{"ts": "2026-09-23T03:46:01.335064+00:00", "trace_id": null, "stage": "fuse", "event": "finish", "duration_ms": 0.078, "candidates_in": 30, "candidates_out": 25, "top_score": 0.03278688524590164}
{"ts": "2026-09-23T03:46:01.341209+00:00", "trace_id": null, "stage": "gate", "event": "start", "candidates_in": 5}
{"ts": "2026-09-23T03:46:01.341293+00:00", "trace_id": null, "stage": "gate", "event": "finish", "duration_ms": 0.087, "candidates_in": 5, "candidates_out": 5, "top_score": 0.11147540983606559}
{"ts": "2026-09-23T03:46:01.341323+00:00", "trace_id": null, "stage": "embed_query", "event": "start", "model": "Qwen/Qwen3-Embedding-0.6B"}
{"ts": "2026-09-23T03:46:01.364614+00:00", "trace_id": null, "stage": "embed_query", "event": "finish", "duration_ms": 23.288, "model": "Qwen/Qwen3-Embedding-0.6B"}
{"ts": "2026-09-23T03:46:01.364662+00:00", "trace_id": null, "stage": "dense", "event": "start"}
{"ts": "2026-09-23T03:46:01.364880+00:00", "trace_id": null, "stage": "dense", "event": "finish", "duration_ms": 0.218, "candidates_out": 20}
{"ts": "2026-09-23T03:46:01.364902+00:00", "trace_id": null, "stage": "lexical", "event": "start"}
{"ts": "2026-09-23T03:46:01.365238+00:00", "trace_id": null, "stage": "lexical", "event": "finish", "duration_ms": 0.335, "candidates_out": 20}
{"ts": "2026-09-23T03:46:01.365273+00:00", "trace_id": null, "stage": "fuse", "event": "start", "candidates_in": 30}
{"ts": "2026-09-23T03:46:01.365385+00:00", "trace_id": null, "stage": "fuse", "event": "finish", "duration_ms": 0.112, "candidates_in": 30, "candidates_out": 22, "top_score": 0.03278688524590164}
{"ts": "2026-09-23T03:46:01.375833+00:00", "trace_id": null, "stage": "gate", "event": "start", "candidates_in": 5}
{"ts": "2026-09-23T03:46:01.376026+00:00", "trace_id": null, "stage": "gate", "event": "finish", "duration_ms": 0.197, "candidates_in": 5, "candidates_out": 5, "top_score": 0.09428571428571428}
{"ts": "2026-09-23T03:46:01.376090+00:00", "trace_id": null, "stage": "embed_query", "event": "start", "model": "Qwen/Qwen3-Embedding-0.6B"}
{"ts": "2026-09-23T03:46:01.411779+00:00", "trace_id": null, "stage": "embed_query", "event": "finish", "duration_ms": 35.685, "model": "Qwen/Qwen3-Embedding-0.6B"}
{"ts": "2026-09-23T03:46:01.411879+00:00", "trace_id": null, "stage": "dense", "event": "start"}
{"ts": "2026-09-23T03:46:01.412483+00:00", "trace_id": null, "stage": "dense", "event": "finish", "duration_ms": 0.603, "candidates_out": 20}
{"ts": "2026-09-23T03:46:01.412534+00:00", "trace_id": null, "stage": "lexical", "event": "start"}
{"ts": "2026-09-23T03:46:01.413167+00:00", "trace_id": null, "stage": "lexical", "event": "finish", "duration_ms": 0.631, "candidates_out": 20}
{"ts": "2026-09-23T03:46:01.413278+00:00", "trace_id": null, "stage": "fuse", "event": "start", "candidates_in": 30}
{"ts": "2026-09-23T03:46:01.413506+00:00", "trace_id": null, "stage": "fuse", "event": "finish", "duration_ms": 0.23, "candidates_in": 30, "candidates_out": 21, "top_score": 0.03252247488101534}
{"ts": "2026-09-23T03:46:01.421109+00:00", "trace_id": null, "stage": "gate", "event": "start", "candidates_in": 5}
{"ts": "2026-09-23T03:46:01.421217+00:00", "trace_id": null, "stage": "gate", "event": "finish", "duration_ms": 0.11, "candidates_in": 5, "candidates_out": 5, "top_score": 0.13842310694769713}
{"ts": "2026-09-23T03:46:01.421256+00:00", "trace_id": null, "stage": "embed_query", "event": "start", "model": "Qwen/Qwen3-Embedding-0.6B"}
{"ts": "2026-09-23T03:46:01.451303+00:00", "trace_id": null, "stage": "embed_query", "event": "finish", "duration_ms": 30.045, "model": "Qwen/Qwen3-Embedding-0.6B"}
{"ts": "2026-09-23T03:46:01.451347+00:00", "trace_id": null, "stage": "dense", "event": "start"}
{"ts": "2026-09-23T03:46:01.451576+00:00", "trace_id": null, "stage": "dense", "event": "finish", "duration_ms": 0.229, "candidates_out": 20}
{"ts": "2026-09-23T03:46:01.451604+00:00", "trace_id": null, "stage": "lexical", "event": "start"}
{"ts": "2026-09-23T03:46:01.451857+00:00", "trace_id": null, "stage": "lexical", "event": "finish", "duration_ms": 0.253, "candidates_out": 19}
{"ts": "2026-09-23T03:46:01.451885+00:00", "trace_id": null, "stage": "fuse", "event": "start", "candidates_in": 26}
{"ts": "2026-09-23T03:46:01.451968+00:00", "trace_id": null, "stage": "fuse", "event": "finish", "duration_ms": 0.081, "candidates_in": 26, "candidates_out": 16, "top_score": 0.03278688524590164}
{"ts": "2026-09-23T03:46:01.454916+00:00", "trace_id": null, "stage": "gate", "event": "start", "candidates_in": 5}
{"ts": "2026-09-23T03:46:01.454994+00:00", "trace_id": null, "stage": "gate", "event": "finish", "duration_ms": 0.078, "candidates_in": 5, "candidates_out": 5, "top_score": 0.14065573770491804}
{"ts": "2026-09-23T03:46:01.455021+00:00", "trace_id": null, "stage": "embed_query", "event": "start", "model": "Qwen/Qwen3-Embedding-0.6B"}
{"ts": "2026-09-23T03:46:01.477751+00:00", "trace_id": null, "stage": "embed_query", "event": "finish", "duration_ms": 22.727, "model": "Qwen/Qwen3-Embedding-0.6B"}
{"ts": "2026-09-23T03:46:01.477800+00:00", "trace_id": null, "stage": "dense", "event": "start"}
{"ts": "2026-09-23T03:46:01.478010+00:00", "trace_id": null, "stage": "dense", "event": "finish", "duration_ms": 0.21, "candidates_out": 20}
{"ts": "2026-09-23T03:46:01.478035+00:00", "trace_id": null, "stage": "lexical", "event": "start"}
{"ts": "2026-09-23T03:46:01.478241+00:00", "trace_id": null, "stage": "lexical", "event": "finish", "duration_ms": 0.206, "candidates_out": 14}
{"ts": "2026-09-23T03:46:01.478269+00:00", "trace_id": null, "stage": "fuse", "event": "start", "candidates_in": 26}
{"ts": "2026-09-23T03:46:01.478325+00:00", "trace_id": null, "stage": "fuse", "event": "finish", "duration_ms": 0.056, "candidates_in": 26, "candidates_out": 16, "top_score": 0.03278688524590164}
{"ts": "2026-09-23T03:46:01.480674+00:00", "trace_id": null, "stage": "gate", "event": "start", "candidates_in": 5}
{"ts": "2026-09-23T03:46:01.480751+00:00", "trace_id": null, "stage": "gate", "event": "finish", "duration_ms": 0.077, "candidates_in": 5, "candidates_out": 5, "top_score": 0.11147540983606559}
{"ts": "2026-09-23T03:46:01.480786+00:00", "trace_id": null, "stage": "embed_query", "event": "start", "model": "Qwen/Qwen3-Embedding-0.6B"}
{"ts": "2026-09-23T03:46:01.504202+00:00", "trace_id": null, "stage": "embed_query", "event": "finish", "duration_ms": 23.413, "model": "Qwen/Qwen3-Embedding-0.6B"}
{"ts": "2026-09-23T03:46:01.504250+00:00", "trace_id": null, "stage": "dense", "event": "start"}
{"ts": "2026-09-23T03:46:01.504453+00:00", "trace_id": null, "stage": "dense", "event": "finish", "duration_ms": 0.203, "candidates_out": 20}
{"ts": "2026-09-23T03:46:01.504476+00:00", "trace_id": null, "stage": "lexical", "event": "start"}
{"ts": "2026-09-23T03:46:01.504738+00:00", "trace_id": null, "stage": "lexical", "event": "finish", "duration_ms": 0.261, "candidates_out": 20}
{"ts": "2026-09-23T03:46:01.504765+00:00", "trace_id": null, "stage": "fuse", "event": "start", "candidates_in": 28}
{"ts": "2026-09-23T03:46:01.504853+00:00", "trace_id": null, "stage": "fuse", "event": "finish", "duration_ms": 0.087, "candidates_in": 28, "candidates_out": 22, "top_score": 0.03252247488101534}
{"ts": "2026-09-23T03:46:01.509723+00:00", "trace_id": null, "stage": "gate", "event": "start", "candidates_in": 5}
{"ts": "2026-09-23T03:46:01.509791+00:00", "trace_id": null, "stage": "gate", "event": "finish", "duration_ms": 0.068, "candidates_in": 5, "candidates_out": 5, "top_score": 0.09659175039661555}
{"ts": "2026-09-23T03:46:01.509821+00:00", "trace_id": null, "stage": "embed_query", "event": "start", "model": "Qwen/Qwen3-Embedding-0.6B"}
{"ts": "2026-09-23T03:46:01.532752+00:00", "trace_id": null, "stage": "embed_query", "event": "finish", "duration_ms": 22.928, "model": "Qwen/Qwen3-Embedding-0.6B"}
{"ts": "2026-09-23T03:46:01.532795+00:00", "trace_id": null, "stage": "dense", "event": "start"}
{"ts": "2026-09-23T03:46:01.532993+00:00", "trace_id": null, "stage": "dense", "event": "finish", "duration_ms": 0.198, "candidates_out": 20}
{"ts": "2026-09-23T03:46:01.533010+00:00", "trace_id": null, "stage": "lexical", "event": "start"}
{"ts": "2026-09-23T03:46:01.533281+00:00", "trace_id": null, "stage": "lexical", "event": "finish", "duration_ms": 0.27, "candidates_out": 20}
{"ts": "2026-09-23T03:46:01.533314+00:00", "trace_id": null, "stage": "fuse", "event": "start", "candidates_in": 30}
{"ts": "2026-09-23T03:46:01.533396+00:00", "trace_id": null, "stage": "fuse", "event": "finish", "duration_ms": 0.082, "candidates_in": 30, "candidates_out": 21, "top_score": 0.032266458495966696}
{"ts": "2026-09-23T03:46:01.537694+00:00", "trace_id": null, "stage": "gate", "event": "start", "candidates_in": 5}
{"ts": "2026-09-23T03:46:01.537759+00:00", "trace_id": null, "stage": "gate", "event": "finish", "duration_ms": 0.065, "candidates_in": 5, "candidates_out": 5, "top_score": 0.05038461538461538}
{"ts": "2026-09-23T03:46:01.537792+00:00", "trace_id": null, "stage": "embed_query", "event": "start", "model": "Qwen/Qwen3-Embedding-0.6B"}
{"ts": "2026-09-23T03:46:01.560673+00:00", "trace_id": null, "stage": "embed_query", "event": "finish", "duration_ms": 22.879, "model": "Qwen/Qwen3-Embedding-0.6B"}
{"ts": "2026-09-23T03:46:01.560719+00:00", "trace_id": null, "stage": "dense", "event": "start"}
{"ts": "2026-09-23T03:46:01.560912+00:00", "trace_id": null, "stage": "dense", "event": "finish", "duration_ms": 0.193, "candidates_out": 20}
{"ts": "2026-09-23T03:46:01.560935+00:00", "trace_id": null, "stage": "lexical", "event": "start"}
{"ts": "2026-09-23T03:46:01.561211+00:00", "trace_id": null, "stage": "lexical", "event": "finish", "duration_ms": 0.276, "candidates_out": 20}
{"ts": "2026-09-23T03:46:01.561238+00:00", "trace_id": null, "stage": "fuse", "event": "start", "candidates_in": 27}
{"ts": "2026-09-23T03:46:01.561313+00:00", "trace_id": null, "stage": "fuse", "event": "finish", "duration_ms": 0.075, "candidates_in": 27, "candidates_out": 19, "top_score": 0.032266458495966696}
{"ts": "2026-09-23T03:46:01.566042+00:00", "trace_id": null, "stage": "gate", "event": "start", "candidates_in": 5}
{"ts": "2026-09-23T03:46:01.566362+00:00", "trace_id": null, "stage": "gate", "event": "finish", "duration_ms": 0.324, "candidates_in": 5, "candidates_out": 6, "top_score": 0.04817774936061381}
{"ts": "2026-09-23T03:46:01.566397+00:00", "trace_id": null, "stage": "embed_query", "event": "start", "model": "Qwen/Qwen3-Embedding-0.6B"}
{"ts": "2026-09-23T03:46:01.589180+00:00", "trace_id": null, "stage": "embed_query", "event": "finish", "duration_ms": 22.779, "model": "Qwen/Qwen3-Embedding-0.6B"}
{"ts": "2026-09-23T03:46:01.589231+00:00", "trace_id": null, "stage": "dense", "event": "start"}
{"ts": "2026-09-23T03:46:01.589497+00:00", "trace_id": null, "stage": "dense", "event": "finish", "duration_ms": 0.265, "candidates_out": 20}
{"ts": "2026-09-23T03:46:01.589577+00:00", "trace_id": null, "stage": "lexical", "event": "start"}
{"ts": "2026-09-23T03:46:01.589915+00:00", "trace_id": null, "stage": "lexical", "event": "finish", "duration_ms": 0.338, "candidates_out": 20}
{"ts": "2026-09-23T03:46:01.589952+00:00", "trace_id": null, "stage": "fuse", "event": "start", "candidates_in": 25}
{"ts": "2026-09-23T03:46:01.590039+00:00", "trace_id": null, "stage": "fuse", "event": "finish", "duration_ms": 0.087, "candidates_in": 25, "candidates_out": 19, "top_score": 0.032018442622950824}
{"ts": "2026-09-23T03:46:01.593013+00:00", "trace_id": null, "stage": "gate", "event": "start", "candidates_in": 5}
{"ts": "2026-09-23T03:46:01.593090+00:00", "trace_id": null, "stage": "gate", "event": "finish", "duration_ms": 0.078, "candidates_in": 5, "candidates_out": 5, "top_score": 0.05052594670406732}
{"ts": "2026-09-23T03:46:01.593119+00:00", "trace_id": null, "stage": "embed_query", "event": "start", "model": "Qwen/Qwen3-Embedding-0.6B"}
{"ts": "2026-09-23T03:46:01.616878+00:00", "trace_id": null, "stage": "embed_query", "event": "finish", "duration_ms": 23.756, "model": "Qwen/Qwen3-Embedding-0.6B"}
{"ts": "2026-09-23T03:46:01.616929+00:00", "trace_id": null, "stage": "dense", "event": "start"}
{"ts": "2026-09-23T03:46:01.617176+00:00", "trace_id": null, "stage": "dense", "event": "finish", "duration_ms": 0.247, "candidates_out": 20}
{"ts": "2026-09-23T03:46:01.617198+00:00", "trace_id": null, "stage": "lexical", "event": "start"}
{"ts": "2026-09-23T03:46:01.617479+00:00", "trace_id": null, "stage": "lexical", "event": "finish", "duration_ms": 0.28, "candidates_out": 20}
{"ts": "2026-09-23T03:46:01.617523+00:00", "trace_id": null, "stage": "fuse", "event": "start", "candidates_in": 21}
{"ts": "2026-09-23T03:46:01.617616+00:00", "trace_id": null, "stage": "fuse", "event": "finish", "duration_ms": 0.092, "candidates_in": 21, "candidates_out": 15, "top_score": 0.032018442622950824}
{"ts": "2026-09-23T03:46:01.619879+00:00", "trace_id": null, "stage": "gate", "event": "start", "candidates_in": 5}
{"ts": "2026-09-23T03:46:01.619945+00:00", "trace_id": null, "stage": "gate", "event": "finish", "duration_ms": 0.066, "candidates_in": 5, "candidates_out": 5, "top_score": 0.05280337941628264}
{"ts": "2026-09-23T03:46:01.619976+00:00", "trace_id": null, "stage": "embed_query", "event": "start", "model": "Qwen/Qwen3-Embedding-0.6B"}
{"ts": "2026-09-23T03:46:01.642771+00:00", "trace_id": null, "stage": "embed_query", "event": "finish", "duration_ms": 22.792, "model": "Qwen/Qwen3-Embedding-0.6B"}
{"ts": "2026-09-23T03:46:01.642823+00:00", "trace_id": null, "stage": "dense", "event": "start"}
{"ts": "2026-09-23T03:46:01.643062+00:00", "trace_id": null, "stage": "dense", "event": "finish", "duration_ms": 0.238, "candidates_out": 20}
{"ts": "2026-09-23T03:46:01.643085+00:00", "trace_id": null, "stage": "lexical", "event": "start"}
{"ts": "2026-09-23T03:46:01.643345+00:00", "trace_id": null, "stage": "lexical", "event": "finish", "duration_ms": 0.259, "candidates_out": 20}
{"ts": "2026-09-23T03:46:01.643377+00:00", "trace_id": null, "stage": "fuse", "event": "start", "candidates_in": 24}
{"ts": "2026-09-23T03:46:01.643462+00:00", "trace_id": null, "stage": "fuse", "event": "finish", "duration_ms": 0.084, "candidates_in": 24, "candidates_out": 18, "top_score": 0.032018442622950824}
{"ts": "2026-09-23T03:46:01.646543+00:00", "trace_id": null, "stage": "gate", "event": "start", "candidates_in": 5}
{"ts": "2026-09-23T03:46:01.646607+00:00", "trace_id": null, "stage": "gate", "event": "finish", "duration_ms": 0.063, "candidates_in": 5, "candidates_out": 5, "top_score": 0.05280337941628264}
{"ts": "2026-09-23T03:46:01.646635+00:00", "trace_id": null, "stage": "embed_query", "event": "start", "model": "Qwen/Qwen3-Embedding-0.6B"}
{"ts": "2026-09-23T03:46:01.670370+00:00", "trace_id": null, "stage": "embed_query", "event": "finish", "duration_ms": 23.732, "model": "Qwen/Qwen3-Embedding-0.6B"}
{"ts": "2026-09-23T03:46:01.670419+00:00", "trace_id": null, "stage": "dense", "event": "start"}
{"ts": "2026-09-23T03:46:01.670626+00:00", "trace_id": null, "stage": "dense", "event": "finish", "duration_ms": 0.207, "candidates_out": 20}
{"ts": "2026-09-23T03:46:01.670647+00:00", "trace_id": null, "stage": "lexical", "event": "start"}
{"ts": "2026-09-23T03:46:01.670902+00:00", "trace_id": null, "stage": "lexical", "event": "finish", "duration_ms": 0.255, "candidates_out": 20}
{"ts": "2026-09-23T03:46:01.670929+00:00", "trace_id": null, "stage": "fuse", "event": "start", "candidates_in": 36}
{"ts": "2026-09-23T03:46:01.671016+00:00", "trace_id": null, "stage": "fuse", "event": "finish", "duration_ms": 0.086, "candidates_in": 36, "candidates_out": 27, "top_score": 0.03278688524590164}
{"ts": "2026-09-23T03:46:01.677074+00:00", "trace_id": null, "stage": "gate", "event": "start", "candidates_in": 5}
{"ts": "2026-09-23T03:46:01.677173+00:00", "trace_id": null, "stage": "gate", "event": "finish", "duration_ms": 0.102, "candidates_in": 5, "candidates_out": 5, "top_score": 0.04969429347826087}
{"ts": "2026-09-23T03:46:01.677209+00:00", "trace_id": null, "stage": "embed_query", "event": "start", "model": "Qwen/Qwen3-Embedding-0.6B"}
{"ts": "2026-09-23T03:46:01.701629+00:00", "trace_id": null, "stage": "embed_query", "event": "finish", "duration_ms": 24.416, "model": "Qwen/Qwen3-Embedding-0.6B"}
{"ts": "2026-09-23T03:46:01.701680+00:00", "trace_id": null, "stage": "dense", "event": "start"}
{"ts": "2026-09-23T03:46:01.701886+00:00", "trace_id": null, "stage": "dense", "event": "finish", "duration_ms": 0.206, "candidates_out": 20}
{"ts": "2026-09-23T03:46:01.701903+00:00", "trace_id": null, "stage": "lexical", "event": "start"}
{"ts": "2026-09-23T03:46:01.702160+00:00", "trace_id": null, "stage": "lexical", "event": "finish", "duration_ms": 0.256, "candidates_out": 20}
{"ts": "2026-09-23T03:46:01.702195+00:00", "trace_id": null, "stage": "fuse", "event": "start", "candidates_in": 29}
{"ts": "2026-09-23T03:46:01.702281+00:00", "trace_id": null, "stage": "fuse", "event": "finish", "duration_ms": 0.086, "candidates_in": 29, "candidates_out": 19, "top_score": 0.03278688524590164}
{"ts": "2026-09-23T03:46:01.706428+00:00", "trace_id": null, "stage": "gate", "event": "start", "candidates_in": 5}
{"ts": "2026-09-23T03:46:01.706528+00:00", "trace_id": null, "stage": "gate", "event": "finish", "duration_ms": 0.103, "candidates_in": 5, "candidates_out": 5, "top_score": 0.052380952380952375}
{"ts": "2026-09-23T03:46:01.706563+00:00", "trace_id": null, "stage": "embed_query", "event": "start", "model": "Qwen/Qwen3-Embedding-0.6B"}
{"ts": "2026-09-23T03:46:01.729732+00:00", "trace_id": null, "stage": "embed_query", "event": "finish", "duration_ms": 23.168, "model": "Qwen/Qwen3-Embedding-0.6B"}
{"ts": "2026-09-23T03:46:01.729771+00:00", "trace_id": null, "stage": "dense", "event": "start"}
{"ts": "2026-09-23T03:46:01.729970+00:00", "trace_id": null, "stage": "dense", "event": "finish", "duration_ms": 0.199, "candidates_out": 20}
{"ts": "2026-09-23T03:46:01.729989+00:00", "trace_id": null, "stage": "lexical", "event": "start"}
{"ts": "2026-09-23T03:46:01.730338+00:00", "trace_id": null, "stage": "lexical", "event": "finish", "duration_ms": 0.349, "candidates_out": 20}
{"ts": "2026-09-23T03:46:01.730365+00:00", "trace_id": null, "stage": "fuse", "event": "start", "candidates_in": 31}
{"ts": "2026-09-23T03:46:01.730443+00:00", "trace_id": null, "stage": "fuse", "event": "finish", "duration_ms": 0.077, "candidates_in": 31, "candidates_out": 20, "top_score": 0.03278688524590164}
{"ts": "2026-09-23T03:46:01.733317+00:00", "trace_id": null, "stage": "gate", "event": "start", "candidates_in": 5}
{"ts": "2026-09-23T03:46:01.733398+00:00", "trace_id": null, "stage": "gate", "event": "finish", "duration_ms": 0.08, "candidates_in": 5, "candidates_out": 5, "top_score": 0.08615934412444817}
{"ts": "2026-09-23T03:46:01.733423+00:00", "trace_id": null, "stage": "embed_query", "event": "start", "model": "Qwen/Qwen3-Embedding-0.6B"}
{"ts": "2026-09-23T03:46:01.756517+00:00", "trace_id": null, "stage": "embed_query", "event": "finish", "duration_ms": 23.091, "model": "Qwen/Qwen3-Embedding-0.6B"}
{"ts": "2026-09-23T03:46:01.756576+00:00", "trace_id": null, "stage": "dense", "event": "start"}
{"ts": "2026-09-23T03:46:01.756828+00:00", "trace_id": null, "stage": "dense", "event": "finish", "duration_ms": 0.252, "candidates_out": 20}
{"ts": "2026-09-23T03:46:01.756849+00:00", "trace_id": null, "stage": "lexical", "event": "start"}
{"ts": "2026-09-23T03:46:01.757133+00:00", "trace_id": null, "stage": "lexical", "event": "finish", "duration_ms": 0.283, "candidates_out": 20}
{"ts": "2026-09-23T03:46:01.757161+00:00", "trace_id": null, "stage": "fuse", "event": "start", "candidates_in": 27}
{"ts": "2026-09-23T03:46:01.757361+00:00", "trace_id": null, "stage": "fuse", "event": "finish", "duration_ms": 0.199, "candidates_in": 27, "candidates_out": 20, "top_score": 0.03252247488101534}
{"ts": "2026-09-23T03:46:01.761099+00:00", "trace_id": null, "stage": "gate", "event": "start", "candidates_in": 5}
{"ts": "2026-09-23T03:46:01.761159+00:00", "trace_id": null, "stage": "gate", "event": "finish", "duration_ms": 0.059, "candidates_in": 5, "candidates_out": 5, "top_score": 0.053662083553675306}
{"ts": "2026-09-23T03:46:01.761185+00:00", "trace_id": null, "stage": "embed_query", "event": "start", "model": "Qwen/Qwen3-Embedding-0.6B"}
{"ts": "2026-09-23T03:46:01.784693+00:00", "trace_id": null, "stage": "embed_query", "event": "finish", "duration_ms": 23.507, "model": "Qwen/Qwen3-Embedding-0.6B"}
{"ts": "2026-09-23T03:46:01.784735+00:00", "trace_id": null, "stage": "dense", "event": "start"}
{"ts": "2026-09-23T03:46:01.785002+00:00", "trace_id": null, "stage": "dense", "event": "finish", "duration_ms": 0.266, "candidates_out": 20}
{"ts": "2026-09-23T03:46:01.785031+00:00", "trace_id": null, "stage": "lexical", "event": "start"}
{"ts": "2026-09-23T03:46:01.785281+00:00", "trace_id": null, "stage": "lexical", "event": "finish", "duration_ms": 0.251, "candidates_out": 20}
{"ts": "2026-09-23T03:46:01.785308+00:00", "trace_id": null, "stage": "fuse", "event": "start", "candidates_in": 31}
{"ts": "2026-09-23T03:46:01.785369+00:00", "trace_id": null, "stage": "fuse", "event": "finish", "duration_ms": 0.061, "candidates_in": 31, "candidates_out": 23, "top_score": 0.03278688524590164}
{"ts": "2026-09-23T03:46:01.789246+00:00", "trace_id": null, "stage": "gate", "event": "start", "candidates_in": 5}
{"ts": "2026-09-23T03:46:01.789314+00:00", "trace_id": null, "stage": "gate", "event": "finish", "duration_ms": 0.069, "candidates_in": 5, "candidates_out": 5, "top_score": 0.053839285714285715}
{"ts": "2026-09-23T03:46:01.789345+00:00", "trace_id": null, "stage": "embed_query", "event": "start", "model": "Qwen/Qwen3-Embedding-0.6B"}
{"ts": "2026-09-23T03:46:01.811359+00:00", "trace_id": null, "stage": "embed_query", "event": "finish", "duration_ms": 22.011, "model": "Qwen/Qwen3-Embedding-0.6B"}
{"ts": "2026-09-23T03:46:01.811401+00:00", "trace_id": null, "stage": "dense", "event": "start"}
{"ts": "2026-09-23T03:46:01.811627+00:00", "trace_id": null, "stage": "dense", "event": "finish", "duration_ms": 0.224, "candidates_out": 20}
{"ts": "2026-09-23T03:46:01.811654+00:00", "trace_id": null, "stage": "lexical", "event": "start"}
{"ts": "2026-09-23T03:46:01.812021+00:00", "trace_id": null, "stage": "lexical", "event": "finish", "duration_ms": 0.367, "candidates_out": 20}
{"ts": "2026-09-23T03:46:01.812053+00:00", "trace_id": null, "stage": "fuse", "event": "start", "candidates_in": 30}
{"ts": "2026-09-23T03:46:01.812115+00:00", "trace_id": null, "stage": "fuse", "event": "finish", "duration_ms": 0.062, "candidates_in": 30, "candidates_out": 20, "top_score": 0.03252247488101534}
{"ts": "2026-09-23T03:46:01.815288+00:00", "trace_id": null, "stage": "gate", "event": "start", "candidates_in": 5}
{"ts": "2026-09-23T03:46:01.815363+00:00", "trace_id": null, "stage": "gate", "event": "finish", "duration_ms": 0.076, "candidates_in": 5, "candidates_out": 5, "top_score": 0.0559787849566056}
{"ts": "2026-09-23T03:46:01.815397+00:00", "trace_id": null, "stage": "embed_query", "event": "start", "model": "Qwen/Qwen3-Embedding-0.6B"}
{"ts": "2026-09-23T03:46:01.838763+00:00", "trace_id": null, "stage": "embed_query", "event": "finish", "duration_ms": 23.363, "model": "Qwen/Qwen3-Embedding-0.6B"}
{"ts": "2026-09-23T03:46:01.838811+00:00", "trace_id": null, "stage": "dense", "event": "start"}
{"ts": "2026-09-23T03:46:01.839014+00:00", "trace_id": null, "stage": "dense", "event": "finish", "duration_ms": 0.203, "candidates_out": 20}
{"ts": "2026-09-23T03:46:01.839034+00:00", "trace_id": null, "stage": "lexical", "event": "start"}
{"ts": "2026-09-23T03:46:01.839293+00:00", "trace_id": null, "stage": "lexical", "event": "finish", "duration_ms": 0.259, "candidates_out": 20}
{"ts": "2026-09-23T03:46:01.839341+00:00", "trace_id": null, "stage": "fuse", "event": "start", "candidates_in": 32}
{"ts": "2026-09-23T03:46:01.839402+00:00", "trace_id": null, "stage": "fuse", "event": "finish", "duration_ms": 0.061, "candidates_in": 32, "candidates_out": 22, "top_score": 0.03252247488101534}
{"ts": "2026-09-23T03:46:01.844222+00:00", "trace_id": null, "stage": "gate", "event": "start", "candidates_in": 5}
{"ts": "2026-09-23T03:46:01.844287+00:00", "trace_id": null, "stage": "gate", "event": "finish", "duration_ms": 0.064, "candidates_in": 5, "candidates_out": 5, "top_score": 0.08455843469063988}
{"ts": "2026-09-23T03:46:01.844325+00:00", "trace_id": null, "stage": "embed_query", "event": "start", "model": "Qwen/Qwen3-Embedding-0.6B"}
{"ts": "2026-09-23T03:46:01.866863+00:00", "trace_id": null, "stage": "embed_query", "event": "finish", "duration_ms": 22.536, "model": "Qwen/Qwen3-Embedding-0.6B"}
{"ts": "2026-09-23T03:46:01.866905+00:00", "trace_id": null, "stage": "dense", "event": "start"}
{"ts": "2026-09-23T03:46:01.867129+00:00", "trace_id": null, "stage": "dense", "event": "finish", "duration_ms": 0.224, "candidates_out": 20}
{"ts": "2026-09-23T03:46:01.867150+00:00", "trace_id": null, "stage": "lexical", "event": "start"}
{"ts": "2026-09-23T03:46:01.867443+00:00", "trace_id": null, "stage": "lexical", "event": "finish", "duration_ms": 0.293, "candidates_out": 20}
{"ts": "2026-09-23T03:46:01.867469+00:00", "trace_id": null, "stage": "fuse", "event": "start", "candidates_in": 29}
{"ts": "2026-09-23T03:46:01.867547+00:00", "trace_id": null, "stage": "fuse", "event": "finish", "duration_ms": 0.077, "candidates_in": 29, "candidates_out": 19, "top_score": 0.032266458495966696}
{"ts": "2026-09-23T03:46:01.870431+00:00", "trace_id": null, "stage": "gate", "event": "start", "candidates_in": 5}
{"ts": "2026-09-23T03:46:01.870498+00:00", "trace_id": null, "stage": "gate", "event": "finish", "duration_ms": 0.067, "candidates_in": 5, "candidates_out": 5, "top_score": 0.09283516483516482}
{"ts": "2026-09-23T03:46:01.870538+00:00", "trace_id": null, "stage": "embed_query", "event": "start", "model": "Qwen/Qwen3-Embedding-0.6B"}
{"ts": "2026-09-23T03:46:01.892834+00:00", "trace_id": null, "stage": "embed_query", "event": "finish", "duration_ms": 22.293, "model": "Qwen/Qwen3-Embedding-0.6B"}
{"ts": "2026-09-23T03:46:01.892887+00:00", "trace_id": null, "stage": "dense", "event": "start"}
{"ts": "2026-09-23T03:46:01.893113+00:00", "trace_id": null, "stage": "dense", "event": "finish", "duration_ms": 0.225, "candidates_out": 20}
{"ts": "2026-09-23T03:46:01.893140+00:00", "trace_id": null, "stage": "lexical", "event": "start"}
{"ts": "2026-09-23T03:46:01.893414+00:00", "trace_id": null, "stage": "lexical", "event": "finish", "duration_ms": 0.274, "candidates_out": 20}
{"ts": "2026-09-23T03:46:01.893442+00:00", "trace_id": null, "stage": "fuse", "event": "start", "candidates_in": 32}
{"ts": "2026-09-23T03:46:01.893510+00:00", "trace_id": null, "stage": "fuse", "event": "finish", "duration_ms": 0.067, "candidates_in": 32, "candidates_out": 18, "top_score": 0.03278688524590164}
{"ts": "2026-09-23T03:46:01.895461+00:00", "trace_id": null, "stage": "gate", "event": "start", "candidates_in": 5}
{"ts": "2026-09-23T03:46:01.895520+00:00", "trace_id": null, "stage": "gate", "event": "finish", "duration_ms": 0.06, "candidates_in": 5, "candidates_out": 5, "top_score": 0.14065573770491804}
{"ts": "2026-09-23T03:46:01.895547+00:00", "trace_id": null, "stage": "embed_query", "event": "start", "model": "Qwen/Qwen3-Embedding-0.6B"}
{"ts": "2026-09-23T03:46:01.919048+00:00", "trace_id": null, "stage": "embed_query", "event": "finish", "duration_ms": 23.499, "model": "Qwen/Qwen3-Embedding-0.6B"}
{"ts": "2026-09-23T03:46:01.919085+00:00", "trace_id": null, "stage": "dense", "event": "start"}
{"ts": "2026-09-23T03:46:01.919299+00:00", "trace_id": null, "stage": "dense", "event": "finish", "duration_ms": 0.212, "candidates_out": 20}
{"ts": "2026-09-23T03:46:01.919325+00:00", "trace_id": null, "stage": "lexical", "event": "start"}
{"ts": "2026-09-23T03:46:01.919595+00:00", "trace_id": null, "stage": "lexical", "event": "finish", "duration_ms": 0.271, "candidates_out": 20}
{"ts": "2026-09-23T03:46:01.919622+00:00", "trace_id": null, "stage": "fuse", "event": "start", "candidates_in": 33}
{"ts": "2026-09-23T03:46:01.919700+00:00", "trace_id": null, "stage": "fuse", "event": "finish", "duration_ms": 0.077, "candidates_in": 33, "candidates_out": 20, "top_score": 0.03278688524590164}
{"ts": "2026-09-23T03:46:01.924816+00:00", "trace_id": null, "stage": "gate", "event": "start", "candidates_in": 5}
{"ts": "2026-09-23T03:46:01.924886+00:00", "trace_id": null, "stage": "gate", "event": "finish", "duration_ms": 0.071, "candidates_in": 5, "candidates_out": 5, "top_score": 0.14065573770491804}
{"ts": "2026-09-23T03:46:01.924917+00:00", "trace_id": null, "stage": "embed_query", "event": "start", "model": "Qwen/Qwen3-Embedding-0.6B"}
{"ts": "2026-09-23T03:46:01.947106+00:00", "trace_id": null, "stage": "embed_query", "event": "finish", "duration_ms": 22.186, "model": "Qwen/Qwen3-Embedding-0.6B"}
{"ts": "2026-09-23T03:46:01.947154+00:00", "trace_id": null, "stage": "dense", "event": "start"}
{"ts": "2026-09-23T03:46:01.947377+00:00", "trace_id": null, "stage": "dense", "event": "finish", "duration_ms": 0.223, "candidates_out": 20}
{"ts": "2026-09-23T03:46:01.947399+00:00", "trace_id": null, "stage": "lexical", "event": "start"}
{"ts": "2026-09-23T03:46:01.947622+00:00", "trace_id": null, "stage": "lexical", "event": "finish", "duration_ms": 0.223, "candidates_out": 13}
{"ts": "2026-09-23T03:46:01.947647+00:00", "trace_id": null, "stage": "fuse", "event": "start", "candidates_in": 25}
{"ts": "2026-09-23T03:46:01.947725+00:00", "trace_id": null, "stage": "fuse", "event": "finish", "duration_ms": 0.077, "candidates_in": 25, "candidates_out": 19, "top_score": 0.03278688524590164}
{"ts": "2026-09-23T03:46:01.951295+00:00", "trace_id": null, "stage": "gate", "event": "start", "candidates_in": 5}
{"ts": "2026-09-23T03:46:01.951354+00:00", "trace_id": null, "stage": "gate", "event": "finish", "duration_ms": 0.059, "candidates_in": 5, "candidates_out": 5, "top_score": 0.05901639344262295}
{"ts": "2026-09-23T03:46:01.951381+00:00", "trace_id": null, "stage": "embed_query", "event": "start", "model": "Qwen/Qwen3-Embedding-0.6B"}
{"ts": "2026-09-23T03:46:01.974019+00:00", "trace_id": null, "stage": "embed_query", "event": "finish", "duration_ms": 22.635, "model": "Qwen/Qwen3-Embedding-0.6B"}
{"ts": "2026-09-23T03:46:01.974071+00:00", "trace_id": null, "stage": "dense", "event": "start"}
{"ts": "2026-09-23T03:46:01.974288+00:00", "trace_id": null, "stage": "dense", "event": "finish", "duration_ms": 0.216, "candidates_out": 20}
{"ts": "2026-09-23T03:46:01.974315+00:00", "trace_id": null, "stage": "lexical", "event": "start"}
{"ts": "2026-09-23T03:46:01.974622+00:00", "trace_id": null, "stage": "lexical", "event": "finish", "duration_ms": 0.299, "candidates_out": 20}
{"ts": "2026-09-23T03:46:01.974727+00:00", "trace_id": null, "stage": "fuse", "event": "start", "candidates_in": 32}
{"ts": "2026-09-23T03:46:01.974965+00:00", "trace_id": null, "stage": "fuse", "event": "finish", "duration_ms": 0.234, "candidates_in": 32, "candidates_out": 20, "top_score": 0.03278688524590164}
{"ts": "2026-09-23T03:46:01.978206+00:00", "trace_id": null, "stage": "gate", "event": "start", "candidates_in": 5}
{"ts": "2026-09-23T03:46:01.978270+00:00", "trace_id": null, "stage": "gate", "event": "finish", "duration_ms": 0.064, "candidates_in": 5, "candidates_out": 5, "top_score": 0.09737704918032787}
{"ts": "2026-09-23T03:46:01.978297+00:00", "trace_id": null, "stage": "embed_query", "event": "start", "model": "Qwen/Qwen3-Embedding-0.6B"}
{"ts": "2026-09-23T03:46:02.000546+00:00", "trace_id": null, "stage": "embed_query", "event": "finish", "duration_ms": 22.247, "model": "Qwen/Qwen3-Embedding-0.6B"}
{"ts": "2026-09-23T03:46:02.000587+00:00", "trace_id": null, "stage": "dense", "event": "start"}
{"ts": "2026-09-23T03:46:02.000800+00:00", "trace_id": null, "stage": "dense", "event": "finish", "duration_ms": 0.213, "candidates_out": 20}
{"ts": "2026-09-23T03:46:02.000818+00:00", "trace_id": null, "stage": "lexical", "event": "start"}
{"ts": "2026-09-23T03:46:02.001087+00:00", "trace_id": null, "stage": "lexical", "event": "finish", "duration_ms": 0.268, "candidates_out": 20}
{"ts": "2026-09-23T03:46:02.001125+00:00", "trace_id": null, "stage": "fuse", "event": "start", "candidates_in": 33}
{"ts": "2026-09-23T03:46:02.001214+00:00", "trace_id": null, "stage": "fuse", "event": "finish", "duration_ms": 0.088, "candidates_in": 33, "candidates_out": 22, "top_score": 0.03278688524590164}
{"ts": "2026-09-23T03:46:02.004520+00:00", "trace_id": null, "stage": "gate", "event": "start", "candidates_in": 5}
{"ts": "2026-09-23T03:46:02.004582+00:00", "trace_id": null, "stage": "gate", "event": "finish", "duration_ms": 0.062, "candidates_in": 5, "candidates_out": 5, "top_score": 0.05901639344262295}
{"ts": "2026-09-23T03:46:02.004608+00:00", "trace_id": null, "stage": "embed_query", "event": "start", "model": "Qwen/Qwen3-Embedding-0.6B"}
{"ts": "2026-09-23T03:46:02.026915+00:00", "trace_id": null, "stage": "embed_query", "event": "finish", "duration_ms": 22.303, "model": "Qwen/Qwen3-Embedding-0.6B"}
{"ts": "2026-09-23T03:46:02.026965+00:00", "trace_id": null, "stage": "dense", "event": "start"}
{"ts": "2026-09-23T03:46:02.027157+00:00", "trace_id": null, "stage": "dense", "event": "finish", "duration_ms": 0.192, "candidates_out": 20}
{"ts": "2026-09-23T03:46:02.027177+00:00", "trace_id": null, "stage": "lexical", "event": "start"}
{"ts": "2026-09-23T03:46:02.027427+00:00", "trace_id": null, "stage": "lexical", "event": "finish", "duration_ms": 0.25, "candidates_out": 20}
{"ts": "2026-09-23T03:46:02.027456+00:00", "trace_id": null, "stage": "fuse", "event": "start", "candidates_in": 35}
{"ts": "2026-09-23T03:46:02.027544+00:00", "trace_id": null, "stage": "fuse", "event": "finish", "duration_ms": 0.088, "candidates_in": 35, "candidates_out": 22, "top_score": 0.032266458495966696}
{"ts": "2026-09-23T03:46:02.029685+00:00", "trace_id": null, "stage": "gate", "event": "start", "candidates_in": 5}
{"ts": "2026-09-23T03:46:02.029745+00:00", "trace_id": null, "stage": "gate", "event": "finish", "duration_ms": 0.06, "candidates_in": 5, "candidates_out": 5, "top_score": 0.09583138173302108}
{"ts": "2026-09-23T03:46:02.029770+00:00", "trace_id": null, "stage": "embed_query", "event": "start", "model": "Qwen/Qwen3-Embedding-0.6B"}
{"ts": "2026-09-23T03:46:02.053513+00:00", "trace_id": null, "stage": "embed_query", "event": "finish", "duration_ms": 23.741, "model": "Qwen/Qwen3-Embedding-0.6B"}
{"ts": "2026-09-23T03:46:02.053555+00:00", "trace_id": null, "stage": "dense", "event": "start"}
{"ts": "2026-09-23T03:46:02.053756+00:00", "trace_id": null, "stage": "dense", "event": "finish", "duration_ms": 0.201, "candidates_out": 20}
{"ts": "2026-09-23T03:46:02.053778+00:00", "trace_id": null, "stage": "lexical", "event": "start"}
{"ts": "2026-09-23T03:46:02.054031+00:00", "trace_id": null, "stage": "lexical", "event": "finish", "duration_ms": 0.253, "candidates_out": 20}
{"ts": "2026-09-23T03:46:02.054066+00:00", "trace_id": null, "stage": "fuse", "event": "start", "candidates_in": 36}
{"ts": "2026-09-23T03:46:02.054150+00:00", "trace_id": null, "stage": "fuse", "event": "finish", "duration_ms": 0.083, "candidates_in": 36, "candidates_out": 25, "top_score": 0.03252247488101534}
{"ts": "2026-09-23T03:46:02.058896+00:00", "trace_id": null, "stage": "gate", "event": "start", "candidates_in": 5}
{"ts": "2026-09-23T03:46:02.058961+00:00", "trace_id": null, "stage": "gate", "event": "finish", "duration_ms": 0.065, "candidates_in": 5, "candidates_out": 5, "top_score": 0.05854045478582761}
{"ts": "2026-09-23T03:46:02.058989+00:00", "trace_id": null, "stage": "embed_query", "event": "start", "model": "Qwen/Qwen3-Embedding-0.6B"}
{"ts": "2026-09-23T03:46:02.080764+00:00", "trace_id": null, "stage": "embed_query", "event": "finish", "duration_ms": 21.773, "model": "Qwen/Qwen3-Embedding-0.6B"}
{"ts": "2026-09-23T03:46:02.080809+00:00", "trace_id": null, "stage": "dense", "event": "start"}
{"ts": "2026-09-23T03:46:02.081020+00:00", "trace_id": null, "stage": "dense", "event": "finish", "duration_ms": 0.21, "candidates_out": 20}
{"ts": "2026-09-23T03:46:02.081045+00:00", "trace_id": null, "stage": "lexical", "event": "start"}
{"ts": "2026-09-23T03:46:02.081316+00:00", "trace_id": null, "stage": "lexical", "event": "finish", "duration_ms": 0.27, "candidates_out": 20}
{"ts": "2026-09-23T03:46:02.081349+00:00", "trace_id": null, "stage": "fuse", "event": "start", "candidates_in": 32}
{"ts": "2026-09-23T03:46:02.081439+00:00", "trace_id": null, "stage": "fuse", "event": "finish", "duration_ms": 0.09, "candidates_in": 32, "candidates_out": 22, "top_score": 0.03278688524590164}
{"ts": "2026-09-23T03:46:02.084930+00:00", "trace_id": null, "stage": "gate", "event": "start", "candidates_in": 5}
{"ts": "2026-09-23T03:46:02.084997+00:00", "trace_id": null, "stage": "gate", "event": "finish", "duration_ms": 0.067, "candidates_in": 5, "candidates_out": 5, "top_score": 0.09737704918032787}
{"ts": "2026-09-23T03:46:02.085023+00:00", "trace_id": null, "stage": "embed_query", "event": "start", "model": "Qwen/Qwen3-Embedding-0.6B"}
{"ts": "2026-09-23T03:46:02.108151+00:00", "trace_id": null, "stage": "embed_query", "event": "finish", "duration_ms": 23.127, "model": "Qwen/Qwen3-Embedding-0.6B"}
{"ts": "2026-09-23T03:46:02.108189+00:00", "trace_id": null, "stage": "dense", "event": "start"}
{"ts": "2026-09-23T03:46:02.108379+00:00", "trace_id": null, "stage": "dense", "event": "finish", "duration_ms": 0.19, "candidates_out": 20}
{"ts": "2026-09-23T03:46:02.108396+00:00", "trace_id": null, "stage": "lexical", "event": "start"}
{"ts": "2026-09-23T03:46:02.108654+00:00", "trace_id": null, "stage": "lexical", "event": "finish", "duration_ms": 0.258, "candidates_out": 20}
{"ts": "2026-09-23T03:46:02.108680+00:00", "trace_id": null, "stage": "fuse", "event": "start", "candidates_in": 32}
{"ts": "2026-09-23T03:46:02.108754+00:00", "trace_id": null, "stage": "fuse", "event": "finish", "duration_ms": 0.074, "candidates_in": 32, "candidates_out": 22, "top_score": 0.03252247488101534}
{"ts": "2026-09-23T03:46:02.112740+00:00", "trace_id": null, "stage": "gate", "event": "start", "candidates_in": 5}
{"ts": "2026-09-23T03:46:02.112803+00:00", "trace_id": null, "stage": "gate", "event": "finish", "duration_ms": 0.062, "candidates_in": 5, "candidates_out": 5, "top_score": 0.09659175039661555}
{"ts": "2026-09-23T03:46:02.112838+00:00", "trace_id": null, "stage": "embed_query", "event": "start", "model": "Qwen/Qwen3-Embedding-0.6B"}
{"ts": "2026-09-23T03:46:02.135465+00:00", "trace_id": null, "stage": "embed_query", "event": "finish", "duration_ms": 22.624, "model": "Qwen/Qwen3-Embedding-0.6B"}
{"ts": "2026-09-23T03:46:02.135505+00:00", "trace_id": null, "stage": "dense", "event": "start"}
{"ts": "2026-09-23T03:46:02.135713+00:00", "trace_id": null, "stage": "dense", "event": "finish", "duration_ms": 0.208, "candidates_out": 20}
{"ts": "2026-09-23T03:46:02.135734+00:00", "trace_id": null, "stage": "lexical", "event": "start"}
{"ts": "2026-09-23T03:46:02.135977+00:00", "trace_id": null, "stage": "lexical", "event": "finish", "duration_ms": 0.243, "candidates_out": 20}
{"ts": "2026-09-23T03:46:02.136004+00:00", "trace_id": null, "stage": "fuse", "event": "start", "candidates_in": 23}
{"ts": "2026-09-23T03:46:02.136075+00:00", "trace_id": null, "stage": "fuse", "event": "finish", "duration_ms": 0.07, "candidates_in": 23, "candidates_out": 18, "top_score": 0.032266458495966696}
{"ts": "2026-09-23T03:46:02.139371+00:00", "trace_id": null, "stage": "gate", "event": "start", "candidates_in": 5}
{"ts": "2026-09-23T03:46:02.139434+00:00", "trace_id": null, "stage": "gate", "event": "finish", "duration_ms": 0.064, "candidates_in": 5, "candidates_out": 5, "top_score": 0.05239415322580645}
{"ts": "2026-09-23T03:46:02.139467+00:00", "trace_id": null, "stage": "embed_query", "event": "start", "model": "Qwen/Qwen3-Embedding-0.6B"}
{"ts": "2026-09-23T03:46:02.161641+00:00", "trace_id": null, "stage": "embed_query", "event": "finish", "duration_ms": 22.172, "model": "Qwen/Qwen3-Embedding-0.6B"}
{"ts": "2026-09-23T03:46:02.161678+00:00", "trace_id": null, "stage": "dense", "event": "start"}
{"ts": "2026-09-23T03:46:02.161864+00:00", "trace_id": null, "stage": "dense", "event": "finish", "duration_ms": 0.186, "candidates_out": 20}
{"ts": "2026-09-23T03:46:02.161880+00:00", "trace_id": null, "stage": "lexical", "event": "start"}
{"ts": "2026-09-23T03:46:02.162146+00:00", "trace_id": null, "stage": "lexical", "event": "finish", "duration_ms": 0.266, "candidates_out": 20}
{"ts": "2026-09-23T03:46:02.162176+00:00", "trace_id": null, "stage": "fuse", "event": "start", "candidates_in": 31}
{"ts": "2026-09-23T03:46:02.162249+00:00", "trace_id": null, "stage": "fuse", "event": "finish", "duration_ms": 0.072, "candidates_in": 31, "candidates_out": 22, "top_score": 0.03177805800756621}
{"ts": "2026-09-23T03:46:02.166572+00:00", "trace_id": null, "stage": "gate", "event": "start", "candidates_in": 5}
{"ts": "2026-09-23T03:46:02.166631+00:00", "trace_id": null, "stage": "gate", "event": "finish", "duration_ms": 0.059, "candidates_in": 5, "candidates_out": 0, "reason": "no_confident_hit"}
{"ts": "2026-09-23T03:46:02.166656+00:00", "trace_id": null, "stage": "embed_query", "event": "start", "model": "Qwen/Qwen3-Embedding-0.6B"}
{"ts": "2026-09-23T03:46:02.189706+00:00", "trace_id": null, "stage": "embed_query", "event": "finish", "duration_ms": 23.048, "model": "Qwen/Qwen3-Embedding-0.6B"}
{"ts": "2026-09-23T03:46:02.189744+00:00", "trace_id": null, "stage": "dense", "event": "start"}
{"ts": "2026-09-23T03:46:02.189922+00:00", "trace_id": null, "stage": "dense", "event": "finish", "duration_ms": 0.178, "candidates_out": 20}
{"ts": "2026-09-23T03:46:02.189945+00:00", "trace_id": null, "stage": "lexical", "event": "start"}
{"ts": "2026-09-23T03:46:02.190226+00:00", "trace_id": null, "stage": "lexical", "event": "finish", "duration_ms": 0.28, "candidates_out": 20}
{"ts": "2026-09-23T03:46:02.190259+00:00", "trace_id": null, "stage": "fuse", "event": "start", "candidates_in": 34}
{"ts": "2026-09-23T03:46:02.190328+00:00", "trace_id": null, "stage": "fuse", "event": "finish", "duration_ms": 0.069, "candidates_in": 34, "candidates_out": 24, "top_score": 0.03252247488101534}
{"ts": "2026-09-23T03:46:02.195094+00:00", "trace_id": null, "stage": "gate", "event": "start", "candidates_in": 5}
{"ts": "2026-09-23T03:46:02.195158+00:00", "trace_id": null, "stage": "gate", "event": "finish", "duration_ms": 0.064, "candidates_in": 5, "candidates_out": 5, "top_score": 0.053662083553675306}
{"ts": "2026-09-23T03:46:02.195185+00:00", "trace_id": null, "stage": "embed_query", "event": "start", "model": "Qwen/Qwen3-Embedding-0.6B"}
{"ts": "2026-09-23T03:46:02.217404+00:00", "trace_id": null, "stage": "embed_query", "event": "finish", "duration_ms": 22.217, "model": "Qwen/Qwen3-Embedding-0.6B"}
{"ts": "2026-09-23T03:46:02.217444+00:00", "trace_id": null, "stage": "dense", "event": "start"}
{"ts": "2026-09-23T03:46:02.217645+00:00", "trace_id": null, "stage": "dense", "event": "finish", "duration_ms": 0.2, "candidates_out": 20}
{"ts": "2026-09-23T03:46:02.217667+00:00", "trace_id": null, "stage": "lexical", "event": "start"}
{"ts": "2026-09-23T03:46:02.217908+00:00", "trace_id": null, "stage": "lexical", "event": "finish", "duration_ms": 0.241, "candidates_out": 20}
{"ts": "2026-09-23T03:46:02.217934+00:00", "trace_id": null, "stage": "fuse", "event": "start", "candidates_in": 32}
{"ts": "2026-09-23T03:46:02.218016+00:00", "trace_id": null, "stage": "fuse", "event": "finish", "duration_ms": 0.082, "candidates_in": 32, "candidates_out": 25, "top_score": 0.03252247488101534}
{"ts": "2026-09-23T03:46:02.222265+00:00", "trace_id": null, "stage": "gate", "event": "start", "candidates_in": 5}
{"ts": "2026-09-23T03:46:02.222327+00:00", "trace_id": null, "stage": "gate", "event": "finish", "duration_ms": 0.062, "candidates_in": 5, "candidates_out": 5, "top_score": 0.05854045478582761}
{"ts": "2026-09-23T03:46:02.222360+00:00", "trace_id": null, "stage": "embed_query", "event": "start", "model": "Qwen/Qwen3-Embedding-0.6B"}
{"ts": "2026-09-23T03:46:02.245542+00:00", "trace_id": null, "stage": "embed_query", "event": "finish", "duration_ms": 23.179, "model": "Qwen/Qwen3-Embedding-0.6B"}
{"ts": "2026-09-23T03:46:02.245583+00:00", "trace_id": null, "stage": "dense", "event": "start"}
{"ts": "2026-09-23T03:46:02.245774+00:00", "trace_id": null, "stage": "dense", "event": "finish", "duration_ms": 0.192, "candidates_out": 20}
{"ts": "2026-09-23T03:46:02.245790+00:00", "trace_id": null, "stage": "lexical", "event": "start"}
{"ts": "2026-09-23T03:46:02.246067+00:00", "trace_id": null, "stage": "lexical", "event": "finish", "duration_ms": 0.277, "candidates_out": 20}
{"ts": "2026-09-23T03:46:02.246098+00:00", "trace_id": null, "stage": "fuse", "event": "start", "candidates_in": 30}
{"ts": "2026-09-23T03:46:02.246162+00:00", "trace_id": null, "stage": "fuse", "event": "finish", "duration_ms": 0.064, "candidates_in": 30, "candidates_out": 20, "top_score": 0.03252247488101534}
{"ts": "2026-09-23T03:46:02.249400+00:00", "trace_id": null, "stage": "gate", "event": "start", "candidates_in": 5}
{"ts": "2026-09-23T03:46:02.249475+00:00", "trace_id": null, "stage": "gate", "event": "finish", "duration_ms": 0.076, "candidates_in": 5, "candidates_out": 5, "top_score": 0.12808823529411764}
{"ts": "2026-09-23T03:46:02.249505+00:00", "trace_id": null, "stage": "embed_query", "event": "start", "model": "Qwen/Qwen3-Embedding-0.6B"}
{"ts": "2026-09-23T03:46:02.272520+00:00", "trace_id": null, "stage": "embed_query", "event": "finish", "duration_ms": 23.012, "model": "Qwen/Qwen3-Embedding-0.6B"}
{"ts": "2026-09-23T03:46:02.272564+00:00", "trace_id": null, "stage": "dense", "event": "start"}
{"ts": "2026-09-23T03:46:02.272793+00:00", "trace_id": null, "stage": "dense", "event": "finish", "duration_ms": 0.227, "candidates_out": 20}
{"ts": "2026-09-23T03:46:02.272818+00:00", "trace_id": null, "stage": "lexical", "event": "start"}
{"ts": "2026-09-23T03:46:02.273140+00:00", "trace_id": null, "stage": "lexical", "event": "finish", "duration_ms": 0.322, "candidates_out": 20}
{"ts": "2026-09-23T03:46:02.273166+00:00", "trace_id": null, "stage": "fuse", "event": "start", "candidates_in": 30}
{"ts": "2026-09-23T03:46:02.273243+00:00", "trace_id": null, "stage": "fuse", "event": "finish", "duration_ms": 0.075, "candidates_in": 30, "candidates_out": 21, "top_score": 0.03131881575727918}
{"ts": "2026-09-23T03:46:02.277391+00:00", "trace_id": null, "stage": "gate", "event": "start", "candidates_in": 5}
{"ts": "2026-09-23T03:46:02.277458+00:00", "trace_id": null, "stage": "gate", "event": "finish", "duration_ms": 0.068, "candidates_in": 5, "candidates_out": 5, "top_score": 0.08142892096892586}
{"ts": "2026-09-23T03:46:02.277486+00:00", "trace_id": null, "stage": "embed_query", "event": "start", "model": "Qwen/Qwen3-Embedding-0.6B"}
{"ts": "2026-09-23T03:46:02.300312+00:00", "trace_id": null, "stage": "embed_query", "event": "finish", "duration_ms": 22.823, "model": "Qwen/Qwen3-Embedding-0.6B"}
{"ts": "2026-09-23T03:46:02.300359+00:00", "trace_id": null, "stage": "dense", "event": "start"}
{"ts": "2026-09-23T03:46:02.300559+00:00", "trace_id": null, "stage": "dense", "event": "finish", "duration_ms": 0.2, "candidates_out": 20}
{"ts": "2026-09-23T03:46:02.300586+00:00", "trace_id": null, "stage": "lexical", "event": "start"}
{"ts": "2026-09-23T03:46:02.300848+00:00", "trace_id": null, "stage": "lexical", "event": "finish", "duration_ms": 0.262, "candidates_out": 20}
{"ts": "2026-09-23T03:46:02.300872+00:00", "trace_id": null, "stage": "fuse", "event": "start", "candidates_in": 30}
{"ts": "2026-09-23T03:46:02.300951+00:00", "trace_id": null, "stage": "fuse", "event": "finish", "duration_ms": 0.079, "candidates_in": 30, "candidates_out": 24, "top_score": 0.03278688524590164}
{"ts": "2026-09-23T03:46:02.305160+00:00", "trace_id": null, "stage": "gate", "event": "start", "candidates_in": 5}
{"ts": "2026-09-23T03:46:02.305269+00:00", "trace_id": null, "stage": "gate", "event": "finish", "duration_ms": 0.098, "candidates_in": 5, "candidates_out": 5, "top_score": 0.05901639344262295}
{"ts": "2026-09-23T03:46:02.305309+00:00", "trace_id": null, "stage": "embed_query", "event": "start", "model": "Qwen/Qwen3-Embedding-0.6B"}
{"ts": "2026-09-23T03:46:02.332785+00:00", "trace_id": null, "stage": "embed_query", "event": "finish", "duration_ms": 27.473, "model": "Qwen/Qwen3-Embedding-0.6B"}
{"ts": "2026-09-23T03:46:02.332831+00:00", "trace_id": null, "stage": "dense", "event": "start"}
{"ts": "2026-09-23T03:46:02.333039+00:00", "trace_id": null, "stage": "dense", "event": "finish", "duration_ms": 0.207, "candidates_out": 20}
{"ts": "2026-09-23T03:46:02.333070+00:00", "trace_id": null, "stage": "lexical", "event": "start"}
{"ts": "2026-09-23T03:46:02.333356+00:00", "trace_id": null, "stage": "lexical", "event": "finish", "duration_ms": 0.286, "candidates_out": 19}
{"ts": "2026-09-23T03:46:02.333385+00:00", "trace_id": null, "stage": "fuse", "event": "start", "candidates_in": 33}
{"ts": "2026-09-23T03:46:02.333462+00:00", "trace_id": null, "stage": "fuse", "event": "finish", "duration_ms": 0.076, "candidates_in": 33, "candidates_out": 29, "top_score": 0.03278688524590164}
{"ts": "2026-09-23T03:46:02.341788+00:00", "trace_id": null, "stage": "gate", "event": "start", "candidates_in": 5}
{"ts": "2026-09-23T03:46:02.341869+00:00", "trace_id": null, "stage": "gate", "event": "finish", "duration_ms": 0.083, "candidates_in": 5, "candidates_out": 5, "top_score": 0.11147540983606559}
{"ts": "2026-09-23T03:46:02.341906+00:00", "trace_id": null, "stage": "embed_query", "event": "start", "model": "Qwen/Qwen3-Embedding-0.6B"}
{"ts": "2026-09-23T03:46:02.365186+00:00", "trace_id": null, "stage": "embed_query", "event": "finish", "duration_ms": 23.278, "model": "Qwen/Qwen3-Embedding-0.6B"}
{"ts": "2026-09-23T03:46:02.365230+00:00", "trace_id": null, "stage": "dense", "event": "start"}
{"ts": "2026-09-23T03:46:02.365445+00:00", "trace_id": null, "stage": "dense", "event": "finish", "duration_ms": 0.214, "candidates_out": 20}
{"ts": "2026-09-23T03:46:02.365477+00:00", "trace_id": null, "stage": "lexical", "event": "start"}
{"ts": "2026-09-23T03:46:02.365793+00:00", "trace_id": null, "stage": "lexical", "event": "finish", "duration_ms": 0.316, "candidates_out": 20}
{"ts": "2026-09-23T03:46:02.365822+00:00", "trace_id": null, "stage": "fuse", "event": "start", "candidates_in": 34}
{"ts": "2026-09-23T03:46:02.365910+00:00", "trace_id": null, "stage": "fuse", "event": "finish", "duration_ms": 0.088, "candidates_in": 34, "candidates_out": 25, "top_score": 0.032266458495966696}
{"ts": "2026-09-23T03:46:02.371179+00:00", "trace_id": null, "stage": "gate", "event": "start", "candidates_in": 5}
{"ts": "2026-09-23T03:46:02.371228+00:00", "trace_id": null, "stage": "gate", "event": "finish", "duration_ms": 0.05, "candidates_in": 5, "candidates_out": 0, "reason": "no_confident_hit"}
{"ts": "2026-09-23T03:46:02.371251+00:00", "trace_id": null, "stage": "embed_query", "event": "start", "model": "Qwen/Qwen3-Embedding-0.6B"}
{"ts": "2026-09-23T03:46:02.394811+00:00", "trace_id": null, "stage": "embed_query", "event": "finish", "duration_ms": 23.557, "model": "Qwen/Qwen3-Embedding-0.6B"}
{"ts": "2026-09-23T03:46:02.394861+00:00", "trace_id": null, "stage": "dense", "event": "start"}
{"ts": "2026-09-23T03:46:02.395098+00:00", "trace_id": null, "stage": "dense", "event": "finish", "duration_ms": 0.233, "candidates_out": 20}
{"ts": "2026-09-23T03:46:02.395121+00:00", "trace_id": null, "stage": "lexical", "event": "start"}
{"ts": "2026-09-23T03:46:02.395438+00:00", "trace_id": null, "stage": "lexical", "event": "finish", "duration_ms": 0.317, "candidates_out": 20}
{"ts": "2026-09-23T03:46:02.395466+00:00", "trace_id": null, "stage": "fuse", "event": "start", "candidates_in": 33}
{"ts": "2026-09-23T03:46:02.395549+00:00", "trace_id": null, "stage": "fuse", "event": "finish", "duration_ms": 0.082, "candidates_in": 33, "candidates_out": 23, "top_score": 0.03252247488101534}
{"ts": "2026-09-23T03:46:02.401115+00:00", "trace_id": null, "stage": "gate", "event": "start", "candidates_in": 5}
{"ts": "2026-09-23T03:46:02.401182+00:00", "trace_id": null, "stage": "gate", "event": "finish", "duration_ms": 0.067, "candidates_in": 5, "candidates_out": 5, "top_score": 0.05854045478582761}
{"ts": "2026-09-23T03:46:02.401211+00:00", "trace_id": null, "stage": "embed_query", "event": "start", "model": "Qwen/Qwen3-Embedding-0.6B"}
{"ts": "2026-09-23T03:46:02.428897+00:00", "trace_id": null, "stage": "embed_query", "event": "finish", "duration_ms": 27.683, "model": "Qwen/Qwen3-Embedding-0.6B"}
{"ts": "2026-09-23T03:46:02.428940+00:00", "trace_id": null, "stage": "dense", "event": "start"}
{"ts": "2026-09-23T03:46:02.429129+00:00", "trace_id": null, "stage": "dense", "event": "finish", "duration_ms": 0.19, "candidates_out": 20}
{"ts": "2026-09-23T03:46:02.429146+00:00", "trace_id": null, "stage": "lexical", "event": "start"}
{"ts": "2026-09-23T03:46:02.429396+00:00", "trace_id": null, "stage": "lexical", "event": "finish", "duration_ms": 0.25, "candidates_out": 20}
{"ts": "2026-09-23T03:46:02.429419+00:00", "trace_id": null, "stage": "fuse", "event": "start", "candidates_in": 31}
{"ts": "2026-09-23T03:46:02.429474+00:00", "trace_id": null, "stage": "fuse", "event": "finish", "duration_ms": 0.055, "candidates_in": 31, "candidates_out": 18, "top_score": 0.03278688524590164}
{"ts": "2026-09-23T03:46:02.432448+00:00", "trace_id": null, "stage": "gate", "event": "start", "candidates_in": 5}
{"ts": "2026-09-23T03:46:02.432518+00:00", "trace_id": null, "stage": "gate", "event": "finish", "duration_ms": 0.069, "candidates_in": 5, "candidates_out": 5, "top_score": 0.05901639344262295}
{"ts": "2026-09-23T03:46:02.432552+00:00", "trace_id": null, "stage": "embed_query", "event": "start", "model": "Qwen/Qwen3-Embedding-0.6B"}
{"ts": "2026-09-23T03:46:02.455538+00:00", "trace_id": null, "stage": "embed_query", "event": "finish", "duration_ms": 22.984, "model": "Qwen/Qwen3-Embedding-0.6B"}
{"ts": "2026-09-23T03:46:02.455579+00:00", "trace_id": null, "stage": "dense", "event": "start"}
{"ts": "2026-09-23T03:46:02.455776+00:00", "trace_id": null, "stage": "dense", "event": "finish", "duration_ms": 0.197, "candidates_out": 20}
{"ts": "2026-09-23T03:46:02.455796+00:00", "trace_id": null, "stage": "lexical", "event": "start"}
{"ts": "2026-09-23T03:46:02.456102+00:00", "trace_id": null, "stage": "lexical", "event": "finish", "duration_ms": 0.305, "candidates_out": 20}
{"ts": "2026-09-23T03:46:02.456148+00:00", "trace_id": null, "stage": "fuse", "event": "start", "candidates_in": 28}
{"ts": "2026-09-23T03:46:02.456223+00:00", "trace_id": null, "stage": "fuse", "event": "finish", "duration_ms": 0.074, "candidates_in": 28, "candidates_out": 19, "top_score": 0.03278688524590164}
{"ts": "2026-09-23T03:46:02.460783+00:00", "trace_id": null, "stage": "gate", "event": "start", "candidates_in": 5}
{"ts": "2026-09-23T03:46:02.460851+00:00", "trace_id": null, "stage": "gate", "event": "finish", "duration_ms": 0.068, "candidates_in": 5, "candidates_out": 5, "top_score": 0.04545608108108108}
{"ts": "2026-09-23T03:46:02.460879+00:00", "trace_id": null, "stage": "embed_query", "event": "start", "model": "Qwen/Qwen3-Embedding-0.6B"}
{"ts": "2026-09-23T03:46:02.489020+00:00", "trace_id": null, "stage": "embed_query", "event": "finish", "duration_ms": 28.138, "model": "Qwen/Qwen3-Embedding-0.6B"}
{"ts": "2026-09-23T03:46:02.489066+00:00", "trace_id": null, "stage": "dense", "event": "start"}
{"ts": "2026-09-23T03:46:02.489272+00:00", "trace_id": null, "stage": "dense", "event": "finish", "duration_ms": 0.205, "candidates_out": 20}
{"ts": "2026-09-23T03:46:02.489292+00:00", "trace_id": null, "stage": "lexical", "event": "start"}
{"ts": "2026-09-23T03:46:02.489637+00:00", "trace_id": null, "stage": "lexical", "event": "finish", "duration_ms": 0.344, "candidates_out": 20}
{"ts": "2026-09-23T03:46:02.489668+00:00", "trace_id": null, "stage": "fuse", "event": "start", "candidates_in": 34}
{"ts": "2026-09-23T03:46:02.489758+00:00", "trace_id": null, "stage": "fuse", "event": "finish", "duration_ms": 0.09, "candidates_in": 34, "candidates_out": 23, "top_score": 0.032266458495966696}
{"ts": "2026-09-23T03:46:02.497123+00:00", "trace_id": null, "stage": "gate", "event": "start", "candidates_in": 5}
{"ts": "2026-09-23T03:46:02.497226+00:00", "trace_id": null, "stage": "gate", "event": "finish", "duration_ms": 0.104, "candidates_in": 5, "candidates_out": 5, "top_score": 0.055119214586255266}
{"ts": "2026-09-23T03:46:02.497260+00:00", "trace_id": null, "stage": "embed_query", "event": "start", "model": "Qwen/Qwen3-Embedding-0.6B"}
{"ts": "2026-09-23T03:46:02.524592+00:00", "trace_id": null, "stage": "embed_query", "event": "finish", "duration_ms": 27.329, "model": "Qwen/Qwen3-Embedding-0.6B"}
{"ts": "2026-09-23T03:46:02.524636+00:00", "trace_id": null, "stage": "dense", "event": "start"}
{"ts": "2026-09-23T03:46:02.524860+00:00", "trace_id": null, "stage": "dense", "event": "finish", "duration_ms": 0.225, "candidates_out": 20}
{"ts": "2026-09-23T03:46:02.524876+00:00", "trace_id": null, "stage": "lexical", "event": "start"}
{"ts": "2026-09-23T03:46:02.525190+00:00", "trace_id": null, "stage": "lexical", "event": "finish", "duration_ms": 0.313, "candidates_out": 20}
{"ts": "2026-09-23T03:46:02.525223+00:00", "trace_id": null, "stage": "fuse", "event": "start", "candidates_in": 30}
{"ts": "2026-09-23T03:46:02.525305+00:00", "trace_id": null, "stage": "fuse", "event": "finish", "duration_ms": 0.081, "candidates_in": 30, "candidates_out": 21, "top_score": 0.03252247488101534}
{"ts": "2026-09-23T03:46:02.530239+00:00", "trace_id": null, "stage": "gate", "event": "start", "candidates_in": 5}
{"ts": "2026-09-23T03:46:02.530308+00:00", "trace_id": null, "stage": "gate", "event": "finish", "duration_ms": 0.068, "candidates_in": 5, "candidates_out": 5, "top_score": 0.08455843469063988}
{"ts": "2026-09-23T03:46:02.530344+00:00", "trace_id": null, "stage": "embed_query", "event": "start", "model": "Qwen/Qwen3-Embedding-0.6B"}
{"ts": "2026-09-23T03:46:02.557694+00:00", "trace_id": null, "stage": "embed_query", "event": "finish", "duration_ms": 27.347, "model": "Qwen/Qwen3-Embedding-0.6B"}
{"ts": "2026-09-23T03:46:02.557735+00:00", "trace_id": null, "stage": "dense", "event": "start"}
{"ts": "2026-09-23T03:46:02.557940+00:00", "trace_id": null, "stage": "dense", "event": "finish", "duration_ms": 0.205, "candidates_out": 20}
{"ts": "2026-09-23T03:46:02.557964+00:00", "trace_id": null, "stage": "lexical", "event": "start"}
{"ts": "2026-09-23T03:46:02.558306+00:00", "trace_id": null, "stage": "lexical", "event": "finish", "duration_ms": 0.342, "candidates_out": 20}
{"ts": "2026-09-23T03:46:02.558333+00:00", "trace_id": null, "stage": "fuse", "event": "start", "candidates_in": 32}
{"ts": "2026-09-23T03:46:02.558408+00:00", "trace_id": null, "stage": "fuse", "event": "finish", "duration_ms": 0.075, "candidates_in": 32, "candidates_out": 22, "top_score": 0.03278688524590164}
{"ts": "2026-09-23T03:46:02.564600+00:00", "trace_id": null, "stage": "gate", "event": "start", "candidates_in": 5}
{"ts": "2026-09-23T03:46:02.564691+00:00", "trace_id": null, "stage": "gate", "event": "finish", "duration_ms": 0.091, "candidates_in": 5, "candidates_out": 5, "top_score": 0.09737704918032787}
{"ts": "2026-09-23T03:46:02.564724+00:00", "trace_id": null, "stage": "embed_query", "event": "start", "model": "Qwen/Qwen3-Embedding-0.6B"}
{"ts": "2026-09-23T03:46:02.590371+00:00", "trace_id": null, "stage": "embed_query", "event": "finish", "duration_ms": 25.644, "model": "Qwen/Qwen3-Embedding-0.6B"}
{"ts": "2026-09-23T03:46:02.590410+00:00", "trace_id": null, "stage": "dense", "event": "start"}
{"ts": "2026-09-23T03:46:02.590598+00:00", "trace_id": null, "stage": "dense", "event": "finish", "duration_ms": 0.188, "candidates_out": 20}
{"ts": "2026-09-23T03:46:02.590615+00:00", "trace_id": null, "stage": "lexical", "event": "start"}
{"ts": "2026-09-23T03:46:02.590910+00:00", "trace_id": null, "stage": "lexical", "event": "finish", "duration_ms": 0.295, "candidates_out": 20}
{"ts": "2026-09-23T03:46:02.590942+00:00", "trace_id": null, "stage": "fuse", "event": "start", "candidates_in": 33}
{"ts": "2026-09-23T03:46:02.591015+00:00", "trace_id": null, "stage": "fuse", "event": "finish", "duration_ms": 0.072, "candidates_in": 33, "candidates_out": 23, "top_score": 0.03278688524590164}
{"ts": "2026-09-23T03:46:02.597004+00:00", "trace_id": null, "stage": "gate", "event": "start", "candidates_in": 5}
{"ts": "2026-09-23T03:46:02.597078+00:00", "trace_id": null, "stage": "gate", "event": "finish", "duration_ms": 0.073, "candidates_in": 5, "candidates_out": 5, "top_score": 0.16229508196721312}
{"ts": "2026-09-23T03:46:02.597122+00:00", "trace_id": null, "stage": "embed_query", "event": "start", "model": "Qwen/Qwen3-Embedding-0.6B"}
{"ts": "2026-09-23T03:46:02.621120+00:00", "trace_id": null, "stage": "embed_query", "event": "finish", "duration_ms": 23.995, "model": "Qwen/Qwen3-Embedding-0.6B"}
{"ts": "2026-09-23T03:46:02.621169+00:00", "trace_id": null, "stage": "dense", "event": "start"}
{"ts": "2026-09-23T03:46:02.621378+00:00", "trace_id": null, "stage": "dense", "event": "finish", "duration_ms": 0.208, "candidates_out": 20}
{"ts": "2026-09-23T03:46:02.621400+00:00", "trace_id": null, "stage": "lexical", "event": "start"}
{"ts": "2026-09-23T03:46:02.621765+00:00", "trace_id": null, "stage": "lexical", "event": "finish", "duration_ms": 0.364, "candidates_out": 20}
{"ts": "2026-09-23T03:46:02.621821+00:00", "trace_id": null, "stage": "fuse", "event": "start", "candidates_in": 34}
{"ts": "2026-09-23T03:46:02.621894+00:00", "trace_id": null, "stage": "fuse", "event": "finish", "duration_ms": 0.073, "candidates_in": 34, "candidates_out": 20, "top_score": 0.03278688524590164}
{"ts": "2026-09-23T03:46:02.626995+00:00", "trace_id": null, "stage": "gate", "event": "start", "candidates_in": 5}
{"ts": "2026-09-23T03:46:02.627054+00:00", "trace_id": null, "stage": "gate", "event": "finish", "duration_ms": 0.058, "candidates_in": 5, "candidates_out": 5, "top_score": 0.09737704918032787}
{"ts": "2026-09-23T03:46:02.627080+00:00", "trace_id": null, "stage": "embed_query", "event": "start", "model": "Qwen/Qwen3-Embedding-0.6B"}
{"ts": "2026-09-23T03:46:02.652017+00:00", "trace_id": null, "stage": "embed_query", "event": "finish", "duration_ms": 24.935, "model": "Qwen/Qwen3-Embedding-0.6B"}
{"ts": "2026-09-23T03:46:02.652060+00:00", "trace_id": null, "stage": "dense", "event": "start"}
{"ts": "2026-09-23T03:46:02.652258+00:00", "trace_id": null, "stage": "dense", "event": "finish", "duration_ms": 0.198, "candidates_out": 20}
{"ts": "2026-09-23T03:46:02.652279+00:00", "trace_id": null, "stage": "lexical", "event": "start"}
{"ts": "2026-09-23T03:46:02.652568+00:00", "trace_id": null, "stage": "lexical", "event": "finish", "duration_ms": 0.288, "candidates_out": 20}
{"ts": "2026-09-23T03:46:02.652594+00:00", "trace_id": null, "stage": "fuse", "event": "start", "candidates_in": 33}
{"ts": "2026-09-23T03:46:02.652656+00:00", "trace_id": null, "stage": "fuse", "event": "finish", "duration_ms": 0.063, "candidates_in": 33, "candidates_out": 24, "top_score": 0.03278688524590164}
{"ts": "2026-09-23T03:46:02.657797+00:00", "trace_id": null, "stage": "gate", "event": "start", "candidates_in": 5}
{"ts": "2026-09-23T03:46:02.657862+00:00", "trace_id": null, "stage": "gate", "event": "finish", "duration_ms": 0.065, "candidates_in": 5, "candidates_out": 5, "top_score": 0.03278688524590164}
{"ts": "2026-09-23T03:46:02.657891+00:00", "trace_id": null, "stage": "embed_query", "event": "start", "model": "Qwen/Qwen3-Embedding-0.6B"}
{"ts": "2026-09-23T03:46:02.681828+00:00", "trace_id": null, "stage": "embed_query", "event": "finish", "duration_ms": 23.935, "model": "Qwen/Qwen3-Embedding-0.6B"}
{"ts": "2026-09-23T03:46:02.681879+00:00", "trace_id": null, "stage": "dense", "event": "start"}
{"ts": "2026-09-23T03:46:02.682090+00:00", "trace_id": null, "stage": "dense", "event": "finish", "duration_ms": 0.21, "candidates_out": 20}
{"ts": "2026-09-23T03:46:02.682113+00:00", "trace_id": null, "stage": "lexical", "event": "start"}
{"ts": "2026-09-23T03:46:02.682435+00:00", "trace_id": null, "stage": "lexical", "event": "finish", "duration_ms": 0.321, "candidates_out": 20}
{"ts": "2026-09-23T03:46:02.682461+00:00", "trace_id": null, "stage": "fuse", "event": "start", "candidates_in": 33}
{"ts": "2026-09-23T03:46:02.682538+00:00", "trace_id": null, "stage": "fuse", "event": "finish", "duration_ms": 0.077, "candidates_in": 33, "candidates_out": 24, "top_score": 0.03278688524590164}
{"ts": "2026-09-23T03:46:02.689133+00:00", "trace_id": null, "stage": "gate", "event": "start", "candidates_in": 5}
{"ts": "2026-09-23T03:46:02.689213+00:00", "trace_id": null, "stage": "gate", "event": "finish", "duration_ms": 0.08, "candidates_in": 5, "candidates_out": 5, "top_score": 0.08387096774193549}
{"ts": "2026-09-23T03:46:02.689260+00:00", "trace_id": null, "stage": "embed_query", "event": "start", "model": "Qwen/Qwen3-Embedding-0.6B"}
{"ts": "2026-09-23T03:46:02.689314+00:00", "trace_id": null, "stage": "embed_query", "event": "finish", "duration_ms": 0.054, "model": "Qwen/Qwen3-Embedding-0.6B"}
{"ts": "2026-09-23T03:46:02.689330+00:00", "trace_id": null, "stage": "dense", "event": "start"}
{"ts": "2026-09-23T03:46:02.689492+00:00", "trace_id": null, "stage": "dense", "event": "finish", "duration_ms": 0.161, "candidates_out": 20}
{"ts": "2026-09-23T03:46:02.689512+00:00", "trace_id": null, "stage": "lexical", "event": "start"}
{"ts": "2026-09-23T03:46:02.689777+00:00", "trace_id": null, "stage": "lexical", "event": "finish", "duration_ms": 0.265, "candidates_out": 20}
{"ts": "2026-09-23T03:46:02.689807+00:00", "trace_id": null, "stage": "fuse", "event": "start", "candidates_in": 31}
{"ts": "2026-09-23T03:46:02.689872+00:00", "trace_id": null, "stage": "fuse", "event": "finish", "duration_ms": 0.065, "candidates_in": 31, "candidates_out": 19, "top_score": 0.03278688524590164}
{"ts": "2026-09-23T03:46:02.693357+00:00", "trace_id": null, "stage": "gate", "event": "start", "candidates_in": 5}
{"ts": "2026-09-23T03:46:02.693411+00:00", "trace_id": null, "stage": "gate", "event": "finish", "duration_ms": 0.054, "candidates_in": 5, "candidates_out": 5, "top_score": 0.05901639344262295}
{"ts": "2026-09-23T03:46:02.693436+00:00", "trace_id": null, "stage": "embed_query", "event": "start", "model": "Qwen/Qwen3-Embedding-0.6B"}
{"ts": "2026-09-23T03:46:02.716688+00:00", "trace_id": null, "stage": "embed_query", "event": "finish", "duration_ms": 23.248, "model": "Qwen/Qwen3-Embedding-0.6B"}
{"ts": "2026-09-23T03:46:02.716736+00:00", "trace_id": null, "stage": "dense", "event": "start"}
{"ts": "2026-09-23T03:46:02.716942+00:00", "trace_id": null, "stage": "dense", "event": "finish", "duration_ms": 0.206, "candidates_out": 20}
{"ts": "2026-09-23T03:46:02.716961+00:00", "trace_id": null, "stage": "lexical", "event": "start"}
{"ts": "2026-09-23T03:46:02.717214+00:00", "trace_id": null, "stage": "lexical", "event": "finish", "duration_ms": 0.253, "candidates_out": 20}
{"ts": "2026-09-23T03:46:02.717253+00:00", "trace_id": null, "stage": "fuse", "event": "start", "candidates_in": 33}
{"ts": "2026-09-23T03:46:02.717331+00:00", "trace_id": null, "stage": "fuse", "event": "finish", "duration_ms": 0.078, "candidates_in": 33, "candidates_out": 19, "top_score": 0.03252247488101534}
{"ts": "2026-09-23T03:46:02.720630+00:00", "trace_id": null, "stage": "gate", "event": "start", "candidates_in": 5}
{"ts": "2026-09-23T03:46:02.720692+00:00", "trace_id": null, "stage": "gate", "event": "finish", "duration_ms": 0.062, "candidates_in": 5, "candidates_out": 5, "top_score": 0.0787878787878788}
{"ts": "2026-09-23T03:46:02.720733+00:00", "trace_id": null, "stage": "embed_query", "event": "start", "model": "Qwen/Qwen3-Embedding-0.6B"}
{"ts": "2026-09-23T03:46:02.748674+00:00", "trace_id": null, "stage": "embed_query", "event": "finish", "duration_ms": 27.935, "model": "Qwen/Qwen3-Embedding-0.6B"}
{"ts": "2026-09-23T03:46:02.748741+00:00", "trace_id": null, "stage": "dense", "event": "start"}
{"ts": "2026-09-23T03:46:02.748985+00:00", "trace_id": null, "stage": "dense", "event": "finish", "duration_ms": 0.242, "candidates_out": 20}
{"ts": "2026-09-23T03:46:02.749016+00:00", "trace_id": null, "stage": "lexical", "event": "start"}
{"ts": "2026-09-23T03:46:02.749323+00:00", "trace_id": null, "stage": "lexical", "event": "finish", "duration_ms": 0.307, "candidates_out": 20}
{"ts": "2026-09-23T03:46:02.749350+00:00", "trace_id": null, "stage": "fuse", "event": "start", "candidates_in": 32}
{"ts": "2026-09-23T03:46:02.749413+00:00", "trace_id": null, "stage": "fuse", "event": "finish", "duration_ms": 0.062, "candidates_in": 32, "candidates_out": 24, "top_score": 0.03278688524590164}
{"ts": "2026-09-23T03:46:02.756082+00:00", "trace_id": null, "stage": "gate", "event": "start", "candidates_in": 5}
{"ts": "2026-09-23T03:46:02.756156+00:00", "trace_id": null, "stage": "gate", "event": "finish", "duration_ms": 0.075, "candidates_in": 5, "candidates_out": 5, "top_score": 0.07611111111111112}
{"ts": "2026-09-23T03:46:02.756192+00:00", "trace_id": null, "stage": "embed_query", "event": "start", "model": "Qwen/Qwen3-Embedding-0.6B"}
{"ts": "2026-09-23T03:46:02.783525+00:00", "trace_id": null, "stage": "embed_query", "event": "finish", "duration_ms": 27.331, "model": "Qwen/Qwen3-Embedding-0.6B"}
{"ts": "2026-09-23T03:46:02.783564+00:00", "trace_id": null, "stage": "dense", "event": "start"}
{"ts": "2026-09-23T03:46:02.783770+00:00", "trace_id": null, "stage": "dense", "event": "finish", "duration_ms": 0.206, "candidates_out": 20}
{"ts": "2026-09-23T03:46:02.783796+00:00", "trace_id": null, "stage": "lexical", "event": "start"}
{"ts": "2026-09-23T03:46:02.784059+00:00", "trace_id": null, "stage": "lexical", "event": "finish", "duration_ms": 0.263, "candidates_out": 20}
{"ts": "2026-09-23T03:46:02.784085+00:00", "trace_id": null, "stage": "fuse", "event": "start", "candidates_in": 32}
{"ts": "2026-09-23T03:46:02.784165+00:00", "trace_id": null, "stage": "fuse", "event": "finish", "duration_ms": 0.079, "candidates_in": 32, "candidates_out": 22, "top_score": 0.03278688524590164}
{"ts": "2026-09-23T03:46:02.787593+00:00", "trace_id": null, "stage": "gate", "event": "start", "candidates_in": 5}
{"ts": "2026-09-23T03:46:02.787663+00:00", "trace_id": null, "stage": "gate", "event": "finish", "duration_ms": 0.071, "candidates_in": 5, "candidates_out": 5, "top_score": 0.09073460820895522}
{"ts": "2026-09-23T03:46:02.787693+00:00", "trace_id": null, "stage": "embed_query", "event": "start", "model": "Qwen/Qwen3-Embedding-0.6B"}
{"ts": "2026-09-23T03:46:02.812486+00:00", "trace_id": null, "stage": "embed_query", "event": "finish", "duration_ms": 24.79, "model": "Qwen/Qwen3-Embedding-0.6B"}
{"ts": "2026-09-23T03:46:02.812527+00:00", "trace_id": null, "stage": "dense", "event": "start"}
{"ts": "2026-09-23T03:46:02.812742+00:00", "trace_id": null, "stage": "dense", "event": "finish", "duration_ms": 0.214, "candidates_out": 20}
{"ts": "2026-09-23T03:46:02.812768+00:00", "trace_id": null, "stage": "lexical", "event": "start"}
{"ts": "2026-09-23T03:46:02.813086+00:00", "trace_id": null, "stage": "lexical", "event": "finish", "duration_ms": 0.317, "candidates_out": 20}
{"ts": "2026-09-23T03:46:02.813124+00:00", "trace_id": null, "stage": "fuse", "event": "start", "candidates_in": 34}
{"ts": "2026-09-23T03:46:02.813214+00:00", "trace_id": null, "stage": "fuse", "event": "finish", "duration_ms": 0.09, "candidates_in": 34, "candidates_out": 24, "top_score": 0.03278688524590164}
{"ts": "2026-09-23T03:46:02.818729+00:00", "trace_id": null, "stage": "gate", "event": "start", "candidates_in": 5}
{"ts": "2026-09-23T03:46:02.818820+00:00", "trace_id": null, "stage": "gate", "event": "finish", "duration_ms": 0.092, "candidates_in": 5, "candidates_out": 5, "top_score": 0.09737704918032787}
{"ts": "2026-09-23T03:46:02.818847+00:00", "trace_id": null, "stage": "embed_query", "event": "start", "model": "Qwen/Qwen3-Embedding-0.6B"}
{"ts": "2026-09-23T03:46:02.845445+00:00", "trace_id": null, "stage": "embed_query", "event": "finish", "duration_ms": 26.595, "model": "Qwen/Qwen3-Embedding-0.6B"}
{"ts": "2026-09-23T03:46:02.845491+00:00", "trace_id": null, "stage": "dense", "event": "start"}
{"ts": "2026-09-23T03:46:02.845689+00:00", "trace_id": null, "stage": "dense", "event": "finish", "duration_ms": 0.198, "candidates_out": 20}
{"ts": "2026-09-23T03:46:02.845709+00:00", "trace_id": null, "stage": "lexical", "event": "start"}
{"ts": "2026-09-23T03:46:02.846050+00:00", "trace_id": null, "stage": "lexical", "event": "finish", "duration_ms": 0.34, "candidates_out": 20}
{"ts": "2026-09-23T03:46:02.846079+00:00", "trace_id": null, "stage": "fuse", "event": "start", "candidates_in": 31}
{"ts": "2026-09-23T03:46:02.846148+00:00", "trace_id": null, "stage": "fuse", "event": "finish", "duration_ms": 0.069, "candidates_in": 31, "candidates_out": 22, "top_score": 0.03278688524590164}
{"ts": "2026-09-23T03:46:02.850683+00:00", "trace_id": null, "stage": "gate", "event": "start", "candidates_in": 5}
{"ts": "2026-09-23T03:46:02.850886+00:00", "trace_id": null, "stage": "gate", "event": "finish", "duration_ms": 0.203, "candidates_in": 5, "candidates_out": 6, "top_score": 0.048375}
{"ts": "2026-09-23T03:46:02.850915+00:00", "trace_id": null, "stage": "embed_query", "event": "start", "model": "Qwen/Qwen3-Embedding-0.6B"}
{"ts": "2026-09-23T03:46:02.874846+00:00", "trace_id": null, "stage": "embed_query", "event": "finish", "duration_ms": 23.928, "model": "Qwen/Qwen3-Embedding-0.6B"}
{"ts": "2026-09-23T03:46:02.874887+00:00", "trace_id": null, "stage": "dense", "event": "start"}
{"ts": "2026-09-23T03:46:02.875104+00:00", "trace_id": null, "stage": "dense", "event": "finish", "duration_ms": 0.217, "candidates_out": 20}
{"ts": "2026-09-23T03:46:02.875127+00:00", "trace_id": null, "stage": "lexical", "event": "start"}
{"ts": "2026-09-23T03:46:02.875360+00:00", "trace_id": null, "stage": "lexical", "event": "finish", "duration_ms": 0.233, "candidates_out": 11}
{"ts": "2026-09-23T03:46:02.875381+00:00", "trace_id": null, "stage": "fuse", "event": "start", "candidates_in": 25}
{"ts": "2026-09-23T03:46:02.875451+00:00", "trace_id": null, "stage": "fuse", "event": "finish", "duration_ms": 0.07, "candidates_in": 25, "candidates_out": 19, "top_score": 0.03252247488101534}
{"ts": "2026-09-23T03:46:02.880397+00:00", "trace_id": null, "stage": "gate", "event": "start", "candidates_in": 5}
{"ts": "2026-09-23T03:46:02.880469+00:00", "trace_id": null, "stage": "gate", "event": "finish", "duration_ms": 0.073, "candidates_in": 5, "candidates_out": 5, "top_score": 0.08455843469063988}
{"ts": "2026-09-23T03:46:02.880499+00:00", "trace_id": null, "stage": "embed_query", "event": "start", "model": "Qwen/Qwen3-Embedding-0.6B"}
{"ts": "2026-09-23T03:46:02.904012+00:00", "trace_id": null, "stage": "embed_query", "event": "finish", "duration_ms": 23.511, "model": "Qwen/Qwen3-Embedding-0.6B"}
{"ts": "2026-09-23T03:46:02.904057+00:00", "trace_id": null, "stage": "dense", "event": "start"}
{"ts": "2026-09-23T03:46:02.904255+00:00", "trace_id": null, "stage": "dense", "event": "finish", "duration_ms": 0.198, "candidates_out": 20}
{"ts": "2026-09-23T03:46:02.904273+00:00", "trace_id": null, "stage": "lexical", "event": "start"}
{"ts": "2026-09-23T03:46:02.904527+00:00", "trace_id": null, "stage": "lexical", "event": "finish", "duration_ms": 0.254, "candidates_out": 19}
{"ts": "2026-09-23T03:46:02.904555+00:00", "trace_id": null, "stage": "fuse", "event": "start", "candidates_in": 30}
{"ts": "2026-09-23T03:46:02.904632+00:00", "trace_id": null, "stage": "fuse", "event": "finish", "duration_ms": 0.076, "candidates_in": 30, "candidates_out": 22, "top_score": 0.03278688524590164}
{"ts": "2026-09-23T03:46:02.908383+00:00", "trace_id": null, "stage": "gate", "event": "start", "candidates_in": 5}
{"ts": "2026-09-23T03:46:02.908476+00:00", "trace_id": null, "stage": "gate", "event": "finish", "duration_ms": 0.093, "candidates_in": 5, "candidates_out": 5, "top_score": 0.036571428571428574}
{"ts": "2026-09-23T03:46:02.908512+00:00", "trace_id": null, "stage": "embed_query", "event": "start", "model": "Qwen/Qwen3-Embedding-0.6B"}
{"ts": "2026-09-23T03:46:02.932604+00:00", "trace_id": null, "stage": "embed_query", "event": "finish", "duration_ms": 24.089, "model": "Qwen/Qwen3-Embedding-0.6B"}
{"ts": "2026-09-23T03:46:02.932647+00:00", "trace_id": null, "stage": "dense", "event": "start"}
{"ts": "2026-09-23T03:46:02.932853+00:00", "trace_id": null, "stage": "dense", "event": "finish", "duration_ms": 0.206, "candidates_out": 20}
{"ts": "2026-09-23T03:46:02.932871+00:00", "trace_id": null, "stage": "lexical", "event": "start"}
{"ts": "2026-09-23T03:46:02.933113+00:00", "trace_id": null, "stage": "lexical", "event": "finish", "duration_ms": 0.242, "candidates_out": 16}
{"ts": "2026-09-23T03:46:02.933136+00:00", "trace_id": null, "stage": "fuse", "event": "start", "candidates_in": 28}
{"ts": "2026-09-23T03:46:02.933198+00:00", "trace_id": null, "stage": "fuse", "event": "finish", "duration_ms": 0.062, "candidates_in": 28, "candidates_out": 22, "top_score": 0.03278688524590164}
{"ts": "2026-09-23T03:46:02.937180+00:00", "trace_id": null, "stage": "gate", "event": "start", "candidates_in": 5}
{"ts": "2026-09-23T03:46:02.937239+00:00", "trace_id": null, "stage": "gate", "event": "finish", "duration_ms": 0.06, "candidates_in": 5, "candidates_out": 5, "top_score": 0.08256048387096775}
{"ts": "2026-09-23T03:46:02.937266+00:00", "trace_id": null, "stage": "embed_query", "event": "start", "model": "Qwen/Qwen3-Embedding-0.6B"}
{"ts": "2026-09-23T03:46:02.961495+00:00", "trace_id": null, "stage": "embed_query", "event": "finish", "duration_ms": 24.226, "model": "Qwen/Qwen3-Embedding-0.6B"}
{"ts": "2026-09-23T03:46:02.961535+00:00", "trace_id": null, "stage": "dense", "event": "start"}
{"ts": "2026-09-23T03:46:02.961730+00:00", "trace_id": null, "stage": "dense", "event": "finish", "duration_ms": 0.196, "candidates_out": 20}
{"ts": "2026-09-23T03:46:02.961753+00:00", "trace_id": null, "stage": "lexical", "event": "start"}
{"ts": "2026-09-23T03:46:02.962032+00:00", "trace_id": null, "stage": "lexical", "event": "finish", "duration_ms": 0.279, "candidates_out": 20}
{"ts": "2026-09-23T03:46:02.962059+00:00", "trace_id": null, "stage": "fuse", "event": "start", "candidates_in": 32}
{"ts": "2026-09-23T03:46:02.962128+00:00", "trace_id": null, "stage": "fuse", "event": "finish", "duration_ms": 0.069, "candidates_in": 32, "candidates_out": 20, "top_score": 0.032266458495966696}
{"ts": "2026-09-23T03:46:02.965119+00:00", "trace_id": null, "stage": "gate", "event": "start", "candidates_in": 5}
{"ts": "2026-09-23T03:46:02.965182+00:00", "trace_id": null, "stage": "gate", "event": "finish", "duration_ms": 0.062, "candidates_in": 5, "candidates_out": 5, "top_score": 0.05413839891451832}
{"ts": "2026-09-23T03:46:02.965209+00:00", "trace_id": null, "stage": "embed_query", "event": "start", "model": "Qwen/Qwen3-Embedding-0.6B"}
{"ts": "2026-09-23T03:46:02.992603+00:00", "trace_id": null, "stage": "embed_query", "event": "finish", "duration_ms": 27.392, "model": "Qwen/Qwen3-Embedding-0.6B"}
{"ts": "2026-09-23T03:46:02.992641+00:00", "trace_id": null, "stage": "dense", "event": "start"}
{"ts": "2026-09-23T03:46:02.992859+00:00", "trace_id": null, "stage": "dense", "event": "finish", "duration_ms": 0.219, "candidates_out": 20}
{"ts": "2026-09-23T03:46:02.992875+00:00", "trace_id": null, "stage": "lexical", "event": "start"}
{"ts": "2026-09-23T03:46:02.993162+00:00", "trace_id": null, "stage": "lexical", "event": "finish", "duration_ms": 0.286, "candidates_out": 20}
{"ts": "2026-09-23T03:46:02.993197+00:00", "trace_id": null, "stage": "fuse", "event": "start", "candidates_in": 33}
{"ts": "2026-09-23T03:46:02.993278+00:00", "trace_id": null, "stage": "fuse", "event": "finish", "duration_ms": 0.082, "candidates_in": 33, "candidates_out": 20, "top_score": 0.03278688524590164}
{"ts": "2026-09-23T03:46:02.999433+00:00", "trace_id": null, "stage": "gate", "event": "start", "candidates_in": 5}
{"ts": "2026-09-23T03:46:02.999502+00:00", "trace_id": null, "stage": "gate", "event": "finish", "duration_ms": 0.069, "candidates_in": 5, "candidates_out": 5, "top_score": 0.054098360655737705}
{"ts": "2026-09-23T03:46:02.999531+00:00", "trace_id": null, "stage": "embed_query", "event": "start", "model": "Qwen/Qwen3-Embedding-0.6B"}
{"ts": "2026-09-23T03:46:03.023893+00:00", "trace_id": null, "stage": "embed_query", "event": "finish", "duration_ms": 24.359, "model": "Qwen/Qwen3-Embedding-0.6B"}
{"ts": "2026-09-23T03:46:03.023935+00:00", "trace_id": null, "stage": "dense", "event": "start"}
{"ts": "2026-09-23T03:46:03.024150+00:00", "trace_id": null, "stage": "dense", "event": "finish", "duration_ms": 0.214, "candidates_out": 20}
{"ts": "2026-09-23T03:46:03.024175+00:00", "trace_id": null, "stage": "lexical", "event": "start"}
{"ts": "2026-09-23T03:46:03.024477+00:00", "trace_id": null, "stage": "lexical", "event": "finish", "duration_ms": 0.302, "candidates_out": 20}
{"ts": "2026-09-23T03:46:03.024516+00:00", "trace_id": null, "stage": "fuse", "event": "start", "candidates_in": 34}
{"ts": "2026-09-23T03:46:03.024600+00:00", "trace_id": null, "stage": "fuse", "event": "finish", "duration_ms": 0.084, "candidates_in": 34, "candidates_out": 22, "top_score": 0.03278688524590164}
{"ts": "2026-09-23T03:46:03.031300+00:00", "trace_id": null, "stage": "gate", "event": "start", "candidates_in": 5}
{"ts": "2026-09-23T03:46:03.031367+00:00", "trace_id": null, "stage": "gate", "event": "finish", "duration_ms": 0.068, "candidates_in": 5, "candidates_out": 5, "top_score": 0.13519354838709677}
{"ts": "2026-09-23T03:46:03.031396+00:00", "trace_id": null, "stage": "embed_query", "event": "start", "model": "Qwen/Qwen3-Embedding-0.6B"}
{"ts": "2026-09-23T03:46:03.055120+00:00", "trace_id": null, "stage": "embed_query", "event": "finish", "duration_ms": 23.722, "model": "Qwen/Qwen3-Embedding-0.6B"}
{"ts": "2026-09-23T03:46:03.055162+00:00", "trace_id": null, "stage": "dense", "event": "start"}
{"ts": "2026-09-23T03:46:03.055362+00:00", "trace_id": null, "stage": "dense", "event": "finish", "duration_ms": 0.199, "candidates_out": 20}
{"ts": "2026-09-23T03:46:03.055386+00:00", "trace_id": null, "stage": "lexical", "event": "start"}
{"ts": "2026-09-23T03:46:03.055684+00:00", "trace_id": null, "stage": "lexical", "event": "finish", "duration_ms": 0.298, "candidates_out": 20}
{"ts": "2026-09-23T03:46:03.055714+00:00", "trace_id": null, "stage": "fuse", "event": "start", "candidates_in": 34}
{"ts": "2026-09-23T03:46:03.055785+00:00", "trace_id": null, "stage": "fuse", "event": "finish", "duration_ms": 0.07, "candidates_in": 34, "candidates_out": 25, "top_score": 0.03252247488101534}
{"ts": "2026-09-23T03:46:03.063298+00:00", "trace_id": null, "stage": "gate", "event": "start", "candidates_in": 5}
{"ts": "2026-09-23T03:46:03.063364+00:00", "trace_id": null, "stage": "gate", "event": "finish", "duration_ms": 0.065, "candidates_in": 5, "candidates_out": 5, "top_score": 0.1340625}
{"ts": "2026-09-23T03:46:03.063390+00:00", "trace_id": null, "stage": "embed_query", "event": "start", "model": "Qwen/Qwen3-Embedding-0.6B"}
{"ts": "2026-09-23T03:46:03.087227+00:00", "trace_id": null, "stage": "embed_query", "event": "finish", "duration_ms": 23.835, "model": "Qwen/Qwen3-Embedding-0.6B"}
{"ts": "2026-09-23T03:46:03.087266+00:00", "trace_id": null, "stage": "dense", "event": "start"}
{"ts": "2026-09-23T03:46:03.087457+00:00", "trace_id": null, "stage": "dense", "event": "finish", "duration_ms": 0.191, "candidates_out": 20}
{"ts": "2026-09-23T03:46:03.087474+00:00", "trace_id": null, "stage": "lexical", "event": "start"}
{"ts": "2026-09-23T03:46:03.087768+00:00", "trace_id": null, "stage": "lexical", "event": "finish", "duration_ms": 0.293, "candidates_out": 20}
{"ts": "2026-09-23T03:46:03.087794+00:00", "trace_id": null, "stage": "fuse", "event": "start", "candidates_in": 35}
{"ts": "2026-09-23T03:46:03.087876+00:00", "trace_id": null, "stage": "fuse", "event": "finish", "duration_ms": 0.081, "candidates_in": 35, "candidates_out": 25, "top_score": 0.03252247488101534}
{"ts": "2026-09-23T03:46:03.095378+00:00", "trace_id": null, "stage": "gate", "event": "start", "candidates_in": 5}
{"ts": "2026-09-23T03:46:03.095440+00:00", "trace_id": null, "stage": "gate", "event": "finish", "duration_ms": 0.062, "candidates_in": 5, "candidates_out": 5, "top_score": 0.0880048287971905}
{"ts": "2026-09-23T03:46:03.095477+00:00", "trace_id": null, "stage": "embed_query", "event": "start", "model": "Qwen/Qwen3-Embedding-0.6B"}
{"ts": "2026-09-23T03:46:03.119459+00:00", "trace_id": null, "stage": "embed_query", "event": "finish", "duration_ms": 23.979, "model": "Qwen/Qwen3-Embedding-0.6B"}
{"ts": "2026-09-23T03:46:03.119500+00:00", "trace_id": null, "stage": "dense", "event": "start"}
{"ts": "2026-09-23T03:46:03.119690+00:00", "trace_id": null, "stage": "dense", "event": "finish", "duration_ms": 0.19, "candidates_out": 20}
{"ts": "2026-09-23T03:46:03.119706+00:00", "trace_id": null, "stage": "lexical", "event": "start"}
{"ts": "2026-09-23T03:46:03.119937+00:00", "trace_id": null, "stage": "lexical", "event": "finish", "duration_ms": 0.231, "candidates_out": 20}
{"ts": "2026-09-23T03:46:03.119962+00:00", "trace_id": null, "stage": "fuse", "event": "start", "candidates_in": 33}
{"ts": "2026-09-23T03:46:03.120030+00:00", "trace_id": null, "stage": "fuse", "event": "finish", "duration_ms": 0.068, "candidates_in": 33, "candidates_out": 22, "top_score": 0.03278688524590164}
{"ts": "2026-09-23T03:46:03.125217+00:00", "trace_id": null, "stage": "gate", "event": "start", "candidates_in": 5}
{"ts": "2026-09-23T03:46:03.125287+00:00", "trace_id": null, "stage": "gate", "event": "finish", "duration_ms": 0.07, "candidates_in": 5, "candidates_out": 5, "top_score": 0.14065573770491804}
{"ts": "2026-09-23T03:46:03.125318+00:00", "trace_id": null, "stage": "embed_query", "event": "start", "model": "Qwen/Qwen3-Embedding-0.6B"}
{"ts": "2026-09-23T03:46:03.150210+00:00", "trace_id": null, "stage": "embed_query", "event": "finish", "duration_ms": 24.889, "model": "Qwen/Qwen3-Embedding-0.6B"}
{"ts": "2026-09-23T03:46:03.150279+00:00", "trace_id": null, "stage": "dense", "event": "start"}
{"ts": "2026-09-23T03:46:03.150492+00:00", "trace_id": null, "stage": "dense", "event": "finish", "duration_ms": 0.214, "candidates_out": 20}
{"ts": "2026-09-23T03:46:03.150512+00:00", "trace_id": null, "stage": "lexical", "event": "start"}
{"ts": "2026-09-23T03:46:03.150766+00:00", "trace_id": null, "stage": "lexical", "event": "finish", "duration_ms": 0.253, "candidates_out": 20}
{"ts": "2026-09-23T03:46:03.150795+00:00", "trace_id": null, "stage": "fuse", "event": "start", "candidates_in": 30}
{"ts": "2026-09-23T03:46:03.150871+00:00", "trace_id": null, "stage": "fuse", "event": "finish", "duration_ms": 0.076, "candidates_in": 30, "candidates_out": 18, "top_score": 0.03278688524590164}
{"ts": "2026-09-23T03:46:03.153242+00:00", "trace_id": null, "stage": "gate", "event": "start", "candidates_in": 5}
{"ts": "2026-09-23T03:46:03.153434+00:00", "trace_id": null, "stage": "gate", "event": "finish", "duration_ms": 0.192, "candidates_in": 5, "candidates_out": 6, "top_score": 0.0532258064516129}
{"ts": "2026-09-23T03:46:03.153460+00:00", "trace_id": null, "stage": "embed_query", "event": "start", "model": "Qwen/Qwen3-Embedding-0.6B"}
{"ts": "2026-09-23T03:46:03.175956+00:00", "trace_id": null, "stage": "embed_query", "event": "finish", "duration_ms": 22.494, "model": "Qwen/Qwen3-Embedding-0.6B"}
{"ts": "2026-09-23T03:46:03.175997+00:00", "trace_id": null, "stage": "dense", "event": "start"}
{"ts": "2026-09-23T03:46:03.176203+00:00", "trace_id": null, "stage": "dense", "event": "finish", "duration_ms": 0.207, "candidates_out": 20}
{"ts": "2026-09-23T03:46:03.176221+00:00", "trace_id": null, "stage": "lexical", "event": "start"}
{"ts": "2026-09-23T03:46:03.176601+00:00", "trace_id": null, "stage": "lexical", "event": "finish", "duration_ms": 0.379, "candidates_out": 20}
{"ts": "2026-09-23T03:46:03.176628+00:00", "trace_id": null, "stage": "fuse", "event": "start", "candidates_in": 32}
{"ts": "2026-09-23T03:46:03.176689+00:00", "trace_id": null, "stage": "fuse", "event": "finish", "duration_ms": 0.06, "candidates_in": 32, "candidates_out": 20, "top_score": 0.03278688524590164}
{"ts": "2026-09-23T03:46:03.179600+00:00", "trace_id": null, "stage": "gate", "event": "start", "candidates_in": 5}
{"ts": "2026-09-23T03:46:03.179803+00:00", "trace_id": null, "stage": "gate", "event": "finish", "duration_ms": 0.202, "candidates_in": 5, "candidates_out": 6, "top_score": 0.0532258064516129}
{"ts": "2026-09-23T03:46:03.179835+00:00", "trace_id": null, "stage": "embed_query", "event": "start", "model": "Qwen/Qwen3-Embedding-0.6B"}
{"ts": "2026-09-23T03:46:03.203217+00:00", "trace_id": null, "stage": "embed_query", "event": "finish", "duration_ms": 23.379, "model": "Qwen/Qwen3-Embedding-0.6B"}
{"ts": "2026-09-23T03:46:03.203261+00:00", "trace_id": null, "stage": "dense", "event": "start"}
{"ts": "2026-09-23T03:46:03.203475+00:00", "trace_id": null, "stage": "dense", "event": "finish", "duration_ms": 0.213, "candidates_out": 20}
{"ts": "2026-09-23T03:46:03.203501+00:00", "trace_id": null, "stage": "lexical", "event": "start"}
{"ts": "2026-09-23T03:46:03.203771+00:00", "trace_id": null, "stage": "lexical", "event": "finish", "duration_ms": 0.269, "candidates_out": 20}
{"ts": "2026-09-23T03:46:03.203806+00:00", "trace_id": null, "stage": "fuse", "event": "start", "candidates_in": 28}
{"ts": "2026-09-23T03:46:03.203885+00:00", "trace_id": null, "stage": "fuse", "event": "finish", "duration_ms": 0.079, "candidates_in": 28, "candidates_out": 18, "top_score": 0.031746031746031744}
{"ts": "2026-09-23T03:46:03.207241+00:00", "trace_id": null, "stage": "gate", "event": "start", "candidates_in": 5}
{"ts": "2026-09-23T03:46:03.207612+00:00", "trace_id": null, "stage": "gate", "event": "finish", "duration_ms": 0.374, "candidates_in": 5, "candidates_out": 6, "top_score": 0.05550284629981025}
{"ts": "2026-09-23T03:46:03.207649+00:00", "trace_id": null, "stage": "embed_query", "event": "start", "model": "Qwen/Qwen3-Embedding-0.6B"}
{"ts": "2026-09-23T03:46:03.231476+00:00", "trace_id": null, "stage": "embed_query", "event": "finish", "duration_ms": 23.824, "model": "Qwen/Qwen3-Embedding-0.6B"}
{"ts": "2026-09-23T03:46:03.231517+00:00", "trace_id": null, "stage": "dense", "event": "start"}
{"ts": "2026-09-23T03:46:03.231712+00:00", "trace_id": null, "stage": "dense", "event": "finish", "duration_ms": 0.195, "candidates_out": 20}
{"ts": "2026-09-23T03:46:03.231729+00:00", "trace_id": null, "stage": "lexical", "event": "start"}
{"ts": "2026-09-23T03:46:03.232007+00:00", "trace_id": null, "stage": "lexical", "event": "finish", "duration_ms": 0.277, "candidates_out": 20}
{"ts": "2026-09-23T03:46:03.232039+00:00", "trace_id": null, "stage": "fuse", "event": "start", "candidates_in": 27}
{"ts": "2026-09-23T03:46:03.232129+00:00", "trace_id": null, "stage": "fuse", "event": "finish", "duration_ms": 0.09, "candidates_in": 27, "candidates_out": 19, "top_score": 0.03278688524590164}
{"ts": "2026-09-23T03:46:03.235841+00:00", "trace_id": null, "stage": "gate", "event": "start", "candidates_in": 5}
{"ts": "2026-09-23T03:46:03.235925+00:00", "trace_id": null, "stage": "gate", "event": "finish", "duration_ms": 0.084, "candidates_in": 5, "candidates_out": 5, "top_score": 0.052380952380952375}
{"ts": "2026-09-23T03:46:03.235952+00:00", "trace_id": null, "stage": "embed_query", "event": "start", "model": "Qwen/Qwen3-Embedding-0.6B"}
{"ts": "2026-09-23T03:46:03.259522+00:00", "trace_id": null, "stage": "embed_query", "event": "finish", "duration_ms": 23.566, "model": "Qwen/Qwen3-Embedding-0.6B"}
{"ts": "2026-09-23T03:46:03.259562+00:00", "trace_id": null, "stage": "dense", "event": "start"}
{"ts": "2026-09-23T03:46:03.259766+00:00", "trace_id": null, "stage": "dense", "event": "finish", "duration_ms": 0.203, "candidates_out": 20}
{"ts": "2026-09-23T03:46:03.259792+00:00", "trace_id": null, "stage": "lexical", "event": "start"}
{"ts": "2026-09-23T03:46:03.260070+00:00", "trace_id": null, "stage": "lexical", "event": "finish", "duration_ms": 0.279, "candidates_out": 20}
{"ts": "2026-09-23T03:46:03.260098+00:00", "trace_id": null, "stage": "fuse", "event": "start", "candidates_in": 30}
{"ts": "2026-09-23T03:46:03.260181+00:00", "trace_id": null, "stage": "fuse", "event": "finish", "duration_ms": 0.082, "candidates_in": 30, "candidates_out": 24, "top_score": 0.03278688524590164}
{"ts": "2026-09-23T03:46:03.266089+00:00", "trace_id": null, "stage": "gate", "event": "start", "candidates_in": 5}
{"ts": "2026-09-23T03:46:03.266183+00:00", "trace_id": null, "stage": "gate", "event": "finish", "duration_ms": 0.093, "candidates_in": 5, "candidates_out": 5, "top_score": 0.0532258064516129}
{"ts": "2026-09-23T03:46:03.266213+00:00", "trace_id": null, "stage": "embed_query", "event": "start", "model": "Qwen/Qwen3-Embedding-0.6B"}
{"ts": "2026-09-23T03:46:03.290315+00:00", "trace_id": null, "stage": "embed_query", "event": "finish", "duration_ms": 24.099, "model": "Qwen/Qwen3-Embedding-0.6B"}
{"ts": "2026-09-23T03:46:03.290359+00:00", "trace_id": null, "stage": "dense", "event": "start"}
{"ts": "2026-09-23T03:46:03.290572+00:00", "trace_id": null, "stage": "dense", "event": "finish", "duration_ms": 0.212, "candidates_out": 20}
{"ts": "2026-09-23T03:46:03.290598+00:00", "trace_id": null, "stage": "lexical", "event": "start"}
{"ts": "2026-09-23T03:46:03.290883+00:00", "trace_id": null, "stage": "lexical", "event": "finish", "duration_ms": 0.285, "candidates_out": 20}
{"ts": "2026-09-23T03:46:03.290910+00:00", "trace_id": null, "stage": "fuse", "event": "start", "candidates_in": 32}
{"ts": "2026-09-23T03:46:03.290987+00:00", "trace_id": null, "stage": "fuse", "event": "finish", "duration_ms": 0.076, "candidates_in": 32, "candidates_out": 21, "top_score": 0.03278688524590164}
{"ts": "2026-09-23T03:46:03.294977+00:00", "trace_id": null, "stage": "gate", "event": "start", "candidates_in": 5}
{"ts": "2026-09-23T03:46:03.295211+00:00", "trace_id": null, "stage": "gate", "event": "finish", "duration_ms": 0.235, "candidates_in": 5, "candidates_out": 6, "top_score": 0.13838709677419356}
{"ts": "2026-09-23T03:46:03.295239+00:00", "trace_id": null, "stage": "embed_query", "event": "start", "model": "Qwen/Qwen3-Embedding-0.6B"}
{"ts": "2026-09-23T03:46:03.319369+00:00", "trace_id": null, "stage": "embed_query", "event": "finish", "duration_ms": 24.127, "model": "Qwen/Qwen3-Embedding-0.6B"}
{"ts": "2026-09-23T03:46:03.319416+00:00", "trace_id": null, "stage": "dense", "event": "start"}
{"ts": "2026-09-23T03:46:03.319614+00:00", "trace_id": null, "stage": "dense", "event": "finish", "duration_ms": 0.198, "candidates_out": 20}
{"ts": "2026-09-23T03:46:03.319632+00:00", "trace_id": null, "stage": "lexical", "event": "start"}
{"ts": "2026-09-23T03:46:03.319909+00:00", "trace_id": null, "stage": "lexical", "event": "finish", "duration_ms": 0.278, "candidates_out": 20}
{"ts": "2026-09-23T03:46:03.319935+00:00", "trace_id": null, "stage": "fuse", "event": "start", "candidates_in": 33}
{"ts": "2026-09-23T03:46:03.319995+00:00", "trace_id": null, "stage": "fuse", "event": "finish", "duration_ms": 0.06, "candidates_in": 33, "candidates_out": 22, "top_score": 0.03252247488101534}
{"ts": "2026-09-23T03:46:03.324540+00:00", "trace_id": null, "stage": "gate", "event": "start", "candidates_in": 5}
{"ts": "2026-09-23T03:46:03.324783+00:00", "trace_id": null, "stage": "gate", "event": "finish", "duration_ms": 0.244, "candidates_in": 5, "candidates_out": 6, "top_score": 0.1395214172395558}
{"ts": "2026-09-23T03:46:03.324811+00:00", "trace_id": null, "stage": "embed_query", "event": "start", "model": "Qwen/Qwen3-Embedding-0.6B"}
{"ts": "2026-09-23T03:46:03.347372+00:00", "trace_id": null, "stage": "embed_query", "event": "finish", "duration_ms": 22.558, "model": "Qwen/Qwen3-Embedding-0.6B"}
{"ts": "2026-09-23T03:46:03.347423+00:00", "trace_id": null, "stage": "dense", "event": "start"}
{"ts": "2026-09-23T03:46:03.347640+00:00", "trace_id": null, "stage": "dense", "event": "finish", "duration_ms": 0.216, "candidates_out": 20}
{"ts": "2026-09-23T03:46:03.347670+00:00", "trace_id": null, "stage": "lexical", "event": "start"}
{"ts": "2026-09-23T03:46:03.347963+00:00", "trace_id": null, "stage": "lexical", "event": "finish", "duration_ms": 0.292, "candidates_out": 20}
{"ts": "2026-09-23T03:46:03.347996+00:00", "trace_id": null, "stage": "fuse", "event": "start", "candidates_in": 32}
{"ts": "2026-09-23T03:46:03.348094+00:00", "trace_id": null, "stage": "fuse", "event": "finish", "duration_ms": 0.097, "candidates_in": 32, "candidates_out": 22, "top_score": 0.030886196246139225}
{"ts": "2026-09-23T03:46:03.351546+00:00", "trace_id": null, "stage": "gate", "event": "start", "candidates_in": 5}
{"ts": "2026-09-23T03:46:03.351881+00:00", "trace_id": null, "stage": "gate", "event": "finish", "duration_ms": 0.335, "candidates_in": 5, "candidates_out": 7, "top_score": 0.052571428571428575}
{"ts": "2026-09-23T03:46:03.351921+00:00", "trace_id": null, "stage": "embed_query", "event": "start", "model": "Qwen/Qwen3-Embedding-0.6B"}
{"ts": "2026-09-23T03:46:03.376179+00:00", "trace_id": null, "stage": "embed_query", "event": "finish", "duration_ms": 24.256, "model": "Qwen/Qwen3-Embedding-0.6B"}
{"ts": "2026-09-23T03:46:03.376218+00:00", "trace_id": null, "stage": "dense", "event": "start"}
{"ts": "2026-09-23T03:46:03.376429+00:00", "trace_id": null, "stage": "dense", "event": "finish", "duration_ms": 0.21, "candidates_out": 20}
{"ts": "2026-09-23T03:46:03.376452+00:00", "trace_id": null, "stage": "lexical", "event": "start"}
{"ts": "2026-09-23T03:46:03.376729+00:00", "trace_id": null, "stage": "lexical", "event": "finish", "duration_ms": 0.277, "candidates_out": 20}
{"ts": "2026-09-23T03:46:03.376756+00:00", "trace_id": null, "stage": "fuse", "event": "start", "candidates_in": 33}
{"ts": "2026-09-23T03:46:03.376815+00:00", "trace_id": null, "stage": "fuse", "event": "finish", "duration_ms": 0.059, "candidates_in": 33, "candidates_out": 24, "top_score": 0.03278688524590164}
{"ts": "2026-09-23T03:46:03.382841+00:00", "trace_id": null, "stage": "gate", "event": "start", "candidates_in": 5}
{"ts": "2026-09-23T03:46:03.382910+00:00", "trace_id": null, "stage": "gate", "event": "finish", "duration_ms": 0.068, "candidates_in": 5, "candidates_out": 5, "top_score": 0.14065573770491804}
{"ts": "2026-09-23T03:46:03.382943+00:00", "trace_id": null, "stage": "embed_query", "event": "start", "model": "Qwen/Qwen3-Embedding-0.6B"}
{"ts": "2026-09-23T03:46:03.410707+00:00", "trace_id": null, "stage": "embed_query", "event": "finish", "duration_ms": 27.761, "model": "Qwen/Qwen3-Embedding-0.6B"}
{"ts": "2026-09-23T03:46:03.410754+00:00", "trace_id": null, "stage": "dense", "event": "start"}
{"ts": "2026-09-23T03:46:03.410948+00:00", "trace_id": null, "stage": "dense", "event": "finish", "duration_ms": 0.194, "candidates_out": 20}
{"ts": "2026-09-23T03:46:03.410967+00:00", "trace_id": null, "stage": "lexical", "event": "start"}
{"ts": "2026-09-23T03:46:03.411253+00:00", "trace_id": null, "stage": "lexical", "event": "finish", "duration_ms": 0.286, "candidates_out": 20}
{"ts": "2026-09-23T03:46:03.411285+00:00", "trace_id": null, "stage": "fuse", "event": "start", "candidates_in": 31}
{"ts": "2026-09-23T03:46:03.411371+00:00", "trace_id": null, "stage": "fuse", "event": "finish", "duration_ms": 0.085, "candidates_in": 31, "candidates_out": 19, "top_score": 0.03278688524590164}
{"ts": "2026-09-23T03:46:03.417225+00:00", "trace_id": null, "stage": "gate", "event": "start", "candidates_in": 5}
{"ts": "2026-09-23T03:46:03.417315+00:00", "trace_id": null, "stage": "gate", "event": "finish", "duration_ms": 0.091, "candidates_in": 5, "candidates_out": 5, "top_score": 0.052941176470588235}
{"ts": "2026-09-23T03:46:03.417343+00:00", "trace_id": null, "stage": "embed_query", "event": "start", "model": "Qwen/Qwen3-Embedding-0.6B"}
{"ts": "2026-09-23T03:46:03.440868+00:00", "trace_id": null, "stage": "embed_query", "event": "finish", "duration_ms": 23.522, "model": "Qwen/Qwen3-Embedding-0.6B"}
{"ts": "2026-09-23T03:46:03.440911+00:00", "trace_id": null, "stage": "dense", "event": "start"}
{"ts": "2026-09-23T03:46:03.441114+00:00", "trace_id": null, "stage": "dense", "event": "finish", "duration_ms": 0.202, "candidates_out": 20}
{"ts": "2026-09-23T03:46:03.441139+00:00", "trace_id": null, "stage": "lexical", "event": "start"}
{"ts": "2026-09-23T03:46:03.441409+00:00", "trace_id": null, "stage": "lexical", "event": "finish", "duration_ms": 0.27, "candidates_out": 20}
{"ts": "2026-09-23T03:46:03.441436+00:00", "trace_id": null, "stage": "fuse", "event": "start", "candidates_in": 32}
{"ts": "2026-09-23T03:46:03.441507+00:00", "trace_id": null, "stage": "fuse", "event": "finish", "duration_ms": 0.07, "candidates_in": 32, "candidates_out": 19, "top_score": 0.03278688524590164}
{"ts": "2026-09-23T03:46:03.445718+00:00", "trace_id": null, "stage": "gate", "event": "start", "candidates_in": 5}
{"ts": "2026-09-23T03:46:03.445782+00:00", "trace_id": null, "stage": "gate", "event": "finish", "duration_ms": 0.063, "candidates_in": 5, "candidates_out": 5, "top_score": 0.05239415322580645}
with_tau holdout_mrr=0.806 all_recall=0.893 empty=5/122
{"ts": "2026-09-23T03:46:03.448380+00:00", "trace_id": null, "stage": "embed_query", "event": "start", "model": "Qwen/Qwen3-Embedding-0.6B"}
{"ts": "2026-09-23T03:46:03.448435+00:00", "trace_id": null, "stage": "embed_query", "event": "finish", "duration_ms": 0.056, "model": "Qwen/Qwen3-Embedding-0.6B"}
{"ts": "2026-09-23T03:46:03.448454+00:00", "trace_id": null, "stage": "dense", "event": "start"}
{"ts": "2026-09-23T03:46:03.448607+00:00", "trace_id": null, "stage": "dense", "event": "finish", "duration_ms": 0.153, "candidates_out": 20}
{"ts": "2026-09-23T03:46:03.448627+00:00", "trace_id": null, "stage": "lexical", "event": "start"}
{"ts": "2026-09-23T03:46:03.448870+00:00", "trace_id": null, "stage": "lexical", "event": "finish", "duration_ms": 0.244, "candidates_out": 20}
{"ts": "2026-09-23T03:46:03.448913+00:00", "trace_id": null, "stage": "fuse", "event": "start", "candidates_in": 33}
{"ts": "2026-09-23T03:46:03.448993+00:00", "trace_id": null, "stage": "fuse", "event": "finish", "duration_ms": 0.081, "candidates_in": 33, "candidates_out": 22, "top_score": 0.03278688524590164}
{"ts": "2026-09-23T03:46:03.452400+00:00", "trace_id": null, "stage": "gate", "event": "start", "candidates_in": 5}
{"ts": "2026-09-23T03:46:03.452470+00:00", "trace_id": null, "stage": "gate", "event": "finish", "duration_ms": 0.07, "candidates_in": 5, "candidates_out": 5, "top_score": 0.14065573770491804}
{"ts": "2026-09-23T03:46:03.452496+00:00", "trace_id": null, "stage": "embed_query", "event": "start", "model": "Qwen/Qwen3-Embedding-0.6B"}
{"ts": "2026-09-23T03:46:03.452532+00:00", "trace_id": null, "stage": "embed_query", "event": "finish", "duration_ms": 0.037, "model": "Qwen/Qwen3-Embedding-0.6B"}
{"ts": "2026-09-23T03:46:03.452545+00:00", "trace_id": null, "stage": "dense", "event": "start"}
{"ts": "2026-09-23T03:46:03.452696+00:00", "trace_id": null, "stage": "dense", "event": "finish", "duration_ms": 0.151, "candidates_out": 20}
{"ts": "2026-09-23T03:46:03.452712+00:00", "trace_id": null, "stage": "lexical", "event": "start"}
{"ts": "2026-09-23T03:46:03.452908+00:00", "trace_id": null, "stage": "lexical", "event": "finish", "duration_ms": 0.196, "candidates_out": 20}
{"ts": "2026-09-23T03:46:03.452932+00:00", "trace_id": null, "stage": "fuse", "event": "start", "candidates_in": 33}
{"ts": "2026-09-23T03:46:03.452987+00:00", "trace_id": null, "stage": "fuse", "event": "finish", "duration_ms": 0.054, "candidates_in": 33, "candidates_out": 19, "top_score": 0.03278688524590164}
{"ts": "2026-09-23T03:46:03.455415+00:00", "trace_id": null, "stage": "gate", "event": "start", "candidates_in": 5}
{"ts": "2026-09-23T03:46:03.455468+00:00", "trace_id": null, "stage": "gate", "event": "finish", "duration_ms": 0.053, "candidates_in": 5, "candidates_out": 5, "top_score": 0.03278688524590164}
{"ts": "2026-09-23T03:46:03.455493+00:00", "trace_id": null, "stage": "embed_query", "event": "start", "model": "Qwen/Qwen3-Embedding-0.6B"}
{"ts": "2026-09-23T03:46:03.455532+00:00", "trace_id": null, "stage": "embed_query", "event": "finish", "duration_ms": 0.04, "model": "Qwen/Qwen3-Embedding-0.6B"}
{"ts": "2026-09-23T03:46:03.455552+00:00", "trace_id": null, "stage": "dense", "event": "start"}
{"ts": "2026-09-23T03:46:03.455707+00:00", "trace_id": null, "stage": "dense", "event": "finish", "duration_ms": 0.155, "candidates_out": 20}
{"ts": "2026-09-23T03:46:03.455723+00:00", "trace_id": null, "stage": "lexical", "event": "start"}
{"ts": "2026-09-23T03:46:03.455911+00:00", "trace_id": null, "stage": "lexical", "event": "finish", "duration_ms": 0.187, "candidates_out": 20}
{"ts": "2026-09-23T03:46:03.455938+00:00", "trace_id": null, "stage": "fuse", "event": "start", "candidates_in": 31}
{"ts": "2026-09-23T03:46:03.455990+00:00", "trace_id": null, "stage": "fuse", "event": "finish", "duration_ms": 0.052, "candidates_in": 31, "candidates_out": 19, "top_score": 0.03278688524590164}
{"ts": "2026-09-23T03:46:03.459413+00:00", "trace_id": null, "stage": "gate", "event": "start", "candidates_in": 5}
{"ts": "2026-09-23T03:46:03.459460+00:00", "trace_id": null, "stage": "gate", "event": "finish", "duration_ms": 0.047, "candidates_in": 5, "candidates_out": 5, "top_score": 0.05901639344262295}
{"ts": "2026-09-23T03:46:03.459482+00:00", "trace_id": null, "stage": "embed_query", "event": "start", "model": "Qwen/Qwen3-Embedding-0.6B"}
{"ts": "2026-09-23T03:46:03.459516+00:00", "trace_id": null, "stage": "embed_query", "event": "finish", "duration_ms": 0.035, "model": "Qwen/Qwen3-Embedding-0.6B"}
{"ts": "2026-09-23T03:46:03.459533+00:00", "trace_id": null, "stage": "dense", "event": "start"}
{"ts": "2026-09-23T03:46:03.459684+00:00", "trace_id": null, "stage": "dense", "event": "finish", "duration_ms": 0.151, "candidates_out": 20}
{"ts": "2026-09-23T03:46:03.459702+00:00", "trace_id": null, "stage": "lexical", "event": "start"}
{"ts": "2026-09-23T03:46:03.459897+00:00", "trace_id": null, "stage": "lexical", "event": "finish", "duration_ms": 0.195, "candidates_out": 20}
{"ts": "2026-09-23T03:46:03.459920+00:00", "trace_id": null, "stage": "fuse", "event": "start", "candidates_in": 33}
{"ts": "2026-09-23T03:46:03.459973+00:00", "trace_id": null, "stage": "fuse", "event": "finish", "duration_ms": 0.052, "candidates_in": 33, "candidates_out": 20, "top_score": 0.03252247488101534}
{"ts": "2026-09-23T03:46:03.463675+00:00", "trace_id": null, "stage": "gate", "event": "start", "candidates_in": 5}
{"ts": "2026-09-23T03:46:03.463730+00:00", "trace_id": null, "stage": "gate", "event": "finish", "duration_ms": 0.056, "candidates_in": 5, "candidates_out": 5, "top_score": 0.03252247488101534}
{"ts": "2026-09-23T03:46:03.463752+00:00", "trace_id": null, "stage": "embed_query", "event": "start", "model": "Qwen/Qwen3-Embedding-0.6B"}
{"ts": "2026-09-23T03:46:03.463790+00:00", "trace_id": null, "stage": "embed_query", "event": "finish", "duration_ms": 0.038, "model": "Qwen/Qwen3-Embedding-0.6B"}
{"ts": "2026-09-23T03:46:03.463807+00:00", "trace_id": null, "stage": "dense", "event": "start"}
{"ts": "2026-09-23T03:46:03.463959+00:00", "trace_id": null, "stage": "dense", "event": "finish", "duration_ms": 0.152, "candidates_out": 20}
{"ts": "2026-09-23T03:46:03.463976+00:00", "trace_id": null, "stage": "lexical", "event": "start"}
{"ts": "2026-09-23T03:46:03.464204+00:00", "trace_id": null, "stage": "lexical", "event": "finish", "duration_ms": 0.228, "candidates_out": 20}
{"ts": "2026-09-23T03:46:03.464229+00:00", "trace_id": null, "stage": "fuse", "event": "start", "candidates_in": 33}
{"ts": "2026-09-23T03:46:03.464280+00:00", "trace_id": null, "stage": "fuse", "event": "finish", "duration_ms": 0.051, "candidates_in": 33, "candidates_out": 20, "top_score": 0.03278688524590164}
{"ts": "2026-09-23T03:46:03.468025+00:00", "trace_id": null, "stage": "gate", "event": "start", "candidates_in": 5}
{"ts": "2026-09-23T03:46:03.468081+00:00", "trace_id": null, "stage": "gate", "event": "finish", "duration_ms": 0.057, "candidates_in": 5, "candidates_out": 5, "top_score": 0.03278688524590164}
{"ts": "2026-09-23T03:46:03.468106+00:00", "trace_id": null, "stage": "embed_query", "event": "start", "model": "Qwen/Qwen3-Embedding-0.6B"}
{"ts": "2026-09-23T03:46:03.468144+00:00", "trace_id": null, "stage": "embed_query", "event": "finish", "duration_ms": 0.039, "model": "Qwen/Qwen3-Embedding-0.6B"}
{"ts": "2026-09-23T03:46:03.468162+00:00", "trace_id": null, "stage": "dense", "event": "start"}
{"ts": "2026-09-23T03:46:03.468302+00:00", "trace_id": null, "stage": "dense", "event": "finish", "duration_ms": 0.14, "candidates_out": 20}
{"ts": "2026-09-23T03:46:03.468317+00:00", "trace_id": null, "stage": "lexical", "event": "start"}
{"ts": "2026-09-23T03:46:03.468520+00:00", "trace_id": null, "stage": "lexical", "event": "finish", "duration_ms": 0.203, "candidates_out": 20}
{"ts": "2026-09-23T03:46:03.468543+00:00", "trace_id": null, "stage": "fuse", "event": "start", "candidates_in": 31}
{"ts": "2026-09-23T03:46:03.468605+00:00", "trace_id": null, "stage": "fuse", "event": "finish", "duration_ms": 0.061, "candidates_in": 31, "candidates_out": 18, "top_score": 0.03252247488101534}
{"ts": "2026-09-23T03:46:03.471757+00:00", "trace_id": null, "stage": "gate", "event": "start", "candidates_in": 5}
{"ts": "2026-09-23T03:46:03.471812+00:00", "trace_id": null, "stage": "gate", "event": "finish", "duration_ms": 0.055, "candidates_in": 5, "candidates_out": 5, "top_score": 0.03252247488101534}
{"ts": "2026-09-23T03:46:03.471834+00:00", "trace_id": null, "stage": "embed_query", "event": "start", "model": "Qwen/Qwen3-Embedding-0.6B"}
{"ts": "2026-09-23T03:46:03.471873+00:00", "trace_id": null, "stage": "embed_query", "event": "finish", "duration_ms": 0.039, "model": "Qwen/Qwen3-Embedding-0.6B"}
{"ts": "2026-09-23T03:46:03.471891+00:00", "trace_id": null, "stage": "dense", "event": "start"}
{"ts": "2026-09-23T03:46:03.472034+00:00", "trace_id": null, "stage": "dense", "event": "finish", "duration_ms": 0.143, "candidates_out": 20}
{"ts": "2026-09-23T03:46:03.472049+00:00", "trace_id": null, "stage": "lexical", "event": "start"}
{"ts": "2026-09-23T03:46:03.472243+00:00", "trace_id": null, "stage": "lexical", "event": "finish", "duration_ms": 0.193, "candidates_out": 20}
{"ts": "2026-09-23T03:46:03.472266+00:00", "trace_id": null, "stage": "fuse", "event": "start", "candidates_in": 31}
{"ts": "2026-09-23T03:46:03.472316+00:00", "trace_id": null, "stage": "fuse", "event": "finish", "duration_ms": 0.051, "candidates_in": 31, "candidates_out": 19, "top_score": 0.03278688524590164}
{"ts": "2026-09-23T03:46:03.475582+00:00", "trace_id": null, "stage": "gate", "event": "start", "candidates_in": 5}
{"ts": "2026-09-23T03:46:03.475633+00:00", "trace_id": null, "stage": "gate", "event": "finish", "duration_ms": 0.052, "candidates_in": 5, "candidates_out": 5, "top_score": 0.05901639344262295}
{"ts": "2026-09-23T03:46:03.475654+00:00", "trace_id": null, "stage": "embed_query", "event": "start", "model": "Qwen/Qwen3-Embedding-0.6B"}
{"ts": "2026-09-23T03:46:03.475702+00:00", "trace_id": null, "stage": "embed_query", "event": "finish", "duration_ms": 0.048, "model": "Qwen/Qwen3-Embedding-0.6B"}
{"ts": "2026-09-23T03:46:03.475718+00:00", "trace_id": null, "stage": "dense", "event": "start"}
{"ts": "2026-09-23T03:46:03.475838+00:00", "trace_id": null, "stage": "dense", "event": "finish", "duration_ms": 0.12, "candidates_out": 20}
{"ts": "2026-09-23T03:46:03.475852+00:00", "trace_id": null, "stage": "lexical", "event": "start"}
{"ts": "2026-09-23T03:46:03.476016+00:00", "trace_id": null, "stage": "lexical", "event": "finish", "duration_ms": 0.165, "candidates_out": 20}
{"ts": "2026-09-23T03:46:03.476039+00:00", "trace_id": null, "stage": "fuse", "event": "start", "candidates_in": 32}
{"ts": "2026-09-23T03:46:03.476100+00:00", "trace_id": null, "stage": "fuse", "event": "finish", "duration_ms": 0.061, "candidates_in": 32, "candidates_out": 21, "top_score": 0.03278688524590164}
{"ts": "2026-09-23T03:46:03.479619+00:00", "trace_id": null, "stage": "gate", "event": "start", "candidates_in": 5}
{"ts": "2026-09-23T03:46:03.479665+00:00", "trace_id": null, "stage": "gate", "event": "finish", "duration_ms": 0.045, "candidates_in": 5, "candidates_out": 5, "top_score": 0.05901639344262295}
{"ts": "2026-09-23T03:46:03.479688+00:00", "trace_id": null, "stage": "embed_query", "event": "start", "model": "Qwen/Qwen3-Embedding-0.6B"}
{"ts": "2026-09-23T03:46:03.479730+00:00", "trace_id": null, "stage": "embed_query", "event": "finish", "duration_ms": 0.042, "model": "Qwen/Qwen3-Embedding-0.6B"}
{"ts": "2026-09-23T03:46:03.479742+00:00", "trace_id": null, "stage": "dense", "event": "start"}
{"ts": "2026-09-23T03:46:03.479865+00:00", "trace_id": null, "stage": "dense", "event": "finish", "duration_ms": 0.123, "candidates_out": 20}
{"ts": "2026-09-23T03:46:03.479881+00:00", "trace_id": null, "stage": "lexical", "event": "start"}
{"ts": "2026-09-23T03:46:03.480072+00:00", "trace_id": null, "stage": "lexical", "event": "finish", "duration_ms": 0.191, "candidates_out": 20}
{"ts": "2026-09-23T03:46:03.480093+00:00", "trace_id": null, "stage": "fuse", "event": "start", "candidates_in": 30}
{"ts": "2026-09-23T03:46:03.480244+00:00", "trace_id": null, "stage": "fuse", "event": "finish", "duration_ms": 0.151, "candidates_in": 30, "candidates_out": 19, "top_score": 0.03252247488101534}
{"ts": "2026-09-23T03:46:03.483556+00:00", "trace_id": null, "stage": "gate", "event": "start", "candidates_in": 5}
{"ts": "2026-09-23T03:46:03.483613+00:00", "trace_id": null, "stage": "gate", "event": "finish", "duration_ms": 0.057, "candidates_in": 5, "candidates_out": 5, "top_score": 0.03252247488101534}
{"ts": "2026-09-23T03:46:03.483641+00:00", "trace_id": null, "stage": "embed_query", "event": "start", "model": "Qwen/Qwen3-Embedding-0.6B"}
{"ts": "2026-09-23T03:46:03.483680+00:00", "trace_id": null, "stage": "embed_query", "event": "finish", "duration_ms": 0.039, "model": "Qwen/Qwen3-Embedding-0.6B"}
{"ts": "2026-09-23T03:46:03.483694+00:00", "trace_id": null, "stage": "dense", "event": "start"}
{"ts": "2026-09-23T03:46:03.483839+00:00", "trace_id": null, "stage": "dense", "event": "finish", "duration_ms": 0.145, "candidates_out": 20}
{"ts": "2026-09-23T03:46:03.483853+00:00", "trace_id": null, "stage": "lexical", "event": "start"}
{"ts": "2026-09-23T03:46:03.484048+00:00", "trace_id": null, "stage": "lexical", "event": "finish", "duration_ms": 0.195, "candidates_out": 20}
{"ts": "2026-09-23T03:46:03.484071+00:00", "trace_id": null, "stage": "fuse", "event": "start", "candidates_in": 30}
{"ts": "2026-09-23T03:46:03.484136+00:00", "trace_id": null, "stage": "fuse", "event": "finish", "duration_ms": 0.064, "candidates_in": 30, "candidates_out": 17, "top_score": 0.03252247488101534}
{"ts": "2026-09-23T03:46:03.486807+00:00", "trace_id": null, "stage": "gate", "event": "start", "candidates_in": 5}
{"ts": "2026-09-23T03:46:03.486857+00:00", "trace_id": null, "stage": "gate", "event": "finish", "duration_ms": 0.05, "candidates_in": 5, "candidates_out": 5, "top_score": 0.05854045478582761}
{"ts": "2026-09-23T03:46:03.486877+00:00", "trace_id": null, "stage": "embed_query", "event": "start", "model": "Qwen/Qwen3-Embedding-0.6B"}
{"ts": "2026-09-23T03:46:03.486922+00:00", "trace_id": null, "stage": "embed_query", "event": "finish", "duration_ms": 0.045, "model": "Qwen/Qwen3-Embedding-0.6B"}
{"ts": "2026-09-23T03:46:03.486940+00:00", "trace_id": null, "stage": "dense", "event": "start"}
{"ts": "2026-09-23T03:46:03.487072+00:00", "trace_id": null, "stage": "dense", "event": "finish", "duration_ms": 0.132, "candidates_out": 20}
{"ts": "2026-09-23T03:46:03.487089+00:00", "trace_id": null, "stage": "lexical", "event": "start"}
{"ts": "2026-09-23T03:46:03.487289+00:00", "trace_id": null, "stage": "lexical", "event": "finish", "duration_ms": 0.2, "candidates_out": 20}
{"ts": "2026-09-23T03:46:03.487312+00:00", "trace_id": null, "stage": "fuse", "event": "start", "candidates_in": 30}
{"ts": "2026-09-23T03:46:03.487373+00:00", "trace_id": null, "stage": "fuse", "event": "finish", "duration_ms": 0.061, "candidates_in": 30, "candidates_out": 19, "top_score": 0.03252247488101534}
{"ts": "2026-09-23T03:46:03.490328+00:00", "trace_id": null, "stage": "gate", "event": "start", "candidates_in": 5}
{"ts": "2026-09-23T03:46:03.490383+00:00", "trace_id": null, "stage": "gate", "event": "finish", "duration_ms": 0.055, "candidates_in": 5, "candidates_out": 5, "top_score": 0.03252247488101534}
{"ts": "2026-09-23T03:46:03.490406+00:00", "trace_id": null, "stage": "embed_query", "event": "start", "model": "Qwen/Qwen3-Embedding-0.6B"}
{"ts": "2026-09-23T03:46:03.490453+00:00", "trace_id": null, "stage": "embed_query", "event": "finish", "duration_ms": 0.048, "model": "Qwen/Qwen3-Embedding-0.6B"}
{"ts": "2026-09-23T03:46:03.490468+00:00", "trace_id": null, "stage": "dense", "event": "start"}
{"ts": "2026-09-23T03:46:03.490599+00:00", "trace_id": null, "stage": "dense", "event": "finish", "duration_ms": 0.132, "candidates_out": 20}
{"ts": "2026-09-23T03:46:03.490614+00:00", "trace_id": null, "stage": "lexical", "event": "start"}
{"ts": "2026-09-23T03:46:03.490788+00:00", "trace_id": null, "stage": "lexical", "event": "finish", "duration_ms": 0.174, "candidates_out": 20}
{"ts": "2026-09-23T03:46:03.490811+00:00", "trace_id": null, "stage": "fuse", "event": "start", "candidates_in": 31}
{"ts": "2026-09-23T03:46:03.490871+00:00", "trace_id": null, "stage": "fuse", "event": "finish", "duration_ms": 0.06, "candidates_in": 31, "candidates_out": 21, "top_score": 0.03252247488101534}
{"ts": "2026-09-23T03:46:03.493998+00:00", "trace_id": null, "stage": "gate", "event": "start", "candidates_in": 5}
{"ts": "2026-09-23T03:46:03.494047+00:00", "trace_id": null, "stage": "gate", "event": "finish", "duration_ms": 0.05, "candidates_in": 5, "candidates_out": 5, "top_score": 0.03252247488101534}
{"ts": "2026-09-23T03:46:03.494066+00:00", "trace_id": null, "stage": "embed_query", "event": "start", "model": "Qwen/Qwen3-Embedding-0.6B"}
{"ts": "2026-09-23T03:46:03.494102+00:00", "trace_id": null, "stage": "embed_query", "event": "finish", "duration_ms": 0.036, "model": "Qwen/Qwen3-Embedding-0.6B"}
{"ts": "2026-09-23T03:46:03.494120+00:00", "trace_id": null, "stage": "dense", "event": "start"}
{"ts": "2026-09-23T03:46:03.494244+00:00", "trace_id": null, "stage": "dense", "event": "finish", "duration_ms": 0.124, "candidates_out": 20}
{"ts": "2026-09-23T03:46:03.494257+00:00", "trace_id": null, "stage": "lexical", "event": "start"}
{"ts": "2026-09-23T03:46:03.494437+00:00", "trace_id": null, "stage": "lexical", "event": "finish", "duration_ms": 0.18, "candidates_out": 20}
{"ts": "2026-09-23T03:46:03.494458+00:00", "trace_id": null, "stage": "fuse", "event": "start", "candidates_in": 31}
{"ts": "2026-09-23T03:46:03.494504+00:00", "trace_id": null, "stage": "fuse", "event": "finish", "duration_ms": 0.046, "candidates_in": 31, "candidates_out": 20, "top_score": 0.032266458495966696}
{"ts": "2026-09-23T03:46:03.497664+00:00", "trace_id": null, "stage": "gate", "event": "start", "candidates_in": 5}
{"ts": "2026-09-23T03:46:03.497716+00:00", "trace_id": null, "stage": "gate", "event": "finish", "duration_ms": 0.053, "candidates_in": 5, "candidates_out": 5, "top_score": 0.032266458495966696}
{"ts": "2026-09-23T03:46:03.497737+00:00", "trace_id": null, "stage": "embed_query", "event": "start", "model": "Qwen/Qwen3-Embedding-0.6B"}
{"ts": "2026-09-23T03:46:03.497776+00:00", "trace_id": null, "stage": "embed_query", "event": "finish", "duration_ms": 0.039, "model": "Qwen/Qwen3-Embedding-0.6B"}
{"ts": "2026-09-23T03:46:03.497797+00:00", "trace_id": null, "stage": "dense", "event": "start"}
{"ts": "2026-09-23T03:46:03.497934+00:00", "trace_id": null, "stage": "dense", "event": "finish", "duration_ms": 0.138, "candidates_out": 20}
{"ts": "2026-09-23T03:46:03.497949+00:00", "trace_id": null, "stage": "lexical", "event": "start"}
{"ts": "2026-09-23T03:46:03.498138+00:00", "trace_id": null, "stage": "lexical", "event": "finish", "duration_ms": 0.189, "candidates_out": 20}
{"ts": "2026-09-23T03:46:03.498160+00:00", "trace_id": null, "stage": "fuse", "event": "start", "candidates_in": 33}
{"ts": "2026-09-23T03:46:03.498226+00:00", "trace_id": null, "stage": "fuse", "event": "finish", "duration_ms": 0.066, "candidates_in": 33, "candidates_out": 23, "top_score": 0.03278688524590164}
{"ts": "2026-09-23T03:46:03.502651+00:00", "trace_id": null, "stage": "gate", "event": "start", "candidates_in": 5}
{"ts": "2026-09-23T03:46:03.502703+00:00", "trace_id": null, "stage": "gate", "event": "finish", "duration_ms": 0.052, "candidates_in": 5, "candidates_out": 5, "top_score": 0.08524590163934427}
{"ts": "2026-09-23T03:46:03.502728+00:00", "trace_id": null, "stage": "embed_query", "event": "start", "model": "Qwen/Qwen3-Embedding-0.6B"}
{"ts": "2026-09-23T03:46:03.502776+00:00", "trace_id": null, "stage": "embed_query", "event": "finish", "duration_ms": 0.049, "model": "Qwen/Qwen3-Embedding-0.6B"}
{"ts": "2026-09-23T03:46:03.502792+00:00", "trace_id": null, "stage": "dense", "event": "start"}
{"ts": "2026-09-23T03:46:03.502919+00:00", "trace_id": null, "stage": "dense", "event": "finish", "duration_ms": 0.126, "candidates_out": 20}
{"ts": "2026-09-23T03:46:03.502934+00:00", "trace_id": null, "stage": "lexical", "event": "start"}
{"ts": "2026-09-23T03:46:03.503099+00:00", "trace_id": null, "stage": "lexical", "event": "finish", "duration_ms": 0.165, "candidates_out": 20}
{"ts": "2026-09-23T03:46:03.503122+00:00", "trace_id": null, "stage": "fuse", "event": "start", "candidates_in": 28}
{"ts": "2026-09-23T03:46:03.503188+00:00", "trace_id": null, "stage": "fuse", "event": "finish", "duration_ms": 0.066, "candidates_in": 28, "candidates_out": 18, "top_score": 0.03278688524590164}
{"ts": "2026-09-23T03:46:03.505812+00:00", "trace_id": null, "stage": "gate", "event": "start", "candidates_in": 5}
{"ts": "2026-09-23T03:46:03.505863+00:00", "trace_id": null, "stage": "gate", "event": "finish", "duration_ms": 0.051, "candidates_in": 5, "candidates_out": 5, "top_score": 0.09737704918032787}
{"ts": "2026-09-23T03:46:03.505902+00:00", "trace_id": null, "stage": "embed_query", "event": "start", "model": "Qwen/Qwen3-Embedding-0.6B"}
{"ts": "2026-09-23T03:46:03.505940+00:00", "trace_id": null, "stage": "embed_query", "event": "finish", "duration_ms": 0.038, "model": "Qwen/Qwen3-Embedding-0.6B"}
{"ts": "2026-09-23T03:46:03.505953+00:00", "trace_id": null, "stage": "dense", "event": "start"}
{"ts": "2026-09-23T03:46:03.506123+00:00", "trace_id": null, "stage": "dense", "event": "finish", "duration_ms": 0.17, "candidates_out": 20}
{"ts": "2026-09-23T03:46:03.506139+00:00", "trace_id": null, "stage": "lexical", "event": "start"}
{"ts": "2026-09-23T03:46:03.506351+00:00", "trace_id": null, "stage": "lexical", "event": "finish", "duration_ms": 0.212, "candidates_out": 20}
{"ts": "2026-09-23T03:46:03.506376+00:00", "trace_id": null, "stage": "fuse", "event": "start", "candidates_in": 34}
{"ts": "2026-09-23T03:46:03.506440+00:00", "trace_id": null, "stage": "fuse", "event": "finish", "duration_ms": 0.063, "candidates_in": 34, "candidates_out": 21, "top_score": 0.03252247488101534}
{"ts": "2026-09-23T03:46:03.509614+00:00", "trace_id": null, "stage": "gate", "event": "start", "candidates_in": 5}
{"ts": "2026-09-23T03:46:03.509671+00:00", "trace_id": null, "stage": "gate", "event": "finish", "duration_ms": 0.058, "candidates_in": 5, "candidates_out": 5, "top_score": 0.13303125000000002}
{"ts": "2026-09-23T03:46:03.509694+00:00", "trace_id": null, "stage": "embed_query", "event": "start", "model": "Qwen/Qwen3-Embedding-0.6B"}
{"ts": "2026-09-23T03:46:03.509736+00:00", "trace_id": null, "stage": "embed_query", "event": "finish", "duration_ms": 0.043, "model": "Qwen/Qwen3-Embedding-0.6B"}
{"ts": "2026-09-23T03:46:03.509749+00:00", "trace_id": null, "stage": "dense", "event": "start"}
{"ts": "2026-09-23T03:46:03.509883+00:00", "trace_id": null, "stage": "dense", "event": "finish", "duration_ms": 0.134, "candidates_out": 20}
{"ts": "2026-09-23T03:46:03.509897+00:00", "trace_id": null, "stage": "lexical", "event": "start"}
{"ts": "2026-09-23T03:46:03.510082+00:00", "trace_id": null, "stage": "lexical", "event": "finish", "duration_ms": 0.185, "candidates_out": 20}
{"ts": "2026-09-23T03:46:03.510105+00:00", "trace_id": null, "stage": "fuse", "event": "start", "candidates_in": 30}
{"ts": "2026-09-23T03:46:03.510171+00:00", "trace_id": null, "stage": "fuse", "event": "finish", "duration_ms": 0.066, "candidates_in": 30, "candidates_out": 19, "top_score": 0.03278688524590164}
{"ts": "2026-09-23T03:46:03.513144+00:00", "trace_id": null, "stage": "gate", "event": "start", "candidates_in": 5}
{"ts": "2026-09-23T03:46:03.513196+00:00", "trace_id": null, "stage": "gate", "event": "finish", "duration_ms": 0.052, "candidates_in": 5, "candidates_out": 5, "top_score": 0.09737704918032787}
{"ts": "2026-09-23T03:46:03.513217+00:00", "trace_id": null, "stage": "embed_query", "event": "start", "model": "Qwen/Qwen3-Embedding-0.6B"}
{"ts": "2026-09-23T03:46:03.513253+00:00", "trace_id": null, "stage": "embed_query", "event": "finish", "duration_ms": 0.036, "model": "Qwen/Qwen3-Embedding-0.6B"}
{"ts": "2026-09-23T03:46:03.513285+00:00", "trace_id": null, "stage": "dense", "event": "start"}
{"ts": "2026-09-23T03:46:03.513481+00:00", "trace_id": null, "stage": "dense", "event": "finish", "duration_ms": 0.198, "candidates_out": 20}
{"ts": "2026-09-23T03:46:03.513496+00:00", "trace_id": null, "stage": "lexical", "event": "start"}
{"ts": "2026-09-23T03:46:03.513732+00:00", "trace_id": null, "stage": "lexical", "event": "finish", "duration_ms": 0.236, "candidates_out": 20}
{"ts": "2026-09-23T03:46:03.513756+00:00", "trace_id": null, "stage": "fuse", "event": "start", "candidates_in": 31}
{"ts": "2026-09-23T03:46:03.513823+00:00", "trace_id": null, "stage": "fuse", "event": "finish", "duration_ms": 0.067, "candidates_in": 31, "candidates_out": 19, "top_score": 0.03278688524590164}
{"ts": "2026-09-23T03:46:03.517891+00:00", "trace_id": null, "stage": "gate", "event": "start", "candidates_in": 5}
{"ts": "2026-09-23T03:46:03.517962+00:00", "trace_id": null, "stage": "gate", "event": "finish", "duration_ms": 0.072, "candidates_in": 5, "candidates_out": 5, "top_score": 0.09737704918032787}
{"ts": "2026-09-23T03:46:03.517990+00:00", "trace_id": null, "stage": "embed_query", "event": "start", "model": "Qwen/Qwen3-Embedding-0.6B"}
{"ts": "2026-09-23T03:46:03.518027+00:00", "trace_id": null, "stage": "embed_query", "event": "finish", "duration_ms": 0.037, "model": "Qwen/Qwen3-Embedding-0.6B"}
{"ts": "2026-09-23T03:46:03.518044+00:00", "trace_id": null, "stage": "dense", "event": "start"}
{"ts": "2026-09-23T03:46:03.518210+00:00", "trace_id": null, "stage": "dense", "event": "finish", "duration_ms": 0.166, "candidates_out": 20}
{"ts": "2026-09-23T03:46:03.518227+00:00", "trace_id": null, "stage": "lexical", "event": "start"}
{"ts": "2026-09-23T03:46:03.518430+00:00", "trace_id": null, "stage": "lexical", "event": "finish", "duration_ms": 0.203, "candidates_out": 20}
{"ts": "2026-09-23T03:46:03.518454+00:00", "trace_id": null, "stage": "fuse", "event": "start", "candidates_in": 25}
{"ts": "2026-09-23T03:46:03.518504+00:00", "trace_id": null, "stage": "fuse", "event": "finish", "duration_ms": 0.05, "candidates_in": 25, "candidates_out": 18, "top_score": 0.032266458495966696}
{"ts": "2026-09-23T03:46:03.520878+00:00", "trace_id": null, "stage": "gate", "event": "start", "candidates_in": 5}
{"ts": "2026-09-23T03:46:03.521128+00:00", "trace_id": null, "stage": "gate", "event": "finish", "duration_ms": 0.245, "candidates_in": 5, "candidates_out": 5, "top_score": 0.032018442622950824}
{"ts": "2026-09-23T03:46:03.521212+00:00", "trace_id": null, "stage": "embed_query", "event": "start", "model": "Qwen/Qwen3-Embedding-0.6B"}
{"ts": "2026-09-23T03:46:03.521321+00:00", "trace_id": null, "stage": "embed_query", "event": "finish", "duration_ms": 0.111, "model": "Qwen/Qwen3-Embedding-0.6B"}
{"ts": "2026-09-23T03:46:03.521369+00:00", "trace_id": null, "stage": "dense", "event": "start"}
{"ts": "2026-09-23T03:46:03.521502+00:00", "trace_id": null, "stage": "dense", "event": "finish", "duration_ms": 0.133, "candidates_out": 20}
{"ts": "2026-09-23T03:46:03.521519+00:00", "trace_id": null, "stage": "lexical", "event": "start"}
{"ts": "2026-09-23T03:46:03.521753+00:00", "trace_id": null, "stage": "lexical", "event": "finish", "duration_ms": 0.234, "candidates_out": 20}
{"ts": "2026-09-23T03:46:03.521775+00:00", "trace_id": null, "stage": "fuse", "event": "start", "candidates_in": 31}
{"ts": "2026-09-23T03:46:03.521833+00:00", "trace_id": null, "stage": "fuse", "event": "finish", "duration_ms": 0.058, "candidates_in": 31, "candidates_out": 25, "top_score": 0.03252247488101534}
{"ts": "2026-09-23T03:46:03.527770+00:00", "trace_id": null, "stage": "gate", "event": "start", "candidates_in": 5}
{"ts": "2026-09-23T03:46:03.527835+00:00", "trace_id": null, "stage": "gate", "event": "finish", "duration_ms": 0.065, "candidates_in": 5, "candidates_out": 5, "top_score": 0.03252247488101534}
{"ts": "2026-09-23T03:46:03.527864+00:00", "trace_id": null, "stage": "embed_query", "event": "start", "model": "Qwen/Qwen3-Embedding-0.6B"}
{"ts": "2026-09-23T03:46:03.527902+00:00", "trace_id": null, "stage": "embed_query", "event": "finish", "duration_ms": 0.038, "model": "Qwen/Qwen3-Embedding-0.6B"}
{"ts": "2026-09-23T03:46:03.527924+00:00", "trace_id": null, "stage": "dense", "event": "start"}
{"ts": "2026-09-23T03:46:03.528061+00:00", "trace_id": null, "stage": "dense", "event": "finish", "duration_ms": 0.137, "candidates_out": 20}
{"ts": "2026-09-23T03:46:03.528078+00:00", "trace_id": null, "stage": "lexical", "event": "start"}
{"ts": "2026-09-23T03:46:03.528296+00:00", "trace_id": null, "stage": "lexical", "event": "finish", "duration_ms": 0.218, "candidates_out": 20}
{"ts": "2026-09-23T03:46:03.528321+00:00", "trace_id": null, "stage": "fuse", "event": "start", "candidates_in": 30}
{"ts": "2026-09-23T03:46:03.528378+00:00", "trace_id": null, "stage": "fuse", "event": "finish", "duration_ms": 0.057, "candidates_in": 30, "candidates_out": 21, "top_score": 0.03278688524590164}
{"ts": "2026-09-23T03:46:03.531870+00:00", "trace_id": null, "stage": "gate", "event": "start", "candidates_in": 5}
{"ts": "2026-09-23T03:46:03.531934+00:00", "trace_id": null, "stage": "gate", "event": "finish", "duration_ms": 0.064, "candidates_in": 5, "candidates_out": 5, "top_score": 0.051971726190476186}
{"ts": "2026-09-23T03:46:03.531962+00:00", "trace_id": null, "stage": "embed_query", "event": "start", "model": "Qwen/Qwen3-Embedding-0.6B"}
{"ts": "2026-09-23T03:46:03.532004+00:00", "trace_id": null, "stage": "embed_query", "event": "finish", "duration_ms": 0.042, "model": "Qwen/Qwen3-Embedding-0.6B"}
{"ts": "2026-09-23T03:46:03.532022+00:00", "trace_id": null, "stage": "dense", "event": "start"}
{"ts": "2026-09-23T03:46:03.532191+00:00", "trace_id": null, "stage": "dense", "event": "finish", "duration_ms": 0.168, "candidates_out": 20}
{"ts": "2026-09-23T03:46:03.532210+00:00", "trace_id": null, "stage": "lexical", "event": "start"}
{"ts": "2026-09-23T03:46:03.532421+00:00", "trace_id": null, "stage": "lexical", "event": "finish", "duration_ms": 0.211, "candidates_out": 20}
{"ts": "2026-09-23T03:46:03.532444+00:00", "trace_id": null, "stage": "fuse", "event": "start", "candidates_in": 30}
{"ts": "2026-09-23T03:46:03.532497+00:00", "trace_id": null, "stage": "fuse", "event": "finish", "duration_ms": 0.053, "candidates_in": 30, "candidates_out": 20, "top_score": 0.03278688524590164}
{"ts": "2026-09-23T03:46:03.536219+00:00", "trace_id": null, "stage": "gate", "event": "start", "candidates_in": 5}
{"ts": "2026-09-23T03:46:03.536274+00:00", "trace_id": null, "stage": "gate", "event": "finish", "duration_ms": 0.055, "candidates_in": 5, "candidates_out": 5, "top_score": 0.09428571428571428}
{"ts": "2026-09-23T03:46:03.536302+00:00", "trace_id": null, "stage": "embed_query", "event": "start", "model": "Qwen/Qwen3-Embedding-0.6B"}
{"ts": "2026-09-23T03:46:03.536349+00:00", "trace_id": null, "stage": "embed_query", "event": "finish", "duration_ms": 0.047, "model": "Qwen/Qwen3-Embedding-0.6B"}
{"ts": "2026-09-23T03:46:03.536366+00:00", "trace_id": null, "stage": "dense", "event": "start"}
{"ts": "2026-09-23T03:46:03.536502+00:00", "trace_id": null, "stage": "dense", "event": "finish", "duration_ms": 0.136, "candidates_out": 20}
{"ts": "2026-09-23T03:46:03.536519+00:00", "trace_id": null, "stage": "lexical", "event": "start"}
{"ts": "2026-09-23T03:46:03.536704+00:00", "trace_id": null, "stage": "lexical", "event": "finish", "duration_ms": 0.185, "candidates_out": 20}
{"ts": "2026-09-23T03:46:03.536728+00:00", "trace_id": null, "stage": "fuse", "event": "start", "candidates_in": 29}
{"ts": "2026-09-23T03:46:03.536801+00:00", "trace_id": null, "stage": "fuse", "event": "finish", "duration_ms": 0.073, "candidates_in": 29, "candidates_out": 20, "top_score": 0.03278688524590164}
{"ts": "2026-09-23T03:46:03.540132+00:00", "trace_id": null, "stage": "gate", "event": "start", "candidates_in": 5}
{"ts": "2026-09-23T03:46:03.540184+00:00", "trace_id": null, "stage": "gate", "event": "finish", "duration_ms": 0.052, "candidates_in": 5, "candidates_out": 5, "top_score": 0.054098360655737705}
{"ts": "2026-09-23T03:46:03.540206+00:00", "trace_id": null, "stage": "embed_query", "event": "start", "model": "Qwen/Qwen3-Embedding-0.6B"}
{"ts": "2026-09-23T03:46:03.540243+00:00", "trace_id": null, "stage": "embed_query", "event": "finish", "duration_ms": 0.036, "model": "Qwen/Qwen3-Embedding-0.6B"}
{"ts": "2026-09-23T03:46:03.540262+00:00", "trace_id": null, "stage": "dense", "event": "start"}
{"ts": "2026-09-23T03:46:03.540404+00:00", "trace_id": null, "stage": "dense", "event": "finish", "duration_ms": 0.142, "candidates_out": 20}
{"ts": "2026-09-23T03:46:03.540418+00:00", "trace_id": null, "stage": "lexical", "event": "start"}
{"ts": "2026-09-23T03:46:03.540648+00:00", "trace_id": null, "stage": "lexical", "event": "finish", "duration_ms": 0.23, "candidates_out": 20}
{"ts": "2026-09-23T03:46:03.540672+00:00", "trace_id": null, "stage": "fuse", "event": "start", "candidates_in": 31}
{"ts": "2026-09-23T03:46:03.540732+00:00", "trace_id": null, "stage": "fuse", "event": "finish", "duration_ms": 0.06, "candidates_in": 31, "candidates_out": 22, "top_score": 0.03278688524590164}
{"ts": "2026-09-23T03:46:03.544162+00:00", "trace_id": null, "stage": "gate", "event": "start", "candidates_in": 5}
{"ts": "2026-09-23T03:46:03.544214+00:00", "trace_id": null, "stage": "gate", "event": "finish", "duration_ms": 0.052, "candidates_in": 5, "candidates_out": 5, "top_score": 0.08524590163934427}
{"ts": "2026-09-23T03:46:03.544238+00:00", "trace_id": null, "stage": "embed_query", "event": "start", "model": "Qwen/Qwen3-Embedding-0.6B"}
{"ts": "2026-09-23T03:46:03.544271+00:00", "trace_id": null, "stage": "embed_query", "event": "finish", "duration_ms": 0.033, "model": "Qwen/Qwen3-Embedding-0.6B"}
{"ts": "2026-09-23T03:46:03.544288+00:00", "trace_id": null, "stage": "dense", "event": "start"}
{"ts": "2026-09-23T03:46:03.544424+00:00", "trace_id": null, "stage": "dense", "event": "finish", "duration_ms": 0.136, "candidates_out": 20}
{"ts": "2026-09-23T03:46:03.544439+00:00", "trace_id": null, "stage": "lexical", "event": "start"}
{"ts": "2026-09-23T03:46:03.544626+00:00", "trace_id": null, "stage": "lexical", "event": "finish", "duration_ms": 0.186, "candidates_out": 20}
{"ts": "2026-09-23T03:46:03.544647+00:00", "trace_id": null, "stage": "fuse", "event": "start", "candidates_in": 30}
{"ts": "2026-09-23T03:46:03.544696+00:00", "trace_id": null, "stage": "fuse", "event": "finish", "duration_ms": 0.049, "candidates_in": 30, "candidates_out": 20, "top_score": 0.03252247488101534}
{"ts": "2026-09-23T03:46:03.548070+00:00", "trace_id": null, "stage": "gate", "event": "start", "candidates_in": 5}
{"ts": "2026-09-23T03:46:03.548122+00:00", "trace_id": null, "stage": "gate", "event": "finish", "duration_ms": 0.053, "candidates_in": 5, "candidates_out": 5, "top_score": 0.09583138173302108}
{"ts": "2026-09-23T03:46:03.548143+00:00", "trace_id": null, "stage": "embed_query", "event": "start", "model": "Qwen/Qwen3-Embedding-0.6B"}
{"ts": "2026-09-23T03:46:03.548191+00:00", "trace_id": null, "stage": "embed_query", "event": "finish", "duration_ms": 0.048, "model": "Qwen/Qwen3-Embedding-0.6B"}
{"ts": "2026-09-23T03:46:03.548209+00:00", "trace_id": null, "stage": "dense", "event": "start"}
{"ts": "2026-09-23T03:46:03.548342+00:00", "trace_id": null, "stage": "dense", "event": "finish", "duration_ms": 0.133, "candidates_out": 20}
{"ts": "2026-09-23T03:46:03.548358+00:00", "trace_id": null, "stage": "lexical", "event": "start"}
{"ts": "2026-09-23T03:46:03.548570+00:00", "trace_id": null, "stage": "lexical", "event": "finish", "duration_ms": 0.212, "candidates_out": 20}
{"ts": "2026-09-23T03:46:03.548594+00:00", "trace_id": null, "stage": "fuse", "event": "start", "candidates_in": 32}
{"ts": "2026-09-23T03:46:03.548645+00:00", "trace_id": null, "stage": "fuse", "event": "finish", "duration_ms": 0.05, "candidates_in": 32, "candidates_out": 21, "top_score": 0.03278688524590164}
{"ts": "2026-09-23T03:46:03.551752+00:00", "trace_id": null, "stage": "gate", "event": "start", "candidates_in": 5}
{"ts": "2026-09-23T03:46:03.551961+00:00", "trace_id": null, "stage": "gate", "event": "finish", "duration_ms": 0.208, "candidates_in": 5, "candidates_out": 6, "top_score": 0.0532258064516129}
{"ts": "2026-09-23T03:46:03.551986+00:00", "trace_id": null, "stage": "embed_query", "event": "start", "model": "Qwen/Qwen3-Embedding-0.6B"}
{"ts": "2026-09-23T03:46:03.552032+00:00", "trace_id": null, "stage": "embed_query", "event": "finish", "duration_ms": 0.047, "model": "Qwen/Qwen3-Embedding-0.6B"}
{"ts": "2026-09-23T03:46:03.552044+00:00", "trace_id": null, "stage": "dense", "event": "start"}
{"ts": "2026-09-23T03:46:03.552161+00:00", "trace_id": null, "stage": "dense", "event": "finish", "duration_ms": 0.116, "candidates_out": 20}
{"ts": "2026-09-23T03:46:03.552174+00:00", "trace_id": null, "stage": "lexical", "event": "start"}
{"ts": "2026-09-23T03:46:03.552359+00:00", "trace_id": null, "stage": "lexical", "event": "finish", "duration_ms": 0.185, "candidates_out": 20}
{"ts": "2026-09-23T03:46:03.552381+00:00", "trace_id": null, "stage": "fuse", "event": "start", "candidates_in": 30}
{"ts": "2026-09-23T03:46:03.552434+00:00", "trace_id": null, "stage": "fuse", "event": "finish", "duration_ms": 0.053, "candidates_in": 30, "candidates_out": 18, "top_score": 0.03278688524590164}
{"ts": "2026-09-23T03:46:03.554845+00:00", "trace_id": null, "stage": "gate", "event": "start", "candidates_in": 5}
{"ts": "2026-09-23T03:46:03.555037+00:00", "trace_id": null, "stage": "gate", "event": "finish", "duration_ms": 0.192, "candidates_in": 5, "candidates_out": 6, "top_score": 0.0532258064516129}
{"ts": "2026-09-23T03:46:03.555059+00:00", "trace_id": null, "stage": "embed_query", "event": "start", "model": "Qwen/Qwen3-Embedding-0.6B"}
{"ts": "2026-09-23T03:46:03.555141+00:00", "trace_id": null, "stage": "embed_query", "event": "finish", "duration_ms": 0.07, "model": "Qwen/Qwen3-Embedding-0.6B"}
{"ts": "2026-09-23T03:46:03.555161+00:00", "trace_id": null, "stage": "dense", "event": "start"}
{"ts": "2026-09-23T03:46:03.555291+00:00", "trace_id": null, "stage": "dense", "event": "finish", "duration_ms": 0.131, "candidates_out": 20}
{"ts": "2026-09-23T03:46:03.555309+00:00", "trace_id": null, "stage": "lexical", "event": "start"}
{"ts": "2026-09-23T03:46:03.555506+00:00", "trace_id": null, "stage": "lexical", "event": "finish", "duration_ms": 0.197, "candidates_out": 20}
{"ts": "2026-09-23T03:46:03.555530+00:00", "trace_id": null, "stage": "fuse", "event": "start", "candidates_in": 27}
{"ts": "2026-09-23T03:46:03.555586+00:00", "trace_id": null, "stage": "fuse", "event": "finish", "duration_ms": 0.056, "candidates_in": 27, "candidates_out": 18, "top_score": 0.03252247488101534}
{"ts": "2026-09-23T03:46:03.559067+00:00", "trace_id": null, "stage": "gate", "event": "start", "candidates_in": 5}
{"ts": "2026-09-23T03:46:03.559117+00:00", "trace_id": null, "stage": "gate", "event": "finish", "duration_ms": 0.05, "candidates_in": 5, "candidates_out": 5, "top_score": 0.03252247488101534}
{"ts": "2026-09-23T03:46:03.559139+00:00", "trace_id": null, "stage": "embed_query", "event": "start", "model": "Qwen/Qwen3-Embedding-0.6B"}
{"ts": "2026-09-23T03:46:03.559186+00:00", "trace_id": null, "stage": "embed_query", "event": "finish", "duration_ms": 0.048, "model": "Qwen/Qwen3-Embedding-0.6B"}
{"ts": "2026-09-23T03:46:03.559201+00:00", "trace_id": null, "stage": "dense", "event": "start"}
{"ts": "2026-09-23T03:46:03.559319+00:00", "trace_id": null, "stage": "dense", "event": "finish", "duration_ms": 0.117, "candidates_out": 20}
{"ts": "2026-09-23T03:46:03.559332+00:00", "trace_id": null, "stage": "lexical", "event": "start"}
{"ts": "2026-09-23T03:46:03.559529+00:00", "trace_id": null, "stage": "lexical", "event": "finish", "duration_ms": 0.197, "candidates_out": 20}
{"ts": "2026-09-23T03:46:03.559551+00:00", "trace_id": null, "stage": "fuse", "event": "start", "candidates_in": 31}
{"ts": "2026-09-23T03:46:03.559614+00:00", "trace_id": null, "stage": "fuse", "event": "finish", "duration_ms": 0.062, "candidates_in": 31, "candidates_out": 22, "top_score": 0.03278688524590164}
{"ts": "2026-09-23T03:46:03.563377+00:00", "trace_id": null, "stage": "gate", "event": "start", "candidates_in": 5}
{"ts": "2026-09-23T03:46:03.563433+00:00", "trace_id": null, "stage": "gate", "event": "finish", "duration_ms": 0.056, "candidates_in": 5, "candidates_out": 5, "top_score": 0.09580645161290322}
{"ts": "2026-09-23T03:46:03.563472+00:00", "trace_id": null, "stage": "embed_query", "event": "start", "model": "Qwen/Qwen3-Embedding-0.6B"}
{"ts": "2026-09-23T03:46:03.563534+00:00", "trace_id": null, "stage": "embed_query", "event": "finish", "duration_ms": 0.062, "model": "Qwen/Qwen3-Embedding-0.6B"}
{"ts": "2026-09-23T03:46:03.563555+00:00", "trace_id": null, "stage": "dense", "event": "start"}
{"ts": "2026-09-23T03:46:03.563715+00:00", "trace_id": null, "stage": "dense", "event": "finish", "duration_ms": 0.16, "candidates_out": 20}
{"ts": "2026-09-23T03:46:03.563736+00:00", "trace_id": null, "stage": "lexical", "event": "start"}
{"ts": "2026-09-23T03:46:03.563974+00:00", "trace_id": null, "stage": "lexical", "event": "finish", "duration_ms": 0.238, "candidates_out": 20}
{"ts": "2026-09-23T03:46:03.563997+00:00", "trace_id": null, "stage": "fuse", "event": "start", "candidates_in": 29}
{"ts": "2026-09-23T03:46:03.564063+00:00", "trace_id": null, "stage": "fuse", "event": "finish", "duration_ms": 0.066, "candidates_in": 29, "candidates_out": 20, "top_score": 0.03131881575727918}
{"ts": "2026-09-23T03:46:03.567946+00:00", "trace_id": null, "stage": "gate", "event": "start", "candidates_in": 5}
{"ts": "2026-09-23T03:46:03.567998+00:00", "trace_id": null, "stage": "gate", "event": "finish", "duration_ms": 0.052, "candidates_in": 5, "candidates_out": 5, "top_score": 0.09283516483516482}
{"ts": "2026-09-23T03:46:03.568018+00:00", "trace_id": null, "stage": "embed_query", "event": "start", "model": "Qwen/Qwen3-Embedding-0.6B"}
{"ts": "2026-09-23T03:46:03.568062+00:00", "trace_id": null, "stage": "embed_query", "event": "finish", "duration_ms": 0.043, "model": "Qwen/Qwen3-Embedding-0.6B"}
{"ts": "2026-09-23T03:46:03.568079+00:00", "trace_id": null, "stage": "dense", "event": "start"}
{"ts": "2026-09-23T03:46:03.568228+00:00", "trace_id": null, "stage": "dense", "event": "finish", "duration_ms": 0.149, "candidates_out": 20}
{"ts": "2026-09-23T03:46:03.568246+00:00", "trace_id": null, "stage": "lexical", "event": "start"}
{"ts": "2026-09-23T03:46:03.568470+00:00", "trace_id": null, "stage": "lexical", "event": "finish", "duration_ms": 0.225, "candidates_out": 20}
{"ts": "2026-09-23T03:46:03.568492+00:00", "trace_id": null, "stage": "fuse", "event": "start", "candidates_in": 32}
{"ts": "2026-09-23T03:46:03.568576+00:00", "trace_id": null, "stage": "fuse", "event": "finish", "duration_ms": 0.083, "candidates_in": 32, "candidates_out": 26, "top_score": 0.03252247488101534}
{"ts": "2026-09-23T03:46:03.580198+00:00", "trace_id": null, "stage": "gate", "event": "start", "candidates_in": 5}
{"ts": "2026-09-23T03:46:03.580378+00:00", "trace_id": null, "stage": "gate", "event": "finish", "duration_ms": 0.182, "candidates_in": 5, "candidates_out": 5, "top_score": 0.05119047619047619}
{"ts": "2026-09-23T03:46:03.580506+00:00", "trace_id": null, "stage": "embed_query", "event": "start", "model": "Qwen/Qwen3-Embedding-0.6B"}
{"ts": "2026-09-23T03:46:03.580622+00:00", "trace_id": null, "stage": "embed_query", "event": "finish", "duration_ms": 0.137, "model": "Qwen/Qwen3-Embedding-0.6B"}
{"ts": "2026-09-23T03:46:03.580691+00:00", "trace_id": null, "stage": "dense", "event": "start"}
{"ts": "2026-09-23T03:46:03.581034+00:00", "trace_id": null, "stage": "dense", "event": "finish", "duration_ms": 0.343, "candidates_out": 20}
{"ts": "2026-09-23T03:46:03.581051+00:00", "trace_id": null, "stage": "lexical", "event": "start"}
{"ts": "2026-09-23T03:46:03.581785+00:00", "trace_id": null, "stage": "lexical", "event": "finish", "duration_ms": 0.73, "candidates_out": 20}
{"ts": "2026-09-23T03:46:03.581852+00:00", "trace_id": null, "stage": "fuse", "event": "start", "candidates_in": 29}
{"ts": "2026-09-23T03:46:03.585239+00:00", "trace_id": null, "stage": "fuse", "event": "finish", "duration_ms": 3.386, "candidates_in": 29, "candidates_out": 20, "top_score": 0.03252247488101534}
{"ts": "2026-09-23T03:46:03.590350+00:00", "trace_id": null, "stage": "gate", "event": "start", "candidates_in": 5}
{"ts": "2026-09-23T03:46:03.590654+00:00", "trace_id": null, "stage": "gate", "event": "finish", "duration_ms": 0.308, "candidates_in": 5, "candidates_out": 5, "top_score": 0.0576036866359447}
{"ts": "2026-09-23T03:46:03.590701+00:00", "trace_id": null, "stage": "embed_query", "event": "start", "model": "Qwen/Qwen3-Embedding-0.6B"}
{"ts": "2026-09-23T03:46:03.590860+00:00", "trace_id": null, "stage": "embed_query", "event": "finish", "duration_ms": 0.155, "model": "Qwen/Qwen3-Embedding-0.6B"}
{"ts": "2026-09-23T03:46:03.590919+00:00", "trace_id": null, "stage": "dense", "event": "start"}
{"ts": "2026-09-23T03:46:03.591304+00:00", "trace_id": null, "stage": "dense", "event": "finish", "duration_ms": 0.384, "candidates_out": 20}
{"ts": "2026-09-23T03:46:03.591344+00:00", "trace_id": null, "stage": "lexical", "event": "start"}
{"ts": "2026-09-23T03:46:03.591644+00:00", "trace_id": null, "stage": "lexical", "event": "finish", "duration_ms": 0.3, "candidates_out": 20}
{"ts": "2026-09-23T03:46:03.591688+00:00", "trace_id": null, "stage": "fuse", "event": "start", "candidates_in": 29}
{"ts": "2026-09-23T03:46:03.591861+00:00", "trace_id": null, "stage": "fuse", "event": "finish", "duration_ms": 0.169, "candidates_in": 29, "candidates_out": 19, "top_score": 0.03252247488101534}
{"ts": "2026-09-23T03:46:03.596882+00:00", "trace_id": null, "stage": "gate", "event": "start", "candidates_in": 5}
{"ts": "2026-09-23T03:46:03.597304+00:00", "trace_id": null, "stage": "gate", "event": "finish", "duration_ms": 0.425, "candidates_in": 5, "candidates_out": 5, "top_score": 0.05280337941628264}
{"ts": "2026-09-23T03:46:03.597424+00:00", "trace_id": null, "stage": "embed_query", "event": "start", "model": "Qwen/Qwen3-Embedding-0.6B"}
{"ts": "2026-09-23T03:46:03.597570+00:00", "trace_id": null, "stage": "embed_query", "event": "finish", "duration_ms": 0.137, "model": "Qwen/Qwen3-Embedding-0.6B"}
{"ts": "2026-09-23T03:46:03.597588+00:00", "trace_id": null, "stage": "dense", "event": "start"}
{"ts": "2026-09-23T03:46:03.597856+00:00", "trace_id": null, "stage": "dense", "event": "finish", "duration_ms": 0.268, "candidates_out": 20}
{"ts": "2026-09-23T03:46:03.597869+00:00", "trace_id": null, "stage": "lexical", "event": "start"}
{"ts": "2026-09-23T03:46:03.598484+00:00", "trace_id": null, "stage": "lexical", "event": "finish", "duration_ms": 0.61, "candidates_out": 20}
{"ts": "2026-09-23T03:46:03.598555+00:00", "trace_id": null, "stage": "fuse", "event": "start", "candidates_in": 32}
{"ts": "2026-09-23T03:46:03.598754+00:00", "trace_id": null, "stage": "fuse", "event": "finish", "duration_ms": 0.2, "candidates_in": 32, "candidates_out": 21, "top_score": 0.03252247488101534}
{"ts": "2026-09-23T03:46:03.604453+00:00", "trace_id": null, "stage": "gate", "event": "start", "candidates_in": 5}
{"ts": "2026-09-23T03:46:03.604627+00:00", "trace_id": null, "stage": "gate", "event": "finish", "duration_ms": 0.177, "candidates_in": 5, "candidates_out": 5, "top_score": 0.05359701492537314}
{"ts": "2026-09-23T03:46:03.604683+00:00", "trace_id": null, "stage": "embed_query", "event": "start", "model": "Qwen/Qwen3-Embedding-0.6B"}
{"ts": "2026-09-23T03:46:03.604756+00:00", "trace_id": null, "stage": "embed_query", "event": "finish", "duration_ms": 0.074, "model": "Qwen/Qwen3-Embedding-0.6B"}
{"ts": "2026-09-23T03:46:03.604789+00:00", "trace_id": null, "stage": "dense", "event": "start"}
{"ts": "2026-09-23T03:46:03.605369+00:00", "trace_id": null, "stage": "dense", "event": "finish", "duration_ms": 0.579, "candidates_out": 20}
{"ts": "2026-09-23T03:46:03.605395+00:00", "trace_id": null, "stage": "lexical", "event": "start"}
{"ts": "2026-09-23T03:46:03.606037+00:00", "trace_id": null, "stage": "lexical", "event": "finish", "duration_ms": 0.631, "candidates_out": 20}
{"ts": "2026-09-23T03:46:03.606098+00:00", "trace_id": null, "stage": "fuse", "event": "start", "candidates_in": 35}
{"ts": "2026-09-23T03:46:03.606288+00:00", "trace_id": null, "stage": "fuse", "event": "finish", "duration_ms": 0.189, "candidates_in": 35, "candidates_out": 26, "top_score": 0.03278688524590164}
{"ts": "2026-09-23T03:46:03.615285+00:00", "trace_id": null, "stage": "gate", "event": "start", "candidates_in": 5}
{"ts": "2026-09-23T03:46:03.615385+00:00", "trace_id": null, "stage": "gate", "event": "finish", "duration_ms": 0.103, "candidates_in": 5, "candidates_out": 5, "top_score": 0.03200204813108039}
{"ts": "2026-09-23T03:46:03.615422+00:00", "trace_id": null, "stage": "embed_query", "event": "start", "model": "Qwen/Qwen3-Embedding-0.6B"}
{"ts": "2026-09-23T03:46:03.615483+00:00", "trace_id": null, "stage": "embed_query", "event": "finish", "duration_ms": 0.061, "model": "Qwen/Qwen3-Embedding-0.6B"}
{"ts": "2026-09-23T03:46:03.615502+00:00", "trace_id": null, "stage": "dense", "event": "start"}
{"ts": "2026-09-23T03:46:03.615746+00:00", "trace_id": null, "stage": "dense", "event": "finish", "duration_ms": 0.242, "candidates_out": 20}
{"ts": "2026-09-23T03:46:03.615776+00:00", "trace_id": null, "stage": "lexical", "event": "start"}
{"ts": "2026-09-23T03:46:03.616052+00:00", "trace_id": null, "stage": "lexical", "event": "finish", "duration_ms": 0.276, "candidates_out": 20}
{"ts": "2026-09-23T03:46:03.616077+00:00", "trace_id": null, "stage": "fuse", "event": "start", "candidates_in": 32}
{"ts": "2026-09-23T03:46:03.616146+00:00", "trace_id": null, "stage": "fuse", "event": "finish", "duration_ms": 0.068, "candidates_in": 32, "candidates_out": 21, "top_score": 0.03252247488101534}
{"ts": "2026-09-23T03:46:03.620298+00:00", "trace_id": null, "stage": "gate", "event": "start", "candidates_in": 5}
{"ts": "2026-09-23T03:46:03.620404+00:00", "trace_id": null, "stage": "gate", "event": "finish", "duration_ms": 0.108, "candidates_in": 5, "candidates_out": 5, "top_score": 0.034579918032786885}
{"ts": "2026-09-23T03:46:03.620440+00:00", "trace_id": null, "stage": "embed_query", "event": "start", "model": "Qwen/Qwen3-Embedding-0.6B"}
{"ts": "2026-09-23T03:46:03.620488+00:00", "trace_id": null, "stage": "embed_query", "event": "finish", "duration_ms": 0.048, "model": "Qwen/Qwen3-Embedding-0.6B"}
{"ts": "2026-09-23T03:46:03.620510+00:00", "trace_id": null, "stage": "dense", "event": "start"}
{"ts": "2026-09-23T03:46:03.620687+00:00", "trace_id": null, "stage": "dense", "event": "finish", "duration_ms": 0.177, "candidates_out": 20}
{"ts": "2026-09-23T03:46:03.620703+00:00", "trace_id": null, "stage": "lexical", "event": "start"}
{"ts": "2026-09-23T03:46:03.620977+00:00", "trace_id": null, "stage": "lexical", "event": "finish", "duration_ms": 0.273, "candidates_out": 20}
{"ts": "2026-09-23T03:46:03.621000+00:00", "trace_id": null, "stage": "fuse", "event": "start", "candidates_in": 33}
{"ts": "2026-09-23T03:46:03.621049+00:00", "trace_id": null, "stage": "fuse", "event": "finish", "duration_ms": 0.049, "candidates_in": 33, "candidates_out": 22, "top_score": 0.03278688524590164}
{"ts": "2026-09-23T03:46:03.628134+00:00", "trace_id": null, "stage": "gate", "event": "start", "candidates_in": 5}
{"ts": "2026-09-23T03:46:03.628343+00:00", "trace_id": null, "stage": "gate", "event": "finish", "duration_ms": 0.208, "candidates_in": 5, "candidates_out": 5, "top_score": 0.054098360655737705}
{"ts": "2026-09-23T03:46:03.628413+00:00", "trace_id": null, "stage": "embed_query", "event": "start", "model": "Qwen/Qwen3-Embedding-0.6B"}
{"ts": "2026-09-23T03:46:03.628515+00:00", "trace_id": null, "stage": "embed_query", "event": "finish", "duration_ms": 0.102, "model": "Qwen/Qwen3-Embedding-0.6B"}
{"ts": "2026-09-23T03:46:03.628553+00:00", "trace_id": null, "stage": "dense", "event": "start"}
{"ts": "2026-09-23T03:46:03.628886+00:00", "trace_id": null, "stage": "dense", "event": "finish", "duration_ms": 0.331, "candidates_out": 20}
{"ts": "2026-09-23T03:46:03.628934+00:00", "trace_id": null, "stage": "lexical", "event": "start"}
{"ts": "2026-09-23T03:46:03.629518+00:00", "trace_id": null, "stage": "lexical", "event": "finish", "duration_ms": 0.582, "candidates_out": 20}
{"ts": "2026-09-23T03:46:03.629582+00:00", "trace_id": null, "stage": "fuse", "event": "start", "candidates_in": 33}
{"ts": "2026-09-23T03:46:03.629716+00:00", "trace_id": null, "stage": "fuse", "event": "finish", "duration_ms": 0.133, "candidates_in": 33, "candidates_out": 22, "top_score": 0.03278688524590164}
{"ts": "2026-09-23T03:46:03.635536+00:00", "trace_id": null, "stage": "gate", "event": "start", "candidates_in": 5}
{"ts": "2026-09-23T03:46:03.635644+00:00", "trace_id": null, "stage": "gate", "event": "finish", "duration_ms": 0.11, "candidates_in": 5, "candidates_out": 5, "top_score": 0.054098360655737705}
{"ts": "2026-09-23T03:46:03.635671+00:00", "trace_id": null, "stage": "embed_query", "event": "start", "model": "Qwen/Qwen3-Embedding-0.6B"}
{"ts": "2026-09-23T03:46:03.635725+00:00", "trace_id": null, "stage": "embed_query", "event": "finish", "duration_ms": 0.054, "model": "Qwen/Qwen3-Embedding-0.6B"}
{"ts": "2026-09-23T03:46:03.635746+00:00", "trace_id": null, "stage": "dense", "event": "start"}
{"ts": "2026-09-23T03:46:03.635919+00:00", "trace_id": null, "stage": "dense", "event": "finish", "duration_ms": 0.172, "candidates_out": 20}
{"ts": "2026-09-23T03:46:03.635937+00:00", "trace_id": null, "stage": "lexical", "event": "start"}
{"ts": "2026-09-23T03:46:03.636175+00:00", "trace_id": null, "stage": "lexical", "event": "finish", "duration_ms": 0.237, "candidates_out": 20}
{"ts": "2026-09-23T03:46:03.636202+00:00", "trace_id": null, "stage": "fuse", "event": "start", "candidates_in": 33}
{"ts": "2026-09-23T03:46:03.636261+00:00", "trace_id": null, "stage": "fuse", "event": "finish", "duration_ms": 0.059, "candidates_in": 33, "candidates_out": 22, "top_score": 0.03278688524590164}
{"ts": "2026-09-23T03:46:03.639554+00:00", "trace_id": null, "stage": "gate", "event": "start", "candidates_in": 5}
{"ts": "2026-09-23T03:46:03.639620+00:00", "trace_id": null, "stage": "gate", "event": "finish", "duration_ms": 0.065, "candidates_in": 5, "candidates_out": 5, "top_score": 0.054098360655737705}
{"ts": "2026-09-23T03:46:03.639650+00:00", "trace_id": null, "stage": "embed_query", "event": "start", "model": "Qwen/Qwen3-Embedding-0.6B"}
{"ts": "2026-09-23T03:46:03.639686+00:00", "trace_id": null, "stage": "embed_query", "event": "finish", "duration_ms": 0.037, "model": "Qwen/Qwen3-Embedding-0.6B"}
{"ts": "2026-09-23T03:46:03.639698+00:00", "trace_id": null, "stage": "dense", "event": "start"}
{"ts": "2026-09-23T03:46:03.639869+00:00", "trace_id": null, "stage": "dense", "event": "finish", "duration_ms": 0.17, "candidates_out": 20}
{"ts": "2026-09-23T03:46:03.639884+00:00", "trace_id": null, "stage": "lexical", "event": "start"}
{"ts": "2026-09-23T03:46:03.640092+00:00", "trace_id": null, "stage": "lexical", "event": "finish", "duration_ms": 0.208, "candidates_out": 20}
{"ts": "2026-09-23T03:46:03.640115+00:00", "trace_id": null, "stage": "fuse", "event": "start", "candidates_in": 32}
{"ts": "2026-09-23T03:46:03.640173+00:00", "trace_id": null, "stage": "fuse", "event": "finish", "duration_ms": 0.057, "candidates_in": 32, "candidates_out": 22, "top_score": 0.03278688524590164}
{"ts": "2026-09-23T03:46:03.642655+00:00", "trace_id": null, "stage": "gate", "event": "start", "candidates_in": 5}
{"ts": "2026-09-23T03:46:03.642709+00:00", "trace_id": null, "stage": "gate", "event": "finish", "duration_ms": 0.055, "candidates_in": 5, "candidates_out": 5, "top_score": 0.05901639344262295}
{"ts": "2026-09-23T03:46:03.642731+00:00", "trace_id": null, "stage": "embed_query", "event": "start", "model": "Qwen/Qwen3-Embedding-0.6B"}
{"ts": "2026-09-23T03:46:03.642766+00:00", "trace_id": null, "stage": "embed_query", "event": "finish", "duration_ms": 0.035, "model": "Qwen/Qwen3-Embedding-0.6B"}
{"ts": "2026-09-23T03:46:03.642788+00:00", "trace_id": null, "stage": "dense", "event": "start"}
{"ts": "2026-09-23T03:46:03.642926+00:00", "trace_id": null, "stage": "dense", "event": "finish", "duration_ms": 0.138, "candidates_out": 20}
{"ts": "2026-09-23T03:46:03.642944+00:00", "trace_id": null, "stage": "lexical", "event": "start"}
{"ts": "2026-09-23T03:46:03.643164+00:00", "trace_id": null, "stage": "lexical", "event": "finish", "duration_ms": 0.22, "candidates_out": 20}
{"ts": "2026-09-23T03:46:03.643187+00:00", "trace_id": null, "stage": "fuse", "event": "start", "candidates_in": 31}
{"ts": "2026-09-23T03:46:03.643255+00:00", "trace_id": null, "stage": "fuse", "event": "finish", "duration_ms": 0.068, "candidates_in": 31, "candidates_out": 22, "top_score": 0.03278688524590164}
{"ts": "2026-09-23T03:46:03.648071+00:00", "trace_id": null, "stage": "gate", "event": "start", "candidates_in": 5}
{"ts": "2026-09-23T03:46:03.648122+00:00", "trace_id": null, "stage": "gate", "event": "finish", "duration_ms": 0.051, "candidates_in": 5, "candidates_out": 5, "top_score": 0.14065573770491804}
{"ts": "2026-09-23T03:46:03.648143+00:00", "trace_id": null, "stage": "embed_query", "event": "start", "model": "Qwen/Qwen3-Embedding-0.6B"}
{"ts": "2026-09-23T03:46:03.648181+00:00", "trace_id": null, "stage": "embed_query", "event": "finish", "duration_ms": 0.038, "model": "Qwen/Qwen3-Embedding-0.6B"}
{"ts": "2026-09-23T03:46:03.648193+00:00", "trace_id": null, "stage": "dense", "event": "start"}
{"ts": "2026-09-23T03:46:03.648334+00:00", "trace_id": null, "stage": "dense", "event": "finish", "duration_ms": 0.141, "candidates_out": 20}
{"ts": "2026-09-23T03:46:03.648352+00:00", "trace_id": null, "stage": "lexical", "event": "start"}
{"ts": "2026-09-23T03:46:03.648542+00:00", "trace_id": null, "stage": "lexical", "event": "finish", "duration_ms": 0.191, "candidates_out": 20}
{"ts": "2026-09-23T03:46:03.648565+00:00", "trace_id": null, "stage": "fuse", "event": "start", "candidates_in": 34}
{"ts": "2026-09-23T03:46:03.648634+00:00", "trace_id": null, "stage": "fuse", "event": "finish", "duration_ms": 0.069, "candidates_in": 34, "candidates_out": 23, "top_score": 0.03252247488101534}
{"ts": "2026-09-23T03:46:03.651658+00:00", "trace_id": null, "stage": "gate", "event": "start", "candidates_in": 5}
{"ts": "2026-09-23T03:46:03.651704+00:00", "trace_id": null, "stage": "gate", "event": "finish", "duration_ms": 0.046, "candidates_in": 5, "candidates_out": 5, "top_score": 0.03252247488101534}
{"ts": "2026-09-23T03:46:03.651726+00:00", "trace_id": null, "stage": "embed_query", "event": "start", "model": "Qwen/Qwen3-Embedding-0.6B"}
{"ts": "2026-09-23T03:46:03.651791+00:00", "trace_id": null, "stage": "embed_query", "event": "finish", "duration_ms": 0.065, "model": "Qwen/Qwen3-Embedding-0.6B"}
{"ts": "2026-09-23T03:46:03.651809+00:00", "trace_id": null, "stage": "dense", "event": "start"}
{"ts": "2026-09-23T03:46:03.651937+00:00", "trace_id": null, "stage": "dense", "event": "finish", "duration_ms": 0.129, "candidates_out": 20}
{"ts": "2026-09-23T03:46:03.651954+00:00", "trace_id": null, "stage": "lexical", "event": "start"}
{"ts": "2026-09-23T03:46:03.652151+00:00", "trace_id": null, "stage": "lexical", "event": "finish", "duration_ms": 0.197, "candidates_out": 20}
{"ts": "2026-09-23T03:46:03.652172+00:00", "trace_id": null, "stage": "fuse", "event": "start", "candidates_in": 33}
{"ts": "2026-09-23T03:46:03.652234+00:00", "trace_id": null, "stage": "fuse", "event": "finish", "duration_ms": 0.062, "candidates_in": 33, "candidates_out": 20, "top_score": 0.03225806451612903}
{"ts": "2026-09-23T03:46:03.654599+00:00", "trace_id": null, "stage": "gate", "event": "start", "candidates_in": 5}
{"ts": "2026-09-23T03:46:03.654649+00:00", "trace_id": null, "stage": "gate", "event": "finish", "duration_ms": 0.05, "candidates_in": 5, "candidates_out": 5, "top_score": 0.0532258064516129}
{"ts": "2026-09-23T03:46:03.654669+00:00", "trace_id": null, "stage": "embed_query", "event": "start", "model": "Qwen/Qwen3-Embedding-0.6B"}
{"ts": "2026-09-23T03:46:03.654707+00:00", "trace_id": null, "stage": "embed_query", "event": "finish", "duration_ms": 0.038, "model": "Qwen/Qwen3-Embedding-0.6B"}
{"ts": "2026-09-23T03:46:03.654730+00:00", "trace_id": null, "stage": "dense", "event": "start"}
{"ts": "2026-09-23T03:46:03.654918+00:00", "trace_id": null, "stage": "dense", "event": "finish", "duration_ms": 0.189, "candidates_out": 20}
{"ts": "2026-09-23T03:46:03.654932+00:00", "trace_id": null, "stage": "lexical", "event": "start"}
{"ts": "2026-09-23T03:46:03.655149+00:00", "trace_id": null, "stage": "lexical", "event": "finish", "duration_ms": 0.217, "candidates_out": 20}
{"ts": "2026-09-23T03:46:03.655176+00:00", "trace_id": null, "stage": "fuse", "event": "start", "candidates_in": 34}
{"ts": "2026-09-23T03:46:03.655237+00:00", "trace_id": null, "stage": "fuse", "event": "finish", "duration_ms": 0.062, "candidates_in": 34, "candidates_out": 24, "top_score": 0.03278688524590164}
{"ts": "2026-09-23T03:46:03.659068+00:00", "trace_id": null, "stage": "gate", "event": "start", "candidates_in": 5}
{"ts": "2026-09-23T03:46:03.659119+00:00", "trace_id": null, "stage": "gate", "event": "finish", "duration_ms": 0.051, "candidates_in": 5, "candidates_out": 5, "top_score": 0.03278688524590164}
{"ts": "2026-09-23T03:46:03.659144+00:00", "trace_id": null, "stage": "embed_query", "event": "start", "model": "Qwen/Qwen3-Embedding-0.6B"}
{"ts": "2026-09-23T03:46:03.659189+00:00", "trace_id": null, "stage": "embed_query", "event": "finish", "duration_ms": 0.046, "model": "Qwen/Qwen3-Embedding-0.6B"}
{"ts": "2026-09-23T03:46:03.659206+00:00", "trace_id": null, "stage": "dense", "event": "start"}
{"ts": "2026-09-23T03:46:03.659349+00:00", "trace_id": null, "stage": "dense", "event": "finish", "duration_ms": 0.143, "candidates_out": 20}
{"ts": "2026-09-23T03:46:03.659364+00:00", "trace_id": null, "stage": "lexical", "event": "start"}
{"ts": "2026-09-23T03:46:03.659572+00:00", "trace_id": null, "stage": "lexical", "event": "finish", "duration_ms": 0.208, "candidates_out": 20}
{"ts": "2026-09-23T03:46:03.659594+00:00", "trace_id": null, "stage": "fuse", "event": "start", "candidates_in": 34}
{"ts": "2026-09-23T03:46:03.659652+00:00", "trace_id": null, "stage": "fuse", "event": "finish", "duration_ms": 0.058, "candidates_in": 34, "candidates_out": 26, "top_score": 0.03278688524590164}
{"ts": "2026-09-23T03:46:03.664395+00:00", "trace_id": null, "stage": "gate", "event": "start", "candidates_in": 5}
{"ts": "2026-09-23T03:46:03.664455+00:00", "trace_id": null, "stage": "gate", "event": "finish", "duration_ms": 0.061, "candidates_in": 5, "candidates_out": 5, "top_score": 0.08524590163934427}
{"ts": "2026-09-23T03:46:03.664474+00:00", "trace_id": null, "stage": "embed_query", "event": "start", "model": "Qwen/Qwen3-Embedding-0.6B"}
{"ts": "2026-09-23T03:46:03.664514+00:00", "trace_id": null, "stage": "embed_query", "event": "finish", "duration_ms": 0.04, "model": "Qwen/Qwen3-Embedding-0.6B"}
{"ts": "2026-09-23T03:46:03.664532+00:00", "trace_id": null, "stage": "dense", "event": "start"}
{"ts": "2026-09-23T03:46:03.664678+00:00", "trace_id": null, "stage": "dense", "event": "finish", "duration_ms": 0.146, "candidates_out": 20}
{"ts": "2026-09-23T03:46:03.664694+00:00", "trace_id": null, "stage": "lexical", "event": "start"}
{"ts": "2026-09-23T03:46:03.664904+00:00", "trace_id": null, "stage": "lexical", "event": "finish", "duration_ms": 0.209, "candidates_out": 20}
{"ts": "2026-09-23T03:46:03.664929+00:00", "trace_id": null, "stage": "fuse", "event": "start", "candidates_in": 34}
{"ts": "2026-09-23T03:46:03.665001+00:00", "trace_id": null, "stage": "fuse", "event": "finish", "duration_ms": 0.071, "candidates_in": 34, "candidates_out": 26, "top_score": 0.03278688524590164}
{"ts": "2026-09-23T03:46:03.669779+00:00", "trace_id": null, "stage": "gate", "event": "start", "candidates_in": 5}
{"ts": "2026-09-23T03:46:03.669834+00:00", "trace_id": null, "stage": "gate", "event": "finish", "duration_ms": 0.055, "candidates_in": 5, "candidates_out": 5, "top_score": 0.05901639344262295}
{"ts": "2026-09-23T03:46:03.669859+00:00", "trace_id": null, "stage": "embed_query", "event": "start", "model": "Qwen/Qwen3-Embedding-0.6B"}
{"ts": "2026-09-23T03:46:03.669913+00:00", "trace_id": null, "stage": "embed_query", "event": "finish", "duration_ms": 0.054, "model": "Qwen/Qwen3-Embedding-0.6B"}
{"ts": "2026-09-23T03:46:03.669930+00:00", "trace_id": null, "stage": "dense", "event": "start"}
{"ts": "2026-09-23T03:46:03.670088+00:00", "trace_id": null, "stage": "dense", "event": "finish", "duration_ms": 0.157, "candidates_out": 20}
{"ts": "2026-09-23T03:46:03.670105+00:00", "trace_id": null, "stage": "lexical", "event": "start"}
{"ts": "2026-09-23T03:46:03.670290+00:00", "trace_id": null, "stage": "lexical", "event": "finish", "duration_ms": 0.185, "candidates_out": 20}
{"ts": "2026-09-23T03:46:03.670313+00:00", "trace_id": null, "stage": "fuse", "event": "start", "candidates_in": 32}
{"ts": "2026-09-23T03:46:03.670362+00:00", "trace_id": null, "stage": "fuse", "event": "finish", "duration_ms": 0.049, "candidates_in": 32, "candidates_out": 20, "top_score": 0.03278688524590164}
{"ts": "2026-09-23T03:46:03.673353+00:00", "trace_id": null, "stage": "gate", "event": "start", "candidates_in": 5}
{"ts": "2026-09-23T03:46:03.673425+00:00", "trace_id": null, "stage": "gate", "event": "finish", "duration_ms": 0.078, "candidates_in": 5, "candidates_out": 5, "top_score": 0.09737704918032787}
{"ts": "2026-09-23T03:46:03.673454+00:00", "trace_id": null, "stage": "embed_query", "event": "start", "model": "Qwen/Qwen3-Embedding-0.6B"}
{"ts": "2026-09-23T03:46:03.673492+00:00", "trace_id": null, "stage": "embed_query", "event": "finish", "duration_ms": 0.038, "model": "Qwen/Qwen3-Embedding-0.6B"}
{"ts": "2026-09-23T03:46:03.673504+00:00", "trace_id": null, "stage": "dense", "event": "start"}
{"ts": "2026-09-23T03:46:03.673675+00:00", "trace_id": null, "stage": "dense", "event": "finish", "duration_ms": 0.17, "candidates_out": 20}
{"ts": "2026-09-23T03:46:03.673691+00:00", "trace_id": null, "stage": "lexical", "event": "start"}
{"ts": "2026-09-23T03:46:03.673908+00:00", "trace_id": null, "stage": "lexical", "event": "finish", "duration_ms": 0.217, "candidates_out": 20}
{"ts": "2026-09-23T03:46:03.673929+00:00", "trace_id": null, "stage": "fuse", "event": "start", "candidates_in": 33}
{"ts": "2026-09-23T03:46:03.673980+00:00", "trace_id": null, "stage": "fuse", "event": "finish", "duration_ms": 0.051, "candidates_in": 33, "candidates_out": 25, "top_score": 0.032018442622950824}
{"ts": "2026-09-23T03:46:03.678184+00:00", "trace_id": null, "stage": "gate", "event": "start", "candidates_in": 5}
{"ts": "2026-09-23T03:46:03.678235+00:00", "trace_id": null, "stage": "gate", "event": "finish", "duration_ms": 0.052, "candidates_in": 5, "candidates_out": 5, "top_score": 0.09509477459016394}
{"ts": "2026-09-23T03:46:03.678258+00:00", "trace_id": null, "stage": "embed_query", "event": "start", "model": "Qwen/Qwen3-Embedding-0.6B"}
{"ts": "2026-09-23T03:46:03.678294+00:00", "trace_id": null, "stage": "embed_query", "event": "finish", "duration_ms": 0.035, "model": "Qwen/Qwen3-Embedding-0.6B"}
{"ts": "2026-09-23T03:46:03.678309+00:00", "trace_id": null, "stage": "dense", "event": "start"}
{"ts": "2026-09-23T03:46:03.678446+00:00", "trace_id": null, "stage": "dense", "event": "finish", "duration_ms": 0.137, "candidates_out": 20}
{"ts": "2026-09-23T03:46:03.678463+00:00", "trace_id": null, "stage": "lexical", "event": "start"}
{"ts": "2026-09-23T03:46:03.678687+00:00", "trace_id": null, "stage": "lexical", "event": "finish", "duration_ms": 0.225, "candidates_out": 20}
{"ts": "2026-09-23T03:46:03.678709+00:00", "trace_id": null, "stage": "fuse", "event": "start", "candidates_in": 34}
{"ts": "2026-09-23T03:46:03.678767+00:00", "trace_id": null, "stage": "fuse", "event": "finish", "duration_ms": 0.058, "candidates_in": 34, "candidates_out": 22, "top_score": 0.03278688524590164}
{"ts": "2026-09-23T03:46:03.684115+00:00", "trace_id": null, "stage": "gate", "event": "start", "candidates_in": 5}
{"ts": "2026-09-23T03:46:03.684181+00:00", "trace_id": null, "stage": "gate", "event": "finish", "duration_ms": 0.068, "candidates_in": 5, "candidates_out": 5, "top_score": 0.054098360655737705}
{"ts": "2026-09-23T03:46:03.684206+00:00", "trace_id": null, "stage": "embed_query", "event": "start", "model": "Qwen/Qwen3-Embedding-0.6B"}
{"ts": "2026-09-23T03:46:03.684256+00:00", "trace_id": null, "stage": "embed_query", "event": "finish", "duration_ms": 0.05, "model": "Qwen/Qwen3-Embedding-0.6B"}
{"ts": "2026-09-23T03:46:03.684269+00:00", "trace_id": null, "stage": "dense", "event": "start"}
{"ts": "2026-09-23T03:46:03.684415+00:00", "trace_id": null, "stage": "dense", "event": "finish", "duration_ms": 0.146, "candidates_out": 20}
{"ts": "2026-09-23T03:46:03.684431+00:00", "trace_id": null, "stage": "lexical", "event": "start"}
{"ts": "2026-09-23T03:46:03.684640+00:00", "trace_id": null, "stage": "lexical", "event": "finish", "duration_ms": 0.209, "candidates_out": 20}
{"ts": "2026-09-23T03:46:03.684664+00:00", "trace_id": null, "stage": "fuse", "event": "start", "candidates_in": 30}
{"ts": "2026-09-23T03:46:03.684743+00:00", "trace_id": null, "stage": "fuse", "event": "finish", "duration_ms": 0.079, "candidates_in": 30, "candidates_out": 25, "top_score": 0.03278688524590164}
{"ts": "2026-09-23T03:46:03.690920+00:00", "trace_id": null, "stage": "gate", "event": "start", "candidates_in": 5}
{"ts": "2026-09-23T03:46:03.690990+00:00", "trace_id": null, "stage": "gate", "event": "finish", "duration_ms": 0.071, "candidates_in": 5, "candidates_out": 5, "top_score": 0.11147540983606559}
{"ts": "2026-09-23T03:46:03.691015+00:00", "trace_id": null, "stage": "embed_query", "event": "start", "model": "Qwen/Qwen3-Embedding-0.6B"}
{"ts": "2026-09-23T03:46:03.691067+00:00", "trace_id": null, "stage": "embed_query", "event": "finish", "duration_ms": 0.052, "model": "Qwen/Qwen3-Embedding-0.6B"}
{"ts": "2026-09-23T03:46:03.691080+00:00", "trace_id": null, "stage": "dense", "event": "start"}
{"ts": "2026-09-23T03:46:03.691240+00:00", "trace_id": null, "stage": "dense", "event": "finish", "duration_ms": 0.159, "candidates_out": 20}
{"ts": "2026-09-23T03:46:03.691258+00:00", "trace_id": null, "stage": "lexical", "event": "start"}
{"ts": "2026-09-23T03:46:03.691500+00:00", "trace_id": null, "stage": "lexical", "event": "finish", "duration_ms": 0.242, "candidates_out": 20}
{"ts": "2026-09-23T03:46:03.691525+00:00", "trace_id": null, "stage": "fuse", "event": "start", "candidates_in": 30}
{"ts": "2026-09-23T03:46:03.691634+00:00", "trace_id": null, "stage": "fuse", "event": "finish", "duration_ms": 0.108, "candidates_in": 30, "candidates_out": 22, "top_score": 0.03278688524590164}
{"ts": "2026-09-23T03:46:03.696646+00:00", "trace_id": null, "stage": "gate", "event": "start", "candidates_in": 5}
{"ts": "2026-09-23T03:46:03.696727+00:00", "trace_id": null, "stage": "gate", "event": "finish", "duration_ms": 0.081, "candidates_in": 5, "candidates_out": 5, "top_score": 0.09428571428571428}
{"ts": "2026-09-23T03:46:03.696751+00:00", "trace_id": null, "stage": "embed_query", "event": "start", "model": "Qwen/Qwen3-Embedding-0.6B"}
{"ts": "2026-09-23T03:46:03.696800+00:00", "trace_id": null, "stage": "embed_query", "event": "finish", "duration_ms": 0.049, "model": "Qwen/Qwen3-Embedding-0.6B"}
{"ts": "2026-09-23T03:46:03.696865+00:00", "trace_id": null, "stage": "dense", "event": "start"}
{"ts": "2026-09-23T03:46:03.697011+00:00", "trace_id": null, "stage": "dense", "event": "finish", "duration_ms": 0.147, "candidates_out": 20}
{"ts": "2026-09-23T03:46:03.697026+00:00", "trace_id": null, "stage": "lexical", "event": "start"}
{"ts": "2026-09-23T03:46:03.697266+00:00", "trace_id": null, "stage": "lexical", "event": "finish", "duration_ms": 0.239, "candidates_out": 20}
{"ts": "2026-09-23T03:46:03.697291+00:00", "trace_id": null, "stage": "fuse", "event": "start", "candidates_in": 30}
{"ts": "2026-09-23T03:46:03.697360+00:00", "trace_id": null, "stage": "fuse", "event": "finish", "duration_ms": 0.068, "candidates_in": 30, "candidates_out": 21, "top_score": 0.03252247488101534}
{"ts": "2026-09-23T03:46:03.702197+00:00", "trace_id": null, "stage": "gate", "event": "start", "candidates_in": 5}
{"ts": "2026-09-23T03:46:03.702260+00:00", "trace_id": null, "stage": "gate", "event": "finish", "duration_ms": 0.063, "candidates_in": 5, "candidates_out": 5, "top_score": 0.13842310694769713}
{"ts": "2026-09-23T03:46:03.702290+00:00", "trace_id": null, "stage": "embed_query", "event": "start", "model": "Qwen/Qwen3-Embedding-0.6B"}
{"ts": "2026-09-23T03:46:03.702347+00:00", "trace_id": null, "stage": "embed_query", "event": "finish", "duration_ms": 0.058, "model": "Qwen/Qwen3-Embedding-0.6B"}
{"ts": "2026-09-23T03:46:03.702364+00:00", "trace_id": null, "stage": "dense", "event": "start"}
{"ts": "2026-09-23T03:46:03.702512+00:00", "trace_id": null, "stage": "dense", "event": "finish", "duration_ms": 0.147, "candidates_out": 20}
{"ts": "2026-09-23T03:46:03.702529+00:00", "trace_id": null, "stage": "lexical", "event": "start"}
{"ts": "2026-09-23T03:46:03.702731+00:00", "trace_id": null, "stage": "lexical", "event": "finish", "duration_ms": 0.202, "candidates_out": 19}
{"ts": "2026-09-23T03:46:03.702755+00:00", "trace_id": null, "stage": "fuse", "event": "start", "candidates_in": 26}
{"ts": "2026-09-23T03:46:03.702815+00:00", "trace_id": null, "stage": "fuse", "event": "finish", "duration_ms": 0.06, "candidates_in": 26, "candidates_out": 16, "top_score": 0.03278688524590164}
{"ts": "2026-09-23T03:46:03.705977+00:00", "trace_id": null, "stage": "gate", "event": "start", "candidates_in": 5}
{"ts": "2026-09-23T03:46:03.706036+00:00", "trace_id": null, "stage": "gate", "event": "finish", "duration_ms": 0.059, "candidates_in": 5, "candidates_out": 5, "top_score": 0.14065573770491804}
{"ts": "2026-09-23T03:46:03.706061+00:00", "trace_id": null, "stage": "embed_query", "event": "start", "model": "Qwen/Qwen3-Embedding-0.6B"}
{"ts": "2026-09-23T03:46:03.706115+00:00", "trace_id": null, "stage": "embed_query", "event": "finish", "duration_ms": 0.054, "model": "Qwen/Qwen3-Embedding-0.6B"}
{"ts": "2026-09-23T03:46:03.706136+00:00", "trace_id": null, "stage": "dense", "event": "start"}
{"ts": "2026-09-23T03:46:03.706314+00:00", "trace_id": null, "stage": "dense", "event": "finish", "duration_ms": 0.178, "candidates_out": 20}
{"ts": "2026-09-23T03:46:03.706333+00:00", "trace_id": null, "stage": "lexical", "event": "start"}
{"ts": "2026-09-23T03:46:03.706544+00:00", "trace_id": null, "stage": "lexical", "event": "finish", "duration_ms": 0.212, "candidates_out": 14}
{"ts": "2026-09-23T03:46:03.706566+00:00", "trace_id": null, "stage": "fuse", "event": "start", "candidates_in": 26}
{"ts": "2026-09-23T03:46:03.706627+00:00", "trace_id": null, "stage": "fuse", "event": "finish", "duration_ms": 0.06, "candidates_in": 26, "candidates_out": 16, "top_score": 0.03278688524590164}
{"ts": "2026-09-23T03:46:03.708931+00:00", "trace_id": null, "stage": "gate", "event": "start", "candidates_in": 5}
{"ts": "2026-09-23T03:46:03.708987+00:00", "trace_id": null, "stage": "gate", "event": "finish", "duration_ms": 0.057, "candidates_in": 5, "candidates_out": 5, "top_score": 0.11147540983606559}
{"ts": "2026-09-23T03:46:03.709006+00:00", "trace_id": null, "stage": "embed_query", "event": "start", "model": "Qwen/Qwen3-Embedding-0.6B"}
{"ts": "2026-09-23T03:46:03.709044+00:00", "trace_id": null, "stage": "embed_query", "event": "finish", "duration_ms": 0.038, "model": "Qwen/Qwen3-Embedding-0.6B"}
{"ts": "2026-09-23T03:46:03.709086+00:00", "trace_id": null, "stage": "dense", "event": "start"}
{"ts": "2026-09-23T03:46:03.709204+00:00", "trace_id": null, "stage": "dense", "event": "finish", "duration_ms": 0.119, "candidates_out": 20}
{"ts": "2026-09-23T03:46:03.709220+00:00", "trace_id": null, "stage": "lexical", "event": "start"}
{"ts": "2026-09-23T03:46:03.709446+00:00", "trace_id": null, "stage": "lexical", "event": "finish", "duration_ms": 0.226, "candidates_out": 20}
{"ts": "2026-09-23T03:46:03.709468+00:00", "trace_id": null, "stage": "fuse", "event": "start", "candidates_in": 28}
{"ts": "2026-09-23T03:46:03.709519+00:00", "trace_id": null, "stage": "fuse", "event": "finish", "duration_ms": 0.051, "candidates_in": 28, "candidates_out": 22, "top_score": 0.03252247488101534}
{"ts": "2026-09-23T03:46:03.714728+00:00", "trace_id": null, "stage": "gate", "event": "start", "candidates_in": 5}
{"ts": "2026-09-23T03:46:03.714800+00:00", "trace_id": null, "stage": "gate", "event": "finish", "duration_ms": 0.073, "candidates_in": 5, "candidates_out": 5, "top_score": 0.09659175039661555}
{"ts": "2026-09-23T03:46:03.714832+00:00", "trace_id": null, "stage": "embed_query", "event": "start", "model": "Qwen/Qwen3-Embedding-0.6B"}
{"ts": "2026-09-23T03:46:03.714891+00:00", "trace_id": null, "stage": "embed_query", "event": "finish", "duration_ms": 0.059, "model": "Qwen/Qwen3-Embedding-0.6B"}
{"ts": "2026-09-23T03:46:03.714910+00:00", "trace_id": null, "stage": "dense", "event": "start"}
{"ts": "2026-09-23T03:46:03.715115+00:00", "trace_id": null, "stage": "dense", "event": "finish", "duration_ms": 0.205, "candidates_out": 20}
{"ts": "2026-09-23T03:46:03.715130+00:00", "trace_id": null, "stage": "lexical", "event": "start"}
{"ts": "2026-09-23T03:46:03.715429+00:00", "trace_id": null, "stage": "lexical", "event": "finish", "duration_ms": 0.299, "candidates_out": 20}
{"ts": "2026-09-23T03:46:03.715453+00:00", "trace_id": null, "stage": "fuse", "event": "start", "candidates_in": 30}
{"ts": "2026-09-23T03:46:03.715520+00:00", "trace_id": null, "stage": "fuse", "event": "finish", "duration_ms": 0.067, "candidates_in": 30, "candidates_out": 21, "top_score": 0.032266458495966696}
{"ts": "2026-09-23T03:46:03.719701+00:00", "trace_id": null, "stage": "gate", "event": "start", "candidates_in": 5}
{"ts": "2026-09-23T03:46:03.719757+00:00", "trace_id": null, "stage": "gate", "event": "finish", "duration_ms": 0.056, "candidates_in": 5, "candidates_out": 5, "top_score": 0.05038461538461538}
{"ts": "2026-09-23T03:46:03.719779+00:00", "trace_id": null, "stage": "embed_query", "event": "start", "model": "Qwen/Qwen3-Embedding-0.6B"}
{"ts": "2026-09-23T03:46:03.719820+00:00", "trace_id": null, "stage": "embed_query", "event": "finish", "duration_ms": 0.042, "model": "Qwen/Qwen3-Embedding-0.6B"}
{"ts": "2026-09-23T03:46:03.719836+00:00", "trace_id": null, "stage": "dense", "event": "start"}
{"ts": "2026-09-23T03:46:03.719966+00:00", "trace_id": null, "stage": "dense", "event": "finish", "duration_ms": 0.13, "candidates_out": 20}
{"ts": "2026-09-23T03:46:03.719980+00:00", "trace_id": null, "stage": "lexical", "event": "start"}
{"ts": "2026-09-23T03:46:03.720192+00:00", "trace_id": null, "stage": "lexical", "event": "finish", "duration_ms": 0.211, "candidates_out": 20}
{"ts": "2026-09-23T03:46:03.720212+00:00", "trace_id": null, "stage": "fuse", "event": "start", "candidates_in": 27}
{"ts": "2026-09-23T03:46:03.720284+00:00", "trace_id": null, "stage": "fuse", "event": "finish", "duration_ms": 0.071, "candidates_in": 27, "candidates_out": 19, "top_score": 0.032266458495966696}
{"ts": "2026-09-23T03:46:03.724770+00:00", "trace_id": null, "stage": "gate", "event": "start", "candidates_in": 5}
{"ts": "2026-09-23T03:46:03.725008+00:00", "trace_id": null, "stage": "gate", "event": "finish", "duration_ms": 0.239, "candidates_in": 5, "candidates_out": 6, "top_score": 0.04817774936061381}
{"ts": "2026-09-23T03:46:03.725035+00:00", "trace_id": null, "stage": "embed_query", "event": "start", "model": "Qwen/Qwen3-Embedding-0.6B"}
{"ts": "2026-09-23T03:46:03.725073+00:00", "trace_id": null, "stage": "embed_query", "event": "finish", "duration_ms": 0.038, "model": "Qwen/Qwen3-Embedding-0.6B"}
{"ts": "2026-09-23T03:46:03.725094+00:00", "trace_id": null, "stage": "dense", "event": "start"}
{"ts": "2026-09-23T03:46:03.725264+00:00", "trace_id": null, "stage": "dense", "event": "finish", "duration_ms": 0.17, "candidates_out": 20}
{"ts": "2026-09-23T03:46:03.725279+00:00", "trace_id": null, "stage": "lexical", "event": "start"}
{"ts": "2026-09-23T03:46:03.725490+00:00", "trace_id": null, "stage": "lexical", "event": "finish", "duration_ms": 0.211, "candidates_out": 20}
{"ts": "2026-09-23T03:46:03.725512+00:00", "trace_id": null, "stage": "fuse", "event": "start", "candidates_in": 25}
{"ts": "2026-09-23T03:46:03.725577+00:00", "trace_id": null, "stage": "fuse", "event": "finish", "duration_ms": 0.064, "candidates_in": 25, "candidates_out": 19, "top_score": 0.032018442622950824}
{"ts": "2026-09-23T03:46:03.728261+00:00", "trace_id": null, "stage": "gate", "event": "start", "candidates_in": 5}
{"ts": "2026-09-23T03:46:03.728315+00:00", "trace_id": null, "stage": "gate", "event": "finish", "duration_ms": 0.054, "candidates_in": 5, "candidates_out": 5, "top_score": 0.05052594670406732}
{"ts": "2026-09-23T03:46:03.728338+00:00", "trace_id": null, "stage": "embed_query", "event": "start", "model": "Qwen/Qwen3-Embedding-0.6B"}
{"ts": "2026-09-23T03:46:03.728372+00:00", "trace_id": null, "stage": "embed_query", "event": "finish", "duration_ms": 0.032, "model": "Qwen/Qwen3-Embedding-0.6B"}
{"ts": "2026-09-23T03:46:03.728388+00:00", "trace_id": null, "stage": "dense", "event": "start"}
{"ts": "2026-09-23T03:46:03.728544+00:00", "trace_id": null, "stage": "dense", "event": "finish", "duration_ms": 0.156, "candidates_out": 20}
{"ts": "2026-09-23T03:46:03.728560+00:00", "trace_id": null, "stage": "lexical", "event": "start"}
{"ts": "2026-09-23T03:46:03.728753+00:00", "trace_id": null, "stage": "lexical", "event": "finish", "duration_ms": 0.193, "candidates_out": 20}
{"ts": "2026-09-23T03:46:03.728772+00:00", "trace_id": null, "stage": "fuse", "event": "start", "candidates_in": 21}
{"ts": "2026-09-23T03:46:03.728821+00:00", "trace_id": null, "stage": "fuse", "event": "finish", "duration_ms": 0.048, "candidates_in": 21, "candidates_out": 15, "top_score": 0.032018442622950824}
{"ts": "2026-09-23T03:46:03.731239+00:00", "trace_id": null, "stage": "gate", "event": "start", "candidates_in": 5}
{"ts": "2026-09-23T03:46:03.731304+00:00", "trace_id": null, "stage": "gate", "event": "finish", "duration_ms": 0.066, "candidates_in": 5, "candidates_out": 5, "top_score": 0.05280337941628264}
{"ts": "2026-09-23T03:46:03.731335+00:00", "trace_id": null, "stage": "embed_query", "event": "start", "model": "Qwen/Qwen3-Embedding-0.6B"}
{"ts": "2026-09-23T03:46:03.731426+00:00", "trace_id": null, "stage": "embed_query", "event": "finish", "duration_ms": 0.091, "model": "Qwen/Qwen3-Embedding-0.6B"}
{"ts": "2026-09-23T03:46:03.731448+00:00", "trace_id": null, "stage": "dense", "event": "start"}
{"ts": "2026-09-23T03:46:03.731590+00:00", "trace_id": null, "stage": "dense", "event": "finish", "duration_ms": 0.142, "candidates_out": 20}
{"ts": "2026-09-23T03:46:03.731614+00:00", "trace_id": null, "stage": "lexical", "event": "start"}
{"ts": "2026-09-23T03:46:03.731809+00:00", "trace_id": null, "stage": "lexical", "event": "finish", "duration_ms": 0.196, "candidates_out": 20}
{"ts": "2026-09-23T03:46:03.731832+00:00", "trace_id": null, "stage": "fuse", "event": "start", "candidates_in": 24}
{"ts": "2026-09-23T03:46:03.731883+00:00", "trace_id": null, "stage": "fuse", "event": "finish", "duration_ms": 0.051, "candidates_in": 24, "candidates_out": 18, "top_score": 0.032018442622950824}
{"ts": "2026-09-23T03:46:03.734643+00:00", "trace_id": null, "stage": "gate", "event": "start", "candidates_in": 5}
{"ts": "2026-09-23T03:46:03.734696+00:00", "trace_id": null, "stage": "gate", "event": "finish", "duration_ms": 0.053, "candidates_in": 5, "candidates_out": 5, "top_score": 0.05280337941628264}
{"ts": "2026-09-23T03:46:03.734724+00:00", "trace_id": null, "stage": "embed_query", "event": "start", "model": "Qwen/Qwen3-Embedding-0.6B"}
{"ts": "2026-09-23T03:46:03.734774+00:00", "trace_id": null, "stage": "embed_query", "event": "finish", "duration_ms": 0.05, "model": "Qwen/Qwen3-Embedding-0.6B"}
{"ts": "2026-09-23T03:46:03.734789+00:00", "trace_id": null, "stage": "dense", "event": "start"}
{"ts": "2026-09-23T03:46:03.734928+00:00", "trace_id": null, "stage": "dense", "event": "finish", "duration_ms": 0.139, "candidates_out": 20}
{"ts": "2026-09-23T03:46:03.734942+00:00", "trace_id": null, "stage": "lexical", "event": "start"}
{"ts": "2026-09-23T03:46:03.735155+00:00", "trace_id": null, "stage": "lexical", "event": "finish", "duration_ms": 0.213, "candidates_out": 20}
{"ts": "2026-09-23T03:46:03.735179+00:00", "trace_id": null, "stage": "fuse", "event": "start", "candidates_in": 36}
{"ts": "2026-09-23T03:46:03.735240+00:00", "trace_id": null, "stage": "fuse", "event": "finish", "duration_ms": 0.061, "candidates_in": 36, "candidates_out": 27, "top_score": 0.03278688524590164}
{"ts": "2026-09-23T03:46:03.740618+00:00", "trace_id": null, "stage": "gate", "event": "start", "candidates_in": 5}
{"ts": "2026-09-23T03:46:03.740680+00:00", "trace_id": null, "stage": "gate", "event": "finish", "duration_ms": 0.062, "candidates_in": 5, "candidates_out": 5, "top_score": 0.04969429347826087}
{"ts": "2026-09-23T03:46:03.740706+00:00", "trace_id": null, "stage": "embed_query", "event": "start", "model": "Qwen/Qwen3-Embedding-0.6B"}
{"ts": "2026-09-23T03:46:03.740743+00:00", "trace_id": null, "stage": "embed_query", "event": "finish", "duration_ms": 0.037, "model": "Qwen/Qwen3-Embedding-0.6B"}
{"ts": "2026-09-23T03:46:03.740759+00:00", "trace_id": null, "stage": "dense", "event": "start"}
{"ts": "2026-09-23T03:46:03.740908+00:00", "trace_id": null, "stage": "dense", "event": "finish", "duration_ms": 0.149, "candidates_out": 20}
{"ts": "2026-09-23T03:46:03.740926+00:00", "trace_id": null, "stage": "lexical", "event": "start"}
{"ts": "2026-09-23T03:46:03.741152+00:00", "trace_id": null, "stage": "lexical", "event": "finish", "duration_ms": 0.226, "candidates_out": 20}
{"ts": "2026-09-23T03:46:03.741176+00:00", "trace_id": null, "stage": "fuse", "event": "start", "candidates_in": 29}
{"ts": "2026-09-23T03:46:03.741243+00:00", "trace_id": null, "stage": "fuse", "event": "finish", "duration_ms": 0.067, "candidates_in": 29, "candidates_out": 19, "top_score": 0.03278688524590164}
{"ts": "2026-09-23T03:46:03.745180+00:00", "trace_id": null, "stage": "gate", "event": "start", "candidates_in": 5}
{"ts": "2026-09-23T03:46:03.745233+00:00", "trace_id": null, "stage": "gate", "event": "finish", "duration_ms": 0.053, "candidates_in": 5, "candidates_out": 5, "top_score": 0.052380952380952375}
{"ts": "2026-09-23T03:46:03.745257+00:00", "trace_id": null, "stage": "embed_query", "event": "start", "model": "Qwen/Qwen3-Embedding-0.6B"}
{"ts": "2026-09-23T03:46:03.745310+00:00", "trace_id": null, "stage": "embed_query", "event": "finish", "duration_ms": 0.053, "model": "Qwen/Qwen3-Embedding-0.6B"}
{"ts": "2026-09-23T03:46:03.745328+00:00", "trace_id": null, "stage": "dense", "event": "start"}
{"ts": "2026-09-23T03:46:03.745455+00:00", "trace_id": null, "stage": "dense", "event": "finish", "duration_ms": 0.127, "candidates_out": 20}
{"ts": "2026-09-23T03:46:03.745471+00:00", "trace_id": null, "stage": "lexical", "event": "start"}
{"ts": "2026-09-23T03:46:03.745686+00:00", "trace_id": null, "stage": "lexical", "event": "finish", "duration_ms": 0.216, "candidates_out": 20}
{"ts": "2026-09-23T03:46:03.745710+00:00", "trace_id": null, "stage": "fuse", "event": "start", "candidates_in": 31}
{"ts": "2026-09-23T03:46:03.745759+00:00", "trace_id": null, "stage": "fuse", "event": "finish", "duration_ms": 0.049, "candidates_in": 31, "candidates_out": 20, "top_score": 0.03278688524590164}
{"ts": "2026-09-23T03:46:03.748781+00:00", "trace_id": null, "stage": "gate", "event": "start", "candidates_in": 5}
{"ts": "2026-09-23T03:46:03.748837+00:00", "trace_id": null, "stage": "gate", "event": "finish", "duration_ms": 0.056, "candidates_in": 5, "candidates_out": 5, "top_score": 0.08615934412444817}
{"ts": "2026-09-23T03:46:03.748856+00:00", "trace_id": null, "stage": "embed_query", "event": "start", "model": "Qwen/Qwen3-Embedding-0.6B"}
{"ts": "2026-09-23T03:46:03.748892+00:00", "trace_id": null, "stage": "embed_query", "event": "finish", "duration_ms": 0.035, "model": "Qwen/Qwen3-Embedding-0.6B"}
{"ts": "2026-09-23T03:46:03.748909+00:00", "trace_id": null, "stage": "dense", "event": "start"}
{"ts": "2026-09-23T03:46:03.749047+00:00", "trace_id": null, "stage": "dense", "event": "finish", "duration_ms": 0.138, "candidates_out": 20}
{"ts": "2026-09-23T03:46:03.749065+00:00", "trace_id": null, "stage": "lexical", "event": "start"}
{"ts": "2026-09-23T03:46:03.749287+00:00", "trace_id": null, "stage": "lexical", "event": "finish", "duration_ms": 0.222, "candidates_out": 20}
{"ts": "2026-09-23T03:46:03.749309+00:00", "trace_id": null, "stage": "fuse", "event": "start", "candidates_in": 27}
{"ts": "2026-09-23T03:46:03.749367+00:00", "trace_id": null, "stage": "fuse", "event": "finish", "duration_ms": 0.057, "candidates_in": 27, "candidates_out": 20, "top_score": 0.03252247488101534}
{"ts": "2026-09-23T03:46:03.753108+00:00", "trace_id": null, "stage": "gate", "event": "start", "candidates_in": 5}
{"ts": "2026-09-23T03:46:03.753163+00:00", "trace_id": null, "stage": "gate", "event": "finish", "duration_ms": 0.056, "candidates_in": 5, "candidates_out": 5, "top_score": 0.053662083553675306}
{"ts": "2026-09-23T03:46:03.753191+00:00", "trace_id": null, "stage": "embed_query", "event": "start", "model": "Qwen/Qwen3-Embedding-0.6B"}
{"ts": "2026-09-23T03:46:03.753236+00:00", "trace_id": null, "stage": "embed_query", "event": "finish", "duration_ms": 0.046, "model": "Qwen/Qwen3-Embedding-0.6B"}
{"ts": "2026-09-23T03:46:03.753253+00:00", "trace_id": null, "stage": "dense", "event": "start"}
{"ts": "2026-09-23T03:46:03.753372+00:00", "trace_id": null, "stage": "dense", "event": "finish", "duration_ms": 0.12, "candidates_out": 20}
{"ts": "2026-09-23T03:46:03.753385+00:00", "trace_id": null, "stage": "lexical", "event": "start"}
{"ts": "2026-09-23T03:46:03.753592+00:00", "trace_id": null, "stage": "lexical", "event": "finish", "duration_ms": 0.207, "candidates_out": 20}
{"ts": "2026-09-23T03:46:03.753614+00:00", "trace_id": null, "stage": "fuse", "event": "start", "candidates_in": 31}
{"ts": "2026-09-23T03:46:03.753667+00:00", "trace_id": null, "stage": "fuse", "event": "finish", "duration_ms": 0.053, "candidates_in": 31, "candidates_out": 23, "top_score": 0.03278688524590164}
{"ts": "2026-09-23T03:46:03.757540+00:00", "trace_id": null, "stage": "gate", "event": "start", "candidates_in": 5}
{"ts": "2026-09-23T03:46:03.757598+00:00", "trace_id": null, "stage": "gate", "event": "finish", "duration_ms": 0.057, "candidates_in": 5, "candidates_out": 5, "top_score": 0.053839285714285715}
{"ts": "2026-09-23T03:46:03.757626+00:00", "trace_id": null, "stage": "embed_query", "event": "start", "model": "Qwen/Qwen3-Embedding-0.6B"}
{"ts": "2026-09-23T03:46:03.757664+00:00", "trace_id": null, "stage": "embed_query", "event": "finish", "duration_ms": 0.039, "model": "Qwen/Qwen3-Embedding-0.6B"}
{"ts": "2026-09-23T03:46:03.757683+00:00", "trace_id": null, "stage": "dense", "event": "start"}
{"ts": "2026-09-23T03:46:03.757840+00:00", "trace_id": null, "stage": "dense", "event": "finish", "duration_ms": 0.157, "candidates_out": 20}
{"ts": "2026-09-23T03:46:03.757856+00:00", "trace_id": null, "stage": "lexical", "event": "start"}
{"ts": "2026-09-23T03:46:03.758067+00:00", "trace_id": null, "stage": "lexical", "event": "finish", "duration_ms": 0.211, "candidates_out": 20}
{"ts": "2026-09-23T03:46:03.758089+00:00", "trace_id": null, "stage": "fuse", "event": "start", "candidates_in": 30}
{"ts": "2026-09-23T03:46:03.758139+00:00", "trace_id": null, "stage": "fuse", "event": "finish", "duration_ms": 0.049, "candidates_in": 30, "candidates_out": 20, "top_score": 0.03252247488101534}
{"ts": "2026-09-23T03:46:03.761256+00:00", "trace_id": null, "stage": "gate", "event": "start", "candidates_in": 5}
{"ts": "2026-09-23T03:46:03.761308+00:00", "trace_id": null, "stage": "gate", "event": "finish", "duration_ms": 0.052, "candidates_in": 5, "candidates_out": 5, "top_score": 0.0559787849566056}
{"ts": "2026-09-23T03:46:03.761331+00:00", "trace_id": null, "stage": "embed_query", "event": "start", "model": "Qwen/Qwen3-Embedding-0.6B"}
{"ts": "2026-09-23T03:46:03.761373+00:00", "trace_id": null, "stage": "embed_query", "event": "finish", "duration_ms": 0.042, "model": "Qwen/Qwen3-Embedding-0.6B"}
{"ts": "2026-09-23T03:46:03.761388+00:00", "trace_id": null, "stage": "dense", "event": "start"}
{"ts": "2026-09-23T03:46:03.761512+00:00", "trace_id": null, "stage": "dense", "event": "finish", "duration_ms": 0.124, "candidates_out": 20}
{"ts": "2026-09-23T03:46:03.761528+00:00", "trace_id": null, "stage": "lexical", "event": "start"}
{"ts": "2026-09-23T03:46:03.761721+00:00", "trace_id": null, "stage": "lexical", "event": "finish", "duration_ms": 0.193, "candidates_out": 20}
{"ts": "2026-09-23T03:46:03.761744+00:00", "trace_id": null, "stage": "fuse", "event": "start", "candidates_in": 32}
{"ts": "2026-09-23T03:46:03.761809+00:00", "trace_id": null, "stage": "fuse", "event": "finish", "duration_ms": 0.065, "candidates_in": 32, "candidates_out": 22, "top_score": 0.03252247488101534}
{"ts": "2026-09-23T03:46:03.766795+00:00", "trace_id": null, "stage": "gate", "event": "start", "candidates_in": 5}
{"ts": "2026-09-23T03:46:03.766851+00:00", "trace_id": null, "stage": "gate", "event": "finish", "duration_ms": 0.056, "candidates_in": 5, "candidates_out": 5, "top_score": 0.08455843469063988}
{"ts": "2026-09-23T03:46:03.766876+00:00", "trace_id": null, "stage": "embed_query", "event": "start", "model": "Qwen/Qwen3-Embedding-0.6B"}
{"ts": "2026-09-23T03:46:03.766982+00:00", "trace_id": null, "stage": "embed_query", "event": "finish", "duration_ms": 0.106, "model": "Qwen/Qwen3-Embedding-0.6B"}
{"ts": "2026-09-23T03:46:03.766994+00:00", "trace_id": null, "stage": "dense", "event": "start"}
{"ts": "2026-09-23T03:46:03.767150+00:00", "trace_id": null, "stage": "dense", "event": "finish", "duration_ms": 0.155, "candidates_out": 20}
{"ts": "2026-09-23T03:46:03.767167+00:00", "trace_id": null, "stage": "lexical", "event": "start"}
{"ts": "2026-09-23T03:46:03.767418+00:00", "trace_id": null, "stage": "lexical", "event": "finish", "duration_ms": 0.252, "candidates_out": 20}
{"ts": "2026-09-23T03:46:03.767440+00:00", "trace_id": null, "stage": "fuse", "event": "start", "candidates_in": 29}
{"ts": "2026-09-23T03:46:03.767500+00:00", "trace_id": null, "stage": "fuse", "event": "finish", "duration_ms": 0.06, "candidates_in": 29, "candidates_out": 19, "top_score": 0.032266458495966696}
{"ts": "2026-09-23T03:46:03.770282+00:00", "trace_id": null, "stage": "gate", "event": "start", "candidates_in": 5}
{"ts": "2026-09-23T03:46:03.770330+00:00", "trace_id": null, "stage": "gate", "event": "finish", "duration_ms": 0.048, "candidates_in": 5, "candidates_out": 5, "top_score": 0.09283516483516482}
{"ts": "2026-09-23T03:46:03.770364+00:00", "trace_id": null, "stage": "embed_query", "event": "start", "model": "Qwen/Qwen3-Embedding-0.6B"}
{"ts": "2026-09-23T03:46:03.770401+00:00", "trace_id": null, "stage": "embed_query", "event": "finish", "duration_ms": 0.037, "model": "Qwen/Qwen3-Embedding-0.6B"}
{"ts": "2026-09-23T03:46:03.770417+00:00", "trace_id": null, "stage": "dense", "event": "start"}
{"ts": "2026-09-23T03:46:03.770565+00:00", "trace_id": null, "stage": "dense", "event": "finish", "duration_ms": 0.148, "candidates_out": 20}
{"ts": "2026-09-23T03:46:03.770582+00:00", "trace_id": null, "stage": "lexical", "event": "start"}
{"ts": "2026-09-23T03:46:03.770773+00:00", "trace_id": null, "stage": "lexical", "event": "finish", "duration_ms": 0.192, "candidates_out": 20}
{"ts": "2026-09-23T03:46:03.770795+00:00", "trace_id": null, "stage": "fuse", "event": "start", "candidates_in": 32}
{"ts": "2026-09-23T03:46:03.770842+00:00", "trace_id": null, "stage": "fuse", "event": "finish", "duration_ms": 0.047, "candidates_in": 32, "candidates_out": 18, "top_score": 0.03278688524590164}
{"ts": "2026-09-23T03:46:03.773122+00:00", "trace_id": null, "stage": "gate", "event": "start", "candidates_in": 5}
{"ts": "2026-09-23T03:46:03.773190+00:00", "trace_id": null, "stage": "gate", "event": "finish", "duration_ms": 0.069, "candidates_in": 5, "candidates_out": 5, "top_score": 0.14065573770491804}
{"ts": "2026-09-23T03:46:03.773219+00:00", "trace_id": null, "stage": "embed_query", "event": "start", "model": "Qwen/Qwen3-Embedding-0.6B"}
{"ts": "2026-09-23T03:46:03.773271+00:00", "trace_id": null, "stage": "embed_query", "event": "finish", "duration_ms": 0.052, "model": "Qwen/Qwen3-Embedding-0.6B"}
{"ts": "2026-09-23T03:46:03.773292+00:00", "trace_id": null, "stage": "dense", "event": "start"}
{"ts": "2026-09-23T03:46:03.773443+00:00", "trace_id": null, "stage": "dense", "event": "finish", "duration_ms": 0.152, "candidates_out": 20}
{"ts": "2026-09-23T03:46:03.773459+00:00", "trace_id": null, "stage": "lexical", "event": "start"}
{"ts": "2026-09-23T03:46:03.773698+00:00", "trace_id": null, "stage": "lexical", "event": "finish", "duration_ms": 0.238, "candidates_out": 20}
{"ts": "2026-09-23T03:46:03.773722+00:00", "trace_id": null, "stage": "fuse", "event": "start", "candidates_in": 33}
{"ts": "2026-09-23T03:46:03.773794+00:00", "trace_id": null, "stage": "fuse", "event": "finish", "duration_ms": 0.072, "candidates_in": 33, "candidates_out": 20, "top_score": 0.03278688524590164}
{"ts": "2026-09-23T03:46:03.778377+00:00", "trace_id": null, "stage": "gate", "event": "start", "candidates_in": 5}
{"ts": "2026-09-23T03:46:03.778433+00:00", "trace_id": null, "stage": "gate", "event": "finish", "duration_ms": 0.056, "candidates_in": 5, "candidates_out": 5, "top_score": 0.14065573770491804}
{"ts": "2026-09-23T03:46:03.778460+00:00", "trace_id": null, "stage": "embed_query", "event": "start", "model": "Qwen/Qwen3-Embedding-0.6B"}
{"ts": "2026-09-23T03:46:03.778502+00:00", "trace_id": null, "stage": "embed_query", "event": "finish", "duration_ms": 0.042, "model": "Qwen/Qwen3-Embedding-0.6B"}
{"ts": "2026-09-23T03:46:03.778515+00:00", "trace_id": null, "stage": "dense", "event": "start"}
{"ts": "2026-09-23T03:46:03.778640+00:00", "trace_id": null, "stage": "dense", "event": "finish", "duration_ms": 0.125, "candidates_out": 20}
{"ts": "2026-09-23T03:46:03.778656+00:00", "trace_id": null, "stage": "lexical", "event": "start"}
{"ts": "2026-09-23T03:46:03.778824+00:00", "trace_id": null, "stage": "lexical", "event": "finish", "duration_ms": 0.168, "candidates_out": 13}
{"ts": "2026-09-23T03:46:03.778845+00:00", "trace_id": null, "stage": "fuse", "event": "start", "candidates_in": 25}
{"ts": "2026-09-23T03:46:03.778898+00:00", "trace_id": null, "stage": "fuse", "event": "finish", "duration_ms": 0.053, "candidates_in": 25, "candidates_out": 19, "top_score": 0.03278688524590164}
{"ts": "2026-09-23T03:46:03.782596+00:00", "trace_id": null, "stage": "gate", "event": "start", "candidates_in": 5}
{"ts": "2026-09-23T03:46:03.782653+00:00", "trace_id": null, "stage": "gate", "event": "finish", "duration_ms": 0.057, "candidates_in": 5, "candidates_out": 5, "top_score": 0.05901639344262295}
{"ts": "2026-09-23T03:46:03.782675+00:00", "trace_id": null, "stage": "embed_query", "event": "start", "model": "Qwen/Qwen3-Embedding-0.6B"}
{"ts": "2026-09-23T03:46:03.782712+00:00", "trace_id": null, "stage": "embed_query", "event": "finish", "duration_ms": 0.037, "model": "Qwen/Qwen3-Embedding-0.6B"}
{"ts": "2026-09-23T03:46:03.782726+00:00", "trace_id": null, "stage": "dense", "event": "start"}
{"ts": "2026-09-23T03:46:03.782870+00:00", "trace_id": null, "stage": "dense", "event": "finish", "duration_ms": 0.144, "candidates_out": 20}
{"ts": "2026-09-23T03:46:03.782884+00:00", "trace_id": null, "stage": "lexical", "event": "start"}
{"ts": "2026-09-23T03:46:03.783095+00:00", "trace_id": null, "stage": "lexical", "event": "finish", "duration_ms": 0.21, "candidates_out": 20}
{"ts": "2026-09-23T03:46:03.783120+00:00", "trace_id": null, "stage": "fuse", "event": "start", "candidates_in": 32}
{"ts": "2026-09-23T03:46:03.783170+00:00", "trace_id": null, "stage": "fuse", "event": "finish", "duration_ms": 0.05, "candidates_in": 32, "candidates_out": 20, "top_score": 0.03278688524590164}
{"ts": "2026-09-23T03:46:03.786357+00:00", "trace_id": null, "stage": "gate", "event": "start", "candidates_in": 5}
{"ts": "2026-09-23T03:46:03.786409+00:00", "trace_id": null, "stage": "gate", "event": "finish", "duration_ms": 0.052, "candidates_in": 5, "candidates_out": 5, "top_score": 0.09737704918032787}
{"ts": "2026-09-23T03:46:03.786429+00:00", "trace_id": null, "stage": "embed_query", "event": "start", "model": "Qwen/Qwen3-Embedding-0.6B"}
{"ts": "2026-09-23T03:46:03.786464+00:00", "trace_id": null, "stage": "embed_query", "event": "finish", "duration_ms": 0.036, "model": "Qwen/Qwen3-Embedding-0.6B"}
{"ts": "2026-09-23T03:46:03.786475+00:00", "trace_id": null, "stage": "dense", "event": "start"}
{"ts": "2026-09-23T03:46:03.786604+00:00", "trace_id": null, "stage": "dense", "event": "finish", "duration_ms": 0.129, "candidates_out": 20}
{"ts": "2026-09-23T03:46:03.786621+00:00", "trace_id": null, "stage": "lexical", "event": "start"}
{"ts": "2026-09-23T03:46:03.786813+00:00", "trace_id": null, "stage": "lexical", "event": "finish", "duration_ms": 0.193, "candidates_out": 20}
{"ts": "2026-09-23T03:46:03.786836+00:00", "trace_id": null, "stage": "fuse", "event": "start", "candidates_in": 33}
{"ts": "2026-09-23T03:46:03.786886+00:00", "trace_id": null, "stage": "fuse", "event": "finish", "duration_ms": 0.05, "candidates_in": 33, "candidates_out": 22, "top_score": 0.03278688524590164}
{"ts": "2026-09-23T03:46:03.790448+00:00", "trace_id": null, "stage": "gate", "event": "start", "candidates_in": 5}
{"ts": "2026-09-23T03:46:03.790522+00:00", "trace_id": null, "stage": "gate", "event": "finish", "duration_ms": 0.076, "candidates_in": 5, "candidates_out": 5, "top_score": 0.05901639344262295}
{"ts": "2026-09-23T03:46:03.790546+00:00", "trace_id": null, "stage": "embed_query", "event": "start", "model": "Qwen/Qwen3-Embedding-0.6B"}
{"ts": "2026-09-23T03:46:03.790583+00:00", "trace_id": null, "stage": "embed_query", "event": "finish", "duration_ms": 0.037, "model": "Qwen/Qwen3-Embedding-0.6B"}
{"ts": "2026-09-23T03:46:03.790595+00:00", "trace_id": null, "stage": "dense", "event": "start"}
{"ts": "2026-09-23T03:46:03.790768+00:00", "trace_id": null, "stage": "dense", "event": "finish", "duration_ms": 0.172, "candidates_out": 20}
{"ts": "2026-09-23T03:46:03.790784+00:00", "trace_id": null, "stage": "lexical", "event": "start"}
{"ts": "2026-09-23T03:46:03.791005+00:00", "trace_id": null, "stage": "lexical", "event": "finish", "duration_ms": 0.221, "candidates_out": 20}
{"ts": "2026-09-23T03:46:03.791026+00:00", "trace_id": null, "stage": "fuse", "event": "start", "candidates_in": 35}
{"ts": "2026-09-23T03:46:03.791079+00:00", "trace_id": null, "stage": "fuse", "event": "finish", "duration_ms": 0.053, "candidates_in": 35, "candidates_out": 22, "top_score": 0.032266458495966696}
{"ts": "2026-09-23T03:46:03.793154+00:00", "trace_id": null, "stage": "gate", "event": "start", "candidates_in": 5}
{"ts": "2026-09-23T03:46:03.793203+00:00", "trace_id": null, "stage": "gate", "event": "finish", "duration_ms": 0.049, "candidates_in": 5, "candidates_out": 5, "top_score": 0.09583138173302108}
{"ts": "2026-09-23T03:46:03.793223+00:00", "trace_id": null, "stage": "embed_query", "event": "start", "model": "Qwen/Qwen3-Embedding-0.6B"}
{"ts": "2026-09-23T03:46:03.793261+00:00", "trace_id": null, "stage": "embed_query", "event": "finish", "duration_ms": 0.038, "model": "Qwen/Qwen3-Embedding-0.6B"}
{"ts": "2026-09-23T03:46:03.793275+00:00", "trace_id": null, "stage": "dense", "event": "start"}
{"ts": "2026-09-23T03:46:03.793405+00:00", "trace_id": null, "stage": "dense", "event": "finish", "duration_ms": 0.13, "candidates_out": 20}
{"ts": "2026-09-23T03:46:03.793422+00:00", "trace_id": null, "stage": "lexical", "event": "start"}
{"ts": "2026-09-23T03:46:03.793631+00:00", "trace_id": null, "stage": "lexical", "event": "finish", "duration_ms": 0.21, "candidates_out": 20}
{"ts": "2026-09-23T03:46:03.793654+00:00", "trace_id": null, "stage": "fuse", "event": "start", "candidates_in": 36}
{"ts": "2026-09-23T03:46:03.793713+00:00", "trace_id": null, "stage": "fuse", "event": "finish", "duration_ms": 0.059, "candidates_in": 36, "candidates_out": 25, "top_score": 0.03252247488101534}
{"ts": "2026-09-23T03:46:03.798658+00:00", "trace_id": null, "stage": "gate", "event": "start", "candidates_in": 5}
{"ts": "2026-09-23T03:46:03.798725+00:00", "trace_id": null, "stage": "gate", "event": "finish", "duration_ms": 0.067, "candidates_in": 5, "candidates_out": 5, "top_score": 0.05854045478582761}
{"ts": "2026-09-23T03:46:03.798751+00:00", "trace_id": null, "stage": "embed_query", "event": "start", "model": "Qwen/Qwen3-Embedding-0.6B"}
{"ts": "2026-09-23T03:46:03.798786+00:00", "trace_id": null, "stage": "embed_query", "event": "finish", "duration_ms": 0.035, "model": "Qwen/Qwen3-Embedding-0.6B"}
{"ts": "2026-09-23T03:46:03.798802+00:00", "trace_id": null, "stage": "dense", "event": "start"}
{"ts": "2026-09-23T03:46:03.798967+00:00", "trace_id": null, "stage": "dense", "event": "finish", "duration_ms": 0.165, "candidates_out": 20}
{"ts": "2026-09-23T03:46:03.798981+00:00", "trace_id": null, "stage": "lexical", "event": "start"}
{"ts": "2026-09-23T03:46:03.799180+00:00", "trace_id": null, "stage": "lexical", "event": "finish", "duration_ms": 0.199, "candidates_out": 20}
{"ts": "2026-09-23T03:46:03.799203+00:00", "trace_id": null, "stage": "fuse", "event": "start", "candidates_in": 32}
{"ts": "2026-09-23T03:46:03.799268+00:00", "trace_id": null, "stage": "fuse", "event": "finish", "duration_ms": 0.065, "candidates_in": 32, "candidates_out": 22, "top_score": 0.03278688524590164}
{"ts": "2026-09-23T03:46:03.802561+00:00", "trace_id": null, "stage": "gate", "event": "start", "candidates_in": 5}
{"ts": "2026-09-23T03:46:03.802611+00:00", "trace_id": null, "stage": "gate", "event": "finish", "duration_ms": 0.05, "candidates_in": 5, "candidates_out": 5, "top_score": 0.09737704918032787}
{"ts": "2026-09-23T03:46:03.802631+00:00", "trace_id": null, "stage": "embed_query", "event": "start", "model": "Qwen/Qwen3-Embedding-0.6B"}
{"ts": "2026-09-23T03:46:03.802668+00:00", "trace_id": null, "stage": "embed_query", "event": "finish", "duration_ms": 0.038, "model": "Qwen/Qwen3-Embedding-0.6B"}
{"ts": "2026-09-23T03:46:03.802682+00:00", "trace_id": null, "stage": "dense", "event": "start"}
{"ts": "2026-09-23T03:46:03.802827+00:00", "trace_id": null, "stage": "dense", "event": "finish", "duration_ms": 0.144, "candidates_out": 20}
{"ts": "2026-09-23T03:46:03.802841+00:00", "trace_id": null, "stage": "lexical", "event": "start"}
{"ts": "2026-09-23T03:46:03.803052+00:00", "trace_id": null, "stage": "lexical", "event": "finish", "duration_ms": 0.21, "candidates_out": 20}
{"ts": "2026-09-23T03:46:03.803074+00:00", "trace_id": null, "stage": "fuse", "event": "start", "candidates_in": 32}
{"ts": "2026-09-23T03:46:03.803133+00:00", "trace_id": null, "stage": "fuse", "event": "finish", "duration_ms": 0.059, "candidates_in": 32, "candidates_out": 22, "top_score": 0.03252247488101534}
{"ts": "2026-09-23T03:46:03.807372+00:00", "trace_id": null, "stage": "gate", "event": "start", "candidates_in": 5}
{"ts": "2026-09-23T03:46:03.807432+00:00", "trace_id": null, "stage": "gate", "event": "finish", "duration_ms": 0.061, "candidates_in": 5, "candidates_out": 5, "top_score": 0.09659175039661555}
{"ts": "2026-09-23T03:46:03.807451+00:00", "trace_id": null, "stage": "embed_query", "event": "start", "model": "Qwen/Qwen3-Embedding-0.6B"}
{"ts": "2026-09-23T03:46:03.807504+00:00", "trace_id": null, "stage": "embed_query", "event": "finish", "duration_ms": 0.052, "model": "Qwen/Qwen3-Embedding-0.6B"}
{"ts": "2026-09-23T03:46:03.807523+00:00", "trace_id": null, "stage": "dense", "event": "start"}
{"ts": "2026-09-23T03:46:03.807664+00:00", "trace_id": null, "stage": "dense", "event": "finish", "duration_ms": 0.141, "candidates_out": 20}
{"ts": "2026-09-23T03:46:03.807683+00:00", "trace_id": null, "stage": "lexical", "event": "start"}
{"ts": "2026-09-23T03:46:03.807893+00:00", "trace_id": null, "stage": "lexical", "event": "finish", "duration_ms": 0.211, "candidates_out": 20}
{"ts": "2026-09-23T03:46:03.807913+00:00", "trace_id": null, "stage": "fuse", "event": "start", "candidates_in": 23}
{"ts": "2026-09-23T03:46:03.807969+00:00", "trace_id": null, "stage": "fuse", "event": "finish", "duration_ms": 0.056, "candidates_in": 23, "candidates_out": 18, "top_score": 0.032266458495966696}
{"ts": "2026-09-23T03:46:03.811230+00:00", "trace_id": null, "stage": "gate", "event": "start", "candidates_in": 5}
{"ts": "2026-09-23T03:46:03.811300+00:00", "trace_id": null, "stage": "gate", "event": "finish", "duration_ms": 0.071, "candidates_in": 5, "candidates_out": 5, "top_score": 0.05239415322580645}
{"ts": "2026-09-23T03:46:03.811331+00:00", "trace_id": null, "stage": "embed_query", "event": "start", "model": "Qwen/Qwen3-Embedding-0.6B"}
{"ts": "2026-09-23T03:46:03.811370+00:00", "trace_id": null, "stage": "embed_query", "event": "finish", "duration_ms": 0.038, "model": "Qwen/Qwen3-Embedding-0.6B"}
{"ts": "2026-09-23T03:46:03.811386+00:00", "trace_id": null, "stage": "dense", "event": "start"}
{"ts": "2026-09-23T03:46:03.811538+00:00", "trace_id": null, "stage": "dense", "event": "finish", "duration_ms": 0.152, "candidates_out": 20}
{"ts": "2026-09-23T03:46:03.811553+00:00", "trace_id": null, "stage": "lexical", "event": "start"}
{"ts": "2026-09-23T03:46:03.811779+00:00", "trace_id": null, "stage": "lexical", "event": "finish", "duration_ms": 0.226, "candidates_out": 20}
{"ts": "2026-09-23T03:46:03.811800+00:00", "trace_id": null, "stage": "fuse", "event": "start", "candidates_in": 31}
{"ts": "2026-09-23T03:46:03.811873+00:00", "trace_id": null, "stage": "fuse", "event": "finish", "duration_ms": 0.073, "candidates_in": 31, "candidates_out": 22, "top_score": 0.03177805800756621}
{"ts": "2026-09-23T03:46:03.816221+00:00", "trace_id": null, "stage": "gate", "event": "start", "candidates_in": 5}
{"ts": "2026-09-23T03:46:03.816293+00:00", "trace_id": null, "stage": "gate", "event": "finish", "duration_ms": 0.073, "candidates_in": 5, "candidates_out": 5, "top_score": 0.03177805800756621}
{"ts": "2026-09-23T03:46:03.816316+00:00", "trace_id": null, "stage": "embed_query", "event": "start", "model": "Qwen/Qwen3-Embedding-0.6B"}
{"ts": "2026-09-23T03:46:03.816357+00:00", "trace_id": null, "stage": "embed_query", "event": "finish", "duration_ms": 0.041, "model": "Qwen/Qwen3-Embedding-0.6B"}
{"ts": "2026-09-23T03:46:03.816368+00:00", "trace_id": null, "stage": "dense", "event": "start"}
{"ts": "2026-09-23T03:46:03.816517+00:00", "trace_id": null, "stage": "dense", "event": "finish", "duration_ms": 0.148, "candidates_out": 20}
{"ts": "2026-09-23T03:46:03.816536+00:00", "trace_id": null, "stage": "lexical", "event": "start"}
{"ts": "2026-09-23T03:46:03.816776+00:00", "trace_id": null, "stage": "lexical", "event": "finish", "duration_ms": 0.24, "candidates_out": 20}
{"ts": "2026-09-23T03:46:03.816799+00:00", "trace_id": null, "stage": "fuse", "event": "start", "candidates_in": 34}
{"ts": "2026-09-23T03:46:03.816856+00:00", "trace_id": null, "stage": "fuse", "event": "finish", "duration_ms": 0.057, "candidates_in": 34, "candidates_out": 24, "top_score": 0.03252247488101534}
{"ts": "2026-09-23T03:46:03.821605+00:00", "trace_id": null, "stage": "gate", "event": "start", "candidates_in": 5}
{"ts": "2026-09-23T03:46:03.821689+00:00", "trace_id": null, "stage": "gate", "event": "finish", "duration_ms": 0.078, "candidates_in": 5, "candidates_out": 5, "top_score": 0.053662083553675306}
{"ts": "2026-09-23T03:46:03.821714+00:00", "trace_id": null, "stage": "embed_query", "event": "start", "model": "Qwen/Qwen3-Embedding-0.6B"}
{"ts": "2026-09-23T03:46:03.821846+00:00", "trace_id": null, "stage": "embed_query", "event": "finish", "duration_ms": 0.128, "model": "Qwen/Qwen3-Embedding-0.6B"}
{"ts": "2026-09-23T03:46:03.821904+00:00", "trace_id": null, "stage": "dense", "event": "start"}
{"ts": "2026-09-23T03:46:03.822192+00:00", "trace_id": null, "stage": "dense", "event": "finish", "duration_ms": 0.289, "candidates_out": 20}
{"ts": "2026-09-23T03:46:03.822210+00:00", "trace_id": null, "stage": "lexical", "event": "start"}
{"ts": "2026-09-23T03:46:03.822430+00:00", "trace_id": null, "stage": "lexical", "event": "finish", "duration_ms": 0.219, "candidates_out": 20}
{"ts": "2026-09-23T03:46:03.822454+00:00", "trace_id": null, "stage": "fuse", "event": "start", "candidates_in": 32}
{"ts": "2026-09-23T03:46:03.822511+00:00", "trace_id": null, "stage": "fuse", "event": "finish", "duration_ms": 0.057, "candidates_in": 32, "candidates_out": 25, "top_score": 0.03252247488101534}
{"ts": "2026-09-23T03:46:03.827104+00:00", "trace_id": null, "stage": "gate", "event": "start", "candidates_in": 5}
{"ts": "2026-09-23T03:46:03.827171+00:00", "trace_id": null, "stage": "gate", "event": "finish", "duration_ms": 0.069, "candidates_in": 5, "candidates_out": 5, "top_score": 0.05854045478582761}
{"ts": "2026-09-23T03:46:03.827198+00:00", "trace_id": null, "stage": "embed_query", "event": "start", "model": "Qwen/Qwen3-Embedding-0.6B"}
{"ts": "2026-09-23T03:46:03.827234+00:00", "trace_id": null, "stage": "embed_query", "event": "finish", "duration_ms": 0.036, "model": "Qwen/Qwen3-Embedding-0.6B"}
{"ts": "2026-09-23T03:46:03.827245+00:00", "trace_id": null, "stage": "dense", "event": "start"}
{"ts": "2026-09-23T03:46:03.827399+00:00", "trace_id": null, "stage": "dense", "event": "finish", "duration_ms": 0.153, "candidates_out": 20}
{"ts": "2026-09-23T03:46:03.827414+00:00", "trace_id": null, "stage": "lexical", "event": "start"}
{"ts": "2026-09-23T03:46:03.827679+00:00", "trace_id": null, "stage": "lexical", "event": "finish", "duration_ms": 0.265, "candidates_out": 20}
{"ts": "2026-09-23T03:46:03.827702+00:00", "trace_id": null, "stage": "fuse", "event": "start", "candidates_in": 30}
{"ts": "2026-09-23T03:46:03.827767+00:00", "trace_id": null, "stage": "fuse", "event": "finish", "duration_ms": 0.065, "candidates_in": 30, "candidates_out": 20, "top_score": 0.03252247488101534}
{"ts": "2026-09-23T03:46:03.830889+00:00", "trace_id": null, "stage": "gate", "event": "start", "candidates_in": 5}
{"ts": "2026-09-23T03:46:03.830942+00:00", "trace_id": null, "stage": "gate", "event": "finish", "duration_ms": 0.053, "candidates_in": 5, "candidates_out": 5, "top_score": 0.12808823529411764}
{"ts": "2026-09-23T03:46:03.830964+00:00", "trace_id": null, "stage": "embed_query", "event": "start", "model": "Qwen/Qwen3-Embedding-0.6B"}
{"ts": "2026-09-23T03:46:03.831012+00:00", "trace_id": null, "stage": "embed_query", "event": "finish", "duration_ms": 0.048, "model": "Qwen/Qwen3-Embedding-0.6B"}
{"ts": "2026-09-23T03:46:03.831027+00:00", "trace_id": null, "stage": "dense", "event": "start"}
{"ts": "2026-09-23T03:46:03.831176+00:00", "trace_id": null, "stage": "dense", "event": "finish", "duration_ms": 0.149, "candidates_out": 20}
{"ts": "2026-09-23T03:46:03.831194+00:00", "trace_id": null, "stage": "lexical", "event": "start"}
{"ts": "2026-09-23T03:46:03.831538+00:00", "trace_id": null, "stage": "lexical", "event": "finish", "duration_ms": 0.345, "candidates_out": 20}
{"ts": "2026-09-23T03:46:03.831559+00:00", "trace_id": null, "stage": "fuse", "event": "start", "candidates_in": 30}
{"ts": "2026-09-23T03:46:03.831640+00:00", "trace_id": null, "stage": "fuse", "event": "finish", "duration_ms": 0.08, "candidates_in": 30, "candidates_out": 21, "top_score": 0.03131881575727918}
{"ts": "2026-09-23T03:46:03.835639+00:00", "trace_id": null, "stage": "gate", "event": "start", "candidates_in": 5}
{"ts": "2026-09-23T03:46:03.835692+00:00", "trace_id": null, "stage": "gate", "event": "finish", "duration_ms": 0.053, "candidates_in": 5, "candidates_out": 5, "top_score": 0.08142892096892586}
{"ts": "2026-09-23T03:46:03.835715+00:00", "trace_id": null, "stage": "embed_query", "event": "start", "model": "Qwen/Qwen3-Embedding-0.6B"}
{"ts": "2026-09-23T03:46:03.835754+00:00", "trace_id": null, "stage": "embed_query", "event": "finish", "duration_ms": 0.039, "model": "Qwen/Qwen3-Embedding-0.6B"}
{"ts": "2026-09-23T03:46:03.835773+00:00", "trace_id": null, "stage": "dense", "event": "start"}
{"ts": "2026-09-23T03:46:03.835916+00:00", "trace_id": null, "stage": "dense", "event": "finish", "duration_ms": 0.144, "candidates_out": 20}
{"ts": "2026-09-23T03:46:03.835932+00:00", "trace_id": null, "stage": "lexical", "event": "start"}
{"ts": "2026-09-23T03:46:03.836143+00:00", "trace_id": null, "stage": "lexical", "event": "finish", "duration_ms": 0.211, "candidates_out": 20}
{"ts": "2026-09-23T03:46:03.836164+00:00", "trace_id": null, "stage": "fuse", "event": "start", "candidates_in": 30}
{"ts": "2026-09-23T03:46:03.836217+00:00", "trace_id": null, "stage": "fuse", "event": "finish", "duration_ms": 0.053, "candidates_in": 30, "candidates_out": 24, "top_score": 0.03278688524590164}
{"ts": "2026-09-23T03:46:03.840520+00:00", "trace_id": null, "stage": "gate", "event": "start", "candidates_in": 5}
{"ts": "2026-09-23T03:46:03.840594+00:00", "trace_id": null, "stage": "gate", "event": "finish", "duration_ms": 0.074, "candidates_in": 5, "candidates_out": 5, "top_score": 0.05901639344262295}
{"ts": "2026-09-23T03:46:03.840625+00:00", "trace_id": null, "stage": "embed_query", "event": "start", "model": "Qwen/Qwen3-Embedding-0.6B"}
{"ts": "2026-09-23T03:46:03.840663+00:00", "trace_id": null, "stage": "embed_query", "event": "finish", "duration_ms": 0.038, "model": "Qwen/Qwen3-Embedding-0.6B"}
{"ts": "2026-09-23T03:46:03.840674+00:00", "trace_id": null, "stage": "dense", "event": "start"}
{"ts": "2026-09-23T03:46:03.840827+00:00", "trace_id": null, "stage": "dense", "event": "finish", "duration_ms": 0.153, "candidates_out": 20}
{"ts": "2026-09-23T03:46:03.840844+00:00", "trace_id": null, "stage": "lexical", "event": "start"}
{"ts": "2026-09-23T03:46:03.841081+00:00", "trace_id": null, "stage": "lexical", "event": "finish", "duration_ms": 0.237, "candidates_out": 19}
{"ts": "2026-09-23T03:46:03.841106+00:00", "trace_id": null, "stage": "fuse", "event": "start", "candidates_in": 33}
{"ts": "2026-09-23T03:46:03.841164+00:00", "trace_id": null, "stage": "fuse", "event": "finish", "duration_ms": 0.058, "candidates_in": 33, "candidates_out": 29, "top_score": 0.03278688524590164}
{"ts": "2026-09-23T03:46:03.849455+00:00", "trace_id": null, "stage": "gate", "event": "start", "candidates_in": 5}
{"ts": "2026-09-23T03:46:03.849511+00:00", "trace_id": null, "stage": "gate", "event": "finish", "duration_ms": 0.055, "candidates_in": 5, "candidates_out": 5, "top_score": 0.11147540983606559}
{"ts": "2026-09-23T03:46:03.849535+00:00", "trace_id": null, "stage": "embed_query", "event": "start", "model": "Qwen/Qwen3-Embedding-0.6B"}
{"ts": "2026-09-23T03:46:03.849589+00:00", "trace_id": null, "stage": "embed_query", "event": "finish", "duration_ms": 0.053, "model": "Qwen/Qwen3-Embedding-0.6B"}
{"ts": "2026-09-23T03:46:03.849602+00:00", "trace_id": null, "stage": "dense", "event": "start"}
{"ts": "2026-09-23T03:46:03.849734+00:00", "trace_id": null, "stage": "dense", "event": "finish", "duration_ms": 0.132, "candidates_out": 20}
{"ts": "2026-09-23T03:46:03.849747+00:00", "trace_id": null, "stage": "lexical", "event": "start"}
{"ts": "2026-09-23T03:46:03.849975+00:00", "trace_id": null, "stage": "lexical", "event": "finish", "duration_ms": 0.229, "candidates_out": 20}
{"ts": "2026-09-23T03:46:03.850003+00:00", "trace_id": null, "stage": "fuse", "event": "start", "candidates_in": 34}
{"ts": "2026-09-23T03:46:03.850057+00:00", "trace_id": null, "stage": "fuse", "event": "finish", "duration_ms": 0.054, "candidates_in": 34, "candidates_out": 25, "top_score": 0.032266458495966696}
{"ts": "2026-09-23T03:46:03.855415+00:00", "trace_id": null, "stage": "gate", "event": "start", "candidates_in": 5}
{"ts": "2026-09-23T03:46:03.855470+00:00", "trace_id": null, "stage": "gate", "event": "finish", "duration_ms": 0.056, "candidates_in": 5, "candidates_out": 5, "top_score": 0.032266458495966696}
{"ts": "2026-09-23T03:46:03.855495+00:00", "trace_id": null, "stage": "embed_query", "event": "start", "model": "Qwen/Qwen3-Embedding-0.6B"}
{"ts": "2026-09-23T03:46:03.855537+00:00", "trace_id": null, "stage": "embed_query", "event": "finish", "duration_ms": 0.042, "model": "Qwen/Qwen3-Embedding-0.6B"}
{"ts": "2026-09-23T03:46:03.855553+00:00", "trace_id": null, "stage": "dense", "event": "start"}
{"ts": "2026-09-23T03:46:03.855683+00:00", "trace_id": null, "stage": "dense", "event": "finish", "duration_ms": 0.13, "candidates_out": 20}
{"ts": "2026-09-23T03:46:03.855698+00:00", "trace_id": null, "stage": "lexical", "event": "start"}
{"ts": "2026-09-23T03:46:03.855946+00:00", "trace_id": null, "stage": "lexical", "event": "finish", "duration_ms": 0.248, "candidates_out": 20}
{"ts": "2026-09-23T03:46:03.855973+00:00", "trace_id": null, "stage": "fuse", "event": "start", "candidates_in": 33}
{"ts": "2026-09-23T03:46:03.856040+00:00", "trace_id": null, "stage": "fuse", "event": "finish", "duration_ms": 0.068, "candidates_in": 33, "candidates_out": 23, "top_score": 0.03252247488101534}
{"ts": "2026-09-23T03:46:03.861603+00:00", "trace_id": null, "stage": "gate", "event": "start", "candidates_in": 5}
{"ts": "2026-09-23T03:46:03.861656+00:00", "trace_id": null, "stage": "gate", "event": "finish", "duration_ms": 0.053, "candidates_in": 5, "candidates_out": 5, "top_score": 0.05854045478582761}
{"ts": "2026-09-23T03:46:03.861676+00:00", "trace_id": null, "stage": "embed_query", "event": "start", "model": "Qwen/Qwen3-Embedding-0.6B"}
{"ts": "2026-09-23T03:46:03.861735+00:00", "trace_id": null, "stage": "embed_query", "event": "finish", "duration_ms": 0.059, "model": "Qwen/Qwen3-Embedding-0.6B"}
{"ts": "2026-09-23T03:46:03.861752+00:00", "trace_id": null, "stage": "dense", "event": "start"}
{"ts": "2026-09-23T03:46:03.861878+00:00", "trace_id": null, "stage": "dense", "event": "finish", "duration_ms": 0.126, "candidates_out": 20}
{"ts": "2026-09-23T03:46:03.861892+00:00", "trace_id": null, "stage": "lexical", "event": "start"}
{"ts": "2026-09-23T03:46:03.862119+00:00", "trace_id": null, "stage": "lexical", "event": "finish", "duration_ms": 0.227, "candidates_out": 20}
{"ts": "2026-09-23T03:46:03.862144+00:00", "trace_id": null, "stage": "fuse", "event": "start", "candidates_in": 31}
{"ts": "2026-09-23T03:46:03.862200+00:00", "trace_id": null, "stage": "fuse", "event": "finish", "duration_ms": 0.057, "candidates_in": 31, "candidates_out": 18, "top_score": 0.03278688524590164}
{"ts": "2026-09-23T03:46:03.865244+00:00", "trace_id": null, "stage": "gate", "event": "start", "candidates_in": 5}
{"ts": "2026-09-23T03:46:03.865300+00:00", "trace_id": null, "stage": "gate", "event": "finish", "duration_ms": 0.055, "candidates_in": 5, "candidates_out": 5, "top_score": 0.05901639344262295}
{"ts": "2026-09-23T03:46:03.865324+00:00", "trace_id": null, "stage": "embed_query", "event": "start", "model": "Qwen/Qwen3-Embedding-0.6B"}
{"ts": "2026-09-23T03:46:03.865364+00:00", "trace_id": null, "stage": "embed_query", "event": "finish", "duration_ms": 0.04, "model": "Qwen/Qwen3-Embedding-0.6B"}
{"ts": "2026-09-23T03:46:03.865378+00:00", "trace_id": null, "stage": "dense", "event": "start"}
{"ts": "2026-09-23T03:46:03.865538+00:00", "trace_id": null, "stage": "dense", "event": "finish", "duration_ms": 0.161, "candidates_out": 20}
{"ts": "2026-09-23T03:46:03.865552+00:00", "trace_id": null, "stage": "lexical", "event": "start"}
{"ts": "2026-09-23T03:46:03.865789+00:00", "trace_id": null, "stage": "lexical", "event": "finish", "duration_ms": 0.237, "candidates_out": 20}
{"ts": "2026-09-23T03:46:03.865813+00:00", "trace_id": null, "stage": "fuse", "event": "start", "candidates_in": 28}
{"ts": "2026-09-23T03:46:03.865888+00:00", "trace_id": null, "stage": "fuse", "event": "finish", "duration_ms": 0.075, "candidates_in": 28, "candidates_out": 19, "top_score": 0.03278688524590164}
{"ts": "2026-09-23T03:46:03.870567+00:00", "trace_id": null, "stage": "gate", "event": "start", "candidates_in": 5}
{"ts": "2026-09-23T03:46:03.870620+00:00", "trace_id": null, "stage": "gate", "event": "finish", "duration_ms": 0.054, "candidates_in": 5, "candidates_out": 5, "top_score": 0.04545608108108108}
{"ts": "2026-09-23T03:46:03.870646+00:00", "trace_id": null, "stage": "embed_query", "event": "start", "model": "Qwen/Qwen3-Embedding-0.6B"}
{"ts": "2026-09-23T03:46:03.870695+00:00", "trace_id": null, "stage": "embed_query", "event": "finish", "duration_ms": 0.049, "model": "Qwen/Qwen3-Embedding-0.6B"}
{"ts": "2026-09-23T03:46:03.870710+00:00", "trace_id": null, "stage": "dense", "event": "start"}
{"ts": "2026-09-23T03:46:03.870828+00:00", "trace_id": null, "stage": "dense", "event": "finish", "duration_ms": 0.118, "candidates_out": 20}
{"ts": "2026-09-23T03:46:03.870843+00:00", "trace_id": null, "stage": "lexical", "event": "start"}
{"ts": "2026-09-23T03:46:03.871086+00:00", "trace_id": null, "stage": "lexical", "event": "finish", "duration_ms": 0.243, "candidates_out": 20}
{"ts": "2026-09-23T03:46:03.871110+00:00", "trace_id": null, "stage": "fuse", "event": "start", "candidates_in": 34}
{"ts": "2026-09-23T03:46:03.871164+00:00", "trace_id": null, "stage": "fuse", "event": "finish", "duration_ms": 0.054, "candidates_in": 34, "candidates_out": 23, "top_score": 0.032266458495966696}
{"ts": "2026-09-23T03:46:03.878814+00:00", "trace_id": null, "stage": "gate", "event": "start", "candidates_in": 5}
{"ts": "2026-09-23T03:46:03.878935+00:00", "trace_id": null, "stage": "gate", "event": "finish", "duration_ms": 0.122, "candidates_in": 5, "candidates_out": 5, "top_score": 0.055119214586255266}
{"ts": "2026-09-23T03:46:03.878961+00:00", "trace_id": null, "stage": "embed_query", "event": "start", "model": "Qwen/Qwen3-Embedding-0.6B"}
{"ts": "2026-09-23T03:46:03.878999+00:00", "trace_id": null, "stage": "embed_query", "event": "finish", "duration_ms": 0.038, "model": "Qwen/Qwen3-Embedding-0.6B"}
{"ts": "2026-09-23T03:46:03.879013+00:00", "trace_id": null, "stage": "dense", "event": "start"}
{"ts": "2026-09-23T03:46:03.879171+00:00", "trace_id": null, "stage": "dense", "event": "finish", "duration_ms": 0.158, "candidates_out": 20}
{"ts": "2026-09-23T03:46:03.879187+00:00", "trace_id": null, "stage": "lexical", "event": "start"}
{"ts": "2026-09-23T03:46:03.879492+00:00", "trace_id": null, "stage": "lexical", "event": "finish", "duration_ms": 0.305, "candidates_out": 20}
{"ts": "2026-09-23T03:46:03.879513+00:00", "trace_id": null, "stage": "fuse", "event": "start", "candidates_in": 30}
{"ts": "2026-09-23T03:46:03.879585+00:00", "trace_id": null, "stage": "fuse", "event": "finish", "duration_ms": 0.072, "candidates_in": 30, "candidates_out": 21, "top_score": 0.03252247488101534}
{"ts": "2026-09-23T03:46:03.884382+00:00", "trace_id": null, "stage": "gate", "event": "start", "candidates_in": 5}
{"ts": "2026-09-23T03:46:03.884440+00:00", "trace_id": null, "stage": "gate", "event": "finish", "duration_ms": 0.058, "candidates_in": 5, "candidates_out": 5, "top_score": 0.08455843469063988}
{"ts": "2026-09-23T03:46:03.884466+00:00", "trace_id": null, "stage": "embed_query", "event": "start", "model": "Qwen/Qwen3-Embedding-0.6B"}
{"ts": "2026-09-23T03:46:03.884519+00:00", "trace_id": null, "stage": "embed_query", "event": "finish", "duration_ms": 0.053, "model": "Qwen/Qwen3-Embedding-0.6B"}
{"ts": "2026-09-23T03:46:03.884537+00:00", "trace_id": null, "stage": "dense", "event": "start"}
{"ts": "2026-09-23T03:46:03.884670+00:00", "trace_id": null, "stage": "dense", "event": "finish", "duration_ms": 0.134, "candidates_out": 20}
{"ts": "2026-09-23T03:46:03.884684+00:00", "trace_id": null, "stage": "lexical", "event": "start"}
{"ts": "2026-09-23T03:46:03.884943+00:00", "trace_id": null, "stage": "lexical", "event": "finish", "duration_ms": 0.259, "candidates_out": 20}
{"ts": "2026-09-23T03:46:03.884964+00:00", "trace_id": null, "stage": "fuse", "event": "start", "candidates_in": 32}
{"ts": "2026-09-23T03:46:03.885022+00:00", "trace_id": null, "stage": "fuse", "event": "finish", "duration_ms": 0.058, "candidates_in": 32, "candidates_out": 22, "top_score": 0.03278688524590164}
{"ts": "2026-09-23T03:46:03.891106+00:00", "trace_id": null, "stage": "gate", "event": "start", "candidates_in": 5}
{"ts": "2026-09-23T03:46:03.891177+00:00", "trace_id": null, "stage": "gate", "event": "finish", "duration_ms": 0.071, "candidates_in": 5, "candidates_out": 5, "top_score": 0.09737704918032787}
{"ts": "2026-09-23T03:46:03.891201+00:00", "trace_id": null, "stage": "embed_query", "event": "start", "model": "Qwen/Qwen3-Embedding-0.6B"}
{"ts": "2026-09-23T03:46:03.891256+00:00", "trace_id": null, "stage": "embed_query", "event": "finish", "duration_ms": 0.054, "model": "Qwen/Qwen3-Embedding-0.6B"}
{"ts": "2026-09-23T03:46:03.891277+00:00", "trace_id": null, "stage": "dense", "event": "start"}
{"ts": "2026-09-23T03:46:03.891413+00:00", "trace_id": null, "stage": "dense", "event": "finish", "duration_ms": 0.136, "candidates_out": 20}
{"ts": "2026-09-23T03:46:03.891429+00:00", "trace_id": null, "stage": "lexical", "event": "start"}
{"ts": "2026-09-23T03:46:03.891701+00:00", "trace_id": null, "stage": "lexical", "event": "finish", "duration_ms": 0.272, "candidates_out": 20}
{"ts": "2026-09-23T03:46:03.891727+00:00", "trace_id": null, "stage": "fuse", "event": "start", "candidates_in": 33}
{"ts": "2026-09-23T03:46:03.891794+00:00", "trace_id": null, "stage": "fuse", "event": "finish", "duration_ms": 0.067, "candidates_in": 33, "candidates_out": 23, "top_score": 0.03278688524590164}
{"ts": "2026-09-23T03:46:03.897510+00:00", "trace_id": null, "stage": "gate", "event": "start", "candidates_in": 5}
{"ts": "2026-09-23T03:46:03.897563+00:00", "trace_id": null, "stage": "gate", "event": "finish", "duration_ms": 0.053, "candidates_in": 5, "candidates_out": 5, "top_score": 0.16229508196721312}
{"ts": "2026-09-23T03:46:03.897595+00:00", "trace_id": null, "stage": "embed_query", "event": "start", "model": "Qwen/Qwen3-Embedding-0.6B"}
{"ts": "2026-09-23T03:46:03.897631+00:00", "trace_id": null, "stage": "embed_query", "event": "finish", "duration_ms": 0.036, "model": "Qwen/Qwen3-Embedding-0.6B"}
{"ts": "2026-09-23T03:46:03.897649+00:00", "trace_id": null, "stage": "dense", "event": "start"}
{"ts": "2026-09-23T03:46:03.897837+00:00", "trace_id": null, "stage": "dense", "event": "finish", "duration_ms": 0.188, "candidates_out": 20}
{"ts": "2026-09-23T03:46:03.897855+00:00", "trace_id": null, "stage": "lexical", "event": "start"}
{"ts": "2026-09-23T03:46:03.898120+00:00", "trace_id": null, "stage": "lexical", "event": "finish", "duration_ms": 0.265, "candidates_out": 20}
{"ts": "2026-09-23T03:46:03.898142+00:00", "trace_id": null, "stage": "fuse", "event": "start", "candidates_in": 34}
{"ts": "2026-09-23T03:46:03.898194+00:00", "trace_id": null, "stage": "fuse", "event": "finish", "duration_ms": 0.052, "candidates_in": 34, "candidates_out": 20, "top_score": 0.03278688524590164}
{"ts": "2026-09-23T03:46:03.903371+00:00", "trace_id": null, "stage": "gate", "event": "start", "candidates_in": 5}
{"ts": "2026-09-23T03:46:03.903431+00:00", "trace_id": null, "stage": "gate", "event": "finish", "duration_ms": 0.06, "candidates_in": 5, "candidates_out": 5, "top_score": 0.09737704918032787}
{"ts": "2026-09-23T03:46:03.903458+00:00", "trace_id": null, "stage": "embed_query", "event": "start", "model": "Qwen/Qwen3-Embedding-0.6B"}
{"ts": "2026-09-23T03:46:03.903516+00:00", "trace_id": null, "stage": "embed_query", "event": "finish", "duration_ms": 0.059, "model": "Qwen/Qwen3-Embedding-0.6B"}
{"ts": "2026-09-23T03:46:03.903533+00:00", "trace_id": null, "stage": "dense", "event": "start"}
{"ts": "2026-09-23T03:46:03.903658+00:00", "trace_id": null, "stage": "dense", "event": "finish", "duration_ms": 0.125, "candidates_out": 20}
{"ts": "2026-09-23T03:46:03.903674+00:00", "trace_id": null, "stage": "lexical", "event": "start"}
{"ts": "2026-09-23T03:46:03.903901+00:00", "trace_id": null, "stage": "lexical", "event": "finish", "duration_ms": 0.228, "candidates_out": 20}
{"ts": "2026-09-23T03:46:03.903924+00:00", "trace_id": null, "stage": "fuse", "event": "start", "candidates_in": 33}
{"ts": "2026-09-23T03:46:03.903982+00:00", "trace_id": null, "stage": "fuse", "event": "finish", "duration_ms": 0.058, "candidates_in": 33, "candidates_out": 24, "top_score": 0.03278688524590164}
{"ts": "2026-09-23T03:46:03.909499+00:00", "trace_id": null, "stage": "gate", "event": "start", "candidates_in": 5}
{"ts": "2026-09-23T03:46:03.909578+00:00", "trace_id": null, "stage": "gate", "event": "finish", "duration_ms": 0.08, "candidates_in": 5, "candidates_out": 5, "top_score": 0.03278688524590164}
{"ts": "2026-09-23T03:46:03.909604+00:00", "trace_id": null, "stage": "embed_query", "event": "start", "model": "Qwen/Qwen3-Embedding-0.6B"}
{"ts": "2026-09-23T03:46:03.909643+00:00", "trace_id": null, "stage": "embed_query", "event": "finish", "duration_ms": 0.039, "model": "Qwen/Qwen3-Embedding-0.6B"}
{"ts": "2026-09-23T03:46:03.909656+00:00", "trace_id": null, "stage": "dense", "event": "start"}
{"ts": "2026-09-23T03:46:03.909834+00:00", "trace_id": null, "stage": "dense", "event": "finish", "duration_ms": 0.178, "candidates_out": 20}
{"ts": "2026-09-23T03:46:03.909850+00:00", "trace_id": null, "stage": "lexical", "event": "start"}
{"ts": "2026-09-23T03:46:03.910132+00:00", "trace_id": null, "stage": "lexical", "event": "finish", "duration_ms": 0.282, "candidates_out": 20}
{"ts": "2026-09-23T03:46:03.910157+00:00", "trace_id": null, "stage": "fuse", "event": "start", "candidates_in": 33}
{"ts": "2026-09-23T03:46:03.910209+00:00", "trace_id": null, "stage": "fuse", "event": "finish", "duration_ms": 0.052, "candidates_in": 33, "candidates_out": 24, "top_score": 0.03278688524590164}
{"ts": "2026-09-23T03:46:03.917130+00:00", "trace_id": null, "stage": "gate", "event": "start", "candidates_in": 5}
{"ts": "2026-09-23T03:46:03.917221+00:00", "trace_id": null, "stage": "gate", "event": "finish", "duration_ms": 0.085, "candidates_in": 5, "candidates_out": 5, "top_score": 0.08387096774193549}
{"ts": "2026-09-23T03:46:03.917257+00:00", "trace_id": null, "stage": "embed_query", "event": "start", "model": "Qwen/Qwen3-Embedding-0.6B"}
{"ts": "2026-09-23T03:46:03.917305+00:00", "trace_id": null, "stage": "embed_query", "event": "finish", "duration_ms": 0.049, "model": "Qwen/Qwen3-Embedding-0.6B"}
{"ts": "2026-09-23T03:46:03.917323+00:00", "trace_id": null, "stage": "dense", "event": "start"}
{"ts": "2026-09-23T03:46:03.917474+00:00", "trace_id": null, "stage": "dense", "event": "finish", "duration_ms": 0.151, "candidates_out": 20}
{"ts": "2026-09-23T03:46:03.917493+00:00", "trace_id": null, "stage": "lexical", "event": "start"}
{"ts": "2026-09-23T03:46:03.917694+00:00", "trace_id": null, "stage": "lexical", "event": "finish", "duration_ms": 0.201, "candidates_out": 20}
{"ts": "2026-09-23T03:46:03.917717+00:00", "trace_id": null, "stage": "fuse", "event": "start", "candidates_in": 31}
{"ts": "2026-09-23T03:46:03.917774+00:00", "trace_id": null, "stage": "fuse", "event": "finish", "duration_ms": 0.057, "candidates_in": 31, "candidates_out": 19, "top_score": 0.03278688524590164}
{"ts": "2026-09-23T03:46:03.921303+00:00", "trace_id": null, "stage": "gate", "event": "start", "candidates_in": 5}
{"ts": "2026-09-23T03:46:03.921355+00:00", "trace_id": null, "stage": "gate", "event": "finish", "duration_ms": 0.053, "candidates_in": 5, "candidates_out": 5, "top_score": 0.05901639344262295}
{"ts": "2026-09-23T03:46:03.921378+00:00", "trace_id": null, "stage": "embed_query", "event": "start", "model": "Qwen/Qwen3-Embedding-0.6B"}
{"ts": "2026-09-23T03:46:03.921418+00:00", "trace_id": null, "stage": "embed_query", "event": "finish", "duration_ms": 0.041, "model": "Qwen/Qwen3-Embedding-0.6B"}
{"ts": "2026-09-23T03:46:03.921432+00:00", "trace_id": null, "stage": "dense", "event": "start"}
{"ts": "2026-09-23T03:46:03.921583+00:00", "trace_id": null, "stage": "dense", "event": "finish", "duration_ms": 0.151, "candidates_out": 20}
{"ts": "2026-09-23T03:46:03.921603+00:00", "trace_id": null, "stage": "lexical", "event": "start"}
{"ts": "2026-09-23T03:46:03.921871+00:00", "trace_id": null, "stage": "lexical", "event": "finish", "duration_ms": 0.269, "candidates_out": 20}
{"ts": "2026-09-23T03:46:03.921896+00:00", "trace_id": null, "stage": "fuse", "event": "start", "candidates_in": 33}
{"ts": "2026-09-23T03:46:03.921963+00:00", "trace_id": null, "stage": "fuse", "event": "finish", "duration_ms": 0.066, "candidates_in": 33, "candidates_out": 19, "top_score": 0.03252247488101534}
{"ts": "2026-09-23T03:46:03.925545+00:00", "trace_id": null, "stage": "gate", "event": "start", "candidates_in": 5}
{"ts": "2026-09-23T03:46:03.925604+00:00", "trace_id": null, "stage": "gate", "event": "finish", "duration_ms": 0.059, "candidates_in": 5, "candidates_out": 5, "top_score": 0.0787878787878788}
{"ts": "2026-09-23T03:46:03.925632+00:00", "trace_id": null, "stage": "embed_query", "event": "start", "model": "Qwen/Qwen3-Embedding-0.6B"}
{"ts": "2026-09-23T03:46:03.925705+00:00", "trace_id": null, "stage": "embed_query", "event": "finish", "duration_ms": 0.072, "model": "Qwen/Qwen3-Embedding-0.6B"}
{"ts": "2026-09-23T03:46:03.925722+00:00", "trace_id": null, "stage": "dense", "event": "start"}
{"ts": "2026-09-23T03:46:03.925855+00:00", "trace_id": null, "stage": "dense", "event": "finish", "duration_ms": 0.135, "candidates_out": 20}
{"ts": "2026-09-23T03:46:03.925871+00:00", "trace_id": null, "stage": "lexical", "event": "start"}
{"ts": "2026-09-23T03:46:03.926270+00:00", "trace_id": null, "stage": "lexical", "event": "finish", "duration_ms": 0.399, "candidates_out": 20}
{"ts": "2026-09-23T03:46:03.926293+00:00", "trace_id": null, "stage": "fuse", "event": "start", "candidates_in": 32}
{"ts": "2026-09-23T03:46:03.926372+00:00", "trace_id": null, "stage": "fuse", "event": "finish", "duration_ms": 0.079, "candidates_in": 32, "candidates_out": 24, "top_score": 0.03278688524590164}
{"ts": "2026-09-23T03:46:03.932816+00:00", "trace_id": null, "stage": "gate", "event": "start", "candidates_in": 5}
{"ts": "2026-09-23T03:46:03.932882+00:00", "trace_id": null, "stage": "gate", "event": "finish", "duration_ms": 0.067, "candidates_in": 5, "candidates_out": 5, "top_score": 0.07611111111111112}
{"ts": "2026-09-23T03:46:03.932911+00:00", "trace_id": null, "stage": "embed_query", "event": "start", "model": "Qwen/Qwen3-Embedding-0.6B"}
{"ts": "2026-09-23T03:46:03.932948+00:00", "trace_id": null, "stage": "embed_query", "event": "finish", "duration_ms": 0.037, "model": "Qwen/Qwen3-Embedding-0.6B"}
{"ts": "2026-09-23T03:46:03.932966+00:00", "trace_id": null, "stage": "dense", "event": "start"}
{"ts": "2026-09-23T03:46:03.933127+00:00", "trace_id": null, "stage": "dense", "event": "finish", "duration_ms": 0.161, "candidates_out": 20}
{"ts": "2026-09-23T03:46:03.933142+00:00", "trace_id": null, "stage": "lexical", "event": "start"}
{"ts": "2026-09-23T03:46:03.933374+00:00", "trace_id": null, "stage": "lexical", "event": "finish", "duration_ms": 0.233, "candidates_out": 20}
{"ts": "2026-09-23T03:46:03.933397+00:00", "trace_id": null, "stage": "fuse", "event": "start", "candidates_in": 32}
{"ts": "2026-09-23T03:46:03.933451+00:00", "trace_id": null, "stage": "fuse", "event": "finish", "duration_ms": 0.054, "candidates_in": 32, "candidates_out": 22, "top_score": 0.03278688524590164}
{"ts": "2026-09-23T03:46:03.936817+00:00", "trace_id": null, "stage": "gate", "event": "start", "candidates_in": 5}
{"ts": "2026-09-23T03:46:03.936867+00:00", "trace_id": null, "stage": "gate", "event": "finish", "duration_ms": 0.051, "candidates_in": 5, "candidates_out": 5, "top_score": 0.09073460820895522}
{"ts": "2026-09-23T03:46:03.936890+00:00", "trace_id": null, "stage": "embed_query", "event": "start", "model": "Qwen/Qwen3-Embedding-0.6B"}
{"ts": "2026-09-23T03:46:03.936949+00:00", "trace_id": null, "stage": "embed_query", "event": "finish", "duration_ms": 0.059, "model": "Qwen/Qwen3-Embedding-0.6B"}
{"ts": "2026-09-23T03:46:03.936966+00:00", "trace_id": null, "stage": "dense", "event": "start"}
{"ts": "2026-09-23T03:46:03.937087+00:00", "trace_id": null, "stage": "dense", "event": "finish", "duration_ms": 0.122, "candidates_out": 20}
{"ts": "2026-09-23T03:46:03.937102+00:00", "trace_id": null, "stage": "lexical", "event": "start"}
{"ts": "2026-09-23T03:46:03.937325+00:00", "trace_id": null, "stage": "lexical", "event": "finish", "duration_ms": 0.223, "candidates_out": 20}
{"ts": "2026-09-23T03:46:03.937350+00:00", "trace_id": null, "stage": "fuse", "event": "start", "candidates_in": 34}
{"ts": "2026-09-23T03:46:03.937422+00:00", "trace_id": null, "stage": "fuse", "event": "finish", "duration_ms": 0.072, "candidates_in": 34, "candidates_out": 24, "top_score": 0.03278688524590164}
{"ts": "2026-09-23T03:46:03.942885+00:00", "trace_id": null, "stage": "gate", "event": "start", "candidates_in": 5}
{"ts": "2026-09-23T03:46:03.942961+00:00", "trace_id": null, "stage": "gate", "event": "finish", "duration_ms": 0.076, "candidates_in": 5, "candidates_out": 5, "top_score": 0.09737704918032787}
{"ts": "2026-09-23T03:46:03.942987+00:00", "trace_id": null, "stage": "embed_query", "event": "start", "model": "Qwen/Qwen3-Embedding-0.6B"}
{"ts": "2026-09-23T03:46:03.943032+00:00", "trace_id": null, "stage": "embed_query", "event": "finish", "duration_ms": 0.045, "model": "Qwen/Qwen3-Embedding-0.6B"}
{"ts": "2026-09-23T03:46:03.943047+00:00", "trace_id": null, "stage": "dense", "event": "start"}
{"ts": "2026-09-23T03:46:03.943182+00:00", "trace_id": null, "stage": "dense", "event": "finish", "duration_ms": 0.135, "candidates_out": 20}
{"ts": "2026-09-23T03:46:03.943198+00:00", "trace_id": null, "stage": "lexical", "event": "start"}
{"ts": "2026-09-23T03:46:03.943439+00:00", "trace_id": null, "stage": "lexical", "event": "finish", "duration_ms": 0.242, "candidates_out": 20}
{"ts": "2026-09-23T03:46:03.943461+00:00", "trace_id": null, "stage": "fuse", "event": "start", "candidates_in": 31}
{"ts": "2026-09-23T03:46:03.943524+00:00", "trace_id": null, "stage": "fuse", "event": "finish", "duration_ms": 0.063, "candidates_in": 31, "candidates_out": 22, "top_score": 0.03278688524590164}
{"ts": "2026-09-23T03:46:03.948129+00:00", "trace_id": null, "stage": "gate", "event": "start", "candidates_in": 5}
{"ts": "2026-09-23T03:46:03.948326+00:00", "trace_id": null, "stage": "gate", "event": "finish", "duration_ms": 0.198, "candidates_in": 5, "candidates_out": 6, "top_score": 0.048375}
{"ts": "2026-09-23T03:46:03.948352+00:00", "trace_id": null, "stage": "embed_query", "event": "start", "model": "Qwen/Qwen3-Embedding-0.6B"}
{"ts": "2026-09-23T03:46:03.948408+00:00", "trace_id": null, "stage": "embed_query", "event": "finish", "duration_ms": 0.055, "model": "Qwen/Qwen3-Embedding-0.6B"}
{"ts": "2026-09-23T03:46:03.948426+00:00", "trace_id": null, "stage": "dense", "event": "start"}
{"ts": "2026-09-23T03:46:03.948564+00:00", "trace_id": null, "stage": "dense", "event": "finish", "duration_ms": 0.137, "candidates_out": 20}
{"ts": "2026-09-23T03:46:03.948579+00:00", "trace_id": null, "stage": "lexical", "event": "start"}
{"ts": "2026-09-23T03:46:03.948760+00:00", "trace_id": null, "stage": "lexical", "event": "finish", "duration_ms": 0.181, "candidates_out": 11}
{"ts": "2026-09-23T03:46:03.948783+00:00", "trace_id": null, "stage": "fuse", "event": "start", "candidates_in": 25}
{"ts": "2026-09-23T03:46:03.948838+00:00", "trace_id": null, "stage": "fuse", "event": "finish", "duration_ms": 0.055, "candidates_in": 25, "candidates_out": 19, "top_score": 0.03252247488101534}
{"ts": "2026-09-23T03:46:03.953630+00:00", "trace_id": null, "stage": "gate", "event": "start", "candidates_in": 5}
{"ts": "2026-09-23T03:46:03.953683+00:00", "trace_id": null, "stage": "gate", "event": "finish", "duration_ms": 0.053, "candidates_in": 5, "candidates_out": 5, "top_score": 0.08455843469063988}
{"ts": "2026-09-23T03:46:03.953703+00:00", "trace_id": null, "stage": "embed_query", "event": "start", "model": "Qwen/Qwen3-Embedding-0.6B"}
{"ts": "2026-09-23T03:46:03.953748+00:00", "trace_id": null, "stage": "embed_query", "event": "finish", "duration_ms": 0.046, "model": "Qwen/Qwen3-Embedding-0.6B"}
{"ts": "2026-09-23T03:46:03.953763+00:00", "trace_id": null, "stage": "dense", "event": "start"}
{"ts": "2026-09-23T03:46:03.953880+00:00", "trace_id": null, "stage": "dense", "event": "finish", "duration_ms": 0.117, "candidates_out": 20}
{"ts": "2026-09-23T03:46:03.953895+00:00", "trace_id": null, "stage": "lexical", "event": "start"}
{"ts": "2026-09-23T03:46:03.954099+00:00", "trace_id": null, "stage": "lexical", "event": "finish", "duration_ms": 0.204, "candidates_out": 19}
{"ts": "2026-09-23T03:46:03.954122+00:00", "trace_id": null, "stage": "fuse", "event": "start", "candidates_in": 30}
{"ts": "2026-09-23T03:46:03.954191+00:00", "trace_id": null, "stage": "fuse", "event": "finish", "duration_ms": 0.068, "candidates_in": 30, "candidates_out": 22, "top_score": 0.03278688524590164}
{"ts": "2026-09-23T03:46:03.957734+00:00", "trace_id": null, "stage": "gate", "event": "start", "candidates_in": 5}
{"ts": "2026-09-23T03:46:03.957786+00:00", "trace_id": null, "stage": "gate", "event": "finish", "duration_ms": 0.053, "candidates_in": 5, "candidates_out": 5, "top_score": 0.036571428571428574}
{"ts": "2026-09-23T03:46:03.957807+00:00", "trace_id": null, "stage": "embed_query", "event": "start", "model": "Qwen/Qwen3-Embedding-0.6B"}
{"ts": "2026-09-23T03:46:03.957849+00:00", "trace_id": null, "stage": "embed_query", "event": "finish", "duration_ms": 0.042, "model": "Qwen/Qwen3-Embedding-0.6B"}
{"ts": "2026-09-23T03:46:03.957866+00:00", "trace_id": null, "stage": "dense", "event": "start"}
{"ts": "2026-09-23T03:46:03.957997+00:00", "trace_id": null, "stage": "dense", "event": "finish", "duration_ms": 0.132, "candidates_out": 20}
{"ts": "2026-09-23T03:46:03.958012+00:00", "trace_id": null, "stage": "lexical", "event": "start"}
{"ts": "2026-09-23T03:46:03.958207+00:00", "trace_id": null, "stage": "lexical", "event": "finish", "duration_ms": 0.195, "candidates_out": 16}
{"ts": "2026-09-23T03:46:03.958230+00:00", "trace_id": null, "stage": "fuse", "event": "start", "candidates_in": 28}
{"ts": "2026-09-23T03:46:03.958295+00:00", "trace_id": null, "stage": "fuse", "event": "finish", "duration_ms": 0.065, "candidates_in": 28, "candidates_out": 22, "top_score": 0.03278688524590164}
{"ts": "2026-09-23T03:46:03.962204+00:00", "trace_id": null, "stage": "gate", "event": "start", "candidates_in": 5}
{"ts": "2026-09-23T03:46:03.962255+00:00", "trace_id": null, "stage": "gate", "event": "finish", "duration_ms": 0.051, "candidates_in": 5, "candidates_out": 5, "top_score": 0.08256048387096775}
{"ts": "2026-09-23T03:46:03.962276+00:00", "trace_id": null, "stage": "embed_query", "event": "start", "model": "Qwen/Qwen3-Embedding-0.6B"}
{"ts": "2026-09-23T03:46:03.962316+00:00", "trace_id": null, "stage": "embed_query", "event": "finish", "duration_ms": 0.041, "model": "Qwen/Qwen3-Embedding-0.6B"}
{"ts": "2026-09-23T03:46:03.962327+00:00", "trace_id": null, "stage": "dense", "event": "start"}
{"ts": "2026-09-23T03:46:03.962440+00:00", "trace_id": null, "stage": "dense", "event": "finish", "duration_ms": 0.113, "candidates_out": 20}
{"ts": "2026-09-23T03:46:03.962454+00:00", "trace_id": null, "stage": "lexical", "event": "start"}
{"ts": "2026-09-23T03:46:03.962705+00:00", "trace_id": null, "stage": "lexical", "event": "finish", "duration_ms": 0.251, "candidates_out": 20}
{"ts": "2026-09-23T03:46:03.962732+00:00", "trace_id": null, "stage": "fuse", "event": "start", "candidates_in": 32}
{"ts": "2026-09-23T03:46:03.962784+00:00", "trace_id": null, "stage": "fuse", "event": "finish", "duration_ms": 0.052, "candidates_in": 32, "candidates_out": 20, "top_score": 0.032266458495966696}
{"ts": "2026-09-23T03:46:03.965720+00:00", "trace_id": null, "stage": "gate", "event": "start", "candidates_in": 5}
{"ts": "2026-09-23T03:46:03.965774+00:00", "trace_id": null, "stage": "gate", "event": "finish", "duration_ms": 0.054, "candidates_in": 5, "candidates_out": 5, "top_score": 0.05413839891451832}
{"ts": "2026-09-23T03:46:03.965796+00:00", "trace_id": null, "stage": "embed_query", "event": "start", "model": "Qwen/Qwen3-Embedding-0.6B"}
{"ts": "2026-09-23T03:46:03.965833+00:00", "trace_id": null, "stage": "embed_query", "event": "finish", "duration_ms": 0.037, "model": "Qwen/Qwen3-Embedding-0.6B"}
{"ts": "2026-09-23T03:46:03.965846+00:00", "trace_id": null, "stage": "dense", "event": "start"}
{"ts": "2026-09-23T03:46:03.965983+00:00", "trace_id": null, "stage": "dense", "event": "finish", "duration_ms": 0.137, "candidates_out": 20}
{"ts": "2026-09-23T03:46:03.965998+00:00", "trace_id": null, "stage": "lexical", "event": "start"}
{"ts": "2026-09-23T03:46:03.966229+00:00", "trace_id": null, "stage": "lexical", "event": "finish", "duration_ms": 0.232, "candidates_out": 20}
{"ts": "2026-09-23T03:46:03.966250+00:00", "trace_id": null, "stage": "fuse", "event": "start", "candidates_in": 33}
{"ts": "2026-09-23T03:46:03.966301+00:00", "trace_id": null, "stage": "fuse", "event": "finish", "duration_ms": 0.05, "candidates_in": 33, "candidates_out": 20, "top_score": 0.03278688524590164}
{"ts": "2026-09-23T03:46:03.972459+00:00", "trace_id": null, "stage": "gate", "event": "start", "candidates_in": 5}
{"ts": "2026-09-23T03:46:03.972516+00:00", "trace_id": null, "stage": "gate", "event": "finish", "duration_ms": 0.057, "candidates_in": 5, "candidates_out": 5, "top_score": 0.054098360655737705}
{"ts": "2026-09-23T03:46:03.972542+00:00", "trace_id": null, "stage": "embed_query", "event": "start", "model": "Qwen/Qwen3-Embedding-0.6B"}
{"ts": "2026-09-23T03:46:03.972593+00:00", "trace_id": null, "stage": "embed_query", "event": "finish", "duration_ms": 0.051, "model": "Qwen/Qwen3-Embedding-0.6B"}
{"ts": "2026-09-23T03:46:03.972610+00:00", "trace_id": null, "stage": "dense", "event": "start"}
{"ts": "2026-09-23T03:46:03.972745+00:00", "trace_id": null, "stage": "dense", "event": "finish", "duration_ms": 0.136, "candidates_out": 20}
{"ts": "2026-09-23T03:46:03.972761+00:00", "trace_id": null, "stage": "lexical", "event": "start"}
{"ts": "2026-09-23T03:46:03.972980+00:00", "trace_id": null, "stage": "lexical", "event": "finish", "duration_ms": 0.219, "candidates_out": 20}
{"ts": "2026-09-23T03:46:03.973008+00:00", "trace_id": null, "stage": "fuse", "event": "start", "candidates_in": 34}
{"ts": "2026-09-23T03:46:03.973069+00:00", "trace_id": null, "stage": "fuse", "event": "finish", "duration_ms": 0.061, "candidates_in": 34, "candidates_out": 22, "top_score": 0.03278688524590164}
{"ts": "2026-09-23T03:46:03.980305+00:00", "trace_id": null, "stage": "gate", "event": "start", "candidates_in": 5}
{"ts": "2026-09-23T03:46:03.980366+00:00", "trace_id": null, "stage": "gate", "event": "finish", "duration_ms": 0.06, "candidates_in": 5, "candidates_out": 5, "top_score": 0.13519354838709677}
{"ts": "2026-09-23T03:46:03.980403+00:00", "trace_id": null, "stage": "embed_query", "event": "start", "model": "Qwen/Qwen3-Embedding-0.6B"}
{"ts": "2026-09-23T03:46:03.980469+00:00", "trace_id": null, "stage": "embed_query", "event": "finish", "duration_ms": 0.066, "model": "Qwen/Qwen3-Embedding-0.6B"}
{"ts": "2026-09-23T03:46:03.980489+00:00", "trace_id": null, "stage": "dense", "event": "start"}
{"ts": "2026-09-23T03:46:03.980641+00:00", "trace_id": null, "stage": "dense", "event": "finish", "duration_ms": 0.151, "candidates_out": 20}
{"ts": "2026-09-23T03:46:03.980656+00:00", "trace_id": null, "stage": "lexical", "event": "start"}
{"ts": "2026-09-23T03:46:03.980920+00:00", "trace_id": null, "stage": "lexical", "event": "finish", "duration_ms": 0.264, "candidates_out": 20}
{"ts": "2026-09-23T03:46:03.980944+00:00", "trace_id": null, "stage": "fuse", "event": "start", "candidates_in": 34}
{"ts": "2026-09-23T03:46:03.981015+00:00", "trace_id": null, "stage": "fuse", "event": "finish", "duration_ms": 0.071, "candidates_in": 34, "candidates_out": 25, "top_score": 0.03252247488101534}
{"ts": "2026-09-23T03:46:03.988425+00:00", "trace_id": null, "stage": "gate", "event": "start", "candidates_in": 5}
{"ts": "2026-09-23T03:46:03.988514+00:00", "trace_id": null, "stage": "gate", "event": "finish", "duration_ms": 0.089, "candidates_in": 5, "candidates_out": 5, "top_score": 0.1340625}
{"ts": "2026-09-23T03:46:03.988535+00:00", "trace_id": null, "stage": "embed_query", "event": "start", "model": "Qwen/Qwen3-Embedding-0.6B"}
{"ts": "2026-09-23T03:46:03.988570+00:00", "trace_id": null, "stage": "embed_query", "event": "finish", "duration_ms": 0.035, "model": "Qwen/Qwen3-Embedding-0.6B"}
{"ts": "2026-09-23T03:46:03.988583+00:00", "trace_id": null, "stage": "dense", "event": "start"}
{"ts": "2026-09-23T03:46:03.988731+00:00", "trace_id": null, "stage": "dense", "event": "finish", "duration_ms": 0.148, "candidates_out": 20}
{"ts": "2026-09-23T03:46:03.988747+00:00", "trace_id": null, "stage": "lexical", "event": "start"}
{"ts": "2026-09-23T03:46:03.989002+00:00", "trace_id": null, "stage": "lexical", "event": "finish", "duration_ms": 0.255, "candidates_out": 20}
{"ts": "2026-09-23T03:46:03.989026+00:00", "trace_id": null, "stage": "fuse", "event": "start", "candidates_in": 35}
{"ts": "2026-09-23T03:46:03.989095+00:00", "trace_id": null, "stage": "fuse", "event": "finish", "duration_ms": 0.069, "candidates_in": 35, "candidates_out": 25, "top_score": 0.03252247488101534}
{"ts": "2026-09-23T03:46:03.996657+00:00", "trace_id": null, "stage": "gate", "event": "start", "candidates_in": 5}
{"ts": "2026-09-23T03:46:03.996733+00:00", "trace_id": null, "stage": "gate", "event": "finish", "duration_ms": 0.076, "candidates_in": 5, "candidates_out": 5, "top_score": 0.0880048287971905}
{"ts": "2026-09-23T03:46:03.996786+00:00", "trace_id": null, "stage": "embed_query", "event": "start", "model": "Qwen/Qwen3-Embedding-0.6B"}
{"ts": "2026-09-23T03:46:03.996865+00:00", "trace_id": null, "stage": "embed_query", "event": "finish", "duration_ms": 0.08, "model": "Qwen/Qwen3-Embedding-0.6B"}
{"ts": "2026-09-23T03:46:03.996880+00:00", "trace_id": null, "stage": "dense", "event": "start"}
{"ts": "2026-09-23T03:46:03.997012+00:00", "trace_id": null, "stage": "dense", "event": "finish", "duration_ms": 0.132, "candidates_out": 20}
{"ts": "2026-09-23T03:46:03.997027+00:00", "trace_id": null, "stage": "lexical", "event": "start"}
{"ts": "2026-09-23T03:46:03.997221+00:00", "trace_id": null, "stage": "lexical", "event": "finish", "duration_ms": 0.195, "candidates_out": 20}
{"ts": "2026-09-23T03:46:03.997245+00:00", "trace_id": null, "stage": "fuse", "event": "start", "candidates_in": 33}
{"ts": "2026-09-23T03:46:03.997324+00:00", "trace_id": null, "stage": "fuse", "event": "finish", "duration_ms": 0.078, "candidates_in": 33, "candidates_out": 22, "top_score": 0.03278688524590164}
{"ts": "2026-09-23T03:46:04.002336+00:00", "trace_id": null, "stage": "gate", "event": "start", "candidates_in": 5}
{"ts": "2026-09-23T03:46:04.002389+00:00", "trace_id": null, "stage": "gate", "event": "finish", "duration_ms": 0.053, "candidates_in": 5, "candidates_out": 5, "top_score": 0.14065573770491804}
{"ts": "2026-09-23T03:46:04.002412+00:00", "trace_id": null, "stage": "embed_query", "event": "start", "model": "Qwen/Qwen3-Embedding-0.6B"}
{"ts": "2026-09-23T03:46:04.002456+00:00", "trace_id": null, "stage": "embed_query", "event": "finish", "duration_ms": 0.044, "model": "Qwen/Qwen3-Embedding-0.6B"}
{"ts": "2026-09-23T03:46:04.002473+00:00", "trace_id": null, "stage": "dense", "event": "start"}
{"ts": "2026-09-23T03:46:04.002623+00:00", "trace_id": null, "stage": "dense", "event": "finish", "duration_ms": 0.151, "candidates_out": 20}
{"ts": "2026-09-23T03:46:04.002638+00:00", "trace_id": null, "stage": "lexical", "event": "start"}
{"ts": "2026-09-23T03:46:04.002832+00:00", "trace_id": null, "stage": "lexical", "event": "finish", "duration_ms": 0.194, "candidates_out": 20}
{"ts": "2026-09-23T03:46:04.002855+00:00", "trace_id": null, "stage": "fuse", "event": "start", "candidates_in": 30}
{"ts": "2026-09-23T03:46:04.002911+00:00", "trace_id": null, "stage": "fuse", "event": "finish", "duration_ms": 0.056, "candidates_in": 30, "candidates_out": 18, "top_score": 0.03278688524590164}
{"ts": "2026-09-23T03:46:04.005384+00:00", "trace_id": null, "stage": "gate", "event": "start", "candidates_in": 5}
{"ts": "2026-09-23T03:46:04.005576+00:00", "trace_id": null, "stage": "gate", "event": "finish", "duration_ms": 0.192, "candidates_in": 5, "candidates_out": 6, "top_score": 0.0532258064516129}
{"ts": "2026-09-23T03:46:04.005601+00:00", "trace_id": null, "stage": "embed_query", "event": "start", "model": "Qwen/Qwen3-Embedding-0.6B"}
{"ts": "2026-09-23T03:46:04.005637+00:00", "trace_id": null, "stage": "embed_query", "event": "finish", "duration_ms": 0.036, "model": "Qwen/Qwen3-Embedding-0.6B"}
{"ts": "2026-09-23T03:46:04.005654+00:00", "trace_id": null, "stage": "dense", "event": "start"}
{"ts": "2026-09-23T03:46:04.005792+00:00", "trace_id": null, "stage": "dense", "event": "finish", "duration_ms": 0.138, "candidates_out": 20}
{"ts": "2026-09-23T03:46:04.005808+00:00", "trace_id": null, "stage": "lexical", "event": "start"}
{"ts": "2026-09-23T03:46:04.006010+00:00", "trace_id": null, "stage": "lexical", "event": "finish", "duration_ms": 0.202, "candidates_out": 20}
{"ts": "2026-09-23T03:46:04.006034+00:00", "trace_id": null, "stage": "fuse", "event": "start", "candidates_in": 32}
{"ts": "2026-09-23T03:46:04.006083+00:00", "trace_id": null, "stage": "fuse", "event": "finish", "duration_ms": 0.049, "candidates_in": 32, "candidates_out": 20, "top_score": 0.03278688524590164}
{"ts": "2026-09-23T03:46:04.009100+00:00", "trace_id": null, "stage": "gate", "event": "start", "candidates_in": 5}
{"ts": "2026-09-23T03:46:04.009280+00:00", "trace_id": null, "stage": "gate", "event": "finish", "duration_ms": 0.18, "candidates_in": 5, "candidates_out": 6, "top_score": 0.0532258064516129}
{"ts": "2026-09-23T03:46:04.009305+00:00", "trace_id": null, "stage": "embed_query", "event": "start", "model": "Qwen/Qwen3-Embedding-0.6B"}
{"ts": "2026-09-23T03:46:04.009344+00:00", "trace_id": null, "stage": "embed_query", "event": "finish", "duration_ms": 0.039, "model": "Qwen/Qwen3-Embedding-0.6B"}
{"ts": "2026-09-23T03:46:04.009356+00:00", "trace_id": null, "stage": "dense", "event": "start"}
{"ts": "2026-09-23T03:46:04.009517+00:00", "trace_id": null, "stage": "dense", "event": "finish", "duration_ms": 0.161, "candidates_out": 20}
{"ts": "2026-09-23T03:46:04.009534+00:00", "trace_id": null, "stage": "lexical", "event": "start"}
{"ts": "2026-09-23T03:46:04.009738+00:00", "trace_id": null, "stage": "lexical", "event": "finish", "duration_ms": 0.205, "candidates_out": 20}
{"ts": "2026-09-23T03:46:04.009761+00:00", "trace_id": null, "stage": "fuse", "event": "start", "candidates_in": 28}
{"ts": "2026-09-23T03:46:04.009817+00:00", "trace_id": null, "stage": "fuse", "event": "finish", "duration_ms": 0.055, "candidates_in": 28, "candidates_out": 18, "top_score": 0.031746031746031744}
{"ts": "2026-09-23T03:46:04.012905+00:00", "trace_id": null, "stage": "gate", "event": "start", "candidates_in": 5}
{"ts": "2026-09-23T03:46:04.013092+00:00", "trace_id": null, "stage": "gate", "event": "finish", "duration_ms": 0.187, "candidates_in": 5, "candidates_out": 6, "top_score": 0.05550284629981025}
{"ts": "2026-09-23T03:46:04.013114+00:00", "trace_id": null, "stage": "embed_query", "event": "start", "model": "Qwen/Qwen3-Embedding-0.6B"}
{"ts": "2026-09-23T03:46:04.013158+00:00", "trace_id": null, "stage": "embed_query", "event": "finish", "duration_ms": 0.044, "model": "Qwen/Qwen3-Embedding-0.6B"}
{"ts": "2026-09-23T03:46:04.013171+00:00", "trace_id": null, "stage": "dense", "event": "start"}
{"ts": "2026-09-23T03:46:04.013303+00:00", "trace_id": null, "stage": "dense", "event": "finish", "duration_ms": 0.132, "candidates_out": 20}
{"ts": "2026-09-23T03:46:04.013318+00:00", "trace_id": null, "stage": "lexical", "event": "start"}
{"ts": "2026-09-23T03:46:04.013548+00:00", "trace_id": null, "stage": "lexical", "event": "finish", "duration_ms": 0.23, "candidates_out": 20}
{"ts": "2026-09-23T03:46:04.013573+00:00", "trace_id": null, "stage": "fuse", "event": "start", "candidates_in": 27}
{"ts": "2026-09-23T03:46:04.013644+00:00", "trace_id": null, "stage": "fuse", "event": "finish", "duration_ms": 0.071, "candidates_in": 27, "candidates_out": 19, "top_score": 0.03278688524590164}
{"ts": "2026-09-23T03:46:04.017593+00:00", "trace_id": null, "stage": "gate", "event": "start", "candidates_in": 5}
{"ts": "2026-09-23T03:46:04.017689+00:00", "trace_id": null, "stage": "gate", "event": "finish", "duration_ms": 0.096, "candidates_in": 5, "candidates_out": 5, "top_score": 0.052380952380952375}
{"ts": "2026-09-23T03:46:04.017713+00:00", "trace_id": null, "stage": "embed_query", "event": "start", "model": "Qwen/Qwen3-Embedding-0.6B"}
{"ts": "2026-09-23T03:46:04.017751+00:00", "trace_id": null, "stage": "embed_query", "event": "finish", "duration_ms": 0.038, "model": "Qwen/Qwen3-Embedding-0.6B"}
{"ts": "2026-09-23T03:46:04.017763+00:00", "trace_id": null, "stage": "dense", "event": "start"}
{"ts": "2026-09-23T03:46:04.017937+00:00", "trace_id": null, "stage": "dense", "event": "finish", "duration_ms": 0.173, "candidates_out": 20}
{"ts": "2026-09-23T03:46:04.017953+00:00", "trace_id": null, "stage": "lexical", "event": "start"}
{"ts": "2026-09-23T03:46:04.018208+00:00", "trace_id": null, "stage": "lexical", "event": "finish", "duration_ms": 0.255, "candidates_out": 20}
{"ts": "2026-09-23T03:46:04.018233+00:00", "trace_id": null, "stage": "fuse", "event": "start", "candidates_in": 30}
{"ts": "2026-09-23T03:46:04.018288+00:00", "trace_id": null, "stage": "fuse", "event": "finish", "duration_ms": 0.055, "candidates_in": 30, "candidates_out": 24, "top_score": 0.03278688524590164}
{"ts": "2026-09-23T03:46:04.024202+00:00", "trace_id": null, "stage": "gate", "event": "start", "candidates_in": 5}
{"ts": "2026-09-23T03:46:04.024300+00:00", "trace_id": null, "stage": "gate", "event": "finish", "duration_ms": 0.098, "candidates_in": 5, "candidates_out": 5, "top_score": 0.0532258064516129}
{"ts": "2026-09-23T03:46:04.024325+00:00", "trace_id": null, "stage": "embed_query", "event": "start", "model": "Qwen/Qwen3-Embedding-0.6B"}
{"ts": "2026-09-23T03:46:04.024378+00:00", "trace_id": null, "stage": "embed_query", "event": "finish", "duration_ms": 0.053, "model": "Qwen/Qwen3-Embedding-0.6B"}
{"ts": "2026-09-23T03:46:04.024396+00:00", "trace_id": null, "stage": "dense", "event": "start"}
{"ts": "2026-09-23T03:46:04.024544+00:00", "trace_id": null, "stage": "dense", "event": "finish", "duration_ms": 0.148, "candidates_out": 20}
{"ts": "2026-09-23T03:46:04.024561+00:00", "trace_id": null, "stage": "lexical", "event": "start"}
{"ts": "2026-09-23T03:46:04.024814+00:00", "trace_id": null, "stage": "lexical", "event": "finish", "duration_ms": 0.253, "candidates_out": 20}
{"ts": "2026-09-23T03:46:04.024836+00:00", "trace_id": null, "stage": "fuse", "event": "start", "candidates_in": 32}
{"ts": "2026-09-23T03:46:04.024894+00:00", "trace_id": null, "stage": "fuse", "event": "finish", "duration_ms": 0.058, "candidates_in": 32, "candidates_out": 21, "top_score": 0.03278688524590164}
{"ts": "2026-09-23T03:46:04.029260+00:00", "trace_id": null, "stage": "gate", "event": "start", "candidates_in": 5}
{"ts": "2026-09-23T03:46:04.029469+00:00", "trace_id": null, "stage": "gate", "event": "finish", "duration_ms": 0.209, "candidates_in": 5, "candidates_out": 6, "top_score": 0.13838709677419356}
{"ts": "2026-09-23T03:46:04.029492+00:00", "trace_id": null, "stage": "embed_query", "event": "start", "model": "Qwen/Qwen3-Embedding-0.6B"}
{"ts": "2026-09-23T03:46:04.029540+00:00", "trace_id": null, "stage": "embed_query", "event": "finish", "duration_ms": 0.047, "model": "Qwen/Qwen3-Embedding-0.6B"}
{"ts": "2026-09-23T03:46:04.029556+00:00", "trace_id": null, "stage": "dense", "event": "start"}
{"ts": "2026-09-23T03:46:04.029700+00:00", "trace_id": null, "stage": "dense", "event": "finish", "duration_ms": 0.144, "candidates_out": 20}
{"ts": "2026-09-23T03:46:04.029718+00:00", "trace_id": null, "stage": "lexical", "event": "start"}
{"ts": "2026-09-23T03:46:04.030008+00:00", "trace_id": null, "stage": "lexical", "event": "finish", "duration_ms": 0.29, "candidates_out": 20}
{"ts": "2026-09-23T03:46:04.030034+00:00", "trace_id": null, "stage": "fuse", "event": "start", "candidates_in": 33}
{"ts": "2026-09-23T03:46:04.030088+00:00", "trace_id": null, "stage": "fuse", "event": "finish", "duration_ms": 0.054, "candidates_in": 33, "candidates_out": 22, "top_score": 0.03252247488101534}
{"ts": "2026-09-23T03:46:04.034581+00:00", "trace_id": null, "stage": "gate", "event": "start", "candidates_in": 5}
{"ts": "2026-09-23T03:46:04.034790+00:00", "trace_id": null, "stage": "gate", "event": "finish", "duration_ms": 0.209, "candidates_in": 5, "candidates_out": 6, "top_score": 0.1395214172395558}
{"ts": "2026-09-23T03:46:04.034815+00:00", "trace_id": null, "stage": "embed_query", "event": "start", "model": "Qwen/Qwen3-Embedding-0.6B"}
{"ts": "2026-09-23T03:46:04.034851+00:00", "trace_id": null, "stage": "embed_query", "event": "finish", "duration_ms": 0.037, "model": "Qwen/Qwen3-Embedding-0.6B"}
{"ts": "2026-09-23T03:46:04.034865+00:00", "trace_id": null, "stage": "dense", "event": "start"}
{"ts": "2026-09-23T03:46:04.035006+00:00", "trace_id": null, "stage": "dense", "event": "finish", "duration_ms": 0.14, "candidates_out": 20}
{"ts": "2026-09-23T03:46:04.035023+00:00", "trace_id": null, "stage": "lexical", "event": "start"}
{"ts": "2026-09-23T03:46:04.035230+00:00", "trace_id": null, "stage": "lexical", "event": "finish", "duration_ms": 0.208, "candidates_out": 20}
{"ts": "2026-09-23T03:46:04.035253+00:00", "trace_id": null, "stage": "fuse", "event": "start", "candidates_in": 32}
{"ts": "2026-09-23T03:46:04.035305+00:00", "trace_id": null, "stage": "fuse", "event": "finish", "duration_ms": 0.052, "candidates_in": 32, "candidates_out": 22, "top_score": 0.030886196246139225}
{"ts": "2026-09-23T03:46:04.038744+00:00", "trace_id": null, "stage": "gate", "event": "start", "candidates_in": 5}
{"ts": "2026-09-23T03:46:04.039039+00:00", "trace_id": null, "stage": "gate", "event": "finish", "duration_ms": 0.295, "candidates_in": 5, "candidates_out": 7, "top_score": 0.052571428571428575}
{"ts": "2026-09-23T03:46:04.039074+00:00", "trace_id": null, "stage": "embed_query", "event": "start", "model": "Qwen/Qwen3-Embedding-0.6B"}
{"ts": "2026-09-23T03:46:04.039118+00:00", "trace_id": null, "stage": "embed_query", "event": "finish", "duration_ms": 0.045, "model": "Qwen/Qwen3-Embedding-0.6B"}
{"ts": "2026-09-23T03:46:04.039136+00:00", "trace_id": null, "stage": "dense", "event": "start"}
{"ts": "2026-09-23T03:46:04.039266+00:00", "trace_id": null, "stage": "dense", "event": "finish", "duration_ms": 0.13, "candidates_out": 20}
{"ts": "2026-09-23T03:46:04.039282+00:00", "trace_id": null, "stage": "lexical", "event": "start"}
{"ts": "2026-09-23T03:46:04.039504+00:00", "trace_id": null, "stage": "lexical", "event": "finish", "duration_ms": 0.222, "candidates_out": 20}
{"ts": "2026-09-23T03:46:04.039528+00:00", "trace_id": null, "stage": "fuse", "event": "start", "candidates_in": 33}
{"ts": "2026-09-23T03:46:04.039609+00:00", "trace_id": null, "stage": "fuse", "event": "finish", "duration_ms": 0.082, "candidates_in": 33, "candidates_out": 24, "top_score": 0.03278688524590164}
{"ts": "2026-09-23T03:46:04.045515+00:00", "trace_id": null, "stage": "gate", "event": "start", "candidates_in": 5}
{"ts": "2026-09-23T03:46:04.045569+00:00", "trace_id": null, "stage": "gate", "event": "finish", "duration_ms": 0.053, "candidates_in": 5, "candidates_out": 5, "top_score": 0.14065573770491804}
{"ts": "2026-09-23T03:46:04.045596+00:00", "trace_id": null, "stage": "embed_query", "event": "start", "model": "Qwen/Qwen3-Embedding-0.6B"}
{"ts": "2026-09-23T03:46:04.045633+00:00", "trace_id": null, "stage": "embed_query", "event": "finish", "duration_ms": 0.037, "model": "Qwen/Qwen3-Embedding-0.6B"}
{"ts": "2026-09-23T03:46:04.045648+00:00", "trace_id": null, "stage": "dense", "event": "start"}
{"ts": "2026-09-23T03:46:04.045788+00:00", "trace_id": null, "stage": "dense", "event": "finish", "duration_ms": 0.14, "candidates_out": 20}
{"ts": "2026-09-23T03:46:04.045804+00:00", "trace_id": null, "stage": "lexical", "event": "start"}
{"ts": "2026-09-23T03:46:04.046024+00:00", "trace_id": null, "stage": "lexical", "event": "finish", "duration_ms": 0.221, "candidates_out": 20}
{"ts": "2026-09-23T03:46:04.046045+00:00", "trace_id": null, "stage": "fuse", "event": "start", "candidates_in": 31}
{"ts": "2026-09-23T03:46:04.046109+00:00", "trace_id": null, "stage": "fuse", "event": "finish", "duration_ms": 0.064, "candidates_in": 31, "candidates_out": 19, "top_score": 0.03278688524590164}
{"ts": "2026-09-23T03:46:04.051641+00:00", "trace_id": null, "stage": "gate", "event": "start", "candidates_in": 5}
{"ts": "2026-09-23T03:46:04.051703+00:00", "trace_id": null, "stage": "gate", "event": "finish", "duration_ms": 0.061, "candidates_in": 5, "candidates_out": 5, "top_score": 0.052941176470588235}
{"ts": "2026-09-23T03:46:04.051731+00:00", "trace_id": null, "stage": "embed_query", "event": "start", "model": "Qwen/Qwen3-Embedding-0.6B"}
{"ts": "2026-09-23T03:46:04.051814+00:00", "trace_id": null, "stage": "embed_query", "event": "finish", "duration_ms": 0.084, "model": "Qwen/Qwen3-Embedding-0.6B"}
{"ts": "2026-09-23T03:46:04.051830+00:00", "trace_id": null, "stage": "dense", "event": "start"}
{"ts": "2026-09-23T03:46:04.051961+00:00", "trace_id": null, "stage": "dense", "event": "finish", "duration_ms": 0.131, "candidates_out": 20}
{"ts": "2026-09-23T03:46:04.051975+00:00", "trace_id": null, "stage": "lexical", "event": "start"}
{"ts": "2026-09-23T03:46:04.052209+00:00", "trace_id": null, "stage": "lexical", "event": "finish", "duration_ms": 0.234, "candidates_out": 20}
{"ts": "2026-09-23T03:46:04.052234+00:00", "trace_id": null, "stage": "fuse", "event": "start", "candidates_in": 32}
{"ts": "2026-09-23T03:46:04.052294+00:00", "trace_id": null, "stage": "fuse", "event": "finish", "duration_ms": 0.061, "candidates_in": 32, "candidates_out": 19, "top_score": 0.03278688524590164}
{"ts": "2026-09-23T03:46:04.056562+00:00", "trace_id": null, "stage": "gate", "event": "start", "candidates_in": 5}
{"ts": "2026-09-23T03:46:04.056624+00:00", "trace_id": null, "stage": "gate", "event": "finish", "duration_ms": 0.062, "candidates_in": 5, "candidates_out": 5, "top_score": 0.05239415322580645}
cleared holdout_mrr=0.823 all_recall=0.934 empty=0/122
