Loading weights:   0%|          | 0/310 [00:00<?, ?it/s]Loading weights: 100%|██████████| 310/310 [00:00<00:00, 13106.14it/s]
{"ts": "2026-09-23T03:46:58.695612+00:00", "trace_id": null, "stage": "embed_query", "event": "start", "model": "Qwen/Qwen3-Embedding-0.6B"}
{"ts": "2026-09-23T03:46:58.726393+00:00", "trace_id": null, "stage": "embed_query", "event": "finish", "duration_ms": 30.794, "model": "Qwen/Qwen3-Embedding-0.6B"}
{"ts": "2026-09-23T03:46:58.726501+00:00", "trace_id": null, "stage": "dense", "event": "start"}
{"ts": "2026-09-23T03:46:58.726821+00:00", "trace_id": null, "stage": "dense", "event": "finish", "duration_ms": 0.319, "candidates_out": 20}
{"ts": "2026-09-23T03:46:58.726860+00:00", "trace_id": null, "stage": "lexical", "event": "start"}
{"ts": "2026-09-23T03:46:58.728107+00:00", "trace_id": null, "stage": "lexical", "event": "finish", "duration_ms": 1.246, "candidates_out": 20}
{"ts": "2026-09-23T03:46:58.728170+00:00", "trace_id": null, "stage": "fuse", "event": "start", "candidates_in": 33}
{"ts": "2026-09-23T03:46:58.728252+00:00", "trace_id": null, "stage": "fuse", "event": "finish", "duration_ms": 0.081, "candidates_in": 33, "candidates_out": 22, "top_score": 0.03278688524590164}
{"ts": "2026-09-23T03:46:58.732574+00:00", "trace_id": null, "stage": "gate", "event": "start", "candidates_in": 5}
{"ts": "2026-09-23T03:46:58.732699+00:00", "trace_id": null, "stage": "gate", "event": "finish", "duration_ms": 0.128, "candidates_in": 5, "candidates_out": 5, "top_score": 0.14065573770491804}
{"ts": "2026-09-23T03:47:00.400271+00:00", "trace_id": null, "stage": "gate_form", "event": "start"}
{"ts": "2026-09-23T03:47:00.400389+00:00", "trace_id": null, "stage": "gate_form", "event": "finish", "duration_ms": 0.121}
{"ts": "2026-09-23T03:47:00.400435+00:00", "trace_id": null, "stage": "gate_literal", "event": "start"}
{"ts": "2026-09-23T03:47:00.400565+00:00", "trace_id": null, "stage": "gate_literal", "event": "finish", "duration_ms": 0.129}
{"ts": "2026-09-23T03:47:00.400603+00:00", "trace_id": null, "stage": "gate_entail", "event": "start", "skipped": true, "reason": "no_entailment_model"}
{"ts": "2026-09-23T03:47:00.400644+00:00", "trace_id": null, "stage": "gate_entail", "event": "finish", "duration_ms": 0.041, "degraded": true, "skipped": true, "reason": "no_entailment_model"}
{"ts": "2026-09-23T03:47:00.400677+00:00", "trace_id": null, "stage": "gate_coverage", "event": "start", "coverage": 1.0}
{"ts": "2026-09-23T03:47:00.400712+00:00", "trace_id": null, "stage": "gate_coverage", "event": "finish", "duration_ms": 0.036, "coverage": 1.0}
{"ts": "2026-09-23T03:47:00.400726+00:00", "trace_id": null, "stage": "gate_conflict", "event": "start"}
{"ts": "2026-09-23T03:47:00.400781+00:00", "trace_id": null, "stage": "gate_conflict", "event": "finish", "duration_ms": 0.054, "skipped": true, "reason": "no_conflict"}
{"ts": "2026-09-23T03:47:00.400810+00:00", "trace_id": null, "stage": "embed_query", "event": "start", "model": "Qwen/Qwen3-Embedding-0.6B"}
{"ts": "2026-09-23T03:47:00.440064+00:00", "trace_id": null, "stage": "embed_query", "event": "finish", "duration_ms": 39.249, "model": "Qwen/Qwen3-Embedding-0.6B"}
{"ts": "2026-09-23T03:47:00.440135+00:00", "trace_id": null, "stage": "dense", "event": "start"}
{"ts": "2026-09-23T03:47:00.440338+00:00", "trace_id": null, "stage": "dense", "event": "finish", "duration_ms": 0.203, "candidates_out": 20}
{"ts": "2026-09-23T03:47:00.440379+00:00", "trace_id": null, "stage": "lexical", "event": "start"}
{"ts": "2026-09-23T03:47:00.440824+00:00", "trace_id": null, "stage": "lexical", "event": "finish", "duration_ms": 0.444, "candidates_out": 20}
{"ts": "2026-09-23T03:47:00.440881+00:00", "trace_id": null, "stage": "fuse", "event": "start", "candidates_in": 33}
{"ts": "2026-09-23T03:47:00.440948+00:00", "trace_id": null, "stage": "fuse", "event": "finish", "duration_ms": 0.067, "candidates_in": 33, "candidates_out": 19, "top_score": 0.03278688524590164}
{"ts": "2026-09-23T03:47:00.443399+00:00", "trace_id": null, "stage": "gate", "event": "start", "candidates_in": 5}
{"ts": "2026-09-23T03:47:00.443477+00:00", "trace_id": null, "stage": "gate", "event": "finish", "duration_ms": 0.077, "candidates_in": 5, "candidates_out": 5, "top_score": 0.03278688524590164}
{"ts": "2026-09-23T03:47:02.058797+00:00", "trace_id": null, "stage": "gate_form", "event": "start"}
{"ts": "2026-09-23T03:47:02.058946+00:00", "trace_id": null, "stage": "gate_form", "event": "finish", "duration_ms": 0.153}
{"ts": "2026-09-23T03:47:02.059011+00:00", "trace_id": null, "stage": "gate_literal", "event": "start"}
{"ts": "2026-09-23T03:47:02.059150+00:00", "trace_id": null, "stage": "gate_literal", "event": "finish", "duration_ms": 0.139}
{"ts": "2026-09-23T03:47:02.059227+00:00", "trace_id": null, "stage": "gate_entail", "event": "start", "skipped": true, "reason": "no_entailment_model"}
{"ts": "2026-09-23T03:47:02.059310+00:00", "trace_id": null, "stage": "gate_entail", "event": "finish", "duration_ms": 0.083, "degraded": true, "skipped": true, "reason": "no_entailment_model"}
{"ts": "2026-09-23T03:47:02.059361+00:00", "trace_id": null, "stage": "gate_coverage", "event": "start", "coverage": 1.0}
{"ts": "2026-09-23T03:47:02.059425+00:00", "trace_id": null, "stage": "gate_coverage", "event": "finish", "duration_ms": 0.064, "coverage": 1.0}
{"ts": "2026-09-23T03:47:02.059478+00:00", "trace_id": null, "stage": "gate_conflict", "event": "start"}
{"ts": "2026-09-23T03:47:02.059555+00:00", "trace_id": null, "stage": "gate_conflict", "event": "finish", "duration_ms": 0.076, "skipped": true, "reason": "no_conflict"}
{"ts": "2026-09-23T03:47:02.059597+00:00", "trace_id": null, "stage": "embed_query", "event": "start", "model": "Qwen/Qwen3-Embedding-0.6B"}
{"ts": "2026-09-23T03:47:02.100304+00:00", "trace_id": null, "stage": "embed_query", "event": "finish", "duration_ms": 40.705, "model": "Qwen/Qwen3-Embedding-0.6B"}
{"ts": "2026-09-23T03:47:02.100372+00:00", "trace_id": null, "stage": "dense", "event": "start"}
{"ts": "2026-09-23T03:47:02.100596+00:00", "trace_id": null, "stage": "dense", "event": "finish", "duration_ms": 0.225, "candidates_out": 20}
{"ts": "2026-09-23T03:47:02.100621+00:00", "trace_id": null, "stage": "lexical", "event": "start"}
{"ts": "2026-09-23T03:47:02.100901+00:00", "trace_id": null, "stage": "lexical", "event": "finish", "duration_ms": 0.279, "candidates_out": 20}
{"ts": "2026-09-23T03:47:02.100954+00:00", "trace_id": null, "stage": "fuse", "event": "start", "candidates_in": 31}
{"ts": "2026-09-23T03:47:02.101021+00:00", "trace_id": null, "stage": "fuse", "event": "finish", "duration_ms": 0.066, "candidates_in": 31, "candidates_out": 19, "top_score": 0.03278688524590164}
{"ts": "2026-09-23T03:47:02.105265+00:00", "trace_id": null, "stage": "gate", "event": "start", "candidates_in": 5}
{"ts": "2026-09-23T03:47:02.105356+00:00", "trace_id": null, "stage": "gate", "event": "finish", "duration_ms": 0.097, "candidates_in": 5, "candidates_out": 5, "top_score": 0.05901639344262295}
{"ts": "2026-09-23T03:47:03.732186+00:00", "trace_id": null, "stage": "gate_form", "event": "start"}
{"ts": "2026-09-23T03:47:03.732281+00:00", "trace_id": null, "stage": "gate_form", "event": "finish", "duration_ms": 0.099}
{"ts": "2026-09-23T03:47:03.732317+00:00", "trace_id": null, "stage": "gate_literal", "event": "start"}
{"ts": "2026-09-23T03:47:03.732394+00:00", "trace_id": null, "stage": "gate_literal", "event": "finish", "duration_ms": 0.076}
{"ts": "2026-09-23T03:47:03.732430+00:00", "trace_id": null, "stage": "gate_entail", "event": "start", "skipped": true, "reason": "no_entailment_model"}
{"ts": "2026-09-23T03:47:03.732471+00:00", "trace_id": null, "stage": "gate_entail", "event": "finish", "duration_ms": 0.041, "degraded": true, "skipped": true, "reason": "no_entailment_model"}
{"ts": "2026-09-23T03:47:03.732487+00:00", "trace_id": null, "stage": "gate_coverage", "event": "start", "coverage": 1.0}
{"ts": "2026-09-23T03:47:03.732542+00:00", "trace_id": null, "stage": "gate_coverage", "event": "finish", "duration_ms": 0.055, "coverage": 1.0}
{"ts": "2026-09-23T03:47:03.732561+00:00", "trace_id": null, "stage": "gate_conflict", "event": "start"}
{"ts": "2026-09-23T03:47:03.732617+00:00", "trace_id": null, "stage": "gate_conflict", "event": "finish", "duration_ms": 0.055, "skipped": true, "reason": "no_conflict"}
{"ts": "2026-09-23T03:47:03.732642+00:00", "trace_id": null, "stage": "embed_query", "event": "start", "model": "Qwen/Qwen3-Embedding-0.6B"}
{"ts": "2026-09-23T03:47:03.769491+00:00", "trace_id": null, "stage": "embed_query", "event": "finish", "duration_ms": 36.846, "model": "Qwen/Qwen3-Embedding-0.6B"}
{"ts": "2026-09-23T03:47:03.769549+00:00", "trace_id": null, "stage": "dense", "event": "start"}
{"ts": "2026-09-23T03:47:03.769746+00:00", "trace_id": null, "stage": "dense", "event": "finish", "duration_ms": 0.197, "candidates_out": 20}
{"ts": "2026-09-23T03:47:03.769778+00:00", "trace_id": null, "stage": "lexical", "event": "start"}
{"ts": "2026-09-23T03:47:03.770027+00:00", "trace_id": null, "stage": "lexical", "event": "finish", "duration_ms": 0.249, "candidates_out": 20}
{"ts": "2026-09-23T03:47:03.770052+00:00", "trace_id": null, "stage": "fuse", "event": "start", "candidates_in": 33}
{"ts": "2026-09-23T03:47:03.770117+00:00", "trace_id": null, "stage": "fuse", "event": "finish", "duration_ms": 0.064, "candidates_in": 33, "candidates_out": 20, "top_score": 0.03252247488101534}
{"ts": "2026-09-23T03:47:03.776034+00:00", "trace_id": null, "stage": "gate", "event": "start", "candidates_in": 5}
{"ts": "2026-09-23T03:47:03.776104+00:00", "trace_id": null, "stage": "gate", "event": "finish", "duration_ms": 0.07, "candidates_in": 5, "candidates_out": 5, "top_score": 0.03252247488101534}
{"ts": "2026-09-23T03:47:05.140001+00:00", "trace_id": null, "stage": "gate_form", "event": "start"}
{"ts": "2026-09-23T03:47:05.140104+00:00", "trace_id": null, "stage": "gate_form", "event": "finish", "duration_ms": 0.105}
{"ts": "2026-09-23T03:47:05.140146+00:00", "trace_id": null, "stage": "gate_literal", "event": "start", "skipped": true, "reason": "form_failed"}
{"ts": "2026-09-23T03:47:05.140192+00:00", "trace_id": null, "stage": "gate_literal", "event": "finish", "duration_ms": 0.045, "skipped": true, "reason": "form_failed"}
{"ts": "2026-09-23T03:47:05.140241+00:00", "trace_id": null, "stage": "gate_conflict", "event": "start"}
{"ts": "2026-09-23T03:47:05.140293+00:00", "trace_id": null, "stage": "gate_conflict", "event": "finish", "duration_ms": 0.052, "skipped": true, "reason": "no_conflict"}
ABSTAIN lex-004 reason=missing_citation raw="The India's baseline Scope 1 figure in tCO2e is 413."
{"ts": "2026-09-23T03:47:05.140328+00:00", "trace_id": null, "stage": "embed_query", "event": "start", "model": "Qwen/Qwen3-Embedding-0.6B"}
{"ts": "2026-09-23T03:47:05.186868+00:00", "trace_id": null, "stage": "embed_query", "event": "finish", "duration_ms": 46.536, "model": "Qwen/Qwen3-Embedding-0.6B"}
{"ts": "2026-09-23T03:47:05.186949+00:00", "trace_id": null, "stage": "dense", "event": "start"}
{"ts": "2026-09-23T03:47:05.187352+00:00", "trace_id": null, "stage": "dense", "event": "finish", "duration_ms": 0.399, "candidates_out": 20}
{"ts": "2026-09-23T03:47:05.187463+00:00", "trace_id": null, "stage": "lexical", "event": "start"}
{"ts": "2026-09-23T03:47:05.188086+00:00", "trace_id": null, "stage": "lexical", "event": "finish", "duration_ms": 0.623, "candidates_out": 20}
{"ts": "2026-09-23T03:47:05.188198+00:00", "trace_id": null, "stage": "fuse", "event": "start", "candidates_in": 33}
{"ts": "2026-09-23T03:47:05.188389+00:00", "trace_id": null, "stage": "fuse", "event": "finish", "duration_ms": 0.189, "candidates_in": 33, "candidates_out": 20, "top_score": 0.03278688524590164}
{"ts": "2026-09-23T03:47:05.193098+00:00", "trace_id": null, "stage": "gate", "event": "start", "candidates_in": 5}
{"ts": "2026-09-23T03:47:05.193576+00:00", "trace_id": null, "stage": "gate", "event": "finish", "duration_ms": 0.481, "candidates_in": 5, "candidates_out": 5, "top_score": 0.03278688524590164}
{"ts": "2026-09-23T03:47:06.622394+00:00", "trace_id": null, "stage": "gate_form", "event": "start"}
{"ts": "2026-09-23T03:47:06.622590+00:00", "trace_id": null, "stage": "gate_form", "event": "finish", "duration_ms": 0.2}
{"ts": "2026-09-23T03:47:06.622679+00:00", "trace_id": null, "stage": "gate_literal", "event": "start"}
{"ts": "2026-09-23T03:47:06.622833+00:00", "trace_id": null, "stage": "gate_literal", "event": "finish", "duration_ms": 0.155}
{"ts": "2026-09-23T03:47:06.622907+00:00", "trace_id": null, "stage": "gate_entail", "event": "start", "skipped": true, "reason": "no_entailment_model"}
{"ts": "2026-09-23T03:47:06.623024+00:00", "trace_id": null, "stage": "gate_entail", "event": "finish", "duration_ms": 0.117, "degraded": true, "skipped": true, "reason": "no_entailment_model"}
{"ts": "2026-09-23T03:47:06.623083+00:00", "trace_id": null, "stage": "gate_coverage", "event": "start", "coverage": 1.0}
{"ts": "2026-09-23T03:47:06.623247+00:00", "trace_id": null, "stage": "gate_coverage", "event": "finish", "duration_ms": 0.164, "coverage": 1.0}
{"ts": "2026-09-23T03:47:06.623275+00:00", "trace_id": null, "stage": "gate_conflict", "event": "start"}
{"ts": "2026-09-23T03:47:06.623401+00:00", "trace_id": null, "stage": "gate_conflict", "event": "finish", "duration_ms": 0.124, "skipped": true, "reason": "no_conflict"}
{"ts": "2026-09-23T03:47:06.623482+00:00", "trace_id": null, "stage": "embed_query", "event": "start", "model": "Qwen/Qwen3-Embedding-0.6B"}
{"ts": "2026-09-23T03:47:06.681627+00:00", "trace_id": null, "stage": "embed_query", "event": "finish", "duration_ms": 58.139, "model": "Qwen/Qwen3-Embedding-0.6B"}
{"ts": "2026-09-23T03:47:06.681792+00:00", "trace_id": null, "stage": "dense", "event": "start"}
{"ts": "2026-09-23T03:47:06.682099+00:00", "trace_id": null, "stage": "dense", "event": "finish", "duration_ms": 0.307, "candidates_out": 20}
{"ts": "2026-09-23T03:47:06.682154+00:00", "trace_id": null, "stage": "lexical", "event": "start"}
{"ts": "2026-09-23T03:47:06.684906+00:00", "trace_id": null, "stage": "lexical", "event": "finish", "duration_ms": 2.745, "candidates_out": 20}
{"ts": "2026-09-23T03:47:06.684998+00:00", "trace_id": null, "stage": "fuse", "event": "start", "candidates_in": 31}
{"ts": "2026-09-23T03:47:06.685121+00:00", "trace_id": null, "stage": "fuse", "event": "finish", "duration_ms": 0.123, "candidates_in": 31, "candidates_out": 18, "top_score": 0.03252247488101534}
{"ts": "2026-09-23T03:47:06.689326+00:00", "trace_id": null, "stage": "gate", "event": "start", "candidates_in": 5}
{"ts": "2026-09-23T03:47:06.689437+00:00", "trace_id": null, "stage": "gate", "event": "finish", "duration_ms": 0.113, "candidates_in": 5, "candidates_out": 5, "top_score": 0.03252247488101534}
{"ts": "2026-09-23T03:47:08.063485+00:00", "trace_id": null, "stage": "gate_form", "event": "start"}
{"ts": "2026-09-23T03:47:08.063572+00:00", "trace_id": null, "stage": "gate_form", "event": "finish", "duration_ms": 0.09}
{"ts": "2026-09-23T03:47:08.063607+00:00", "trace_id": null, "stage": "gate_literal", "event": "start"}
{"ts": "2026-09-23T03:47:08.063675+00:00", "trace_id": null, "stage": "gate_literal", "event": "finish", "duration_ms": 0.067}
{"ts": "2026-09-23T03:47:08.063714+00:00", "trace_id": null, "stage": "gate_entail", "event": "start", "skipped": true, "reason": "no_entailment_model"}
{"ts": "2026-09-23T03:47:08.063750+00:00", "trace_id": null, "stage": "gate_entail", "event": "finish", "duration_ms": 0.037, "degraded": true, "skipped": true, "reason": "no_entailment_model"}
{"ts": "2026-09-23T03:47:08.063766+00:00", "trace_id": null, "stage": "gate_coverage", "event": "start", "coverage": 1.0}
{"ts": "2026-09-23T03:47:08.063803+00:00", "trace_id": null, "stage": "gate_coverage", "event": "finish", "duration_ms": 0.036, "coverage": 1.0}
{"ts": "2026-09-23T03:47:08.063826+00:00", "trace_id": null, "stage": "gate_conflict", "event": "start"}
{"ts": "2026-09-23T03:47:08.063872+00:00", "trace_id": null, "stage": "gate_conflict", "event": "finish", "duration_ms": 0.046, "skipped": true, "reason": "no_conflict"}
{"ts": "2026-09-23T03:47:08.063898+00:00", "trace_id": null, "stage": "embed_query", "event": "start", "model": "Qwen/Qwen3-Embedding-0.6B"}
{"ts": "2026-09-23T03:47:08.096611+00:00", "trace_id": null, "stage": "embed_query", "event": "finish", "duration_ms": 32.709, "model": "Qwen/Qwen3-Embedding-0.6B"}
{"ts": "2026-09-23T03:47:08.096686+00:00", "trace_id": null, "stage": "dense", "event": "start"}
{"ts": "2026-09-23T03:47:08.096898+00:00", "trace_id": null, "stage": "dense", "event": "finish", "duration_ms": 0.211, "candidates_out": 20}
{"ts": "2026-09-23T03:47:08.096930+00:00", "trace_id": null, "stage": "lexical", "event": "start"}
{"ts": "2026-09-23T03:47:08.097180+00:00", "trace_id": null, "stage": "lexical", "event": "finish", "duration_ms": 0.249, "candidates_out": 20}
{"ts": "2026-09-23T03:47:08.097222+00:00", "trace_id": null, "stage": "fuse", "event": "start", "candidates_in": 31}
{"ts": "2026-09-23T03:47:08.097274+00:00", "trace_id": null, "stage": "fuse", "event": "finish", "duration_ms": 0.052, "candidates_in": 31, "candidates_out": 19, "top_score": 0.03278688524590164}
{"ts": "2026-09-23T03:47:08.100571+00:00", "trace_id": null, "stage": "gate", "event": "start", "candidates_in": 5}
{"ts": "2026-09-23T03:47:08.100651+00:00", "trace_id": null, "stage": "gate", "event": "finish", "duration_ms": 0.08, "candidates_in": 5, "candidates_out": 5, "top_score": 0.05901639344262295}
{"ts": "2026-09-23T03:47:09.696354+00:00", "trace_id": null, "stage": "gate_form", "event": "start"}
{"ts": "2026-09-23T03:47:09.696473+00:00", "trace_id": null, "stage": "gate_form", "event": "finish", "duration_ms": 0.123}
{"ts": "2026-09-23T03:47:09.696497+00:00", "trace_id": null, "stage": "gate_literal", "event": "start"}
{"ts": "2026-09-23T03:47:09.696623+00:00", "trace_id": null, "stage": "gate_literal", "event": "finish", "duration_ms": 0.126}
{"ts": "2026-09-23T03:47:09.696665+00:00", "trace_id": null, "stage": "gate_entail", "event": "start", "skipped": true, "reason": "no_entailment_model"}
{"ts": "2026-09-23T03:47:09.696725+00:00", "trace_id": null, "stage": "gate_entail", "event": "finish", "duration_ms": 0.06, "degraded": true, "skipped": true, "reason": "no_entailment_model"}
{"ts": "2026-09-23T03:47:09.696759+00:00", "trace_id": null, "stage": "gate_coverage", "event": "start", "coverage": 1.0}
{"ts": "2026-09-23T03:47:09.696795+00:00", "trace_id": null, "stage": "gate_coverage", "event": "finish", "duration_ms": 0.036, "coverage": 1.0}
{"ts": "2026-09-23T03:47:09.696808+00:00", "trace_id": null, "stage": "gate_conflict", "event": "start"}
{"ts": "2026-09-23T03:47:09.696855+00:00", "trace_id": null, "stage": "gate_conflict", "event": "finish", "duration_ms": 0.044, "skipped": true, "reason": "no_conflict"}
{"ts": "2026-09-23T03:47:09.696924+00:00", "trace_id": null, "stage": "embed_query", "event": "start", "model": "Qwen/Qwen3-Embedding-0.6B"}
{"ts": "2026-09-23T03:47:09.729854+00:00", "trace_id": null, "stage": "embed_query", "event": "finish", "duration_ms": 32.928, "model": "Qwen/Qwen3-Embedding-0.6B"}
{"ts": "2026-09-23T03:47:09.729923+00:00", "trace_id": null, "stage": "dense", "event": "start"}
{"ts": "2026-09-23T03:47:09.730129+00:00", "trace_id": null, "stage": "dense", "event": "finish", "duration_ms": 0.206, "candidates_out": 20}
{"ts": "2026-09-23T03:47:09.730164+00:00", "trace_id": null, "stage": "lexical", "event": "start"}
{"ts": "2026-09-23T03:47:09.730406+00:00", "trace_id": null, "stage": "lexical", "event": "finish", "duration_ms": 0.242, "candidates_out": 20}
{"ts": "2026-09-23T03:47:09.730463+00:00", "trace_id": null, "stage": "fuse", "event": "start", "candidates_in": 32}
{"ts": "2026-09-23T03:47:09.730522+00:00", "trace_id": null, "stage": "fuse", "event": "finish", "duration_ms": 0.059, "candidates_in": 32, "candidates_out": 21, "top_score": 0.03278688524590164}
{"ts": "2026-09-23T03:47:09.734225+00:00", "trace_id": null, "stage": "gate", "event": "start", "candidates_in": 5}
{"ts": "2026-09-23T03:47:09.734298+00:00", "trace_id": null, "stage": "gate", "event": "finish", "duration_ms": 0.073, "candidates_in": 5, "candidates_out": 5, "top_score": 0.05901639344262295}
{"ts": "2026-09-23T03:47:11.370524+00:00", "trace_id": null, "stage": "gate_form", "event": "start"}
{"ts": "2026-09-23T03:47:11.370656+00:00", "trace_id": null, "stage": "gate_form", "event": "finish", "duration_ms": 0.136}
{"ts": "2026-09-23T03:47:11.370700+00:00", "trace_id": null, "stage": "gate_literal", "event": "start"}
{"ts": "2026-09-23T03:47:11.370785+00:00", "trace_id": null, "stage": "gate_literal", "event": "finish", "duration_ms": 0.084}
{"ts": "2026-09-23T03:47:11.370834+00:00", "trace_id": null, "stage": "gate_entail", "event": "start", "skipped": true, "reason": "no_entailment_model"}
{"ts": "2026-09-23T03:47:11.370883+00:00", "trace_id": null, "stage": "gate_entail", "event": "finish", "duration_ms": 0.05, "degraded": true, "skipped": true, "reason": "no_entailment_model"}
{"ts": "2026-09-23T03:47:11.370905+00:00", "trace_id": null, "stage": "gate_coverage", "event": "start", "coverage": 1.0}
{"ts": "2026-09-23T03:47:11.370948+00:00", "trace_id": null, "stage": "gate_coverage", "event": "finish", "duration_ms": 0.043, "coverage": 1.0}
{"ts": "2026-09-23T03:47:11.370970+00:00", "trace_id": null, "stage": "gate_conflict", "event": "start"}
{"ts": "2026-09-23T03:47:11.371021+00:00", "trace_id": null, "stage": "gate_conflict", "event": "finish", "duration_ms": 0.052, "skipped": true, "reason": "no_conflict"}
{"ts": "2026-09-23T03:47:11.371048+00:00", "trace_id": null, "stage": "embed_query", "event": "start", "model": "Qwen/Qwen3-Embedding-0.6B"}
{"ts": "2026-09-23T03:47:11.416531+00:00", "trace_id": null, "stage": "embed_query", "event": "finish", "duration_ms": 45.479, "model": "Qwen/Qwen3-Embedding-0.6B"}
{"ts": "2026-09-23T03:47:11.416680+00:00", "trace_id": null, "stage": "dense", "event": "start"}
{"ts": "2026-09-23T03:47:11.416946+00:00", "trace_id": null, "stage": "dense", "event": "finish", "duration_ms": 0.266, "candidates_out": 20}
{"ts": "2026-09-23T03:47:11.417005+00:00", "trace_id": null, "stage": "lexical", "event": "start"}
{"ts": "2026-09-23T03:47:11.417267+00:00", "trace_id": null, "stage": "lexical", "event": "finish", "duration_ms": 0.261, "candidates_out": 20}
{"ts": "2026-09-23T03:47:11.417337+00:00", "trace_id": null, "stage": "fuse", "event": "start", "candidates_in": 30}
{"ts": "2026-09-23T03:47:11.417425+00:00", "trace_id": null, "stage": "fuse", "event": "finish", "duration_ms": 0.088, "candidates_in": 30, "candidates_out": 19, "top_score": 0.03252247488101534}
{"ts": "2026-09-23T03:47:11.421291+00:00", "trace_id": null, "stage": "gate", "event": "start", "candidates_in": 5}
{"ts": "2026-09-23T03:47:11.421365+00:00", "trace_id": null, "stage": "gate", "event": "finish", "duration_ms": 0.074, "candidates_in": 5, "candidates_out": 5, "top_score": 0.03252247488101534}
{"ts": "2026-09-23T03:47:12.900671+00:00", "trace_id": null, "stage": "gate_form", "event": "start"}
{"ts": "2026-09-23T03:47:12.900836+00:00", "trace_id": null, "stage": "gate_form", "event": "finish", "duration_ms": 0.171}
{"ts": "2026-09-23T03:47:12.900912+00:00", "trace_id": null, "stage": "gate_literal", "event": "start"}
{"ts": "2026-09-23T03:47:12.901056+00:00", "trace_id": null, "stage": "gate_literal", "event": "finish", "duration_ms": 0.143}
{"ts": "2026-09-23T03:47:12.901146+00:00", "trace_id": null, "stage": "gate_entail", "event": "start", "skipped": true, "reason": "no_entailment_model"}
{"ts": "2026-09-23T03:47:12.901253+00:00", "trace_id": null, "stage": "gate_entail", "event": "finish", "duration_ms": 0.108, "degraded": true, "skipped": true, "reason": "no_entailment_model"}
{"ts": "2026-09-23T03:47:12.901317+00:00", "trace_id": null, "stage": "gate_coverage", "event": "start", "coverage": 1.0}
{"ts": "2026-09-23T03:47:12.901401+00:00", "trace_id": null, "stage": "gate_coverage", "event": "finish", "duration_ms": 0.081, "coverage": 1.0}
{"ts": "2026-09-23T03:47:12.901501+00:00", "trace_id": null, "stage": "gate_conflict", "event": "start"}
{"ts": "2026-09-23T03:47:12.901607+00:00", "trace_id": null, "stage": "gate_conflict", "event": "finish", "duration_ms": 0.106, "skipped": true, "reason": "no_conflict"}
{"ts": "2026-09-23T03:47:12.901692+00:00", "trace_id": null, "stage": "embed_query", "event": "start", "model": "Qwen/Qwen3-Embedding-0.6B"}
{"ts": "2026-09-23T03:47:12.940987+00:00", "trace_id": null, "stage": "embed_query", "event": "finish", "duration_ms": 39.293, "model": "Qwen/Qwen3-Embedding-0.6B"}
{"ts": "2026-09-23T03:47:12.941060+00:00", "trace_id": null, "stage": "dense", "event": "start"}
{"ts": "2026-09-23T03:47:12.941293+00:00", "trace_id": null, "stage": "dense", "event": "finish", "duration_ms": 0.233, "candidates_out": 20}
{"ts": "2026-09-23T03:47:12.941328+00:00", "trace_id": null, "stage": "lexical", "event": "start"}
{"ts": "2026-09-23T03:47:12.941648+00:00", "trace_id": null, "stage": "lexical", "event": "finish", "duration_ms": 0.319, "candidates_out": 20}
{"ts": "2026-09-23T03:47:12.941706+00:00", "trace_id": null, "stage": "fuse", "event": "start", "candidates_in": 30}
{"ts": "2026-09-23T03:47:12.941787+00:00", "trace_id": null, "stage": "fuse", "event": "finish", "duration_ms": 0.081, "candidates_in": 30, "candidates_out": 17, "top_score": 0.03252247488101534}
{"ts": "2026-09-23T03:47:12.945765+00:00", "trace_id": null, "stage": "gate", "event": "start", "candidates_in": 5}
{"ts": "2026-09-23T03:47:12.945839+00:00", "trace_id": null, "stage": "gate", "event": "finish", "duration_ms": 0.074, "candidates_in": 5, "candidates_out": 5, "top_score": 0.05854045478582761}
{"ts": "2026-09-23T03:47:14.290388+00:00", "trace_id": null, "stage": "gate_form", "event": "start"}
{"ts": "2026-09-23T03:47:14.290510+00:00", "trace_id": null, "stage": "gate_form", "event": "finish", "duration_ms": 0.125}
{"ts": "2026-09-23T03:47:14.290561+00:00", "trace_id": null, "stage": "gate_literal", "event": "start"}
{"ts": "2026-09-23T03:47:14.290660+00:00", "trace_id": null, "stage": "gate_literal", "event": "finish", "duration_ms": 0.099}
{"ts": "2026-09-23T03:47:14.290718+00:00", "trace_id": null, "stage": "gate_entail", "event": "start", "skipped": true, "reason": "no_entailment_model"}
{"ts": "2026-09-23T03:47:14.290782+00:00", "trace_id": null, "stage": "gate_entail", "event": "finish", "duration_ms": 0.064, "degraded": true, "skipped": true, "reason": "no_entailment_model"}
{"ts": "2026-09-23T03:47:14.290810+00:00", "trace_id": null, "stage": "gate_coverage", "event": "start", "coverage": 1.0}
{"ts": "2026-09-23T03:47:14.290860+00:00", "trace_id": null, "stage": "gate_coverage", "event": "finish", "duration_ms": 0.05, "coverage": 1.0}
{"ts": "2026-09-23T03:47:14.290918+00:00", "trace_id": null, "stage": "gate_conflict", "event": "start"}
{"ts": "2026-09-23T03:47:14.290971+00:00", "trace_id": null, "stage": "gate_conflict", "event": "finish", "duration_ms": 0.053, "skipped": true, "reason": "no_conflict"}
{"ts": "2026-09-23T03:47:14.291001+00:00", "trace_id": null, "stage": "embed_query", "event": "start", "model": "Qwen/Qwen3-Embedding-0.6B"}
{"ts": "2026-09-23T03:47:14.328412+00:00", "trace_id": null, "stage": "embed_query", "event": "finish", "duration_ms": 37.407, "model": "Qwen/Qwen3-Embedding-0.6B"}
{"ts": "2026-09-23T03:47:14.328502+00:00", "trace_id": null, "stage": "dense", "event": "start"}
{"ts": "2026-09-23T03:47:14.328760+00:00", "trace_id": null, "stage": "dense", "event": "finish", "duration_ms": 0.234, "candidates_out": 20}
{"ts": "2026-09-23T03:47:14.328818+00:00", "trace_id": null, "stage": "lexical", "event": "start"}
{"ts": "2026-09-23T03:47:14.329101+00:00", "trace_id": null, "stage": "lexical", "event": "finish", "duration_ms": 0.283, "candidates_out": 20}
{"ts": "2026-09-23T03:47:14.329145+00:00", "trace_id": null, "stage": "fuse", "event": "start", "candidates_in": 30}
{"ts": "2026-09-23T03:47:14.329204+00:00", "trace_id": null, "stage": "fuse", "event": "finish", "duration_ms": 0.059, "candidates_in": 30, "candidates_out": 19, "top_score": 0.03252247488101534}
{"ts": "2026-09-23T03:47:14.333092+00:00", "trace_id": null, "stage": "gate", "event": "start", "candidates_in": 5}
{"ts": "2026-09-23T03:47:14.333192+00:00", "trace_id": null, "stage": "gate", "event": "finish", "duration_ms": 0.101, "candidates_in": 5, "candidates_out": 5, "top_score": 0.03252247488101534}
{"ts": "2026-09-23T03:47:15.746577+00:00", "trace_id": null, "stage": "gate_form", "event": "start"}
{"ts": "2026-09-23T03:47:15.746712+00:00", "trace_id": null, "stage": "gate_form", "event": "finish", "duration_ms": 0.139}
{"ts": "2026-09-23T03:47:15.746783+00:00", "trace_id": null, "stage": "gate_literal", "event": "start"}
{"ts": "2026-09-23T03:47:15.746864+00:00", "trace_id": null, "stage": "gate_literal", "event": "finish", "duration_ms": 0.081}
{"ts": "2026-09-23T03:47:15.746908+00:00", "trace_id": null, "stage": "gate_entail", "event": "start", "skipped": true, "reason": "no_entailment_model"}
{"ts": "2026-09-23T03:47:15.746961+00:00", "trace_id": null, "stage": "gate_entail", "event": "finish", "duration_ms": 0.051, "degraded": true, "skipped": true, "reason": "no_entailment_model"}
{"ts": "2026-09-23T03:47:15.747007+00:00", "trace_id": null, "stage": "gate_coverage", "event": "start", "coverage": 1.0}
{"ts": "2026-09-23T03:47:15.747056+00:00", "trace_id": null, "stage": "gate_coverage", "event": "finish", "duration_ms": 0.049, "coverage": 1.0}
{"ts": "2026-09-23T03:47:15.747076+00:00", "trace_id": null, "stage": "gate_conflict", "event": "start"}
{"ts": "2026-09-23T03:47:15.747120+00:00", "trace_id": null, "stage": "gate_conflict", "event": "finish", "duration_ms": 0.043, "skipped": true, "reason": "no_conflict"}
{"ts": "2026-09-23T03:47:15.747144+00:00", "trace_id": null, "stage": "embed_query", "event": "start", "model": "Qwen/Qwen3-Embedding-0.6B"}
{"ts": "2026-09-23T03:47:15.780616+00:00", "trace_id": null, "stage": "embed_query", "event": "finish", "duration_ms": 33.469, "model": "Qwen/Qwen3-Embedding-0.6B"}
{"ts": "2026-09-23T03:47:15.780687+00:00", "trace_id": null, "stage": "dense", "event": "start"}
{"ts": "2026-09-23T03:47:15.780881+00:00", "trace_id": null, "stage": "dense", "event": "finish", "duration_ms": 0.194, "candidates_out": 20}
{"ts": "2026-09-23T03:47:15.780927+00:00", "trace_id": null, "stage": "lexical", "event": "start"}
{"ts": "2026-09-23T03:47:15.781178+00:00", "trace_id": null, "stage": "lexical", "event": "finish", "duration_ms": 0.25, "candidates_out": 20}
{"ts": "2026-09-23T03:47:15.781234+00:00", "trace_id": null, "stage": "fuse", "event": "start", "candidates_in": 31}
{"ts": "2026-09-23T03:47:15.781306+00:00", "trace_id": null, "stage": "fuse", "event": "finish", "duration_ms": 0.071, "candidates_in": 31, "candidates_out": 21, "top_score": 0.03252247488101534}
{"ts": "2026-09-23T03:47:15.784684+00:00", "trace_id": null, "stage": "gate", "event": "start", "candidates_in": 5}
{"ts": "2026-09-23T03:47:15.784755+00:00", "trace_id": null, "stage": "gate", "event": "finish", "duration_ms": 0.071, "candidates_in": 5, "candidates_out": 5, "top_score": 0.03252247488101534}
{"ts": "2026-09-23T03:47:17.035164+00:00", "trace_id": null, "stage": "gate_form", "event": "start"}
{"ts": "2026-09-23T03:47:17.035283+00:00", "trace_id": null, "stage": "gate_form", "event": "finish", "duration_ms": 0.124}
{"ts": "2026-09-23T03:47:17.035333+00:00", "trace_id": null, "stage": "gate_literal", "event": "start"}
{"ts": "2026-09-23T03:47:17.035436+00:00", "trace_id": null, "stage": "gate_literal", "event": "finish", "duration_ms": 0.102}
{"ts": "2026-09-23T03:47:17.035498+00:00", "trace_id": null, "stage": "gate_entail", "event": "start", "skipped": true, "reason": "no_entailment_model"}
{"ts": "2026-09-23T03:47:17.035562+00:00", "trace_id": null, "stage": "gate_entail", "event": "finish", "duration_ms": 0.065, "degraded": true, "skipped": true, "reason": "no_entailment_model"}
{"ts": "2026-09-23T03:47:17.035588+00:00", "trace_id": null, "stage": "gate_coverage", "event": "start", "coverage": 1.0}
{"ts": "2026-09-23T03:47:17.035639+00:00", "trace_id": null, "stage": "gate_coverage", "event": "finish", "duration_ms": 0.051, "coverage": 1.0}
{"ts": "2026-09-23T03:47:17.035667+00:00", "trace_id": null, "stage": "gate_conflict", "event": "start"}
{"ts": "2026-09-23T03:47:17.035725+00:00", "trace_id": null, "stage": "gate_conflict", "event": "finish", "duration_ms": 0.058, "skipped": true, "reason": "no_conflict"}
{"ts": "2026-09-23T03:47:17.035768+00:00", "trace_id": null, "stage": "embed_query", "event": "start", "model": "Qwen/Qwen3-Embedding-0.6B"}
{"ts": "2026-09-23T03:47:17.072370+00:00", "trace_id": null, "stage": "embed_query", "event": "finish", "duration_ms": 36.599, "model": "Qwen/Qwen3-Embedding-0.6B"}
{"ts": "2026-09-23T03:47:17.072437+00:00", "trace_id": null, "stage": "dense", "event": "start"}
{"ts": "2026-09-23T03:47:17.072654+00:00", "trace_id": null, "stage": "dense", "event": "finish", "duration_ms": 0.217, "candidates_out": 20}
{"ts": "2026-09-23T03:47:17.072691+00:00", "trace_id": null, "stage": "lexical", "event": "start"}
{"ts": "2026-09-23T03:47:17.073004+00:00", "trace_id": null, "stage": "lexical", "event": "finish", "duration_ms": 0.313, "candidates_out": 20}
{"ts": "2026-09-23T03:47:17.073058+00:00", "trace_id": null, "stage": "fuse", "event": "start", "candidates_in": 31}
{"ts": "2026-09-23T03:47:17.073128+00:00", "trace_id": null, "stage": "fuse", "event": "finish", "duration_ms": 0.07, "candidates_in": 31, "candidates_out": 20, "top_score": 0.032266458495966696}
{"ts": "2026-09-23T03:47:17.077474+00:00", "trace_id": null, "stage": "gate", "event": "start", "candidates_in": 5}
{"ts": "2026-09-23T03:47:17.077546+00:00", "trace_id": null, "stage": "gate", "event": "finish", "duration_ms": 0.071, "candidates_in": 5, "candidates_out": 5, "top_score": 0.032266458495966696}
{"ts": "2026-09-23T03:47:18.542822+00:00", "trace_id": null, "stage": "gate_form", "event": "start"}
{"ts": "2026-09-23T03:47:18.542997+00:00", "trace_id": null, "stage": "gate_form", "event": "finish", "duration_ms": 0.182}
{"ts": "2026-09-23T03:47:18.543076+00:00", "trace_id": null, "stage": "gate_literal", "event": "start"}
{"ts": "2026-09-23T03:47:18.543212+00:00", "trace_id": null, "stage": "gate_literal", "event": "finish", "duration_ms": 0.137}
{"ts": "2026-09-23T03:47:18.543264+00:00", "trace_id": null, "stage": "gate_entail", "event": "start", "skipped": true, "reason": "no_entailment_model"}
{"ts": "2026-09-23T03:47:18.543333+00:00", "trace_id": null, "stage": "gate_entail", "event": "finish", "duration_ms": 0.069, "degraded": true, "skipped": true, "reason": "no_entailment_model"}
{"ts": "2026-09-23T03:47:18.543381+00:00", "trace_id": null, "stage": "gate_coverage", "event": "start", "coverage": 1.0}
{"ts": "2026-09-23T03:47:18.543443+00:00", "trace_id": null, "stage": "gate_coverage", "event": "finish", "duration_ms": 0.063, "coverage": 1.0}
{"ts": "2026-09-23T03:47:18.543487+00:00", "trace_id": null, "stage": "gate_conflict", "event": "start"}
{"ts": "2026-09-23T03:47:18.543560+00:00", "trace_id": null, "stage": "gate_conflict", "event": "finish", "duration_ms": 0.073, "skipped": true, "reason": "no_conflict"}
{"ts": "2026-09-23T03:47:18.543624+00:00", "trace_id": null, "stage": "embed_query", "event": "start", "model": "Qwen/Qwen3-Embedding-0.6B"}
{"ts": "2026-09-23T03:47:18.599570+00:00", "trace_id": null, "stage": "embed_query", "event": "finish", "duration_ms": 55.943, "model": "Qwen/Qwen3-Embedding-0.6B"}
{"ts": "2026-09-23T03:47:18.599662+00:00", "trace_id": null, "stage": "dense", "event": "start"}
{"ts": "2026-09-23T03:47:18.599932+00:00", "trace_id": null, "stage": "dense", "event": "finish", "duration_ms": 0.27, "candidates_out": 20}
{"ts": "2026-09-23T03:47:18.599972+00:00", "trace_id": null, "stage": "lexical", "event": "start"}
{"ts": "2026-09-23T03:47:18.600517+00:00", "trace_id": null, "stage": "lexical", "event": "finish", "duration_ms": 0.545, "candidates_out": 20}
{"ts": "2026-09-23T03:47:18.600557+00:00", "trace_id": null, "stage": "fuse", "event": "start", "candidates_in": 33}
{"ts": "2026-09-23T03:47:18.600649+00:00", "trace_id": null, "stage": "fuse", "event": "finish", "duration_ms": 0.091, "candidates_in": 33, "candidates_out": 23, "top_score": 0.03278688524590164}
{"ts": "2026-09-23T03:47:18.608106+00:00", "trace_id": null, "stage": "gate", "event": "start", "candidates_in": 5}
{"ts": "2026-09-23T03:47:18.608231+00:00", "trace_id": null, "stage": "gate", "event": "finish", "duration_ms": 0.128, "candidates_in": 5, "candidates_out": 5, "top_score": 0.08524590163934427}
{"ts": "2026-09-23T03:47:19.974675+00:00", "trace_id": null, "stage": "gate_form", "event": "start"}
{"ts": "2026-09-23T03:47:19.974818+00:00", "trace_id": null, "stage": "gate_form", "event": "finish", "duration_ms": 0.149}
{"ts": "2026-09-23T03:47:19.974883+00:00", "trace_id": null, "stage": "gate_literal", "event": "start"}
{"ts": "2026-09-23T03:47:19.975025+00:00", "trace_id": null, "stage": "gate_literal", "event": "finish", "duration_ms": 0.142}
{"ts": "2026-09-23T03:47:19.975085+00:00", "trace_id": null, "stage": "gate_entail", "event": "start", "skipped": true, "reason": "no_entailment_model"}
{"ts": "2026-09-23T03:47:19.975151+00:00", "trace_id": null, "stage": "gate_entail", "event": "finish", "duration_ms": 0.066, "degraded": true, "skipped": true, "reason": "no_entailment_model"}
{"ts": "2026-09-23T03:47:19.975176+00:00", "trace_id": null, "stage": "gate_coverage", "event": "start", "coverage": 1.0}
{"ts": "2026-09-23T03:47:19.975228+00:00", "trace_id": null, "stage": "gate_coverage", "event": "finish", "duration_ms": 0.052, "coverage": 1.0}
{"ts": "2026-09-23T03:47:19.975255+00:00", "trace_id": null, "stage": "gate_conflict", "event": "start"}
{"ts": "2026-09-23T03:47:19.975356+00:00", "trace_id": null, "stage": "gate_conflict", "event": "finish", "duration_ms": 0.099, "skipped": true, "reason": "no_conflict"}
{"ts": "2026-09-23T03:47:19.975422+00:00", "trace_id": null, "stage": "embed_query", "event": "start", "model": "Qwen/Qwen3-Embedding-0.6B"}
{"ts": "2026-09-23T03:47:20.014896+00:00", "trace_id": null, "stage": "embed_query", "event": "finish", "duration_ms": 39.471, "model": "Qwen/Qwen3-Embedding-0.6B"}
{"ts": "2026-09-23T03:47:20.014973+00:00", "trace_id": null, "stage": "dense", "event": "start"}
{"ts": "2026-09-23T03:47:20.015176+00:00", "trace_id": null, "stage": "dense", "event": "finish", "duration_ms": 0.203, "candidates_out": 20}
{"ts": "2026-09-23T03:47:20.015199+00:00", "trace_id": null, "stage": "lexical", "event": "start"}
{"ts": "2026-09-23T03:47:20.015449+00:00", "trace_id": null, "stage": "lexical", "event": "finish", "duration_ms": 0.249, "candidates_out": 20}
{"ts": "2026-09-23T03:47:20.015499+00:00", "trace_id": null, "stage": "fuse", "event": "start", "candidates_in": 28}
{"ts": "2026-09-23T03:47:20.015565+00:00", "trace_id": null, "stage": "fuse", "event": "finish", "duration_ms": 0.065, "candidates_in": 28, "candidates_out": 18, "top_score": 0.03278688524590164}
{"ts": "2026-09-23T03:47:20.018584+00:00", "trace_id": null, "stage": "gate", "event": "start", "candidates_in": 5}
{"ts": "2026-09-23T03:47:20.018652+00:00", "trace_id": null, "stage": "gate", "event": "finish", "duration_ms": 0.068, "candidates_in": 5, "candidates_out": 5, "top_score": 0.09737704918032787}
{"ts": "2026-09-23T03:47:21.559802+00:00", "trace_id": null, "stage": "gate_form", "event": "start"}
{"ts": "2026-09-23T03:47:21.559921+00:00", "trace_id": null, "stage": "gate_form", "event": "finish", "duration_ms": 0.121}
{"ts": "2026-09-23T03:47:21.559965+00:00", "trace_id": null, "stage": "gate_literal", "event": "start"}
{"ts": "2026-09-23T03:47:21.560028+00:00", "trace_id": null, "stage": "gate_literal", "event": "finish", "duration_ms": 0.062}
{"ts": "2026-09-23T03:47:21.560078+00:00", "trace_id": null, "stage": "gate_entail", "event": "start", "skipped": true, "reason": "no_entailment_model"}
{"ts": "2026-09-23T03:47:21.560117+00:00", "trace_id": null, "stage": "gate_entail", "event": "finish", "duration_ms": 0.04, "degraded": true, "skipped": true, "reason": "no_entailment_model"}
{"ts": "2026-09-23T03:47:21.560132+00:00", "trace_id": null, "stage": "gate_coverage", "event": "start", "coverage": 1.0}
{"ts": "2026-09-23T03:47:21.560179+00:00", "trace_id": null, "stage": "gate_coverage", "event": "finish", "duration_ms": 0.047, "coverage": 1.0}
{"ts": "2026-09-23T03:47:21.560202+00:00", "trace_id": null, "stage": "gate_conflict", "event": "start"}
{"ts": "2026-09-23T03:47:21.560261+00:00", "trace_id": null, "stage": "gate_conflict", "event": "finish", "duration_ms": 0.058, "skipped": true, "reason": "no_conflict"}
{"ts": "2026-09-23T03:47:21.560299+00:00", "trace_id": null, "stage": "embed_query", "event": "start", "model": "Qwen/Qwen3-Embedding-0.6B"}
{"ts": "2026-09-23T03:47:21.603088+00:00", "trace_id": null, "stage": "embed_query", "event": "finish", "duration_ms": 42.785, "model": "Qwen/Qwen3-Embedding-0.6B"}
{"ts": "2026-09-23T03:47:21.603160+00:00", "trace_id": null, "stage": "dense", "event": "start"}
{"ts": "2026-09-23T03:47:21.603351+00:00", "trace_id": null, "stage": "dense", "event": "finish", "duration_ms": 0.191, "candidates_out": 20}
{"ts": "2026-09-23T03:47:21.603390+00:00", "trace_id": null, "stage": "lexical", "event": "start"}
{"ts": "2026-09-23T03:47:21.603670+00:00", "trace_id": null, "stage": "lexical", "event": "finish", "duration_ms": 0.279, "candidates_out": 20}
{"ts": "2026-09-23T03:47:21.603725+00:00", "trace_id": null, "stage": "fuse", "event": "start", "candidates_in": 34}
{"ts": "2026-09-23T03:47:21.603791+00:00", "trace_id": null, "stage": "fuse", "event": "finish", "duration_ms": 0.066, "candidates_in": 34, "candidates_out": 21, "top_score": 0.03252247488101534}
{"ts": "2026-09-23T03:47:21.607183+00:00", "trace_id": null, "stage": "gate", "event": "start", "candidates_in": 5}
{"ts": "2026-09-23T03:47:21.607245+00:00", "trace_id": null, "stage": "gate", "event": "finish", "duration_ms": 0.062, "candidates_in": 5, "candidates_out": 5, "top_score": 0.13303125000000002}
{"ts": "2026-09-23T03:47:22.712432+00:00", "trace_id": null, "stage": "gate_form", "event": "start"}
{"ts": "2026-09-23T03:47:22.712532+00:00", "trace_id": null, "stage": "gate_form", "event": "finish", "duration_ms": 0.105}
{"ts": "2026-09-23T03:47:22.712572+00:00", "trace_id": null, "stage": "gate_literal", "event": "start"}
{"ts": "2026-09-23T03:47:22.712632+00:00", "trace_id": null, "stage": "gate_literal", "event": "finish", "duration_ms": 0.06}
{"ts": "2026-09-23T03:47:22.712678+00:00", "trace_id": null, "stage": "gate_entail", "event": "start", "skipped": true, "reason": "no_entailment_model"}
{"ts": "2026-09-23T03:47:22.712721+00:00", "trace_id": null, "stage": "gate_entail", "event": "finish", "duration_ms": 0.043, "degraded": true, "skipped": true, "reason": "no_entailment_model"}
{"ts": "2026-09-23T03:47:22.712737+00:00", "trace_id": null, "stage": "gate_coverage", "event": "start", "coverage": 1.0}
{"ts": "2026-09-23T03:47:22.712777+00:00", "trace_id": null, "stage": "gate_coverage", "event": "finish", "duration_ms": 0.04, "coverage": 1.0}
{"ts": "2026-09-23T03:47:22.712796+00:00", "trace_id": null, "stage": "gate_conflict", "event": "start"}
{"ts": "2026-09-23T03:47:22.712841+00:00", "trace_id": null, "stage": "gate_conflict", "event": "finish", "duration_ms": 0.045, "skipped": true, "reason": "no_conflict"}
{"ts": "2026-09-23T03:47:22.712864+00:00", "trace_id": null, "stage": "embed_query", "event": "start", "model": "Qwen/Qwen3-Embedding-0.6B"}
{"ts": "2026-09-23T03:47:22.742113+00:00", "trace_id": null, "stage": "embed_query", "event": "finish", "duration_ms": 29.246, "model": "Qwen/Qwen3-Embedding-0.6B"}
{"ts": "2026-09-23T03:47:22.742181+00:00", "trace_id": null, "stage": "dense", "event": "start"}
{"ts": "2026-09-23T03:47:22.742383+00:00", "trace_id": null, "stage": "dense", "event": "finish", "duration_ms": 0.202, "candidates_out": 20}
{"ts": "2026-09-23T03:47:22.742404+00:00", "trace_id": null, "stage": "lexical", "event": "start"}
{"ts": "2026-09-23T03:47:22.742656+00:00", "trace_id": null, "stage": "lexical", "event": "finish", "duration_ms": 0.249, "candidates_out": 20}
{"ts": "2026-09-23T03:47:22.742709+00:00", "trace_id": null, "stage": "fuse", "event": "start", "candidates_in": 30}
{"ts": "2026-09-23T03:47:22.742791+00:00", "trace_id": null, "stage": "fuse", "event": "finish", "duration_ms": 0.081, "candidates_in": 30, "candidates_out": 19, "top_score": 0.03278688524590164}
{"ts": "2026-09-23T03:47:22.745952+00:00", "trace_id": null, "stage": "gate", "event": "start", "candidates_in": 5}
{"ts": "2026-09-23T03:47:22.746015+00:00", "trace_id": null, "stage": "gate", "event": "finish", "duration_ms": 0.063, "candidates_in": 5, "candidates_out": 5, "top_score": 0.09737704918032787}
{"ts": "2026-09-23T03:47:24.116248+00:00", "trace_id": null, "stage": "gate_form", "event": "start"}
{"ts": "2026-09-23T03:47:24.116353+00:00", "trace_id": null, "stage": "gate_form", "event": "finish", "duration_ms": 0.111}
{"ts": "2026-09-23T03:47:24.116397+00:00", "trace_id": null, "stage": "gate_literal", "event": "start"}
{"ts": "2026-09-23T03:47:24.116478+00:00", "trace_id": null, "stage": "gate_literal", "event": "finish", "duration_ms": 0.082}
{"ts": "2026-09-23T03:47:24.116518+00:00", "trace_id": null, "stage": "gate_entail", "event": "start", "skipped": true, "reason": "no_entailment_model"}
{"ts": "2026-09-23T03:47:24.116574+00:00", "trace_id": null, "stage": "gate_entail", "event": "finish", "duration_ms": 0.058, "degraded": true, "skipped": true, "reason": "no_entailment_model"}
{"ts": "2026-09-23T03:47:24.116600+00:00", "trace_id": null, "stage": "gate_coverage", "event": "start", "coverage": 1.0}
{"ts": "2026-09-23T03:47:24.116636+00:00", "trace_id": null, "stage": "gate_coverage", "event": "finish", "duration_ms": 0.036, "coverage": 1.0}
{"ts": "2026-09-23T03:47:24.116655+00:00", "trace_id": null, "stage": "gate_conflict", "event": "start"}
{"ts": "2026-09-23T03:47:24.116702+00:00", "trace_id": null, "stage": "gate_conflict", "event": "finish", "duration_ms": 0.047, "skipped": true, "reason": "no_conflict"}
{"ts": "2026-09-23T03:47:24.116743+00:00", "trace_id": null, "stage": "embed_query", "event": "start", "model": "Qwen/Qwen3-Embedding-0.6B"}
{"ts": "2026-09-23T03:47:24.150058+00:00", "trace_id": null, "stage": "embed_query", "event": "finish", "duration_ms": 33.314, "model": "Qwen/Qwen3-Embedding-0.6B"}
{"ts": "2026-09-23T03:47:24.150126+00:00", "trace_id": null, "stage": "dense", "event": "start"}
{"ts": "2026-09-23T03:47:24.150331+00:00", "trace_id": null, "stage": "dense", "event": "finish", "duration_ms": 0.206, "candidates_out": 20}
{"ts": "2026-09-23T03:47:24.150367+00:00", "trace_id": null, "stage": "lexical", "event": "start"}
{"ts": "2026-09-23T03:47:24.150632+00:00", "trace_id": null, "stage": "lexical", "event": "finish", "duration_ms": 0.265, "candidates_out": 20}
{"ts": "2026-09-23T03:47:24.150668+00:00", "trace_id": null, "stage": "fuse", "event": "start", "candidates_in": 31}
{"ts": "2026-09-23T03:47:24.150727+00:00", "trace_id": null, "stage": "fuse", "event": "finish", "duration_ms": 0.059, "candidates_in": 31, "candidates_out": 19, "top_score": 0.03278688524590164}
{"ts": "2026-09-23T03:47:24.155266+00:00", "trace_id": null, "stage": "gate", "event": "start", "candidates_in": 5}
{"ts": "2026-09-23T03:47:24.155335+00:00", "trace_id": null, "stage": "gate", "event": "finish", "duration_ms": 0.069, "candidates_in": 5, "candidates_out": 5, "top_score": 0.09737704918032787}
{"ts": "2026-09-23T03:47:25.410475+00:00", "trace_id": null, "stage": "gate_form", "event": "start"}
{"ts": "2026-09-23T03:47:25.410656+00:00", "trace_id": null, "stage": "gate_form", "event": "finish", "duration_ms": 0.185}
{"ts": "2026-09-23T03:47:25.410697+00:00", "trace_id": null, "stage": "gate_literal", "event": "start"}
{"ts": "2026-09-23T03:47:25.410777+00:00", "trace_id": null, "stage": "gate_literal", "event": "finish", "duration_ms": 0.08}
{"ts": "2026-09-23T03:47:25.410824+00:00", "trace_id": null, "stage": "gate_entail", "event": "start", "skipped": true, "reason": "no_entailment_model"}
{"ts": "2026-09-23T03:47:25.410871+00:00", "trace_id": null, "stage": "gate_entail", "event": "finish", "duration_ms": 0.046, "degraded": true, "skipped": true, "reason": "no_entailment_model"}
{"ts": "2026-09-23T03:47:25.410892+00:00", "trace_id": null, "stage": "gate_coverage", "event": "start", "coverage": 1.0}
{"ts": "2026-09-23T03:47:25.410932+00:00", "trace_id": null, "stage": "gate_coverage", "event": "finish", "duration_ms": 0.041, "coverage": 1.0}
{"ts": "2026-09-23T03:47:25.410954+00:00", "trace_id": null, "stage": "gate_conflict", "event": "start"}
{"ts": "2026-09-23T03:47:25.411000+00:00", "trace_id": null, "stage": "gate_conflict", "event": "finish", "duration_ms": 0.047, "skipped": true, "reason": "no_conflict"}
{"ts": "2026-09-23T03:47:25.411038+00:00", "trace_id": null, "stage": "embed_query", "event": "start", "model": "Qwen/Qwen3-Embedding-0.6B"}
{"ts": "2026-09-23T03:47:25.446931+00:00", "trace_id": null, "stage": "embed_query", "event": "finish", "duration_ms": 35.89, "model": "Qwen/Qwen3-Embedding-0.6B"}
{"ts": "2026-09-23T03:47:25.446993+00:00", "trace_id": null, "stage": "dense", "event": "start"}
{"ts": "2026-09-23T03:47:25.447176+00:00", "trace_id": null, "stage": "dense", "event": "finish", "duration_ms": 0.182, "candidates_out": 20}
{"ts": "2026-09-23T03:47:25.447200+00:00", "trace_id": null, "stage": "lexical", "event": "start"}
{"ts": "2026-09-23T03:47:25.447470+00:00", "trace_id": null, "stage": "lexical", "event": "finish", "duration_ms": 0.269, "candidates_out": 20}
{"ts": "2026-09-23T03:47:25.447525+00:00", "trace_id": null, "stage": "fuse", "event": "start", "candidates_in": 25}
{"ts": "2026-09-23T03:47:25.447603+00:00", "trace_id": null, "stage": "fuse", "event": "finish", "duration_ms": 0.078, "candidates_in": 25, "candidates_out": 18, "top_score": 0.032266458495966696}
{"ts": "2026-09-23T03:47:25.450128+00:00", "trace_id": null, "stage": "gate", "event": "start", "candidates_in": 5}
{"ts": "2026-09-23T03:47:25.450187+00:00", "trace_id": null, "stage": "gate", "event": "finish", "duration_ms": 0.059, "candidates_in": 5, "candidates_out": 5, "top_score": 0.032018442622950824}
{"ts": "2026-09-23T03:47:27.154048+00:00", "trace_id": null, "stage": "gate_form", "event": "start"}
{"ts": "2026-09-23T03:47:27.154162+00:00", "trace_id": null, "stage": "gate_form", "event": "finish", "duration_ms": 0.116}
{"ts": "2026-09-23T03:47:27.154203+00:00", "trace_id": null, "stage": "gate_literal", "event": "start", "skipped": true, "reason": "form_failed"}
{"ts": "2026-09-23T03:47:27.154247+00:00", "trace_id": null, "stage": "gate_literal", "event": "finish", "duration_ms": 0.042, "skipped": true, "reason": "form_failed"}
{"ts": "2026-09-23T03:47:27.154292+00:00", "trace_id": null, "stage": "gate_conflict", "event": "start"}
{"ts": "2026-09-23T03:47:27.154344+00:00", "trace_id": null, "stage": "gate_conflict", "event": "finish", "duration_ms": 0.052, "skipped": true, "reason": "no_conflict"}
ABSTAIN lex-019 reason=missing_citation raw='Carbon Footprint helps with carbon footprint management.'
{"ts": "2026-09-23T03:47:27.154372+00:00", "trace_id": null, "stage": "embed_query", "event": "start", "model": "Qwen/Qwen3-Embedding-0.6B"}
{"ts": "2026-09-23T03:47:27.188537+00:00", "trace_id": null, "stage": "embed_query", "event": "finish", "duration_ms": 34.16, "model": "Qwen/Qwen3-Embedding-0.6B"}
{"ts": "2026-09-23T03:47:27.188612+00:00", "trace_id": null, "stage": "dense", "event": "start"}
{"ts": "2026-09-23T03:47:27.188821+00:00", "trace_id": null, "stage": "dense", "event": "finish", "duration_ms": 0.208, "candidates_out": 20}
{"ts": "2026-09-23T03:47:27.188861+00:00", "trace_id": null, "stage": "lexical", "event": "start"}
{"ts": "2026-09-23T03:47:27.189140+00:00", "trace_id": null, "stage": "lexical", "event": "finish", "duration_ms": 0.277, "candidates_out": 20}
{"ts": "2026-09-23T03:47:27.189195+00:00", "trace_id": null, "stage": "fuse", "event": "start", "candidates_in": 31}
{"ts": "2026-09-23T03:47:27.189272+00:00", "trace_id": null, "stage": "fuse", "event": "finish", "duration_ms": 0.076, "candidates_in": 31, "candidates_out": 25, "top_score": 0.03252247488101534}
{"ts": "2026-09-23T03:47:27.195383+00:00", "trace_id": null, "stage": "gate", "event": "start", "candidates_in": 5}
{"ts": "2026-09-23T03:47:27.195472+00:00", "trace_id": null, "stage": "gate", "event": "finish", "duration_ms": 0.089, "candidates_in": 5, "candidates_out": 5, "top_score": 0.03252247488101534}
{"ts": "2026-09-23T03:47:29.829972+00:00", "trace_id": null, "stage": "gate_form", "event": "start"}
{"ts": "2026-09-23T03:47:29.830126+00:00", "trace_id": null, "stage": "gate_form", "event": "finish", "duration_ms": 0.157}
{"ts": "2026-09-23T03:47:29.830178+00:00", "trace_id": null, "stage": "gate_literal", "event": "start"}
{"ts": "2026-09-23T03:47:29.830287+00:00", "trace_id": null, "stage": "gate_literal", "event": "finish", "duration_ms": 0.109}
{"ts": "2026-09-23T03:47:29.830335+00:00", "trace_id": null, "stage": "gate_entail", "event": "start", "skipped": true, "reason": "no_entailment_model"}
{"ts": "2026-09-23T03:47:29.830385+00:00", "trace_id": null, "stage": "gate_entail", "event": "finish", "duration_ms": 0.049, "degraded": true, "skipped": true, "reason": "no_entailment_model"}
{"ts": "2026-09-23T03:47:29.830410+00:00", "trace_id": null, "stage": "gate_coverage", "event": "start", "coverage": 1.0}
{"ts": "2026-09-23T03:47:29.830453+00:00", "trace_id": null, "stage": "gate_coverage", "event": "finish", "duration_ms": 0.042, "coverage": 1.0}
{"ts": "2026-09-23T03:47:29.830474+00:00", "trace_id": null, "stage": "gate_conflict", "event": "start"}
{"ts": "2026-09-23T03:47:29.830528+00:00", "trace_id": null, "stage": "gate_conflict", "event": "finish", "duration_ms": 0.053, "skipped": true, "reason": "no_conflict"}
... 20/122 abstain=2
{"ts": "2026-09-23T03:47:29.830561+00:00", "trace_id": null, "stage": "embed_query", "event": "start", "model": "Qwen/Qwen3-Embedding-0.6B"}
{"ts": "2026-09-23T03:47:29.870255+00:00", "trace_id": null, "stage": "embed_query", "event": "finish", "duration_ms": 39.69, "model": "Qwen/Qwen3-Embedding-0.6B"}
{"ts": "2026-09-23T03:47:29.870322+00:00", "trace_id": null, "stage": "dense", "event": "start"}
{"ts": "2026-09-23T03:47:29.870526+00:00", "trace_id": null, "stage": "dense", "event": "finish", "duration_ms": 0.204, "candidates_out": 20}
{"ts": "2026-09-23T03:47:29.870549+00:00", "trace_id": null, "stage": "lexical", "event": "start"}
{"ts": "2026-09-23T03:47:29.870849+00:00", "trace_id": null, "stage": "lexical", "event": "finish", "duration_ms": 0.299, "candidates_out": 20}
{"ts": "2026-09-23T03:47:29.870900+00:00", "trace_id": null, "stage": "fuse", "event": "start", "candidates_in": 30}
{"ts": "2026-09-23T03:47:29.870969+00:00", "trace_id": null, "stage": "fuse", "event": "finish", "duration_ms": 0.068, "candidates_in": 30, "candidates_out": 21, "top_score": 0.03278688524590164}
{"ts": "2026-09-23T03:47:29.874928+00:00", "trace_id": null, "stage": "gate", "event": "start", "candidates_in": 5}
{"ts": "2026-09-23T03:47:29.875003+00:00", "trace_id": null, "stage": "gate", "event": "finish", "duration_ms": 0.073, "candidates_in": 5, "candidates_out": 5, "top_score": 0.051971726190476186}
{"ts": "2026-09-23T03:47:31.321110+00:00", "trace_id": null, "stage": "gate_form", "event": "start"}
{"ts": "2026-09-23T03:47:31.321209+00:00", "trace_id": null, "stage": "gate_form", "event": "finish", "duration_ms": 0.103}
{"ts": "2026-09-23T03:47:31.321271+00:00", "trace_id": null, "stage": "gate_literal", "event": "start"}
{"ts": "2026-09-23T03:47:31.321392+00:00", "trace_id": null, "stage": "gate_literal", "event": "finish", "duration_ms": 0.122}
{"ts": "2026-09-23T03:47:31.321463+00:00", "trace_id": null, "stage": "gate_entail", "event": "start", "skipped": true, "reason": "no_entailment_model"}
{"ts": "2026-09-23T03:47:31.321511+00:00", "trace_id": null, "stage": "gate_entail", "event": "finish", "duration_ms": 0.048, "degraded": true, "skipped": true, "reason": "no_entailment_model"}
{"ts": "2026-09-23T03:47:31.321535+00:00", "trace_id": null, "stage": "gate_coverage", "event": "start", "coverage": 1.0}
{"ts": "2026-09-23T03:47:31.321575+00:00", "trace_id": null, "stage": "gate_coverage", "event": "finish", "duration_ms": 0.04, "coverage": 1.0}
{"ts": "2026-09-23T03:47:31.321596+00:00", "trace_id": null, "stage": "gate_conflict", "event": "start"}
{"ts": "2026-09-23T03:47:31.321652+00:00", "trace_id": null, "stage": "gate_conflict", "event": "finish", "duration_ms": 0.055, "skipped": true, "reason": "no_conflict"}
{"ts": "2026-09-23T03:47:31.321744+00:00", "trace_id": null, "stage": "embed_query", "event": "start", "model": "Qwen/Qwen3-Embedding-0.6B"}
{"ts": "2026-09-23T03:47:31.355345+00:00", "trace_id": null, "stage": "embed_query", "event": "finish", "duration_ms": 33.598, "model": "Qwen/Qwen3-Embedding-0.6B"}
{"ts": "2026-09-23T03:47:31.355418+00:00", "trace_id": null, "stage": "dense", "event": "start"}
{"ts": "2026-09-23T03:47:31.355628+00:00", "trace_id": null, "stage": "dense", "event": "finish", "duration_ms": 0.21, "candidates_out": 20}
{"ts": "2026-09-23T03:47:31.355672+00:00", "trace_id": null, "stage": "lexical", "event": "start"}
{"ts": "2026-09-23T03:47:31.355949+00:00", "trace_id": null, "stage": "lexical", "event": "finish", "duration_ms": 0.276, "candidates_out": 20}
{"ts": "2026-09-23T03:47:31.356006+00:00", "trace_id": null, "stage": "fuse", "event": "start", "candidates_in": 30}
{"ts": "2026-09-23T03:47:31.356082+00:00", "trace_id": null, "stage": "fuse", "event": "finish", "duration_ms": 0.076, "candidates_in": 30, "candidates_out": 20, "top_score": 0.03278688524590164}
{"ts": "2026-09-23T03:47:31.359922+00:00", "trace_id": null, "stage": "gate", "event": "start", "candidates_in": 5}
{"ts": "2026-09-23T03:47:31.359984+00:00", "trace_id": null, "stage": "gate", "event": "finish", "duration_ms": 0.062, "candidates_in": 5, "candidates_out": 5, "top_score": 0.09428571428571428}
{"ts": "2026-09-23T03:47:32.870482+00:00", "trace_id": null, "stage": "gate_form", "event": "start"}
{"ts": "2026-09-23T03:47:32.870579+00:00", "trace_id": null, "stage": "gate_form", "event": "finish", "duration_ms": 0.101}
{"ts": "2026-09-23T03:47:32.870619+00:00", "trace_id": null, "stage": "gate_literal", "event": "start"}
{"ts": "2026-09-23T03:47:32.870709+00:00", "trace_id": null, "stage": "gate_literal", "event": "finish", "duration_ms": 0.089}
{"ts": "2026-09-23T03:47:32.870757+00:00", "trace_id": null, "stage": "gate_entail", "event": "start", "skipped": true, "reason": "no_entailment_model"}
{"ts": "2026-09-23T03:47:32.870803+00:00", "trace_id": null, "stage": "gate_entail", "event": "finish", "duration_ms": 0.047, "degraded": true, "skipped": true, "reason": "no_entailment_model"}
{"ts": "2026-09-23T03:47:32.870823+00:00", "trace_id": null, "stage": "gate_coverage", "event": "start", "coverage": 1.0}
{"ts": "2026-09-23T03:47:32.870866+00:00", "trace_id": null, "stage": "gate_coverage", "event": "finish", "duration_ms": 0.043, "coverage": 1.0}
{"ts": "2026-09-23T03:47:32.870888+00:00", "trace_id": null, "stage": "gate_conflict", "event": "start"}
{"ts": "2026-09-23T03:47:32.870934+00:00", "trace_id": null, "stage": "gate_conflict", "event": "finish", "duration_ms": 0.046, "skipped": true, "reason": "no_conflict"}
{"ts": "2026-09-23T03:47:32.870957+00:00", "trace_id": null, "stage": "embed_query", "event": "start", "model": "Qwen/Qwen3-Embedding-0.6B"}
{"ts": "2026-09-23T03:47:32.902752+00:00", "trace_id": null, "stage": "embed_query", "event": "finish", "duration_ms": 31.793, "model": "Qwen/Qwen3-Embedding-0.6B"}
{"ts": "2026-09-23T03:47:32.902812+00:00", "trace_id": null, "stage": "dense", "event": "start"}
{"ts": "2026-09-23T03:47:32.903008+00:00", "trace_id": null, "stage": "dense", "event": "finish", "duration_ms": 0.196, "candidates_out": 20}
{"ts": "2026-09-23T03:47:32.903029+00:00", "trace_id": null, "stage": "lexical", "event": "start"}
{"ts": "2026-09-23T03:47:32.903268+00:00", "trace_id": null, "stage": "lexical", "event": "finish", "duration_ms": 0.238, "candidates_out": 20}
{"ts": "2026-09-23T03:47:32.903317+00:00", "trace_id": null, "stage": "fuse", "event": "start", "candidates_in": 29}
{"ts": "2026-09-23T03:47:32.903385+00:00", "trace_id": null, "stage": "fuse", "event": "finish", "duration_ms": 0.068, "candidates_in": 29, "candidates_out": 20, "top_score": 0.03278688524590164}
{"ts": "2026-09-23T03:47:32.906967+00:00", "trace_id": null, "stage": "gate", "event": "start", "candidates_in": 5}
{"ts": "2026-09-23T03:47:32.907042+00:00", "trace_id": null, "stage": "gate", "event": "finish", "duration_ms": 0.075, "candidates_in": 5, "candidates_out": 5, "top_score": 0.054098360655737705}
{"ts": "2026-09-23T03:47:34.637869+00:00", "trace_id": null, "stage": "gate_form", "event": "start"}
{"ts": "2026-09-23T03:47:34.638007+00:00", "trace_id": null, "stage": "gate_form", "event": "finish", "duration_ms": 0.146}
{"ts": "2026-09-23T03:47:34.638103+00:00", "trace_id": null, "stage": "gate_literal", "event": "start"}
{"ts": "2026-09-23T03:47:34.638273+00:00", "trace_id": null, "stage": "gate_literal", "event": "finish", "duration_ms": 0.172}
{"ts": "2026-09-23T03:47:34.638329+00:00", "trace_id": null, "stage": "gate_entail", "event": "start", "skipped": true, "reason": "no_entailment_model"}
{"ts": "2026-09-23T03:47:34.638406+00:00", "trace_id": null, "stage": "gate_entail", "event": "finish", "duration_ms": 0.077, "degraded": true, "skipped": true, "reason": "no_entailment_model"}
{"ts": "2026-09-23T03:47:34.638456+00:00", "trace_id": null, "stage": "gate_coverage", "event": "start", "coverage": 1.0}
{"ts": "2026-09-23T03:47:34.638515+00:00", "trace_id": null, "stage": "gate_coverage", "event": "finish", "duration_ms": 0.057, "coverage": 1.0}
{"ts": "2026-09-23T03:47:34.638575+00:00", "trace_id": null, "stage": "gate_conflict", "event": "start"}
{"ts": "2026-09-23T03:47:34.638646+00:00", "trace_id": null, "stage": "gate_conflict", "event": "finish", "duration_ms": 0.07, "skipped": true, "reason": "no_conflict"}
{"ts": "2026-09-23T03:47:34.638680+00:00", "trace_id": null, "stage": "embed_query", "event": "start", "model": "Qwen/Qwen3-Embedding-0.6B"}
{"ts": "2026-09-23T03:47:34.677250+00:00", "trace_id": null, "stage": "embed_query", "event": "finish", "duration_ms": 38.568, "model": "Qwen/Qwen3-Embedding-0.6B"}
{"ts": "2026-09-23T03:47:34.677324+00:00", "trace_id": null, "stage": "dense", "event": "start"}
{"ts": "2026-09-23T03:47:34.677544+00:00", "trace_id": null, "stage": "dense", "event": "finish", "duration_ms": 0.22, "candidates_out": 20}
{"ts": "2026-09-23T03:47:34.677582+00:00", "trace_id": null, "stage": "lexical", "event": "start"}
{"ts": "2026-09-23T03:47:34.680312+00:00", "trace_id": null, "stage": "lexical", "event": "finish", "duration_ms": 2.73, "candidates_out": 20}
{"ts": "2026-09-23T03:47:34.680379+00:00", "trace_id": null, "stage": "fuse", "event": "start", "candidates_in": 31}
{"ts": "2026-09-23T03:47:34.680459+00:00", "trace_id": null, "stage": "fuse", "event": "finish", "duration_ms": 0.08, "candidates_in": 31, "candidates_out": 22, "top_score": 0.03278688524590164}
{"ts": "2026-09-23T03:47:34.684811+00:00", "trace_id": null, "stage": "gate", "event": "start", "candidates_in": 5}
{"ts": "2026-09-23T03:47:34.684905+00:00", "trace_id": null, "stage": "gate", "event": "finish", "duration_ms": 0.092, "candidates_in": 5, "candidates_out": 5, "top_score": 0.08524590163934427}
{"ts": "2026-09-23T03:47:36.272171+00:00", "trace_id": null, "stage": "gate_form", "event": "start"}
{"ts": "2026-09-23T03:47:36.272333+00:00", "trace_id": null, "stage": "gate_form", "event": "finish", "duration_ms": 0.166}
{"ts": "2026-09-23T03:47:36.272397+00:00", "trace_id": null, "stage": "gate_literal", "event": "start"}
{"ts": "2026-09-23T03:47:36.272556+00:00", "trace_id": null, "stage": "gate_literal", "event": "finish", "duration_ms": 0.159}
{"ts": "2026-09-23T03:47:36.272629+00:00", "trace_id": null, "stage": "gate_entail", "event": "start", "skipped": true, "reason": "no_entailment_model"}
{"ts": "2026-09-23T03:47:36.272682+00:00", "trace_id": null, "stage": "gate_entail", "event": "finish", "duration_ms": 0.054, "degraded": true, "skipped": true, "reason": "no_entailment_model"}
{"ts": "2026-09-23T03:47:36.272720+00:00", "trace_id": null, "stage": "gate_coverage", "event": "start", "coverage": 1.0}
{"ts": "2026-09-23T03:47:36.272769+00:00", "trace_id": null, "stage": "gate_coverage", "event": "finish", "duration_ms": 0.049, "coverage": 1.0}
{"ts": "2026-09-23T03:47:36.272804+00:00", "trace_id": null, "stage": "gate_conflict", "event": "start"}
{"ts": "2026-09-23T03:47:36.272868+00:00", "trace_id": null, "stage": "gate_conflict", "event": "finish", "duration_ms": 0.063, "skipped": true, "reason": "no_conflict"}
{"ts": "2026-09-23T03:47:36.272927+00:00", "trace_id": null, "stage": "embed_query", "event": "start", "model": "Qwen/Qwen3-Embedding-0.6B"}
{"ts": "2026-09-23T03:47:36.317467+00:00", "trace_id": null, "stage": "embed_query", "event": "finish", "duration_ms": 44.536, "model": "Qwen/Qwen3-Embedding-0.6B"}
{"ts": "2026-09-23T03:47:36.317558+00:00", "trace_id": null, "stage": "dense", "event": "start"}
{"ts": "2026-09-23T03:47:36.317816+00:00", "trace_id": null, "stage": "dense", "event": "finish", "duration_ms": 0.257, "candidates_out": 20}
{"ts": "2026-09-23T03:47:36.317865+00:00", "trace_id": null, "stage": "lexical", "event": "start"}
{"ts": "2026-09-23T03:47:36.318267+00:00", "trace_id": null, "stage": "lexical", "event": "finish", "duration_ms": 0.4, "candidates_out": 20}
{"ts": "2026-09-23T03:47:36.318343+00:00", "trace_id": null, "stage": "fuse", "event": "start", "candidates_in": 30}
{"ts": "2026-09-23T03:47:36.318441+00:00", "trace_id": null, "stage": "fuse", "event": "finish", "duration_ms": 0.098, "candidates_in": 30, "candidates_out": 20, "top_score": 0.03252247488101534}
{"ts": "2026-09-23T03:47:36.323589+00:00", "trace_id": null, "stage": "gate", "event": "start", "candidates_in": 5}
{"ts": "2026-09-23T03:47:36.323677+00:00", "trace_id": null, "stage": "gate", "event": "finish", "duration_ms": 0.09, "candidates_in": 5, "candidates_out": 5, "top_score": 0.09583138173302108}
{"ts": "2026-09-23T03:47:37.557530+00:00", "trace_id": null, "stage": "gate_form", "event": "start"}
{"ts": "2026-09-23T03:47:37.557648+00:00", "trace_id": null, "stage": "gate_form", "event": "finish", "duration_ms": 0.122}
{"ts": "2026-09-23T03:47:37.557696+00:00", "trace_id": null, "stage": "gate_literal", "event": "start"}
{"ts": "2026-09-23T03:47:37.557786+00:00", "trace_id": null, "stage": "gate_literal", "event": "finish", "duration_ms": 0.09}
{"ts": "2026-09-23T03:47:37.557841+00:00", "trace_id": null, "stage": "gate_entail", "event": "start", "skipped": true, "reason": "no_entailment_model"}
{"ts": "2026-09-23T03:47:37.557900+00:00", "trace_id": null, "stage": "gate_entail", "event": "finish", "duration_ms": 0.059, "degraded": true, "skipped": true, "reason": "no_entailment_model"}
{"ts": "2026-09-23T03:47:37.557924+00:00", "trace_id": null, "stage": "gate_coverage", "event": "start", "coverage": 1.0}
{"ts": "2026-09-23T03:47:37.557970+00:00", "trace_id": null, "stage": "gate_coverage", "event": "finish", "duration_ms": 0.045, "coverage": 1.0}
{"ts": "2026-09-23T03:47:37.557995+00:00", "trace_id": null, "stage": "gate_conflict", "event": "start"}
{"ts": "2026-09-23T03:47:37.558052+00:00", "trace_id": null, "stage": "gate_conflict", "event": "finish", "duration_ms": 0.057, "skipped": true, "reason": "no_conflict"}
{"ts": "2026-09-23T03:47:37.558086+00:00", "trace_id": null, "stage": "embed_query", "event": "start", "model": "Qwen/Qwen3-Embedding-0.6B"}
{"ts": "2026-09-23T03:47:37.597175+00:00", "trace_id": null, "stage": "embed_query", "event": "finish", "duration_ms": 39.085, "model": "Qwen/Qwen3-Embedding-0.6B"}
{"ts": "2026-09-23T03:47:37.597250+00:00", "trace_id": null, "stage": "dense", "event": "start"}
{"ts": "2026-09-23T03:47:37.597465+00:00", "trace_id": null, "stage": "dense", "event": "finish", "duration_ms": 0.214, "candidates_out": 20}
{"ts": "2026-09-23T03:47:37.597503+00:00", "trace_id": null, "stage": "lexical", "event": "start"}
{"ts": "2026-09-23T03:47:37.597791+00:00", "trace_id": null, "stage": "lexical", "event": "finish", "duration_ms": 0.287, "candidates_out": 20}
{"ts": "2026-09-23T03:47:37.597844+00:00", "trace_id": null, "stage": "fuse", "event": "start", "candidates_in": 32}
{"ts": "2026-09-23T03:47:37.597915+00:00", "trace_id": null, "stage": "fuse", "event": "finish", "duration_ms": 0.07, "candidates_in": 32, "candidates_out": 21, "top_score": 0.03278688524590164}
{"ts": "2026-09-23T03:47:37.601957+00:00", "trace_id": null, "stage": "gate", "event": "start", "candidates_in": 5}
{"ts": "2026-09-23T03:47:37.602264+00:00", "trace_id": null, "stage": "gate", "event": "finish", "duration_ms": 0.307, "candidates_in": 5, "candidates_out": 6, "top_score": 0.0532258064516129}
{"ts": "2026-09-23T03:47:39.485844+00:00", "trace_id": null, "stage": "gate_form", "event": "start"}
{"ts": "2026-09-23T03:47:39.485943+00:00", "trace_id": null, "stage": "gate_form", "event": "finish", "duration_ms": 0.103}
{"ts": "2026-09-23T03:47:39.485986+00:00", "trace_id": null, "stage": "gate_literal", "event": "start"}
{"ts": "2026-09-23T03:47:39.486056+00:00", "trace_id": null, "stage": "gate_literal", "event": "finish", "duration_ms": 0.07}
{"ts": "2026-09-23T03:47:39.486106+00:00", "trace_id": null, "stage": "gate_entail", "event": "start", "skipped": true, "reason": "no_entailment_model"}
{"ts": "2026-09-23T03:47:39.486159+00:00", "trace_id": null, "stage": "gate_entail", "event": "finish", "duration_ms": 0.053, "degraded": true, "skipped": true, "reason": "no_entailment_model"}
{"ts": "2026-09-23T03:47:39.486181+00:00", "trace_id": null, "stage": "gate_coverage", "event": "start", "coverage": 1.0}
{"ts": "2026-09-23T03:47:39.486222+00:00", "trace_id": null, "stage": "gate_coverage", "event": "finish", "duration_ms": 0.04, "coverage": 1.0}
{"ts": "2026-09-23T03:47:39.486244+00:00", "trace_id": null, "stage": "gate_conflict", "event": "start"}
{"ts": "2026-09-23T03:47:39.486336+00:00", "trace_id": null, "stage": "gate_conflict", "event": "finish", "duration_ms": 0.092, "reason": "version_conflict"}
{"ts": "2026-09-23T03:47:39.486363+00:00", "trace_id": null, "stage": "embed_query", "event": "start", "model": "Qwen/Qwen3-Embedding-0.6B"}
{"ts": "2026-09-23T03:47:39.525418+00:00", "trace_id": null, "stage": "embed_query", "event": "finish", "duration_ms": 39.051, "model": "Qwen/Qwen3-Embedding-0.6B"}
{"ts": "2026-09-23T03:47:39.525492+00:00", "trace_id": null, "stage": "dense", "event": "start"}
{"ts": "2026-09-23T03:47:39.525698+00:00", "trace_id": null, "stage": "dense", "event": "finish", "duration_ms": 0.206, "candidates_out": 20}
{"ts": "2026-09-23T03:47:39.525732+00:00", "trace_id": null, "stage": "lexical", "event": "start"}
{"ts": "2026-09-23T03:47:39.526011+00:00", "trace_id": null, "stage": "lexical", "event": "finish", "duration_ms": 0.277, "candidates_out": 20}
{"ts": "2026-09-23T03:47:39.526065+00:00", "trace_id": null, "stage": "fuse", "event": "start", "candidates_in": 30}
{"ts": "2026-09-23T03:47:39.526130+00:00", "trace_id": null, "stage": "fuse", "event": "finish", "duration_ms": 0.065, "candidates_in": 30, "candidates_out": 18, "top_score": 0.03278688524590164}
{"ts": "2026-09-23T03:47:39.528848+00:00", "trace_id": null, "stage": "gate", "event": "start", "candidates_in": 5}
{"ts": "2026-09-23T03:47:39.529071+00:00", "trace_id": null, "stage": "gate", "event": "finish", "duration_ms": 0.223, "candidates_in": 5, "candidates_out": 6, "top_score": 0.0532258064516129}
{"ts": "2026-09-23T03:47:41.070129+00:00", "trace_id": null, "stage": "gate_form", "event": "start"}
{"ts": "2026-09-23T03:47:41.070238+00:00", "trace_id": null, "stage": "gate_form", "event": "finish", "duration_ms": 0.113}
{"ts": "2026-09-23T03:47:41.070280+00:00", "trace_id": null, "stage": "gate_literal", "event": "start"}
{"ts": "2026-09-23T03:47:41.070346+00:00", "trace_id": null, "stage": "gate_literal", "event": "finish", "duration_ms": 0.065}
{"ts": "2026-09-23T03:47:41.070393+00:00", "trace_id": null, "stage": "gate_entail", "event": "start", "skipped": true, "reason": "no_entailment_model"}
{"ts": "2026-09-23T03:47:41.070440+00:00", "trace_id": null, "stage": "gate_entail", "event": "finish", "duration_ms": 0.047, "degraded": true, "skipped": true, "reason": "no_entailment_model"}
{"ts": "2026-09-23T03:47:41.070462+00:00", "trace_id": null, "stage": "gate_coverage", "event": "start", "coverage": 1.0}
{"ts": "2026-09-23T03:47:41.070503+00:00", "trace_id": null, "stage": "gate_coverage", "event": "finish", "duration_ms": 0.042, "coverage": 1.0}
{"ts": "2026-09-23T03:47:41.070522+00:00", "trace_id": null, "stage": "gate_conflict", "event": "start"}
{"ts": "2026-09-23T03:47:41.070604+00:00", "trace_id": null, "stage": "gate_conflict", "event": "finish", "duration_ms": 0.082, "reason": "version_conflict"}
{"ts": "2026-09-23T03:47:41.070630+00:00", "trace_id": null, "stage": "embed_query", "event": "start", "model": "Qwen/Qwen3-Embedding-0.6B"}
{"ts": "2026-09-23T03:47:41.104142+00:00", "trace_id": null, "stage": "embed_query", "event": "finish", "duration_ms": 33.509, "model": "Qwen/Qwen3-Embedding-0.6B"}
{"ts": "2026-09-23T03:47:41.104213+00:00", "trace_id": null, "stage": "dense", "event": "start"}
{"ts": "2026-09-23T03:47:41.104407+00:00", "trace_id": null, "stage": "dense", "event": "finish", "duration_ms": 0.194, "candidates_out": 20}
{"ts": "2026-09-23T03:47:41.104432+00:00", "trace_id": null, "stage": "lexical", "event": "start"}
{"ts": "2026-09-23T03:47:41.104704+00:00", "trace_id": null, "stage": "lexical", "event": "finish", "duration_ms": 0.271, "candidates_out": 20}
{"ts": "2026-09-23T03:47:41.104754+00:00", "trace_id": null, "stage": "fuse", "event": "start", "candidates_in": 27}
{"ts": "2026-09-23T03:47:41.104823+00:00", "trace_id": null, "stage": "fuse", "event": "finish", "duration_ms": 0.07, "candidates_in": 27, "candidates_out": 18, "top_score": 0.03252247488101534}
{"ts": "2026-09-23T03:47:41.108621+00:00", "trace_id": null, "stage": "gate", "event": "start", "candidates_in": 5}
{"ts": "2026-09-23T03:47:41.108699+00:00", "trace_id": null, "stage": "gate", "event": "finish", "duration_ms": 0.078, "candidates_in": 5, "candidates_out": 5, "top_score": 0.03252247488101534}
{"ts": "2026-09-23T03:47:42.480869+00:00", "trace_id": null, "stage": "gate_form", "event": "start"}
{"ts": "2026-09-23T03:47:42.481051+00:00", "trace_id": null, "stage": "gate_form", "event": "finish", "duration_ms": 0.187}
{"ts": "2026-09-23T03:47:42.481126+00:00", "trace_id": null, "stage": "gate_literal", "event": "start"}
{"ts": "2026-09-23T03:47:42.481200+00:00", "trace_id": null, "stage": "gate_literal", "event": "finish", "duration_ms": 0.074}
{"ts": "2026-09-23T03:47:42.481265+00:00", "trace_id": null, "stage": "gate_entail", "event": "start", "skipped": true, "reason": "no_entailment_model"}
{"ts": "2026-09-23T03:47:42.481323+00:00", "trace_id": null, "stage": "gate_entail", "event": "finish", "duration_ms": 0.058, "degraded": true, "skipped": true, "reason": "no_entailment_model"}
{"ts": "2026-09-23T03:47:42.481342+00:00", "trace_id": null, "stage": "gate_coverage", "event": "start", "coverage": 1.0}
{"ts": "2026-09-23T03:47:42.481426+00:00", "trace_id": null, "stage": "gate_coverage", "event": "finish", "duration_ms": 0.084, "coverage": 1.0}
{"ts": "2026-09-23T03:47:42.481493+00:00", "trace_id": null, "stage": "gate_conflict", "event": "start"}
{"ts": "2026-09-23T03:47:42.481602+00:00", "trace_id": null, "stage": "gate_conflict", "event": "finish", "duration_ms": 0.111, "skipped": true, "reason": "no_conflict"}
{"ts": "2026-09-23T03:47:42.481637+00:00", "trace_id": null, "stage": "embed_query", "event": "start", "model": "Qwen/Qwen3-Embedding-0.6B"}
{"ts": "2026-09-23T03:47:42.527262+00:00", "trace_id": null, "stage": "embed_query", "event": "finish", "duration_ms": 45.621, "model": "Qwen/Qwen3-Embedding-0.6B"}
{"ts": "2026-09-23T03:47:42.527380+00:00", "trace_id": null, "stage": "dense", "event": "start"}
{"ts": "2026-09-23T03:47:42.527614+00:00", "trace_id": null, "stage": "dense", "event": "finish", "duration_ms": 0.234, "candidates_out": 20}
{"ts": "2026-09-23T03:47:42.527676+00:00", "trace_id": null, "stage": "lexical", "event": "start"}
{"ts": "2026-09-23T03:47:42.527976+00:00", "trace_id": null, "stage": "lexical", "event": "finish", "duration_ms": 0.299, "candidates_out": 20}
{"ts": "2026-09-23T03:47:42.528005+00:00", "trace_id": null, "stage": "fuse", "event": "start", "candidates_in": 31}
{"ts": "2026-09-23T03:47:42.528106+00:00", "trace_id": null, "stage": "fuse", "event": "finish", "duration_ms": 0.101, "candidates_in": 31, "candidates_out": 22, "top_score": 0.03278688524590164}
{"ts": "2026-09-23T03:47:42.533364+00:00", "trace_id": null, "stage": "gate", "event": "start", "candidates_in": 5}
{"ts": "2026-09-23T03:47:42.533483+00:00", "trace_id": null, "stage": "gate", "event": "finish", "duration_ms": 0.122, "candidates_in": 5, "candidates_out": 5, "top_score": 0.09580645161290322}
{"ts": "2026-09-23T03:47:44.539469+00:00", "trace_id": null, "stage": "gate_form", "event": "start"}
{"ts": "2026-09-23T03:47:44.539582+00:00", "trace_id": null, "stage": "gate_form", "event": "finish", "duration_ms": 0.116}
{"ts": "2026-09-23T03:47:44.539627+00:00", "trace_id": null, "stage": "gate_literal", "event": "start"}
{"ts": "2026-09-23T03:47:44.539713+00:00", "trace_id": null, "stage": "gate_literal", "event": "finish", "duration_ms": 0.085}
{"ts": "2026-09-23T03:47:44.539766+00:00", "trace_id": null, "stage": "gate_entail", "event": "start", "skipped": true, "reason": "no_entailment_model"}
{"ts": "2026-09-23T03:47:44.539822+00:00", "trace_id": null, "stage": "gate_entail", "event": "finish", "duration_ms": 0.055, "degraded": true, "skipped": true, "reason": "no_entailment_model"}
{"ts": "2026-09-23T03:47:44.539845+00:00", "trace_id": null, "stage": "gate_coverage", "event": "start", "coverage": 1.0}
{"ts": "2026-09-23T03:47:44.539889+00:00", "trace_id": null, "stage": "gate_coverage", "event": "finish", "duration_ms": 0.044, "coverage": 1.0}
{"ts": "2026-09-23T03:47:44.539940+00:00", "trace_id": null, "stage": "gate_conflict", "event": "start"}
{"ts": "2026-09-23T03:47:44.539989+00:00", "trace_id": null, "stage": "gate_conflict", "event": "finish", "duration_ms": 0.049, "skipped": true, "reason": "no_conflict"}
{"ts": "2026-09-23T03:47:44.540014+00:00", "trace_id": null, "stage": "embed_query", "event": "start", "model": "Qwen/Qwen3-Embedding-0.6B"}
{"ts": "2026-09-23T03:47:44.575605+00:00", "trace_id": null, "stage": "embed_query", "event": "finish", "duration_ms": 35.588, "model": "Qwen/Qwen3-Embedding-0.6B"}
{"ts": "2026-09-23T03:47:44.575676+00:00", "trace_id": null, "stage": "dense", "event": "start"}
{"ts": "2026-09-23T03:47:44.575894+00:00", "trace_id": null, "stage": "dense", "event": "finish", "duration_ms": 0.217, "candidates_out": 20}
{"ts": "2026-09-23T03:47:44.575917+00:00", "trace_id": null, "stage": "lexical", "event": "start"}
{"ts": "2026-09-23T03:47:44.576261+00:00", "trace_id": null, "stage": "lexical", "event": "finish", "duration_ms": 0.343, "candidates_out": 20}
{"ts": "2026-09-23T03:47:44.576312+00:00", "trace_id": null, "stage": "fuse", "event": "start", "candidates_in": 29}
{"ts": "2026-09-23T03:47:44.576386+00:00", "trace_id": null, "stage": "fuse", "event": "finish", "duration_ms": 0.073, "candidates_in": 29, "candidates_out": 20, "top_score": 0.03131881575727918}
{"ts": "2026-09-23T03:47:44.581039+00:00", "trace_id": null, "stage": "gate", "event": "start", "candidates_in": 5}
{"ts": "2026-09-23T03:47:44.581109+00:00", "trace_id": null, "stage": "gate", "event": "finish", "duration_ms": 0.07, "candidates_in": 5, "candidates_out": 5, "top_score": 0.09283516483516482}
{"ts": "2026-09-23T03:47:46.854002+00:00", "trace_id": null, "stage": "gate_form", "event": "start"}
{"ts": "2026-09-23T03:47:46.854101+00:00", "trace_id": null, "stage": "gate_form", "event": "finish", "duration_ms": 0.103}
{"ts": "2026-09-23T03:47:46.854128+00:00", "trace_id": null, "stage": "gate_literal", "event": "start", "skipped": true, "reason": "form_failed"}
{"ts": "2026-09-23T03:47:46.854176+00:00", "trace_id": null, "stage": "gate_literal", "event": "finish", "duration_ms": 0.046, "skipped": true, "reason": "form_failed"}
{"ts": "2026-09-23T03:47:46.854251+00:00", "trace_id": null, "stage": "gate_conflict", "event": "start"}
{"ts": "2026-09-23T03:47:46.854315+00:00", "trace_id": null, "stage": "gate_conflict", "event": "finish", "duration_ms": 0.065, "skipped": true, "reason": "no_conflict"}
ABSTAIN lex-030 reason=missing_citation raw='The Environmental Sustainability Policy 2026.pdf sets a year-on-year GHG reduction target of 5%.'
{"ts": "2026-09-23T03:47:46.854345+00:00", "trace_id": null, "stage": "embed_query", "event": "start", "model": "Qwen/Qwen3-Embedding-0.6B"}
{"ts": "2026-09-23T03:47:46.894658+00:00", "trace_id": null, "stage": "embed_query", "event": "finish", "duration_ms": 40.309, "model": "Qwen/Qwen3-Embedding-0.6B"}
{"ts": "2026-09-23T03:47:46.894728+00:00", "trace_id": null, "stage": "dense", "event": "start"}
{"ts": "2026-09-23T03:47:46.894944+00:00", "trace_id": null, "stage": "dense", "event": "finish", "duration_ms": 0.215, "candidates_out": 20}
{"ts": "2026-09-23T03:47:46.894987+00:00", "trace_id": null, "stage": "lexical", "event": "start"}
{"ts": "2026-09-23T03:47:46.895298+00:00", "trace_id": null, "stage": "lexical", "event": "finish", "duration_ms": 0.309, "candidates_out": 20}
{"ts": "2026-09-23T03:47:46.895354+00:00", "trace_id": null, "stage": "fuse", "event": "start", "candidates_in": 32}
{"ts": "2026-09-23T03:47:46.895425+00:00", "trace_id": null, "stage": "fuse", "event": "finish", "duration_ms": 0.071, "candidates_in": 32, "candidates_out": 26, "top_score": 0.03252247488101534}
{"ts": "2026-09-23T03:47:46.901229+00:00", "trace_id": null, "stage": "gate", "event": "start", "candidates_in": 5}
{"ts": "2026-09-23T03:47:46.901300+00:00", "trace_id": null, "stage": "gate", "event": "finish", "duration_ms": 0.07, "candidates_in": 5, "candidates_out": 5, "top_score": 0.05119047619047619}
{"ts": "2026-09-23T03:47:48.970719+00:00", "trace_id": null, "stage": "gate_form", "event": "start"}
{"ts": "2026-09-23T03:47:48.970842+00:00", "trace_id": null, "stage": "gate_form", "event": "finish", "duration_ms": 0.127}
{"ts": "2026-09-23T03:47:48.970894+00:00", "trace_id": null, "stage": "gate_literal", "event": "start"}
{"ts": "2026-09-23T03:47:48.971017+00:00", "trace_id": null, "stage": "gate_literal", "event": "finish", "duration_ms": 0.122}
{"ts": "2026-09-23T03:47:48.971082+00:00", "trace_id": null, "stage": "gate_entail", "event": "start", "skipped": true, "reason": "no_entailment_model"}
{"ts": "2026-09-23T03:47:48.971155+00:00", "trace_id": null, "stage": "gate_entail", "event": "finish", "duration_ms": 0.072, "degraded": true, "skipped": true, "reason": "no_entailment_model"}
{"ts": "2026-09-23T03:47:48.971259+00:00", "trace_id": null, "stage": "gate_coverage", "event": "start", "coverage": 1.0}
{"ts": "2026-09-23T03:47:48.971360+00:00", "trace_id": null, "stage": "gate_coverage", "event": "finish", "duration_ms": 0.1, "coverage": 1.0}
{"ts": "2026-09-23T03:47:48.971425+00:00", "trace_id": null, "stage": "gate_conflict", "event": "start"}
{"ts": "2026-09-23T03:47:48.971514+00:00", "trace_id": null, "stage": "gate_conflict", "event": "finish", "duration_ms": 0.089, "skipped": true, "reason": "no_conflict"}
{"ts": "2026-09-23T03:47:48.971555+00:00", "trace_id": null, "stage": "embed_query", "event": "start", "model": "Qwen/Qwen3-Embedding-0.6B"}
{"ts": "2026-09-23T03:47:49.009956+00:00", "trace_id": null, "stage": "embed_query", "event": "finish", "duration_ms": 38.398, "model": "Qwen/Qwen3-Embedding-0.6B"}
{"ts": "2026-09-23T03:47:49.010030+00:00", "trace_id": null, "stage": "dense", "event": "start"}
{"ts": "2026-09-23T03:47:49.010277+00:00", "trace_id": null, "stage": "dense", "event": "finish", "duration_ms": 0.246, "candidates_out": 20}
{"ts": "2026-09-23T03:47:49.010332+00:00", "trace_id": null, "stage": "lexical", "event": "start"}
{"ts": "2026-09-23T03:47:49.010662+00:00", "trace_id": null, "stage": "lexical", "event": "finish", "duration_ms": 0.33, "candidates_out": 20}
{"ts": "2026-09-23T03:47:49.010697+00:00", "trace_id": null, "stage": "fuse", "event": "start", "candidates_in": 29}
{"ts": "2026-09-23T03:47:49.010771+00:00", "trace_id": null, "stage": "fuse", "event": "finish", "duration_ms": 0.073, "candidates_in": 29, "candidates_out": 20, "top_score": 0.03252247488101534}
{"ts": "2026-09-23T03:47:49.014753+00:00", "trace_id": null, "stage": "gate", "event": "start", "candidates_in": 5}
{"ts": "2026-09-23T03:47:49.014847+00:00", "trace_id": null, "stage": "gate", "event": "finish", "duration_ms": 0.096, "candidates_in": 5, "candidates_out": 5, "top_score": 0.0576036866359447}
{"ts": "2026-09-23T03:47:50.636739+00:00", "trace_id": null, "stage": "gate_form", "event": "start"}
{"ts": "2026-09-23T03:47:50.636857+00:00", "trace_id": null, "stage": "gate_form", "event": "finish", "duration_ms": 0.122}
{"ts": "2026-09-23T03:47:50.636902+00:00", "trace_id": null, "stage": "gate_literal", "event": "start"}
{"ts": "2026-09-23T03:47:50.636999+00:00", "trace_id": null, "stage": "gate_literal", "event": "finish", "duration_ms": 0.097}
{"ts": "2026-09-23T03:47:50.637044+00:00", "trace_id": null, "stage": "gate_entail", "event": "start", "skipped": true, "reason": "no_entailment_model"}
{"ts": "2026-09-23T03:47:50.637099+00:00", "trace_id": null, "stage": "gate_entail", "event": "finish", "duration_ms": 0.053, "degraded": true, "skipped": true, "reason": "no_entailment_model"}
{"ts": "2026-09-23T03:47:50.637149+00:00", "trace_id": null, "stage": "gate_coverage", "event": "start", "coverage": 1.0}
{"ts": "2026-09-23T03:47:50.637197+00:00", "trace_id": null, "stage": "gate_coverage", "event": "finish", "duration_ms": 0.048, "coverage": 1.0}
{"ts": "2026-09-23T03:47:50.637217+00:00", "trace_id": null, "stage": "gate_conflict", "event": "start"}
{"ts": "2026-09-23T03:47:50.637266+00:00", "trace_id": null, "stage": "gate_conflict", "event": "finish", "duration_ms": 0.049, "skipped": true, "reason": "no_conflict"}
{"ts": "2026-09-23T03:47:50.637296+00:00", "trace_id": null, "stage": "embed_query", "event": "start", "model": "Qwen/Qwen3-Embedding-0.6B"}
{"ts": "2026-09-23T03:47:50.688465+00:00", "trace_id": null, "stage": "embed_query", "event": "finish", "duration_ms": 51.166, "model": "Qwen/Qwen3-Embedding-0.6B"}
{"ts": "2026-09-23T03:47:50.688577+00:00", "trace_id": null, "stage": "dense", "event": "start"}
{"ts": "2026-09-23T03:47:50.688844+00:00", "trace_id": null, "stage": "dense", "event": "finish", "duration_ms": 0.266, "candidates_out": 20}
{"ts": "2026-09-23T03:47:50.691315+00:00", "trace_id": null, "stage": "lexical", "event": "start"}
{"ts": "2026-09-23T03:47:50.691634+00:00", "trace_id": null, "stage": "lexical", "event": "finish", "duration_ms": 0.319, "candidates_out": 20}
{"ts": "2026-09-23T03:47:50.691699+00:00", "trace_id": null, "stage": "fuse", "event": "start", "candidates_in": 29}
{"ts": "2026-09-23T03:47:50.691777+00:00", "trace_id": null, "stage": "fuse", "event": "finish", "duration_ms": 0.077, "candidates_in": 29, "candidates_out": 19, "top_score": 0.03252247488101534}
{"ts": "2026-09-23T03:47:50.695726+00:00", "trace_id": null, "stage": "gate", "event": "start", "candidates_in": 5}
{"ts": "2026-09-23T03:47:50.696702+00:00", "trace_id": null, "stage": "gate", "event": "finish", "duration_ms": 0.972, "candidates_in": 5, "candidates_out": 5, "top_score": 0.05280337941628264}
{"ts": "2026-09-23T03:47:52.028342+00:00", "trace_id": null, "stage": "gate_form", "event": "start"}
{"ts": "2026-09-23T03:47:52.028541+00:00", "trace_id": null, "stage": "gate_form", "event": "finish", "duration_ms": 0.203}
{"ts": "2026-09-23T03:47:52.028605+00:00", "trace_id": null, "stage": "gate_literal", "event": "start", "skipped": true, "reason": "declined"}
{"ts": "2026-09-23T03:47:52.028951+00:00", "trace_id": null, "stage": "gate_literal", "event": "finish", "duration_ms": 0.345, "skipped": true, "reason": "declined"}
{"ts": "2026-09-23T03:47:52.029009+00:00", "trace_id": null, "stage": "gate_conflict", "event": "start"}
{"ts": "2026-09-23T03:47:52.029144+00:00", "trace_id": null, "stage": "gate_conflict", "event": "finish", "duration_ms": 0.135, "skipped": true, "reason": "no_conflict"}
ABSTAIN lex-033 reason=declined raw='Approved by: The documents do not say.'
{"ts": "2026-09-23T03:47:52.029198+00:00", "trace_id": null, "stage": "embed_query", "event": "start", "model": "Qwen/Qwen3-Embedding-0.6B"}
{"ts": "2026-09-23T03:47:52.084371+00:00", "trace_id": null, "stage": "embed_query", "event": "finish", "duration_ms": 55.167, "model": "Qwen/Qwen3-Embedding-0.6B"}
{"ts": "2026-09-23T03:47:52.084521+00:00", "trace_id": null, "stage": "dense", "event": "start"}
{"ts": "2026-09-23T03:47:52.084950+00:00", "trace_id": null, "stage": "dense", "event": "finish", "duration_ms": 0.428, "candidates_out": 20}
{"ts": "2026-09-23T03:47:52.085030+00:00", "trace_id": null, "stage": "lexical", "event": "start"}
{"ts": "2026-09-23T03:47:52.085547+00:00", "trace_id": null, "stage": "lexical", "event": "finish", "duration_ms": 0.516, "candidates_out": 20}
{"ts": "2026-09-23T03:47:52.085612+00:00", "trace_id": null, "stage": "fuse", "event": "start", "candidates_in": 32}
{"ts": "2026-09-23T03:47:52.085769+00:00", "trace_id": null, "stage": "fuse", "event": "finish", "duration_ms": 0.156, "candidates_in": 32, "candidates_out": 21, "top_score": 0.03252247488101534}
{"ts": "2026-09-23T03:47:52.091894+00:00", "trace_id": null, "stage": "gate", "event": "start", "candidates_in": 5}
{"ts": "2026-09-23T03:47:52.092310+00:00", "trace_id": null, "stage": "gate", "event": "finish", "duration_ms": 0.417, "candidates_in": 5, "candidates_out": 5, "top_score": 0.05359701492537314}
{"ts": "2026-09-23T03:47:53.600974+00:00", "trace_id": null, "stage": "gate_form", "event": "start"}
{"ts": "2026-09-23T03:47:53.601253+00:00", "trace_id": null, "stage": "gate_form", "event": "finish", "duration_ms": 0.309}
{"ts": "2026-09-23T03:47:53.601304+00:00", "trace_id": null, "stage": "gate_literal", "event": "start", "skipped": true, "reason": "form_failed"}
{"ts": "2026-09-23T03:47:53.601356+00:00", "trace_id": null, "stage": "gate_literal", "event": "finish", "duration_ms": 0.053, "skipped": true, "reason": "form_failed"}
{"ts": "2026-09-23T03:47:53.601386+00:00", "trace_id": null, "stage": "gate_conflict", "event": "start"}
{"ts": "2026-09-23T03:47:53.601488+00:00", "trace_id": null, "stage": "gate_conflict", "event": "finish", "duration_ms": 0.102, "skipped": true, "reason": "no_conflict"}
ABSTAIN lex-034 reason=missing_citation raw='John Speight holds the titles of President and Executive Director on the environmental policy.'
{"ts": "2026-09-23T03:47:53.601592+00:00", "trace_id": null, "stage": "embed_query", "event": "start", "model": "Qwen/Qwen3-Embedding-0.6B"}
{"ts": "2026-09-23T03:47:53.697599+00:00", "trace_id": null, "stage": "embed_query", "event": "finish", "duration_ms": 95.999, "model": "Qwen/Qwen3-Embedding-0.6B"}
{"ts": "2026-09-23T03:47:53.698073+00:00", "trace_id": null, "stage": "dense", "event": "start"}
{"ts": "2026-09-23T03:47:53.698786+00:00", "trace_id": null, "stage": "dense", "event": "finish", "duration_ms": 0.713, "candidates_out": 20}
{"ts": "2026-09-23T03:47:53.698863+00:00", "trace_id": null, "stage": "lexical", "event": "start"}
{"ts": "2026-09-23T03:47:53.699437+00:00", "trace_id": null, "stage": "lexical", "event": "finish", "duration_ms": 0.574, "candidates_out": 20}
{"ts": "2026-09-23T03:47:53.699520+00:00", "trace_id": null, "stage": "fuse", "event": "start", "candidates_in": 35}
{"ts": "2026-09-23T03:47:53.699659+00:00", "trace_id": null, "stage": "fuse", "event": "finish", "duration_ms": 0.143, "candidates_in": 35, "candidates_out": 26, "top_score": 0.03278688524590164}
{"ts": "2026-09-23T03:47:53.712837+00:00", "trace_id": null, "stage": "gate", "event": "start", "candidates_in": 5}
{"ts": "2026-09-23T03:47:53.713199+00:00", "trace_id": null, "stage": "gate", "event": "finish", "duration_ms": 0.365, "candidates_in": 5, "candidates_out": 5, "top_score": 0.03200204813108039}
{"ts": "2026-09-23T03:47:55.164150+00:00", "trace_id": null, "stage": "gate_form", "event": "start"}
{"ts": "2026-09-23T03:47:55.164278+00:00", "trace_id": null, "stage": "gate_form", "event": "finish", "duration_ms": 0.132}
{"ts": "2026-09-23T03:47:55.164339+00:00", "trace_id": null, "stage": "gate_literal", "event": "start"}
{"ts": "2026-09-23T03:47:55.164455+00:00", "trace_id": null, "stage": "gate_literal", "event": "finish", "duration_ms": 0.116}
{"ts": "2026-09-23T03:47:55.164495+00:00", "trace_id": null, "stage": "gate_entail", "event": "start", "skipped": true, "reason": "no_entailment_model"}
{"ts": "2026-09-23T03:47:55.164549+00:00", "trace_id": null, "stage": "gate_entail", "event": "finish", "duration_ms": 0.053, "degraded": true, "skipped": true, "reason": "no_entailment_model"}
{"ts": "2026-09-23T03:47:55.164596+00:00", "trace_id": null, "stage": "gate_coverage", "event": "start", "coverage": 1.0}
{"ts": "2026-09-23T03:47:55.164643+00:00", "trace_id": null, "stage": "gate_coverage", "event": "finish", "duration_ms": 0.048, "coverage": 1.0}
{"ts": "2026-09-23T03:47:55.164662+00:00", "trace_id": null, "stage": "gate_conflict", "event": "start"}
{"ts": "2026-09-23T03:47:55.164739+00:00", "trace_id": null, "stage": "gate_conflict", "event": "finish", "duration_ms": 0.077, "skipped": true, "reason": "no_conflict"}
{"ts": "2026-09-23T03:47:55.164769+00:00", "trace_id": null, "stage": "embed_query", "event": "start", "model": "Qwen/Qwen3-Embedding-0.6B"}
{"ts": "2026-09-23T03:47:55.203210+00:00", "trace_id": null, "stage": "embed_query", "event": "finish", "duration_ms": 38.437, "model": "Qwen/Qwen3-Embedding-0.6B"}
{"ts": "2026-09-23T03:47:55.203291+00:00", "trace_id": null, "stage": "dense", "event": "start"}
{"ts": "2026-09-23T03:47:55.203571+00:00", "trace_id": null, "stage": "dense", "event": "finish", "duration_ms": 0.28, "candidates_out": 20}
{"ts": "2026-09-23T03:47:55.203610+00:00", "trace_id": null, "stage": "lexical", "event": "start"}
{"ts": "2026-09-23T03:47:55.203954+00:00", "trace_id": null, "stage": "lexical", "event": "finish", "duration_ms": 0.343, "candidates_out": 20}
{"ts": "2026-09-23T03:47:55.204010+00:00", "trace_id": null, "stage": "fuse", "event": "start", "candidates_in": 32}
{"ts": "2026-09-23T03:47:55.204086+00:00", "trace_id": null, "stage": "fuse", "event": "finish", "duration_ms": 0.075, "candidates_in": 32, "candidates_out": 21, "top_score": 0.03252247488101534}
{"ts": "2026-09-23T03:47:55.208900+00:00", "trace_id": null, "stage": "gate", "event": "start", "candidates_in": 5}
{"ts": "2026-09-23T03:47:55.209027+00:00", "trace_id": null, "stage": "gate", "event": "finish", "duration_ms": 0.128, "candidates_in": 5, "candidates_out": 5, "top_score": 0.034579918032786885}
{"ts": "2026-09-23T03:47:56.829348+00:00", "trace_id": null, "stage": "gate_form", "event": "start"}
{"ts": "2026-09-23T03:47:56.829487+00:00", "trace_id": null, "stage": "gate_form", "event": "finish", "duration_ms": 0.142}
{"ts": "2026-09-23T03:47:56.829532+00:00", "trace_id": null, "stage": "gate_literal", "event": "start"}
{"ts": "2026-09-23T03:47:56.829800+00:00", "trace_id": null, "stage": "gate_literal", "event": "finish", "duration_ms": 0.268}
{"ts": "2026-09-23T03:47:56.829854+00:00", "trace_id": null, "stage": "gate_entail", "event": "start", "skipped": true, "reason": "no_entailment_model"}
{"ts": "2026-09-23T03:47:56.829913+00:00", "trace_id": null, "stage": "gate_entail", "event": "finish", "duration_ms": 0.058, "degraded": true, "skipped": true, "reason": "no_entailment_model"}
{"ts": "2026-09-23T03:47:56.829972+00:00", "trace_id": null, "stage": "gate_coverage", "event": "start", "coverage": 1.0}
{"ts": "2026-09-23T03:47:56.830031+00:00", "trace_id": null, "stage": "gate_coverage", "event": "finish", "duration_ms": 0.06, "coverage": 1.0}
{"ts": "2026-09-23T03:47:56.830066+00:00", "trace_id": null, "stage": "gate_conflict", "event": "start"}
{"ts": "2026-09-23T03:47:56.830141+00:00", "trace_id": null, "stage": "gate_conflict", "event": "finish", "duration_ms": 0.074, "skipped": true, "reason": "no_conflict"}
{"ts": "2026-09-23T03:47:56.830176+00:00", "trace_id": null, "stage": "embed_query", "event": "start", "model": "Qwen/Qwen3-Embedding-0.6B"}
{"ts": "2026-09-23T03:47:56.878416+00:00", "trace_id": null, "stage": "embed_query", "event": "finish", "duration_ms": 48.237, "model": "Qwen/Qwen3-Embedding-0.6B"}
{"ts": "2026-09-23T03:47:56.878487+00:00", "trace_id": null, "stage": "dense", "event": "start"}
{"ts": "2026-09-23T03:47:56.878733+00:00", "trace_id": null, "stage": "dense", "event": "finish", "duration_ms": 0.246, "candidates_out": 20}
{"ts": "2026-09-23T03:47:56.878780+00:00", "trace_id": null, "stage": "lexical", "event": "start"}
{"ts": "2026-09-23T03:47:56.879106+00:00", "trace_id": null, "stage": "lexical", "event": "finish", "duration_ms": 0.326, "candidates_out": 20}
{"ts": "2026-09-23T03:47:56.879160+00:00", "trace_id": null, "stage": "fuse", "event": "start", "candidates_in": 33}
{"ts": "2026-09-23T03:47:56.879238+00:00", "trace_id": null, "stage": "fuse", "event": "finish", "duration_ms": 0.078, "candidates_in": 33, "candidates_out": 22, "top_score": 0.03278688524590164}
{"ts": "2026-09-23T03:47:56.884262+00:00", "trace_id": null, "stage": "gate", "event": "start", "candidates_in": 5}
{"ts": "2026-09-23T03:47:56.884373+00:00", "trace_id": null, "stage": "gate", "event": "finish", "duration_ms": 0.111, "candidates_in": 5, "candidates_out": 5, "top_score": 0.054098360655737705}
{"ts": "2026-09-23T03:47:59.216424+00:00", "trace_id": null, "stage": "gate_form", "event": "start"}
{"ts": "2026-09-23T03:47:59.216532+00:00", "trace_id": null, "stage": "gate_form", "event": "finish", "duration_ms": 0.112}
{"ts": "2026-09-23T03:47:59.216594+00:00", "trace_id": null, "stage": "gate_literal", "event": "start"}
{"ts": "2026-09-23T03:47:59.216679+00:00", "trace_id": null, "stage": "gate_literal", "event": "finish", "duration_ms": 0.084}
{"ts": "2026-09-23T03:47:59.216733+00:00", "trace_id": null, "stage": "gate_entail", "event": "start", "skipped": true, "reason": "no_entailment_model"}
{"ts": "2026-09-23T03:47:59.216791+00:00", "trace_id": null, "stage": "gate_entail", "event": "finish", "duration_ms": 0.059, "degraded": true, "skipped": true, "reason": "no_entailment_model"}
{"ts": "2026-09-23T03:47:59.216813+00:00", "trace_id": null, "stage": "gate_coverage", "event": "start", "coverage": 1.0}
{"ts": "2026-09-23T03:47:59.216859+00:00", "trace_id": null, "stage": "gate_coverage", "event": "finish", "duration_ms": 0.045, "coverage": 1.0}
{"ts": "2026-09-23T03:47:59.216913+00:00", "trace_id": null, "stage": "gate_conflict", "event": "start"}
{"ts": "2026-09-23T03:47:59.217031+00:00", "trace_id": null, "stage": "gate_conflict", "event": "finish", "duration_ms": 0.118, "reason": "version_conflict"}
{"ts": "2026-09-23T03:47:59.217092+00:00", "trace_id": null, "stage": "embed_query", "event": "start", "model": "Qwen/Qwen3-Embedding-0.6B"}
{"ts": "2026-09-23T03:47:59.262389+00:00", "trace_id": null, "stage": "embed_query", "event": "finish", "duration_ms": 45.296, "model": "Qwen/Qwen3-Embedding-0.6B"}
{"ts": "2026-09-23T03:47:59.262453+00:00", "trace_id": null, "stage": "dense", "event": "start"}
{"ts": "2026-09-23T03:47:59.262693+00:00", "trace_id": null, "stage": "dense", "event": "finish", "duration_ms": 0.24, "candidates_out": 20}
{"ts": "2026-09-23T03:47:59.262735+00:00", "trace_id": null, "stage": "lexical", "event": "start"}
{"ts": "2026-09-23T03:47:59.263134+00:00", "trace_id": null, "stage": "lexical", "event": "finish", "duration_ms": 0.398, "candidates_out": 20}
{"ts": "2026-09-23T03:47:59.263191+00:00", "trace_id": null, "stage": "fuse", "event": "start", "candidates_in": 33}
{"ts": "2026-09-23T03:47:59.263265+00:00", "trace_id": null, "stage": "fuse", "event": "finish", "duration_ms": 0.074, "candidates_in": 33, "candidates_out": 22, "top_score": 0.03278688524590164}
{"ts": "2026-09-23T03:47:59.267482+00:00", "trace_id": null, "stage": "gate", "event": "start", "candidates_in": 5}
{"ts": "2026-09-23T03:47:59.267570+00:00", "trace_id": null, "stage": "gate", "event": "finish", "duration_ms": 0.087, "candidates_in": 5, "candidates_out": 5, "top_score": 0.054098360655737705}
{"ts": "2026-09-23T03:48:01.854963+00:00", "trace_id": null, "stage": "gate_form", "event": "start"}
{"ts": "2026-09-23T03:48:01.855085+00:00", "trace_id": null, "stage": "gate_form", "event": "finish", "duration_ms": 0.127}
{"ts": "2026-09-23T03:48:01.855129+00:00", "trace_id": null, "stage": "gate_literal", "event": "start"}
{"ts": "2026-09-23T03:48:01.855203+00:00", "trace_id": null, "stage": "gate_literal", "event": "finish", "duration_ms": 0.073}
{"ts": "2026-09-23T03:48:01.855250+00:00", "trace_id": null, "stage": "gate_entail", "event": "start", "skipped": true, "reason": "no_entailment_model"}
{"ts": "2026-09-23T03:48:01.855302+00:00", "trace_id": null, "stage": "gate_entail", "event": "finish", "duration_ms": 0.052, "degraded": true, "skipped": true, "reason": "no_entailment_model"}
{"ts": "2026-09-23T03:48:01.855337+00:00", "trace_id": null, "stage": "gate_coverage", "event": "start", "coverage": 1.0}
{"ts": "2026-09-23T03:48:01.855373+00:00", "trace_id": null, "stage": "gate_coverage", "event": "finish", "duration_ms": 0.037, "coverage": 1.0}
{"ts": "2026-09-23T03:48:01.855389+00:00", "trace_id": null, "stage": "gate_conflict", "event": "start"}
{"ts": "2026-09-23T03:48:01.855491+00:00", "trace_id": null, "stage": "gate_conflict", "event": "finish", "duration_ms": 0.103, "reason": "version_conflict"}
{"ts": "2026-09-23T03:48:01.855563+00:00", "trace_id": null, "stage": "embed_query", "event": "start", "model": "Qwen/Qwen3-Embedding-0.6B"}
{"ts": "2026-09-23T03:48:01.901448+00:00", "trace_id": null, "stage": "embed_query", "event": "finish", "duration_ms": 45.883, "model": "Qwen/Qwen3-Embedding-0.6B"}
{"ts": "2026-09-23T03:48:01.901532+00:00", "trace_id": null, "stage": "dense", "event": "start"}
{"ts": "2026-09-23T03:48:01.901763+00:00", "trace_id": null, "stage": "dense", "event": "finish", "duration_ms": 0.231, "candidates_out": 20}
{"ts": "2026-09-23T03:48:01.901802+00:00", "trace_id": null, "stage": "lexical", "event": "start"}
{"ts": "2026-09-23T03:48:01.902130+00:00", "trace_id": null, "stage": "lexical", "event": "finish", "duration_ms": 0.329, "candidates_out": 20}
{"ts": "2026-09-23T03:48:01.902178+00:00", "trace_id": null, "stage": "fuse", "event": "start", "candidates_in": 33}
{"ts": "2026-09-23T03:48:01.902250+00:00", "trace_id": null, "stage": "fuse", "event": "finish", "duration_ms": 0.071, "candidates_in": 33, "candidates_out": 22, "top_score": 0.03278688524590164}
{"ts": "2026-09-23T03:48:01.906068+00:00", "trace_id": null, "stage": "gate", "event": "start", "candidates_in": 5}
{"ts": "2026-09-23T03:48:01.906214+00:00", "trace_id": null, "stage": "gate", "event": "finish", "duration_ms": 0.148, "candidates_in": 5, "candidates_out": 5, "top_score": 0.054098360655737705}
{"ts": "2026-09-23T03:48:03.695153+00:00", "trace_id": null, "stage": "gate_form", "event": "start"}
{"ts": "2026-09-23T03:48:03.695277+00:00", "trace_id": null, "stage": "gate_form", "event": "finish", "duration_ms": 0.128}
{"ts": "2026-09-23T03:48:03.695323+00:00", "trace_id": null, "stage": "gate_literal", "event": "start"}
{"ts": "2026-09-23T03:48:03.695408+00:00", "trace_id": null, "stage": "gate_literal", "event": "finish", "duration_ms": 0.085}
{"ts": "2026-09-23T03:48:03.695458+00:00", "trace_id": null, "stage": "gate_entail", "event": "start", "skipped": true, "reason": "no_entailment_model"}
{"ts": "2026-09-23T03:48:03.695513+00:00", "trace_id": null, "stage": "gate_entail", "event": "finish", "duration_ms": 0.054, "degraded": true, "skipped": true, "reason": "no_entailment_model"}
{"ts": "2026-09-23T03:48:03.695551+00:00", "trace_id": null, "stage": "gate_coverage", "event": "start", "coverage": 1.0}
{"ts": "2026-09-23T03:48:03.695591+00:00", "trace_id": null, "stage": "gate_coverage", "event": "finish", "duration_ms": 0.041, "coverage": 1.0}
{"ts": "2026-09-23T03:48:03.695607+00:00", "trace_id": null, "stage": "gate_conflict", "event": "start"}
{"ts": "2026-09-23T03:48:03.695662+00:00", "trace_id": null, "stage": "gate_conflict", "event": "finish", "duration_ms": 0.054, "skipped": true, "reason": "no_conflict"}
{"ts": "2026-09-23T03:48:03.695724+00:00", "trace_id": null, "stage": "embed_query", "event": "start", "model": "Qwen/Qwen3-Embedding-0.6B"}
{"ts": "2026-09-23T03:48:03.738441+00:00", "trace_id": null, "stage": "embed_query", "event": "finish", "duration_ms": 42.716, "model": "Qwen/Qwen3-Embedding-0.6B"}
{"ts": "2026-09-23T03:48:03.738507+00:00", "trace_id": null, "stage": "dense", "event": "start"}
{"ts": "2026-09-23T03:48:03.738688+00:00", "trace_id": null, "stage": "dense", "event": "finish", "duration_ms": 0.18, "candidates_out": 20}
{"ts": "2026-09-23T03:48:03.738709+00:00", "trace_id": null, "stage": "lexical", "event": "start"}
{"ts": "2026-09-23T03:48:03.738979+00:00", "trace_id": null, "stage": "lexical", "event": "finish", "duration_ms": 0.269, "candidates_out": 20}
{"ts": "2026-09-23T03:48:03.739028+00:00", "trace_id": null, "stage": "fuse", "event": "start", "candidates_in": 32}
{"ts": "2026-09-23T03:48:03.739110+00:00", "trace_id": null, "stage": "fuse", "event": "finish", "duration_ms": 0.082, "candidates_in": 32, "candidates_out": 22, "top_score": 0.03278688524590164}
{"ts": "2026-09-23T03:48:03.741863+00:00", "trace_id": null, "stage": "gate", "event": "start", "candidates_in": 5}
{"ts": "2026-09-23T03:48:03.741929+00:00", "trace_id": null, "stage": "gate", "event": "finish", "duration_ms": 0.065, "candidates_in": 5, "candidates_out": 5, "top_score": 0.05901639344262295}
{"ts": "2026-09-23T03:48:06.146582+00:00", "trace_id": null, "stage": "gate_form", "event": "start"}
{"ts": "2026-09-23T03:48:06.146688+00:00", "trace_id": null, "stage": "gate_form", "event": "finish", "duration_ms": 0.109}
{"ts": "2026-09-23T03:48:06.146740+00:00", "trace_id": null, "stage": "gate_literal", "event": "start"}
{"ts": "2026-09-23T03:48:06.146833+00:00", "trace_id": null, "stage": "gate_literal", "event": "finish", "duration_ms": 0.093}
{"ts": "2026-09-23T03:48:06.146880+00:00", "trace_id": null, "stage": "gate_entail", "event": "start", "skipped": true, "reason": "no_entailment_model"}
{"ts": "2026-09-23T03:48:06.146929+00:00", "trace_id": null, "stage": "gate_entail", "event": "finish", "duration_ms": 0.049, "degraded": true, "skipped": true, "reason": "no_entailment_model"}
{"ts": "2026-09-23T03:48:06.146963+00:00", "trace_id": null, "stage": "gate_coverage", "event": "start", "coverage": 1.0}
{"ts": "2026-09-23T03:48:06.146997+00:00", "trace_id": null, "stage": "gate_coverage", "event": "finish", "duration_ms": 0.034, "coverage": 1.0}
{"ts": "2026-09-23T03:48:06.147012+00:00", "trace_id": null, "stage": "gate_conflict", "event": "start"}
{"ts": "2026-09-23T03:48:06.147065+00:00", "trace_id": null, "stage": "gate_conflict", "event": "finish", "duration_ms": 0.053, "skipped": true, "reason": "no_conflict"}
... 40/122 abstain=5
{"ts": "2026-09-23T03:48:06.147100+00:00", "trace_id": null, "stage": "embed_query", "event": "start", "model": "Qwen/Qwen3-Embedding-0.6B"}
{"ts": "2026-09-23T03:48:06.186250+00:00", "trace_id": null, "stage": "embed_query", "event": "finish", "duration_ms": 39.146, "model": "Qwen/Qwen3-Embedding-0.6B"}
{"ts": "2026-09-23T03:48:06.186329+00:00", "trace_id": null, "stage": "dense", "event": "start"}
{"ts": "2026-09-23T03:48:06.186544+00:00", "trace_id": null, "stage": "dense", "event": "finish", "duration_ms": 0.214, "candidates_out": 20}
{"ts": "2026-09-23T03:48:06.186582+00:00", "trace_id": null, "stage": "lexical", "event": "start"}
{"ts": "2026-09-23T03:48:06.186891+00:00", "trace_id": null, "stage": "lexical", "event": "finish", "duration_ms": 0.308, "candidates_out": 20}
{"ts": "2026-09-23T03:48:06.186945+00:00", "trace_id": null, "stage": "fuse", "event": "start", "candidates_in": 31}
{"ts": "2026-09-23T03:48:06.187048+00:00", "trace_id": null, "stage": "fuse", "event": "finish", "duration_ms": 0.103, "candidates_in": 31, "candidates_out": 22, "top_score": 0.03278688524590164}
{"ts": "2026-09-23T03:48:06.192127+00:00", "trace_id": null, "stage": "gate", "event": "start", "candidates_in": 5}
{"ts": "2026-09-23T03:48:06.192200+00:00", "trace_id": null, "stage": "gate", "event": "finish", "duration_ms": 0.073, "candidates_in": 5, "candidates_out": 5, "top_score": 0.14065573770491804}
{"ts": "2026-09-23T03:48:08.389995+00:00", "trace_id": null, "stage": "gate_form", "event": "start"}
{"ts": "2026-09-23T03:48:08.390155+00:00", "trace_id": null, "stage": "gate_form", "event": "finish", "duration_ms": 0.166}
{"ts": "2026-09-23T03:48:08.390200+00:00", "trace_id": null, "stage": "gate_literal", "event": "start", "skipped": true, "reason": "form_failed"}
{"ts": "2026-09-23T03:48:08.390251+00:00", "trace_id": null, "stage": "gate_literal", "event": "finish", "duration_ms": 0.05, "skipped": true, "reason": "form_failed"}
{"ts": "2026-09-23T03:48:08.390296+00:00", "trace_id": null, "stage": "gate_conflict", "event": "start"}
{"ts": "2026-09-23T03:48:08.390361+00:00", "trace_id": null, "stage": "gate_conflict", "event": "finish", "duration_ms": 0.064, "skipped": true, "reason": "no_conflict"}
ABSTAIN lex-041 reason=missing_citation raw='The Water Risk Filter is also named alongside the WRI Aqueduct Water Risk Atlas for conducting water risk assessments.'
{"ts": "2026-09-23T03:48:08.390416+00:00", "trace_id": null, "stage": "embed_query", "event": "start", "model": "Qwen/Qwen3-Embedding-0.6B"}
{"ts": "2026-09-23T03:48:08.427180+00:00", "trace_id": null, "stage": "embed_query", "event": "finish", "duration_ms": 36.761, "model": "Qwen/Qwen3-Embedding-0.6B"}
{"ts": "2026-09-23T03:48:08.427251+00:00", "trace_id": null, "stage": "dense", "event": "start"}
{"ts": "2026-09-23T03:48:08.427453+00:00", "trace_id": null, "stage": "dense", "event": "finish", "duration_ms": 0.202, "candidates_out": 20}
{"ts": "2026-09-23T03:48:08.427488+00:00", "trace_id": null, "stage": "lexical", "event": "start"}
{"ts": "2026-09-23T03:48:08.427747+00:00", "trace_id": null, "stage": "lexical", "event": "finish", "duration_ms": 0.257, "candidates_out": 20}
{"ts": "2026-09-23T03:48:08.427800+00:00", "trace_id": null, "stage": "fuse", "event": "start", "candidates_in": 34}
{"ts": "2026-09-23T03:48:08.427871+00:00", "trace_id": null, "stage": "fuse", "event": "finish", "duration_ms": 0.071, "candidates_in": 34, "candidates_out": 23, "top_score": 0.03252247488101534}
{"ts": "2026-09-23T03:48:08.431192+00:00", "trace_id": null, "stage": "gate", "event": "start", "candidates_in": 5}
{"ts": "2026-09-23T03:48:08.431265+00:00", "trace_id": null, "stage": "gate", "event": "finish", "duration_ms": 0.071, "candidates_in": 5, "candidates_out": 5, "top_score": 0.03252247488101534}
{"ts": "2026-09-23T03:48:09.924507+00:00", "trace_id": null, "stage": "gate_form", "event": "start"}
{"ts": "2026-09-23T03:48:09.924649+00:00", "trace_id": null, "stage": "gate_form", "event": "finish", "duration_ms": 0.145}
{"ts": "2026-09-23T03:48:09.924706+00:00", "trace_id": null, "stage": "gate_literal", "event": "start"}
{"ts": "2026-09-23T03:48:09.924838+00:00", "trace_id": null, "stage": "gate_literal", "event": "finish", "duration_ms": 0.131}
{"ts": "2026-09-23T03:48:09.924903+00:00", "trace_id": null, "stage": "gate_entail", "event": "start", "skipped": true, "reason": "no_entailment_model"}
{"ts": "2026-09-23T03:48:09.924983+00:00", "trace_id": null, "stage": "gate_entail", "event": "finish", "duration_ms": 0.08, "degraded": true, "skipped": true, "reason": "no_entailment_model"}
{"ts": "2026-09-23T03:48:09.925028+00:00", "trace_id": null, "stage": "gate_coverage", "event": "start", "coverage": 1.0}
{"ts": "2026-09-23T03:48:09.925093+00:00", "trace_id": null, "stage": "gate_coverage", "event": "finish", "duration_ms": 0.065, "coverage": 1.0}
{"ts": "2026-09-23T03:48:09.925139+00:00", "trace_id": null, "stage": "gate_conflict", "event": "start"}
{"ts": "2026-09-23T03:48:09.925198+00:00", "trace_id": null, "stage": "gate_conflict", "event": "finish", "duration_ms": 0.058, "skipped": true, "reason": "no_conflict"}
{"ts": "2026-09-23T03:48:09.925232+00:00", "trace_id": null, "stage": "embed_query", "event": "start", "model": "Qwen/Qwen3-Embedding-0.6B"}
{"ts": "2026-09-23T03:48:09.969809+00:00", "trace_id": null, "stage": "embed_query", "event": "finish", "duration_ms": 44.575, "model": "Qwen/Qwen3-Embedding-0.6B"}
{"ts": "2026-09-23T03:48:09.969882+00:00", "trace_id": null, "stage": "dense", "event": "start"}
{"ts": "2026-09-23T03:48:09.970113+00:00", "trace_id": null, "stage": "dense", "event": "finish", "duration_ms": 0.231, "candidates_out": 20}
{"ts": "2026-09-23T03:48:09.970154+00:00", "trace_id": null, "stage": "lexical", "event": "start"}
{"ts": "2026-09-23T03:48:09.970487+00:00", "trace_id": null, "stage": "lexical", "event": "finish", "duration_ms": 0.332, "candidates_out": 20}
{"ts": "2026-09-23T03:48:09.970549+00:00", "trace_id": null, "stage": "fuse", "event": "start", "candidates_in": 33}
{"ts": "2026-09-23T03:48:09.970625+00:00", "trace_id": null, "stage": "fuse", "event": "finish", "duration_ms": 0.076, "candidates_in": 33, "candidates_out": 20, "top_score": 0.03225806451612903}
{"ts": "2026-09-23T03:48:09.974075+00:00", "trace_id": null, "stage": "gate", "event": "start", "candidates_in": 5}
{"ts": "2026-09-23T03:48:09.974186+00:00", "trace_id": null, "stage": "gate", "event": "finish", "duration_ms": 0.114, "candidates_in": 5, "candidates_out": 5, "top_score": 0.0532258064516129}
{"ts": "2026-09-23T03:48:11.623511+00:00", "trace_id": null, "stage": "gate_form", "event": "start"}
{"ts": "2026-09-23T03:48:11.623617+00:00", "trace_id": null, "stage": "gate_form", "event": "finish", "duration_ms": 0.109}
{"ts": "2026-09-23T03:48:11.623658+00:00", "trace_id": null, "stage": "gate_literal", "event": "start"}
{"ts": "2026-09-23T03:48:11.623734+00:00", "trace_id": null, "stage": "gate_literal", "event": "finish", "duration_ms": 0.076}
{"ts": "2026-09-23T03:48:11.623777+00:00", "trace_id": null, "stage": "gate_entail", "event": "start", "skipped": true, "reason": "no_entailment_model"}
{"ts": "2026-09-23T03:48:11.623836+00:00", "trace_id": null, "stage": "gate_entail", "event": "finish", "duration_ms": 0.059, "degraded": true, "skipped": true, "reason": "no_entailment_model"}
{"ts": "2026-09-23T03:48:11.623870+00:00", "trace_id": null, "stage": "gate_coverage", "event": "start", "coverage": 1.0}
{"ts": "2026-09-23T03:48:11.623918+00:00", "trace_id": null, "stage": "gate_coverage", "event": "finish", "duration_ms": 0.046, "coverage": 1.0}
{"ts": "2026-09-23T03:48:11.623960+00:00", "trace_id": null, "stage": "gate_conflict", "event": "start"}
{"ts": "2026-09-23T03:48:11.624014+00:00", "trace_id": null, "stage": "gate_conflict", "event": "finish", "duration_ms": 0.054, "skipped": true, "reason": "no_conflict"}
{"ts": "2026-09-23T03:48:11.624042+00:00", "trace_id": null, "stage": "embed_query", "event": "start", "model": "Qwen/Qwen3-Embedding-0.6B"}
{"ts": "2026-09-23T03:48:11.660520+00:00", "trace_id": null, "stage": "embed_query", "event": "finish", "duration_ms": 36.475, "model": "Qwen/Qwen3-Embedding-0.6B"}
{"ts": "2026-09-23T03:48:11.660592+00:00", "trace_id": null, "stage": "dense", "event": "start"}
{"ts": "2026-09-23T03:48:11.660808+00:00", "trace_id": null, "stage": "dense", "event": "finish", "duration_ms": 0.214, "candidates_out": 20}
{"ts": "2026-09-23T03:48:11.660862+00:00", "trace_id": null, "stage": "lexical", "event": "start"}
{"ts": "2026-09-23T03:48:11.661147+00:00", "trace_id": null, "stage": "lexical", "event": "finish", "duration_ms": 0.285, "candidates_out": 20}
{"ts": "2026-09-23T03:48:11.661201+00:00", "trace_id": null, "stage": "fuse", "event": "start", "candidates_in": 34}
{"ts": "2026-09-23T03:48:11.661274+00:00", "trace_id": null, "stage": "fuse", "event": "finish", "duration_ms": 0.071, "candidates_in": 34, "candidates_out": 24, "top_score": 0.03278688524590164}
{"ts": "2026-09-23T03:48:11.665589+00:00", "trace_id": null, "stage": "gate", "event": "start", "candidates_in": 5}
{"ts": "2026-09-23T03:48:11.665691+00:00", "trace_id": null, "stage": "gate", "event": "finish", "duration_ms": 0.104, "candidates_in": 5, "candidates_out": 5, "top_score": 0.03278688524590164}
{"ts": "2026-09-23T03:48:13.855178+00:00", "trace_id": null, "stage": "gate_form", "event": "start"}
{"ts": "2026-09-23T03:48:13.855311+00:00", "trace_id": null, "stage": "gate_form", "event": "finish", "duration_ms": 0.137}
{"ts": "2026-09-23T03:48:13.855364+00:00", "trace_id": null, "stage": "gate_literal", "event": "start"}
{"ts": "2026-09-23T03:48:13.855486+00:00", "trace_id": null, "stage": "gate_literal", "event": "finish", "duration_ms": 0.122}
{"ts": "2026-09-23T03:48:13.855551+00:00", "trace_id": null, "stage": "gate_entail", "event": "start", "skipped": true, "reason": "no_entailment_model"}
{"ts": "2026-09-23T03:48:13.855612+00:00", "trace_id": null, "stage": "gate_entail", "event": "finish", "duration_ms": 0.06, "degraded": true, "skipped": true, "reason": "no_entailment_model"}
{"ts": "2026-09-23T03:48:13.855663+00:00", "trace_id": null, "stage": "gate_coverage", "event": "start", "coverage": 1.0}
{"ts": "2026-09-23T03:48:13.855737+00:00", "trace_id": null, "stage": "gate_coverage", "event": "finish", "duration_ms": 0.072, "coverage": 1.0}
{"ts": "2026-09-23T03:48:13.855797+00:00", "trace_id": null, "stage": "gate_conflict", "event": "start"}
{"ts": "2026-09-23T03:48:13.855880+00:00", "trace_id": null, "stage": "gate_conflict", "event": "finish", "duration_ms": 0.083, "skipped": true, "reason": "no_conflict"}
{"ts": "2026-09-23T03:48:13.855938+00:00", "trace_id": null, "stage": "embed_query", "event": "start", "model": "Qwen/Qwen3-Embedding-0.6B"}
{"ts": "2026-09-23T03:48:13.895437+00:00", "trace_id": null, "stage": "embed_query", "event": "finish", "duration_ms": 39.496, "model": "Qwen/Qwen3-Embedding-0.6B"}
{"ts": "2026-09-23T03:48:13.895511+00:00", "trace_id": null, "stage": "dense", "event": "start"}
{"ts": "2026-09-23T03:48:13.895732+00:00", "trace_id": null, "stage": "dense", "event": "finish", "duration_ms": 0.221, "candidates_out": 20}
{"ts": "2026-09-23T03:48:13.895772+00:00", "trace_id": null, "stage": "lexical", "event": "start"}
{"ts": "2026-09-23T03:48:13.896251+00:00", "trace_id": null, "stage": "lexical", "event": "finish", "duration_ms": 0.479, "candidates_out": 20}
{"ts": "2026-09-23T03:48:13.896296+00:00", "trace_id": null, "stage": "fuse", "event": "start", "candidates_in": 34}
{"ts": "2026-09-23T03:48:13.896433+00:00", "trace_id": null, "stage": "fuse", "event": "finish", "duration_ms": 0.137, "candidates_in": 34, "candidates_out": 26, "top_score": 0.03278688524590164}
{"ts": "2026-09-23T03:48:13.902277+00:00", "trace_id": null, "stage": "gate", "event": "start", "candidates_in": 5}
{"ts": "2026-09-23T03:48:13.902361+00:00", "trace_id": null, "stage": "gate", "event": "finish", "duration_ms": 0.083, "candidates_in": 5, "candidates_out": 5, "top_score": 0.08524590163934427}
{"ts": "2026-09-23T03:48:16.183489+00:00", "trace_id": null, "stage": "gate_form", "event": "start"}
{"ts": "2026-09-23T03:48:16.183601+00:00", "trace_id": null, "stage": "gate_form", "event": "finish", "duration_ms": 0.116}
{"ts": "2026-09-23T03:48:16.183646+00:00", "trace_id": null, "stage": "gate_literal", "event": "start"}
{"ts": "2026-09-23T03:48:16.183749+00:00", "trace_id": null, "stage": "gate_literal", "event": "finish", "duration_ms": 0.103}
{"ts": "2026-09-23T03:48:16.183801+00:00", "trace_id": null, "stage": "gate_entail", "event": "start", "skipped": true, "reason": "no_entailment_model"}
{"ts": "2026-09-23T03:48:16.183855+00:00", "trace_id": null, "stage": "gate_entail", "event": "finish", "duration_ms": 0.054, "degraded": true, "skipped": true, "reason": "no_entailment_model"}
{"ts": "2026-09-23T03:48:16.183893+00:00", "trace_id": null, "stage": "gate_coverage", "event": "start", "coverage": 1.0}
{"ts": "2026-09-23T03:48:16.183932+00:00", "trace_id": null, "stage": "gate_coverage", "event": "finish", "duration_ms": 0.04, "coverage": 1.0}
{"ts": "2026-09-23T03:48:16.183949+00:00", "trace_id": null, "stage": "gate_conflict", "event": "start"}
{"ts": "2026-09-23T03:48:16.183993+00:00", "trace_id": null, "stage": "gate_conflict", "event": "finish", "duration_ms": 0.044, "skipped": true, "reason": "no_conflict"}
{"ts": "2026-09-23T03:48:16.184018+00:00", "trace_id": null, "stage": "embed_query", "event": "start", "model": "Qwen/Qwen3-Embedding-0.6B"}
{"ts": "2026-09-23T03:48:16.220902+00:00", "trace_id": null, "stage": "embed_query", "event": "finish", "duration_ms": 36.88, "model": "Qwen/Qwen3-Embedding-0.6B"}
{"ts": "2026-09-23T03:48:16.220968+00:00", "trace_id": null, "stage": "dense", "event": "start"}
{"ts": "2026-09-23T03:48:16.221251+00:00", "trace_id": null, "stage": "dense", "event": "finish", "duration_ms": 0.281, "candidates_out": 20}
{"ts": "2026-09-23T03:48:16.221307+00:00", "trace_id": null, "stage": "lexical", "event": "start"}
{"ts": "2026-09-23T03:48:16.221609+00:00", "trace_id": null, "stage": "lexical", "event": "finish", "duration_ms": 0.301, "candidates_out": 20}
{"ts": "2026-09-23T03:48:16.221671+00:00", "trace_id": null, "stage": "fuse", "event": "start", "candidates_in": 34}
{"ts": "2026-09-23T03:48:16.221761+00:00", "trace_id": null, "stage": "fuse", "event": "finish", "duration_ms": 0.091, "candidates_in": 34, "candidates_out": 26, "top_score": 0.03278688524590164}
{"ts": "2026-09-23T03:48:16.227361+00:00", "trace_id": null, "stage": "gate", "event": "start", "candidates_in": 5}
{"ts": "2026-09-23T03:48:16.227433+00:00", "trace_id": null, "stage": "gate", "event": "finish", "duration_ms": 0.071, "candidates_in": 5, "candidates_out": 5, "top_score": 0.05901639344262295}
{"ts": "2026-09-23T03:48:18.016456+00:00", "trace_id": null, "stage": "gate_form", "event": "start"}
{"ts": "2026-09-23T03:48:18.016565+00:00", "trace_id": null, "stage": "gate_form", "event": "finish", "duration_ms": 0.114}
{"ts": "2026-09-23T03:48:18.016609+00:00", "trace_id": null, "stage": "gate_literal", "event": "start", "skipped": true, "reason": "declined"}
{"ts": "2026-09-23T03:48:18.016655+00:00", "trace_id": null, "stage": "gate_literal", "event": "finish", "duration_ms": 0.044, "skipped": true, "reason": "declined"}
{"ts": "2026-09-23T03:48:18.016697+00:00", "trace_id": null, "stage": "gate_conflict", "event": "start"}
{"ts": "2026-09-23T03:48:18.016753+00:00", "trace_id": null, "stage": "gate_conflict", "event": "finish", "duration_ms": 0.056, "skipped": true, "reason": "no_conflict"}
ABSTAIN lex-046 reason=declined raw='The documents do not say.'
{"ts": "2026-09-23T03:48:18.016783+00:00", "trace_id": null, "stage": "embed_query", "event": "start", "model": "Qwen/Qwen3-Embedding-0.6B"}
{"ts": "2026-09-23T03:48:18.051922+00:00", "trace_id": null, "stage": "embed_query", "event": "finish", "duration_ms": 35.135, "model": "Qwen/Qwen3-Embedding-0.6B"}
{"ts": "2026-09-23T03:48:18.051996+00:00", "trace_id": null, "stage": "dense", "event": "start"}
{"ts": "2026-09-23T03:48:18.052197+00:00", "trace_id": null, "stage": "dense", "event": "finish", "duration_ms": 0.201, "candidates_out": 20}
{"ts": "2026-09-23T03:48:18.052236+00:00", "trace_id": null, "stage": "lexical", "event": "start"}
{"ts": "2026-09-23T03:48:18.052509+00:00", "trace_id": null, "stage": "lexical", "event": "finish", "duration_ms": 0.271, "candidates_out": 20}
{"ts": "2026-09-23T03:48:18.052564+00:00", "trace_id": null, "stage": "fuse", "event": "start", "candidates_in": 32}
{"ts": "2026-09-23T03:48:18.052640+00:00", "trace_id": null, "stage": "fuse", "event": "finish", "duration_ms": 0.075, "candidates_in": 32, "candidates_out": 20, "top_score": 0.03278688524590164}
{"ts": "2026-09-23T03:48:18.055492+00:00", "trace_id": null, "stage": "gate", "event": "start", "candidates_in": 5}
{"ts": "2026-09-23T03:48:18.055576+00:00", "trace_id": null, "stage": "gate", "event": "finish", "duration_ms": 0.086, "candidates_in": 5, "candidates_out": 5, "top_score": 0.09737704918032787}
{"ts": "2026-09-23T03:48:19.718090+00:00", "trace_id": null, "stage": "gate_form", "event": "start"}
{"ts": "2026-09-23T03:48:19.718210+00:00", "trace_id": null, "stage": "gate_form", "event": "finish", "duration_ms": 0.123}
{"ts": "2026-09-23T03:48:19.718254+00:00", "trace_id": null, "stage": "gate_literal", "event": "start"}
{"ts": "2026-09-23T03:48:19.718330+00:00", "trace_id": null, "stage": "gate_literal", "event": "finish", "duration_ms": 0.075}
{"ts": "2026-09-23T03:48:19.718377+00:00", "trace_id": null, "stage": "gate_entail", "event": "start", "skipped": true, "reason": "no_entailment_model"}
{"ts": "2026-09-23T03:48:19.718431+00:00", "trace_id": null, "stage": "gate_entail", "event": "finish", "duration_ms": 0.054, "degraded": true, "skipped": true, "reason": "no_entailment_model"}
{"ts": "2026-09-23T03:48:19.718468+00:00", "trace_id": null, "stage": "gate_coverage", "event": "start", "coverage": 1.0}
{"ts": "2026-09-23T03:48:19.718507+00:00", "trace_id": null, "stage": "gate_coverage", "event": "finish", "duration_ms": 0.039, "coverage": 1.0}
{"ts": "2026-09-23T03:48:19.718523+00:00", "trace_id": null, "stage": "gate_conflict", "event": "start"}
{"ts": "2026-09-23T03:48:19.718566+00:00", "trace_id": null, "stage": "gate_conflict", "event": "finish", "duration_ms": 0.042, "skipped": true, "reason": "no_conflict"}
{"ts": "2026-09-23T03:48:19.718594+00:00", "trace_id": null, "stage": "embed_query", "event": "start", "model": "Qwen/Qwen3-Embedding-0.6B"}
{"ts": "2026-09-23T03:48:19.754034+00:00", "trace_id": null, "stage": "embed_query", "event": "finish", "duration_ms": 35.437, "model": "Qwen/Qwen3-Embedding-0.6B"}
{"ts": "2026-09-23T03:48:19.754104+00:00", "trace_id": null, "stage": "dense", "event": "start"}
{"ts": "2026-09-23T03:48:19.754328+00:00", "trace_id": null, "stage": "dense", "event": "finish", "duration_ms": 0.224, "candidates_out": 20}
{"ts": "2026-09-23T03:48:19.754370+00:00", "trace_id": null, "stage": "lexical", "event": "start"}
{"ts": "2026-09-23T03:48:19.754904+00:00", "trace_id": null, "stage": "lexical", "event": "finish", "duration_ms": 0.534, "candidates_out": 20}
{"ts": "2026-09-23T03:48:19.754962+00:00", "trace_id": null, "stage": "fuse", "event": "start", "candidates_in": 33}
{"ts": "2026-09-23T03:48:19.755042+00:00", "trace_id": null, "stage": "fuse", "event": "finish", "duration_ms": 0.079, "candidates_in": 33, "candidates_out": 25, "top_score": 0.032018442622950824}
{"ts": "2026-09-23T03:48:19.759890+00:00", "trace_id": null, "stage": "gate", "event": "start", "candidates_in": 5}
{"ts": "2026-09-23T03:48:19.759962+00:00", "trace_id": null, "stage": "gate", "event": "finish", "duration_ms": 0.073, "candidates_in": 5, "candidates_out": 5, "top_score": 0.09509477459016394}
{"ts": "2026-09-23T03:48:21.823443+00:00", "trace_id": null, "stage": "gate_form", "event": "start"}
{"ts": "2026-09-23T03:48:21.823540+00:00", "trace_id": null, "stage": "gate_form", "event": "finish", "duration_ms": 0.1}
{"ts": "2026-09-23T03:48:21.823580+00:00", "trace_id": null, "stage": "gate_literal", "event": "start"}
{"ts": "2026-09-23T03:48:21.823663+00:00", "trace_id": null, "stage": "gate_literal", "event": "finish", "duration_ms": 0.083}
{"ts": "2026-09-23T03:48:21.823707+00:00", "trace_id": null, "stage": "gate_entail", "event": "start", "skipped": true, "reason": "no_entailment_model"}
{"ts": "2026-09-23T03:48:21.823761+00:00", "trace_id": null, "stage": "gate_entail", "event": "finish", "duration_ms": 0.053, "degraded": true, "skipped": true, "reason": "no_entailment_model"}
{"ts": "2026-09-23T03:48:21.823813+00:00", "trace_id": null, "stage": "gate_coverage", "event": "start", "coverage": 1.0}
{"ts": "2026-09-23T03:48:21.823859+00:00", "trace_id": null, "stage": "gate_coverage", "event": "finish", "duration_ms": 0.047, "coverage": 1.0}
{"ts": "2026-09-23T03:48:21.823895+00:00", "trace_id": null, "stage": "gate_conflict", "event": "start"}
{"ts": "2026-09-23T03:48:21.823939+00:00", "trace_id": null, "stage": "gate_conflict", "event": "finish", "duration_ms": 0.043, "skipped": true, "reason": "no_conflict"}
{"ts": "2026-09-23T03:48:21.823963+00:00", "trace_id": null, "stage": "embed_query", "event": "start", "model": "Qwen/Qwen3-Embedding-0.6B"}
{"ts": "2026-09-23T03:48:21.861877+00:00", "trace_id": null, "stage": "embed_query", "event": "finish", "duration_ms": 37.912, "model": "Qwen/Qwen3-Embedding-0.6B"}
{"ts": "2026-09-23T03:48:21.861945+00:00", "trace_id": null, "stage": "dense", "event": "start"}
{"ts": "2026-09-23T03:48:21.862156+00:00", "trace_id": null, "stage": "dense", "event": "finish", "duration_ms": 0.211, "candidates_out": 20}
{"ts": "2026-09-23T03:48:21.862184+00:00", "trace_id": null, "stage": "lexical", "event": "start"}
{"ts": "2026-09-23T03:48:21.862473+00:00", "trace_id": null, "stage": "lexical", "event": "finish", "duration_ms": 0.288, "candidates_out": 20}
{"ts": "2026-09-23T03:48:21.862505+00:00", "trace_id": null, "stage": "fuse", "event": "start", "candidates_in": 34}
{"ts": "2026-09-23T03:48:21.862563+00:00", "trace_id": null, "stage": "fuse", "event": "finish", "duration_ms": 0.058, "candidates_in": 34, "candidates_out": 22, "top_score": 0.03278688524590164}
{"ts": "2026-09-23T03:48:21.868433+00:00", "trace_id": null, "stage": "gate", "event": "start", "candidates_in": 5}
{"ts": "2026-09-23T03:48:21.868549+00:00", "trace_id": null, "stage": "gate", "event": "finish", "duration_ms": 0.118, "candidates_in": 5, "candidates_out": 5, "top_score": 0.054098360655737705}
{"ts": "2026-09-23T03:48:23.424959+00:00", "trace_id": null, "stage": "gate_form", "event": "start"}
{"ts": "2026-09-23T03:48:23.425063+00:00", "trace_id": null, "stage": "gate_form", "event": "finish", "duration_ms": 0.107}
{"ts": "2026-09-23T03:48:23.425121+00:00", "trace_id": null, "stage": "gate_literal", "event": "start"}
{"ts": "2026-09-23T03:48:23.425193+00:00", "trace_id": null, "stage": "gate_literal", "event": "finish", "duration_ms": 0.072}
{"ts": "2026-09-23T03:48:23.425246+00:00", "trace_id": null, "stage": "gate_entail", "event": "start", "skipped": true, "reason": "no_entailment_model"}
{"ts": "2026-09-23T03:48:23.425296+00:00", "trace_id": null, "stage": "gate_entail", "event": "finish", "duration_ms": 0.05, "degraded": true, "skipped": true, "reason": "no_entailment_model"}
{"ts": "2026-09-23T03:48:23.425331+00:00", "trace_id": null, "stage": "gate_coverage", "event": "start", "coverage": 1.0}
{"ts": "2026-09-23T03:48:23.425371+00:00", "trace_id": null, "stage": "gate_coverage", "event": "finish", "duration_ms": 0.04, "coverage": 1.0}
{"ts": "2026-09-23T03:48:23.425400+00:00", "trace_id": null, "stage": "gate_conflict", "event": "start"}
{"ts": "2026-09-23T03:48:23.425443+00:00", "trace_id": null, "stage": "gate_conflict", "event": "finish", "duration_ms": 0.043, "skipped": true, "reason": "no_conflict"}
{"ts": "2026-09-23T03:48:23.425467+00:00", "trace_id": null, "stage": "embed_query", "event": "start", "model": "Qwen/Qwen3-Embedding-0.6B"}
{"ts": "2026-09-23T03:48:23.461842+00:00", "trace_id": null, "stage": "embed_query", "event": "finish", "duration_ms": 36.372, "model": "Qwen/Qwen3-Embedding-0.6B"}
{"ts": "2026-09-23T03:48:23.461912+00:00", "trace_id": null, "stage": "dense", "event": "start"}
{"ts": "2026-09-23T03:48:23.462115+00:00", "trace_id": null, "stage": "dense", "event": "finish", "duration_ms": 0.203, "candidates_out": 20}
{"ts": "2026-09-23T03:48:23.462150+00:00", "trace_id": null, "stage": "lexical", "event": "start"}
{"ts": "2026-09-23T03:48:23.462402+00:00", "trace_id": null, "stage": "lexical", "event": "finish", "duration_ms": 0.251, "candidates_out": 20}
{"ts": "2026-09-23T03:48:23.462436+00:00", "trace_id": null, "stage": "fuse", "event": "start", "candidates_in": 30}
{"ts": "2026-09-23T03:48:23.462518+00:00", "trace_id": null, "stage": "fuse", "event": "finish", "duration_ms": 0.082, "candidates_in": 30, "candidates_out": 25, "top_score": 0.03278688524590164}
{"ts": "2026-09-23T03:48:23.469702+00:00", "trace_id": null, "stage": "gate", "event": "start", "candidates_in": 5}
{"ts": "2026-09-23T03:48:23.469793+00:00", "trace_id": null, "stage": "gate", "event": "finish", "duration_ms": 0.092, "candidates_in": 5, "candidates_out": 5, "top_score": 0.11147540983606559}
{"ts": "2026-09-23T03:48:26.325067+00:00", "trace_id": null, "stage": "gate_form", "event": "start"}
{"ts": "2026-09-23T03:48:26.327776+00:00", "trace_id": null, "stage": "gate_form", "event": "finish", "duration_ms": 2.748}
{"ts": "2026-09-23T03:48:26.327838+00:00", "trace_id": null, "stage": "gate_literal", "event": "start"}
{"ts": "2026-09-23T03:48:26.327957+00:00", "trace_id": null, "stage": "gate_literal", "event": "finish", "duration_ms": 0.119}
{"ts": "2026-09-23T03:48:26.328011+00:00", "trace_id": null, "stage": "gate_entail", "event": "start", "skipped": true, "reason": "no_entailment_model"}
{"ts": "2026-09-23T03:48:26.328070+00:00", "trace_id": null, "stage": "gate_entail", "event": "finish", "duration_ms": 0.056, "degraded": true, "skipped": true, "reason": "no_entailment_model"}
{"ts": "2026-09-23T03:48:26.328092+00:00", "trace_id": null, "stage": "gate_coverage", "event": "start", "coverage": 1.0}
{"ts": "2026-09-23T03:48:26.328144+00:00", "trace_id": null, "stage": "gate_coverage", "event": "finish", "duration_ms": 0.052, "coverage": 1.0}
{"ts": "2026-09-23T03:48:26.328159+00:00", "trace_id": null, "stage": "gate_conflict", "event": "start"}
{"ts": "2026-09-23T03:48:26.328255+00:00", "trace_id": null, "stage": "gate_conflict", "event": "finish", "duration_ms": 0.095, "skipped": true, "reason": "no_conflict"}
{"ts": "2026-09-23T03:48:26.328359+00:00", "trace_id": null, "stage": "embed_query", "event": "start", "model": "Qwen/Qwen3-Embedding-0.6B"}
{"ts": "2026-09-23T03:48:26.492562+00:00", "trace_id": null, "stage": "embed_query", "event": "finish", "duration_ms": 164.2, "model": "Qwen/Qwen3-Embedding-0.6B"}
{"ts": "2026-09-23T03:48:26.492642+00:00", "trace_id": null, "stage": "dense", "event": "start"}
{"ts": "2026-09-23T03:48:26.493200+00:00", "trace_id": null, "stage": "dense", "event": "finish", "duration_ms": 0.557, "candidates_out": 20}
{"ts": "2026-09-23T03:48:26.493246+00:00", "trace_id": null, "stage": "lexical", "event": "start"}
{"ts": "2026-09-23T03:48:26.493658+00:00", "trace_id": null, "stage": "lexical", "event": "finish", "duration_ms": 0.41, "candidates_out": 20}
{"ts": "2026-09-23T03:48:26.493717+00:00", "trace_id": null, "stage": "fuse", "event": "start", "candidates_in": 30}
{"ts": "2026-09-23T03:48:26.493794+00:00", "trace_id": null, "stage": "fuse", "event": "finish", "duration_ms": 0.075, "candidates_in": 30, "candidates_out": 22, "top_score": 0.03278688524590164}
{"ts": "2026-09-23T03:48:26.499262+00:00", "trace_id": null, "stage": "gate", "event": "start", "candidates_in": 5}
{"ts": "2026-09-23T03:48:26.499355+00:00", "trace_id": null, "stage": "gate", "event": "finish", "duration_ms": 0.094, "candidates_in": 5, "candidates_out": 5, "top_score": 0.09428571428571428}
{"ts": "2026-09-23T03:48:28.355544+00:00", "trace_id": null, "stage": "gate_form", "event": "start"}
{"ts": "2026-09-23T03:48:28.355662+00:00", "trace_id": null, "stage": "gate_form", "event": "finish", "duration_ms": 0.122}
{"ts": "2026-09-23T03:48:28.355706+00:00", "trace_id": null, "stage": "gate_literal", "event": "start"}
{"ts": "2026-09-23T03:48:28.355813+00:00", "trace_id": null, "stage": "gate_literal", "event": "finish", "duration_ms": 0.107}
{"ts": "2026-09-23T03:48:28.355864+00:00", "trace_id": null, "stage": "gate_entail", "event": "start", "skipped": true, "reason": "no_entailment_model"}
{"ts": "2026-09-23T03:48:28.355918+00:00", "trace_id": null, "stage": "gate_entail", "event": "finish", "duration_ms": 0.052, "degraded": true, "skipped": true, "reason": "no_entailment_model"}
{"ts": "2026-09-23T03:48:28.355940+00:00", "trace_id": null, "stage": "gate_coverage", "event": "start", "coverage": 1.0}
{"ts": "2026-09-23T03:48:28.355980+00:00", "trace_id": null, "stage": "gate_coverage", "event": "finish", "duration_ms": 0.04, "coverage": 1.0}
{"ts": "2026-09-23T03:48:28.355994+00:00", "trace_id": null, "stage": "gate_conflict", "event": "start"}
{"ts": "2026-09-23T03:48:28.356050+00:00", "trace_id": null, "stage": "gate_conflict", "event": "finish", "duration_ms": 0.055, "skipped": true, "reason": "no_conflict"}
{"ts": "2026-09-23T03:48:28.356082+00:00", "trace_id": null, "stage": "embed_query", "event": "start", "model": "Qwen/Qwen3-Embedding-0.6B"}
{"ts": "2026-09-23T03:48:28.404541+00:00", "trace_id": null, "stage": "embed_query", "event": "finish", "duration_ms": 48.456, "model": "Qwen/Qwen3-Embedding-0.6B"}
{"ts": "2026-09-23T03:48:28.404610+00:00", "trace_id": null, "stage": "dense", "event": "start"}
{"ts": "2026-09-23T03:48:28.404825+00:00", "trace_id": null, "stage": "dense", "event": "finish", "duration_ms": 0.215, "candidates_out": 20}
{"ts": "2026-09-23T03:48:28.404872+00:00", "trace_id": null, "stage": "lexical", "event": "start"}
{"ts": "2026-09-23T03:48:28.405159+00:00", "trace_id": null, "stage": "lexical", "event": "finish", "duration_ms": 0.286, "candidates_out": 20}
{"ts": "2026-09-23T03:48:28.405195+00:00", "trace_id": null, "stage": "fuse", "event": "start", "candidates_in": 30}
{"ts": "2026-09-23T03:48:28.405269+00:00", "trace_id": null, "stage": "fuse", "event": "finish", "duration_ms": 0.073, "candidates_in": 30, "candidates_out": 21, "top_score": 0.03252247488101534}
{"ts": "2026-09-23T03:48:28.410815+00:00", "trace_id": null, "stage": "gate", "event": "start", "candidates_in": 5}
{"ts": "2026-09-23T03:48:28.410886+00:00", "trace_id": null, "stage": "gate", "event": "finish", "duration_ms": 0.07, "candidates_in": 5, "candidates_out": 5, "top_score": 0.13842310694769713}
{"ts": "2026-09-23T03:48:30.349026+00:00", "trace_id": null, "stage": "gate_form", "event": "start"}
{"ts": "2026-09-23T03:48:30.349141+00:00", "trace_id": null, "stage": "gate_form", "event": "finish", "duration_ms": 0.121}
{"ts": "2026-09-23T03:48:30.349166+00:00", "trace_id": null, "stage": "gate_literal", "event": "start"}
{"ts": "2026-09-23T03:48:30.349271+00:00", "trace_id": null, "stage": "gate_literal", "event": "finish", "duration_ms": 0.105}
{"ts": "2026-09-23T03:48:30.349340+00:00", "trace_id": null, "stage": "gate_entail", "event": "start", "skipped": true, "reason": "no_entailment_model"}
{"ts": "2026-09-23T03:48:30.349384+00:00", "trace_id": null, "stage": "gate_entail", "event": "finish", "duration_ms": 0.043, "degraded": true, "skipped": true, "reason": "no_entailment_model"}
{"ts": "2026-09-23T03:48:30.349401+00:00", "trace_id": null, "stage": "gate_coverage", "event": "start", "coverage": 1.0}
{"ts": "2026-09-23T03:48:30.349438+00:00", "trace_id": null, "stage": "gate_coverage", "event": "finish", "duration_ms": 0.036, "coverage": 1.0}
{"ts": "2026-09-23T03:48:30.349467+00:00", "trace_id": null, "stage": "gate_conflict", "event": "start"}
{"ts": "2026-09-23T03:48:30.349556+00:00", "trace_id": null, "stage": "gate_conflict", "event": "finish", "duration_ms": 0.089, "skipped": true, "reason": "no_conflict"}
{"ts": "2026-09-23T03:48:30.349594+00:00", "trace_id": null, "stage": "embed_query", "event": "start", "model": "Qwen/Qwen3-Embedding-0.6B"}
{"ts": "2026-09-23T03:48:30.394713+00:00", "trace_id": null, "stage": "embed_query", "event": "finish", "duration_ms": 45.117, "model": "Qwen/Qwen3-Embedding-0.6B"}
{"ts": "2026-09-23T03:48:30.394777+00:00", "trace_id": null, "stage": "dense", "event": "start"}
{"ts": "2026-09-23T03:48:30.394958+00:00", "trace_id": null, "stage": "dense", "event": "finish", "duration_ms": 0.181, "candidates_out": 20}
{"ts": "2026-09-23T03:48:30.394978+00:00", "trace_id": null, "stage": "lexical", "event": "start"}
{"ts": "2026-09-23T03:48:30.395231+00:00", "trace_id": null, "stage": "lexical", "event": "finish", "duration_ms": 0.252, "candidates_out": 19}
{"ts": "2026-09-23T03:48:30.395280+00:00", "trace_id": null, "stage": "fuse", "event": "start", "candidates_in": 26}
{"ts": "2026-09-23T03:48:30.395347+00:00", "trace_id": null, "stage": "fuse", "event": "finish", "duration_ms": 0.067, "candidates_in": 26, "candidates_out": 16, "top_score": 0.03278688524590164}
{"ts": "2026-09-23T03:48:30.398889+00:00", "trace_id": null, "stage": "gate", "event": "start", "candidates_in": 5}
{"ts": "2026-09-23T03:48:30.398989+00:00", "trace_id": null, "stage": "gate", "event": "finish", "duration_ms": 0.101, "candidates_in": 5, "candidates_out": 5, "top_score": 0.14065573770491804}
{"ts": "2026-09-23T03:48:32.116739+00:00", "trace_id": null, "stage": "gate_form", "event": "start"}
{"ts": "2026-09-23T03:48:32.116865+00:00", "trace_id": null, "stage": "gate_form", "event": "finish", "duration_ms": 0.13}
{"ts": "2026-09-23T03:48:32.116919+00:00", "trace_id": null, "stage": "gate_literal", "event": "start", "skipped": true, "reason": "form_failed"}
{"ts": "2026-09-23T03:48:32.116980+00:00", "trace_id": null, "stage": "gate_literal", "event": "finish", "duration_ms": 0.059, "skipped": true, "reason": "form_failed"}
{"ts": "2026-09-23T03:48:32.117045+00:00", "trace_id": null, "stage": "gate_conflict", "event": "start"}
{"ts": "2026-09-23T03:48:32.117126+00:00", "trace_id": null, "stage": "gate_conflict", "event": "finish", "duration_ms": 0.079, "skipped": true, "reason": "no_conflict"}
ABSTAIN sem-005 reason=missing_citation raw='The cafeteria operations should fully utilize Piped Natural Gas (PNG).'
{"ts": "2026-09-23T03:48:32.117209+00:00", "trace_id": null, "stage": "embed_query", "event": "start", "model": "Qwen/Qwen3-Embedding-0.6B"}
{"ts": "2026-09-23T03:48:32.164220+00:00", "trace_id": null, "stage": "embed_query", "event": "finish", "duration_ms": 47.009, "model": "Qwen/Qwen3-Embedding-0.6B"}
{"ts": "2026-09-23T03:48:32.164287+00:00", "trace_id": null, "stage": "dense", "event": "start"}
{"ts": "2026-09-23T03:48:32.164479+00:00", "trace_id": null, "stage": "dense", "event": "finish", "duration_ms": 0.192, "candidates_out": 20}
{"ts": "2026-09-23T03:48:32.164502+00:00", "trace_id": null, "stage": "lexical", "event": "start"}
{"ts": "2026-09-23T03:48:32.164752+00:00", "trace_id": null, "stage": "lexical", "event": "finish", "duration_ms": 0.249, "candidates_out": 14}
{"ts": "2026-09-23T03:48:32.164803+00:00", "trace_id": null, "stage": "fuse", "event": "start", "candidates_in": 26}
{"ts": "2026-09-23T03:48:32.164874+00:00", "trace_id": null, "stage": "fuse", "event": "finish", "duration_ms": 0.07, "candidates_in": 26, "candidates_out": 16, "top_score": 0.03278688524590164}
{"ts": "2026-09-23T03:48:32.167714+00:00", "trace_id": null, "stage": "gate", "event": "start", "candidates_in": 5}
{"ts": "2026-09-23T03:48:32.167784+00:00", "trace_id": null, "stage": "gate", "event": "finish", "duration_ms": 0.07, "candidates_in": 5, "candidates_out": 5, "top_score": 0.11147540983606559}
{"ts": "2026-09-23T03:48:34.302829+00:00", "trace_id": null, "stage": "gate_form", "event": "start"}
{"ts": "2026-09-23T03:48:34.302987+00:00", "trace_id": null, "stage": "gate_form", "event": "finish", "duration_ms": 0.162}
{"ts": "2026-09-23T03:48:34.303042+00:00", "trace_id": null, "stage": "gate_literal", "event": "start"}
{"ts": "2026-09-23T03:48:34.303155+00:00", "trace_id": null, "stage": "gate_literal", "event": "finish", "duration_ms": 0.113}
{"ts": "2026-09-23T03:48:34.303198+00:00", "trace_id": null, "stage": "gate_entail", "event": "start", "skipped": true, "reason": "no_entailment_model"}
{"ts": "2026-09-23T03:48:34.303249+00:00", "trace_id": null, "stage": "gate_entail", "event": "finish", "duration_ms": 0.05, "degraded": true, "skipped": true, "reason": "no_entailment_model"}
{"ts": "2026-09-23T03:48:34.303287+00:00", "trace_id": null, "stage": "gate_coverage", "event": "start", "coverage": 1.0}
{"ts": "2026-09-23T03:48:34.303328+00:00", "trace_id": null, "stage": "gate_coverage", "event": "finish", "duration_ms": 0.041, "coverage": 1.0}
{"ts": "2026-09-23T03:48:34.303345+00:00", "trace_id": null, "stage": "gate_conflict", "event": "start"}
{"ts": "2026-09-23T03:48:34.303395+00:00", "trace_id": null, "stage": "gate_conflict", "event": "finish", "duration_ms": 0.05, "skipped": true, "reason": "no_conflict"}
{"ts": "2026-09-23T03:48:34.303421+00:00", "trace_id": null, "stage": "embed_query", "event": "start", "model": "Qwen/Qwen3-Embedding-0.6B"}
{"ts": "2026-09-23T03:48:34.354803+00:00", "trace_id": null, "stage": "embed_query", "event": "finish", "duration_ms": 51.38, "model": "Qwen/Qwen3-Embedding-0.6B"}
{"ts": "2026-09-23T03:48:34.354872+00:00", "trace_id": null, "stage": "dense", "event": "start"}
{"ts": "2026-09-23T03:48:34.355074+00:00", "trace_id": null, "stage": "dense", "event": "finish", "duration_ms": 0.201, "candidates_out": 20}
{"ts": "2026-09-23T03:48:34.355120+00:00", "trace_id": null, "stage": "lexical", "event": "start"}
{"ts": "2026-09-23T03:48:34.355432+00:00", "trace_id": null, "stage": "lexical", "event": "finish", "duration_ms": 0.312, "candidates_out": 20}
{"ts": "2026-09-23T03:48:34.355465+00:00", "trace_id": null, "stage": "fuse", "event": "start", "candidates_in": 28}
{"ts": "2026-09-23T03:48:34.355536+00:00", "trace_id": null, "stage": "fuse", "event": "finish", "duration_ms": 0.071, "candidates_in": 28, "candidates_out": 22, "top_score": 0.03252247488101534}
{"ts": "2026-09-23T03:48:34.361400+00:00", "trace_id": null, "stage": "gate", "event": "start", "candidates_in": 5}
{"ts": "2026-09-23T03:48:34.361479+00:00", "trace_id": null, "stage": "gate", "event": "finish", "duration_ms": 0.08, "candidates_in": 5, "candidates_out": 5, "top_score": 0.09659175039661555}
{"ts": "2026-09-23T03:48:36.624647+00:00", "trace_id": null, "stage": "gate_form", "event": "start"}
{"ts": "2026-09-23T03:48:36.624898+00:00", "trace_id": null, "stage": "gate_form", "event": "finish", "duration_ms": 0.257}
{"ts": "2026-09-23T03:48:36.624954+00:00", "trace_id": null, "stage": "gate_literal", "event": "start", "skipped": true, "reason": "form_failed"}
{"ts": "2026-09-23T03:48:36.625183+00:00", "trace_id": null, "stage": "gate_literal", "event": "finish", "duration_ms": 0.229, "skipped": true, "reason": "form_failed"}
{"ts": "2026-09-23T03:48:36.625227+00:00", "trace_id": null, "stage": "gate_conflict", "event": "start"}
{"ts": "2026-09-23T03:48:36.625349+00:00", "trace_id": null, "stage": "gate_conflict", "event": "finish", "duration_ms": 0.121, "skipped": true, "reason": "no_conflict"}
ABSTAIN sem-007 reason=missing_citation raw='The carbon plan requires one mandatory sustainability training session annually for all employees.'
{"ts": "2026-09-23T03:48:36.625395+00:00", "trace_id": null, "stage": "embed_query", "event": "start", "model": "Qwen/Qwen3-Embedding-0.6B"}
{"ts": "2026-09-23T03:48:36.674235+00:00", "trace_id": null, "stage": "embed_query", "event": "finish", "duration_ms": 48.837, "model": "Qwen/Qwen3-Embedding-0.6B"}
{"ts": "2026-09-23T03:48:36.674315+00:00", "trace_id": null, "stage": "dense", "event": "start"}
{"ts": "2026-09-23T03:48:36.674529+00:00", "trace_id": null, "stage": "dense", "event": "finish", "duration_ms": 0.213, "candidates_out": 20}
{"ts": "2026-09-23T03:48:36.674578+00:00", "trace_id": null, "stage": "lexical", "event": "start"}
{"ts": "2026-09-23T03:48:36.674878+00:00", "trace_id": null, "stage": "lexical", "event": "finish", "duration_ms": 0.3, "candidates_out": 20}
{"ts": "2026-09-23T03:48:36.674935+00:00", "trace_id": null, "stage": "fuse", "event": "start", "candidates_in": 30}
{"ts": "2026-09-23T03:48:36.675004+00:00", "trace_id": null, "stage": "fuse", "event": "finish", "duration_ms": 0.069, "candidates_in": 30, "candidates_out": 21, "top_score": 0.032266458495966696}
{"ts": "2026-09-23T03:48:36.680412+00:00", "trace_id": null, "stage": "gate", "event": "start", "candidates_in": 5}
{"ts": "2026-09-23T03:48:36.680507+00:00", "trace_id": null, "stage": "gate", "event": "finish", "duration_ms": 0.096, "candidates_in": 5, "candidates_out": 5, "top_score": 0.05038461538461538}
{"ts": "2026-09-23T03:48:39.539880+00:00", "trace_id": null, "stage": "gate_form", "event": "start"}
{"ts": "2026-09-23T03:48:39.540012+00:00", "trace_id": null, "stage": "gate_form", "event": "finish", "duration_ms": 0.136}
{"ts": "2026-09-23T03:48:39.540063+00:00", "trace_id": null, "stage": "gate_literal", "event": "start", "skipped": true, "reason": "form_failed"}
{"ts": "2026-09-23T03:48:39.540120+00:00", "trace_id": null, "stage": "gate_literal", "event": "finish", "duration_ms": 0.056, "skipped": true, "reason": "form_failed"}
{"ts": "2026-09-23T03:48:39.540175+00:00", "trace_id": null, "stage": "gate_conflict", "event": "start"}
{"ts": "2026-09-23T03:48:39.540243+00:00", "trace_id": null, "stage": "gate_conflict", "event": "finish", "duration_ms": 0.068, "skipped": true, "reason": "no_conflict"}
ABSTAIN sem-008 reason=missing_citation raw='The environmental policy sets the goal for 2040 to be "Water Positive by 2040", focusing on maximizing the reuse and recyclability of water resources across business operations and'
{"ts": "2026-09-23T03:48:39.540294+00:00", "trace_id": null, "stage": "embed_query", "event": "start", "model": "Qwen/Qwen3-Embedding-0.6B"}
{"ts": "2026-09-23T03:48:39.581161+00:00", "trace_id": null, "stage": "embed_query", "event": "finish", "duration_ms": 40.864, "model": "Qwen/Qwen3-Embedding-0.6B"}
{"ts": "2026-09-23T03:48:39.581233+00:00", "trace_id": null, "stage": "dense", "event": "start"}
{"ts": "2026-09-23T03:48:39.581455+00:00", "trace_id": null, "stage": "dense", "event": "finish", "duration_ms": 0.222, "candidates_out": 20}
{"ts": "2026-09-23T03:48:39.581492+00:00", "trace_id": null, "stage": "lexical", "event": "start"}
{"ts": "2026-09-23T03:48:39.581819+00:00", "trace_id": null, "stage": "lexical", "event": "finish", "duration_ms": 0.326, "candidates_out": 20}
{"ts": "2026-09-23T03:48:39.581875+00:00", "trace_id": null, "stage": "fuse", "event": "start", "candidates_in": 27}
{"ts": "2026-09-23T03:48:39.581952+00:00", "trace_id": null, "stage": "fuse", "event": "finish", "duration_ms": 0.076, "candidates_in": 27, "candidates_out": 19, "top_score": 0.032266458495966696}
{"ts": "2026-09-23T03:48:39.587217+00:00", "trace_id": null, "stage": "gate", "event": "start", "candidates_in": 5}
{"ts": "2026-09-23T03:48:39.587516+00:00", "trace_id": null, "stage": "gate", "event": "finish", "duration_ms": 0.299, "candidates_in": 5, "candidates_out": 6, "top_score": 0.04817774936061381}
{"ts": "2026-09-23T03:48:43.275716+00:00", "trace_id": null, "stage": "gate_form", "event": "start"}
{"ts": "2026-09-23T03:48:43.275861+00:00", "trace_id": null, "stage": "gate_form", "event": "finish", "duration_ms": 0.15}
{"ts": "2026-09-23T03:48:43.275921+00:00", "trace_id": null, "stage": "gate_literal", "event": "start"}
{"ts": "2026-09-23T03:48:43.276061+00:00", "trace_id": null, "stage": "gate_literal", "event": "finish", "duration_ms": 0.139}
{"ts": "2026-09-23T03:48:43.276126+00:00", "trace_id": null, "stage": "gate_entail", "event": "start", "skipped": true, "reason": "no_entailment_model"}
{"ts": "2026-09-23T03:48:43.276200+00:00", "trace_id": null, "stage": "gate_entail", "event": "finish", "duration_ms": 0.074, "degraded": true, "skipped": true, "reason": "no_entailment_model"}
{"ts": "2026-09-23T03:48:43.276245+00:00", "trace_id": null, "stage": "gate_coverage", "event": "start", "coverage": 1.0}
{"ts": "2026-09-23T03:48:43.276303+00:00", "trace_id": null, "stage": "gate_coverage", "event": "finish", "duration_ms": 0.057, "coverage": 1.0}
{"ts": "2026-09-23T03:48:43.276351+00:00", "trace_id": null, "stage": "gate_conflict", "event": "start"}
{"ts": "2026-09-23T03:48:43.276491+00:00", "trace_id": null, "stage": "gate_conflict", "event": "finish", "duration_ms": 0.14, "reason": "version_conflict"}
{"ts": "2026-09-23T03:48:43.276536+00:00", "trace_id": null, "stage": "embed_query", "event": "start", "model": "Qwen/Qwen3-Embedding-0.6B"}
{"ts": "2026-09-23T03:48:43.319066+00:00", "trace_id": null, "stage": "embed_query", "event": "finish", "duration_ms": 42.527, "model": "Qwen/Qwen3-Embedding-0.6B"}
{"ts": "2026-09-23T03:48:43.319155+00:00", "trace_id": null, "stage": "dense", "event": "start"}
{"ts": "2026-09-23T03:48:43.319408+00:00", "trace_id": null, "stage": "dense", "event": "finish", "duration_ms": 0.253, "candidates_out": 20}
{"ts": "2026-09-23T03:48:43.319453+00:00", "trace_id": null, "stage": "lexical", "event": "start"}
{"ts": "2026-09-23T03:48:43.319751+00:00", "trace_id": null, "stage": "lexical", "event": "finish", "duration_ms": 0.297, "candidates_out": 20}
{"ts": "2026-09-23T03:48:43.319789+00:00", "trace_id": null, "stage": "fuse", "event": "start", "candidates_in": 25}
{"ts": "2026-09-23T03:48:43.319888+00:00", "trace_id": null, "stage": "fuse", "event": "finish", "duration_ms": 0.099, "candidates_in": 25, "candidates_out": 19, "top_score": 0.032018442622950824}
{"ts": "2026-09-23T03:48:43.323996+00:00", "trace_id": null, "stage": "gate", "event": "start", "candidates_in": 5}
{"ts": "2026-09-23T03:48:43.324132+00:00", "trace_id": null, "stage": "gate", "event": "finish", "duration_ms": 0.138, "candidates_in": 5, "candidates_out": 5, "top_score": 0.05052594670406732}
{"ts": "2026-09-23T03:48:47.109259+00:00", "trace_id": null, "stage": "gate_form", "event": "start"}
{"ts": "2026-09-23T03:48:47.109422+00:00", "trace_id": null, "stage": "gate_form", "event": "finish", "duration_ms": 0.168}
{"ts": "2026-09-23T03:48:47.109470+00:00", "trace_id": null, "stage": "gate_literal", "event": "start"}
{"ts": "2026-09-23T03:48:47.109598+00:00", "trace_id": null, "stage": "gate_literal", "event": "finish", "duration_ms": 0.127}
{"ts": "2026-09-23T03:48:47.109654+00:00", "trace_id": null, "stage": "gate_entail", "event": "start", "skipped": true, "reason": "no_entailment_model"}
{"ts": "2026-09-23T03:48:47.109717+00:00", "trace_id": null, "stage": "gate_entail", "event": "finish", "duration_ms": 0.063, "degraded": true, "skipped": true, "reason": "no_entailment_model"}
{"ts": "2026-09-23T03:48:47.109762+00:00", "trace_id": null, "stage": "gate_coverage", "event": "start", "coverage": 1.0}
{"ts": "2026-09-23T03:48:47.109806+00:00", "trace_id": null, "stage": "gate_coverage", "event": "finish", "duration_ms": 0.045, "coverage": 1.0}
{"ts": "2026-09-23T03:48:47.109825+00:00", "trace_id": null, "stage": "gate_conflict", "event": "start"}
{"ts": "2026-09-23T03:48:47.109887+00:00", "trace_id": null, "stage": "gate_conflict", "event": "finish", "duration_ms": 0.061, "skipped": true, "reason": "no_conflict"}
{"ts": "2026-09-23T03:48:47.109929+00:00", "trace_id": null, "stage": "embed_query", "event": "start", "model": "Qwen/Qwen3-Embedding-0.6B"}
{"ts": "2026-09-23T03:48:47.151145+00:00", "trace_id": null, "stage": "embed_query", "event": "finish", "duration_ms": 41.213, "model": "Qwen/Qwen3-Embedding-0.6B"}
{"ts": "2026-09-23T03:48:47.151210+00:00", "trace_id": null, "stage": "dense", "event": "start"}
{"ts": "2026-09-23T03:48:47.151457+00:00", "trace_id": null, "stage": "dense", "event": "finish", "duration_ms": 0.246, "candidates_out": 20}
{"ts": "2026-09-23T03:48:47.151499+00:00", "trace_id": null, "stage": "lexical", "event": "start"}
{"ts": "2026-09-23T03:48:47.151830+00:00", "trace_id": null, "stage": "lexical", "event": "finish", "duration_ms": 0.33, "candidates_out": 20}
{"ts": "2026-09-23T03:48:47.151887+00:00", "trace_id": null, "stage": "fuse", "event": "start", "candidates_in": 21}
{"ts": "2026-09-23T03:48:47.151951+00:00", "trace_id": null, "stage": "fuse", "event": "finish", "duration_ms": 0.063, "candidates_in": 21, "candidates_out": 15, "top_score": 0.032018442622950824}
{"ts": "2026-09-23T03:48:47.154926+00:00", "trace_id": null, "stage": "gate", "event": "start", "candidates_in": 5}
{"ts": "2026-09-23T03:48:47.155039+00:00", "trace_id": null, "stage": "gate", "event": "finish", "duration_ms": 0.114, "candidates_in": 5, "candidates_out": 5, "top_score": 0.05280337941628264}
{"ts": "2026-09-23T03:48:50.276028+00:00", "trace_id": null, "stage": "gate_form", "event": "start"}
{"ts": "2026-09-23T03:48:50.276245+00:00", "trace_id": null, "stage": "gate_form", "event": "finish", "duration_ms": 0.22}
{"ts": "2026-09-23T03:48:50.276331+00:00", "trace_id": null, "stage": "gate_literal", "event": "start"}
{"ts": "2026-09-23T03:48:50.276467+00:00", "trace_id": null, "stage": "gate_literal", "event": "finish", "duration_ms": 0.136}
{"ts": "2026-09-23T03:48:50.276523+00:00", "trace_id": null, "stage": "gate_entail", "event": "start", "skipped": true, "reason": "no_entailment_model"}
{"ts": "2026-09-23T03:48:50.276583+00:00", "trace_id": null, "stage": "gate_entail", "event": "finish", "duration_ms": 0.059, "degraded": true, "skipped": true, "reason": "no_entailment_model"}
{"ts": "2026-09-23T03:48:50.276637+00:00", "trace_id": null, "stage": "gate_coverage", "event": "start", "coverage": 1.0}
{"ts": "2026-09-23T03:48:50.276689+00:00", "trace_id": null, "stage": "gate_coverage", "event": "finish", "duration_ms": 0.051, "coverage": 1.0}
{"ts": "2026-09-23T03:48:50.276727+00:00", "trace_id": null, "stage": "gate_conflict", "event": "start"}
{"ts": "2026-09-23T03:48:50.276780+00:00", "trace_id": null, "stage": "gate_conflict", "event": "finish", "duration_ms": 0.053, "skipped": true, "reason": "no_conflict"}
{"ts": "2026-09-23T03:48:50.276809+00:00", "trace_id": null, "stage": "embed_query", "event": "start", "model": "Qwen/Qwen3-Embedding-0.6B"}
{"ts": "2026-09-23T03:48:50.315674+00:00", "trace_id": null, "stage": "embed_query", "event": "finish", "duration_ms": 38.861, "model": "Qwen/Qwen3-Embedding-0.6B"}
{"ts": "2026-09-23T03:48:50.315740+00:00", "trace_id": null, "stage": "dense", "event": "start"}
{"ts": "2026-09-23T03:48:50.315965+00:00", "trace_id": null, "stage": "dense", "event": "finish", "duration_ms": 0.225, "candidates_out": 20}
{"ts": "2026-09-23T03:48:50.316005+00:00", "trace_id": null, "stage": "lexical", "event": "start"}
{"ts": "2026-09-23T03:48:50.316295+00:00", "trace_id": null, "stage": "lexical", "event": "finish", "duration_ms": 0.289, "candidates_out": 20}
{"ts": "2026-09-23T03:48:50.316350+00:00", "trace_id": null, "stage": "fuse", "event": "start", "candidates_in": 24}
{"ts": "2026-09-23T03:48:50.316426+00:00", "trace_id": null, "stage": "fuse", "event": "finish", "duration_ms": 0.076, "candidates_in": 24, "candidates_out": 18, "top_score": 0.032018442622950824}
{"ts": "2026-09-23T03:48:50.319789+00:00", "trace_id": null, "stage": "gate", "event": "start", "candidates_in": 5}
{"ts": "2026-09-23T03:48:50.319850+00:00", "trace_id": null, "stage": "gate", "event": "finish", "duration_ms": 0.061, "candidates_in": 5, "candidates_out": 5, "top_score": 0.05280337941628264}
{"ts": "2026-09-23T03:48:53.763341+00:00", "trace_id": null, "stage": "gate_form", "event": "start"}
{"ts": "2026-09-23T03:48:53.763446+00:00", "trace_id": null, "stage": "gate_form", "event": "finish", "duration_ms": 0.108}
{"ts": "2026-09-23T03:48:53.763488+00:00", "trace_id": null, "stage": "gate_literal", "event": "start"}
{"ts": "2026-09-23T03:48:53.763579+00:00", "trace_id": null, "stage": "gate_literal", "event": "finish", "duration_ms": 0.091}
{"ts": "2026-09-23T03:48:53.763623+00:00", "trace_id": null, "stage": "gate_entail", "event": "start", "skipped": true, "reason": "no_entailment_model"}
{"ts": "2026-09-23T03:48:53.763676+00:00", "trace_id": null, "stage": "gate_entail", "event": "finish", "duration_ms": 0.05, "degraded": true, "skipped": true, "reason": "no_entailment_model"}
{"ts": "2026-09-23T03:48:53.763725+00:00", "trace_id": null, "stage": "gate_coverage", "event": "start", "coverage": 1.0}
{"ts": "2026-09-23T03:48:53.763773+00:00", "trace_id": null, "stage": "gate_coverage", "event": "finish", "duration_ms": 0.048, "coverage": 1.0}
{"ts": "2026-09-23T03:48:53.763803+00:00", "trace_id": null, "stage": "gate_conflict", "event": "start"}
{"ts": "2026-09-23T03:48:53.763847+00:00", "trace_id": null, "stage": "gate_conflict", "event": "finish", "duration_ms": 0.043, "skipped": true, "reason": "no_conflict"}
... 60/122 abstain=10
{"ts": "2026-09-23T03:48:53.763880+00:00", "trace_id": null, "stage": "embed_query", "event": "start", "model": "Qwen/Qwen3-Embedding-0.6B"}
{"ts": "2026-09-23T03:48:53.800890+00:00", "trace_id": null, "stage": "embed_query", "event": "finish", "duration_ms": 37.007, "model": "Qwen/Qwen3-Embedding-0.6B"}
{"ts": "2026-09-23T03:48:53.800970+00:00", "trace_id": null, "stage": "dense", "event": "start"}
{"ts": "2026-09-23T03:48:53.801223+00:00", "trace_id": null, "stage": "dense", "event": "finish", "duration_ms": 0.252, "candidates_out": 20}
{"ts": "2026-09-23T03:48:53.801261+00:00", "trace_id": null, "stage": "lexical", "event": "start"}
{"ts": "2026-09-23T03:48:53.801559+00:00", "trace_id": null, "stage": "lexical", "event": "finish", "duration_ms": 0.297, "candidates_out": 20}
{"ts": "2026-09-23T03:48:53.801629+00:00", "trace_id": null, "stage": "fuse", "event": "start", "candidates_in": 36}
{"ts": "2026-09-23T03:48:53.801692+00:00", "trace_id": null, "stage": "fuse", "event": "finish", "duration_ms": 0.062, "candidates_in": 36, "candidates_out": 27, "top_score": 0.03278688524590164}
{"ts": "2026-09-23T03:48:53.807336+00:00", "trace_id": null, "stage": "gate", "event": "start", "candidates_in": 5}
{"ts": "2026-09-23T03:48:53.807405+00:00", "trace_id": null, "stage": "gate", "event": "finish", "duration_ms": 0.07, "candidates_in": 5, "candidates_out": 5, "top_score": 0.04969429347826087}
{"ts": "2026-09-23T03:48:56.920239+00:00", "trace_id": null, "stage": "gate_form", "event": "start"}
{"ts": "2026-09-23T03:48:56.920373+00:00", "trace_id": null, "stage": "gate_form", "event": "finish", "duration_ms": 0.139}
{"ts": "2026-09-23T03:48:56.920437+00:00", "trace_id": null, "stage": "gate_literal", "event": "start", "skipped": true, "reason": "form_failed"}
{"ts": "2026-09-23T03:48:56.920508+00:00", "trace_id": null, "stage": "gate_literal", "event": "finish", "duration_ms": 0.069, "skipped": true, "reason": "form_failed"}
{"ts": "2026-09-23T03:48:56.920581+00:00", "trace_id": null, "stage": "gate_conflict", "event": "start"}
{"ts": "2026-09-23T03:48:56.920667+00:00", "trace_id": null, "stage": "gate_conflict", "event": "finish", "duration_ms": 0.086, "skipped": true, "reason": "no_conflict"}
ABSTAIN sem-013 reason=missing_citation raw='The Environmental Sustainability Policy 2026.pdf sets the ambition to achieve "Water Positive" status across Coforge\'s owned operations by 2040.'
{"ts": "2026-09-23T03:48:56.920728+00:00", "trace_id": null, "stage": "embed_query", "event": "start", "model": "Qwen/Qwen3-Embedding-0.6B"}
{"ts": "2026-09-23T03:48:56.962983+00:00", "trace_id": null, "stage": "embed_query", "event": "finish", "duration_ms": 42.253, "model": "Qwen/Qwen3-Embedding-0.6B"}
{"ts": "2026-09-23T03:48:56.963098+00:00", "trace_id": null, "stage": "dense", "event": "start"}
{"ts": "2026-09-23T03:48:56.963354+00:00", "trace_id": null, "stage": "dense", "event": "finish", "duration_ms": 0.257, "candidates_out": 20}
{"ts": "2026-09-23T03:48:56.963400+00:00", "trace_id": null, "stage": "lexical", "event": "start"}
{"ts": "2026-09-23T03:48:56.963739+00:00", "trace_id": null, "stage": "lexical", "event": "finish", "duration_ms": 0.339, "candidates_out": 20}
{"ts": "2026-09-23T03:48:56.963792+00:00", "trace_id": null, "stage": "fuse", "event": "start", "candidates_in": 29}
{"ts": "2026-09-23T03:48:56.963862+00:00", "trace_id": null, "stage": "fuse", "event": "finish", "duration_ms": 0.069, "candidates_in": 29, "candidates_out": 19, "top_score": 0.03278688524590164}
{"ts": "2026-09-23T03:48:56.969196+00:00", "trace_id": null, "stage": "gate", "event": "start", "candidates_in": 5}
{"ts": "2026-09-23T03:48:56.969272+00:00", "trace_id": null, "stage": "gate", "event": "finish", "duration_ms": 0.075, "candidates_in": 5, "candidates_out": 5, "top_score": 0.052380952380952375}
{"ts": "2026-09-23T03:48:59.256437+00:00", "trace_id": null, "stage": "gate_form", "event": "start"}
{"ts": "2026-09-23T03:48:59.256539+00:00", "trace_id": null, "stage": "gate_form", "event": "finish", "duration_ms": 0.106}
{"ts": "2026-09-23T03:48:59.256580+00:00", "trace_id": null, "stage": "gate_literal", "event": "start"}
{"ts": "2026-09-23T03:48:59.256670+00:00", "trace_id": null, "stage": "gate_literal", "event": "finish", "duration_ms": 0.09}
{"ts": "2026-09-23T03:48:59.256717+00:00", "trace_id": null, "stage": "gate_entail", "event": "start", "skipped": true, "reason": "no_entailment_model"}
{"ts": "2026-09-23T03:48:59.256767+00:00", "trace_id": null, "stage": "gate_entail", "event": "finish", "duration_ms": 0.051, "degraded": true, "skipped": true, "reason": "no_entailment_model"}
{"ts": "2026-09-23T03:48:59.256789+00:00", "trace_id": null, "stage": "gate_coverage", "event": "start", "coverage": 1.0}
{"ts": "2026-09-23T03:48:59.256832+00:00", "trace_id": null, "stage": "gate_coverage", "event": "finish", "duration_ms": 0.042, "coverage": 1.0}
{"ts": "2026-09-23T03:48:59.256853+00:00", "trace_id": null, "stage": "gate_conflict", "event": "start"}
{"ts": "2026-09-23T03:48:59.256904+00:00", "trace_id": null, "stage": "gate_conflict", "event": "finish", "duration_ms": 0.051, "skipped": true, "reason": "no_conflict"}
{"ts": "2026-09-23T03:48:59.256928+00:00", "trace_id": null, "stage": "embed_query", "event": "start", "model": "Qwen/Qwen3-Embedding-0.6B"}
{"ts": "2026-09-23T03:48:59.295904+00:00", "trace_id": null, "stage": "embed_query", "event": "finish", "duration_ms": 38.971, "model": "Qwen/Qwen3-Embedding-0.6B"}
{"ts": "2026-09-23T03:48:59.295994+00:00", "trace_id": null, "stage": "dense", "event": "start"}
{"ts": "2026-09-23T03:48:59.296240+00:00", "trace_id": null, "stage": "dense", "event": "finish", "duration_ms": 0.244, "candidates_out": 20}
{"ts": "2026-09-23T03:48:59.296288+00:00", "trace_id": null, "stage": "lexical", "event": "start"}
{"ts": "2026-09-23T03:48:59.296578+00:00", "trace_id": null, "stage": "lexical", "event": "finish", "duration_ms": 0.289, "candidates_out": 20}
{"ts": "2026-09-23T03:48:59.296630+00:00", "trace_id": null, "stage": "fuse", "event": "start", "candidates_in": 31}
{"ts": "2026-09-23T03:48:59.296699+00:00", "trace_id": null, "stage": "fuse", "event": "finish", "duration_ms": 0.069, "candidates_in": 31, "candidates_out": 20, "top_score": 0.03278688524590164}
{"ts": "2026-09-23T03:48:59.299797+00:00", "trace_id": null, "stage": "gate", "event": "start", "candidates_in": 5}
{"ts": "2026-09-23T03:48:59.299863+00:00", "trace_id": null, "stage": "gate", "event": "finish", "duration_ms": 0.065, "candidates_in": 5, "candidates_out": 5, "top_score": 0.08615934412444817}
{"ts": "2026-09-23T03:49:01.314619+00:00", "trace_id": null, "stage": "gate_form", "event": "start"}
{"ts": "2026-09-23T03:49:01.314780+00:00", "trace_id": null, "stage": "gate_form", "event": "finish", "duration_ms": 0.165}
{"ts": "2026-09-23T03:49:01.314835+00:00", "trace_id": null, "stage": "gate_literal", "event": "start"}
{"ts": "2026-09-23T03:49:01.314966+00:00", "trace_id": null, "stage": "gate_literal", "event": "finish", "duration_ms": 0.131}
{"ts": "2026-09-23T03:49:01.315025+00:00", "trace_id": null, "stage": "gate_entail", "event": "start", "skipped": true, "reason": "no_entailment_model"}
{"ts": "2026-09-23T03:49:01.315099+00:00", "trace_id": null, "stage": "gate_entail", "event": "finish", "duration_ms": 0.072, "degraded": true, "skipped": true, "reason": "no_entailment_model"}
{"ts": "2026-09-23T03:49:01.315156+00:00", "trace_id": null, "stage": "gate_coverage", "event": "start", "coverage": 1.0}
{"ts": "2026-09-23T03:49:01.315225+00:00", "trace_id": null, "stage": "gate_coverage", "event": "finish", "duration_ms": 0.07, "coverage": 1.0}
{"ts": "2026-09-23T03:49:01.315266+00:00", "trace_id": null, "stage": "gate_conflict", "event": "start"}
{"ts": "2026-09-23T03:49:01.315332+00:00", "trace_id": null, "stage": "gate_conflict", "event": "finish", "duration_ms": 0.066, "skipped": true, "reason": "no_conflict"}
{"ts": "2026-09-23T03:49:01.315388+00:00", "trace_id": null, "stage": "embed_query", "event": "start", "model": "Qwen/Qwen3-Embedding-0.6B"}
{"ts": "2026-09-23T03:49:01.357411+00:00", "trace_id": null, "stage": "embed_query", "event": "finish", "duration_ms": 42.019, "model": "Qwen/Qwen3-Embedding-0.6B"}
{"ts": "2026-09-23T03:49:01.357486+00:00", "trace_id": null, "stage": "dense", "event": "start"}
{"ts": "2026-09-23T03:49:01.357716+00:00", "trace_id": null, "stage": "dense", "event": "finish", "duration_ms": 0.229, "candidates_out": 20}
{"ts": "2026-09-23T03:49:01.357761+00:00", "trace_id": null, "stage": "lexical", "event": "start"}
{"ts": "2026-09-23T03:49:01.358084+00:00", "trace_id": null, "stage": "lexical", "event": "finish", "duration_ms": 0.322, "candidates_out": 20}
{"ts": "2026-09-23T03:49:01.358141+00:00", "trace_id": null, "stage": "fuse", "event": "start", "candidates_in": 27}
{"ts": "2026-09-23T03:49:01.358220+00:00", "trace_id": null, "stage": "fuse", "event": "finish", "duration_ms": 0.08, "candidates_in": 27, "candidates_out": 20, "top_score": 0.03252247488101534}
{"ts": "2026-09-23T03:49:01.363215+00:00", "trace_id": null, "stage": "gate", "event": "start", "candidates_in": 5}
{"ts": "2026-09-23T03:49:01.363291+00:00", "trace_id": null, "stage": "gate", "event": "finish", "duration_ms": 0.076, "candidates_in": 5, "candidates_out": 5, "top_score": 0.053662083553675306}
{"ts": "2026-09-23T03:49:03.232784+00:00", "trace_id": null, "stage": "gate_form", "event": "start"}
{"ts": "2026-09-23T03:49:03.232898+00:00", "trace_id": null, "stage": "gate_form", "event": "finish", "duration_ms": 0.118}
{"ts": "2026-09-23T03:49:03.232941+00:00", "trace_id": null, "stage": "gate_literal", "event": "start"}
{"ts": "2026-09-23T03:49:03.233031+00:00", "trace_id": null, "stage": "gate_literal", "event": "finish", "duration_ms": 0.089}
{"ts": "2026-09-23T03:49:03.233081+00:00", "trace_id": null, "stage": "gate_entail", "event": "start", "skipped": true, "reason": "no_entailment_model"}
{"ts": "2026-09-23T03:49:03.233120+00:00", "trace_id": null, "stage": "gate_entail", "event": "finish", "duration_ms": 0.039, "degraded": true, "skipped": true, "reason": "no_entailment_model"}
{"ts": "2026-09-23T03:49:03.233144+00:00", "trace_id": null, "stage": "gate_coverage", "event": "start", "coverage": 1.0}
{"ts": "2026-09-23T03:49:03.233181+00:00", "trace_id": null, "stage": "gate_coverage", "event": "finish", "duration_ms": 0.037, "coverage": 1.0}
{"ts": "2026-09-23T03:49:03.233235+00:00", "trace_id": null, "stage": "gate_conflict", "event": "start"}
{"ts": "2026-09-23T03:49:03.233299+00:00", "trace_id": null, "stage": "gate_conflict", "event": "finish", "duration_ms": 0.065, "skipped": true, "reason": "no_conflict"}
{"ts": "2026-09-23T03:49:03.233326+00:00", "trace_id": null, "stage": "embed_query", "event": "start", "model": "Qwen/Qwen3-Embedding-0.6B"}
{"ts": "2026-09-23T03:49:03.270641+00:00", "trace_id": null, "stage": "embed_query", "event": "finish", "duration_ms": 37.311, "model": "Qwen/Qwen3-Embedding-0.6B"}
{"ts": "2026-09-23T03:49:03.270718+00:00", "trace_id": null, "stage": "dense", "event": "start"}
{"ts": "2026-09-23T03:49:03.270961+00:00", "trace_id": null, "stage": "dense", "event": "finish", "duration_ms": 0.243, "candidates_out": 20}
{"ts": "2026-09-23T03:49:03.271015+00:00", "trace_id": null, "stage": "lexical", "event": "start"}
{"ts": "2026-09-23T03:49:03.271311+00:00", "trace_id": null, "stage": "lexical", "event": "finish", "duration_ms": 0.297, "candidates_out": 20}
{"ts": "2026-09-23T03:49:03.271373+00:00", "trace_id": null, "stage": "fuse", "event": "start", "candidates_in": 31}
{"ts": "2026-09-23T03:49:03.271446+00:00", "trace_id": null, "stage": "fuse", "event": "finish", "duration_ms": 0.072, "candidates_in": 31, "candidates_out": 23, "top_score": 0.03278688524590164}
{"ts": "2026-09-23T03:49:03.275453+00:00", "trace_id": null, "stage": "gate", "event": "start", "candidates_in": 5}
{"ts": "2026-09-23T03:49:03.275524+00:00", "trace_id": null, "stage": "gate", "event": "finish", "duration_ms": 0.07, "candidates_in": 5, "candidates_out": 5, "top_score": 0.053839285714285715}
{"ts": "2026-09-23T03:49:05.595926+00:00", "trace_id": null, "stage": "gate_form", "event": "start"}
{"ts": "2026-09-23T03:49:05.596059+00:00", "trace_id": null, "stage": "gate_form", "event": "finish", "duration_ms": 0.138}
{"ts": "2026-09-23T03:49:05.596114+00:00", "trace_id": null, "stage": "gate_literal", "event": "start"}
{"ts": "2026-09-23T03:49:05.596242+00:00", "trace_id": null, "stage": "gate_literal", "event": "finish", "duration_ms": 0.128}
{"ts": "2026-09-23T03:49:05.596303+00:00", "trace_id": null, "stage": "gate_entail", "event": "start", "skipped": true, "reason": "no_entailment_model"}
{"ts": "2026-09-23T03:49:05.596374+00:00", "trace_id": null, "stage": "gate_entail", "event": "finish", "duration_ms": 0.069, "degraded": true, "skipped": true, "reason": "no_entailment_model"}
{"ts": "2026-09-23T03:49:05.596437+00:00", "trace_id": null, "stage": "gate_coverage", "event": "start", "coverage": 1.0}
{"ts": "2026-09-23T03:49:05.596503+00:00", "trace_id": null, "stage": "gate_coverage", "event": "finish", "duration_ms": 0.067, "coverage": 1.0}
{"ts": "2026-09-23T03:49:05.596543+00:00", "trace_id": null, "stage": "gate_conflict", "event": "start"}
{"ts": "2026-09-23T03:49:05.596610+00:00", "trace_id": null, "stage": "gate_conflict", "event": "finish", "duration_ms": 0.066, "skipped": true, "reason": "no_conflict"}
{"ts": "2026-09-23T03:49:05.596667+00:00", "trace_id": null, "stage": "embed_query", "event": "start", "model": "Qwen/Qwen3-Embedding-0.6B"}
{"ts": "2026-09-23T03:49:05.637074+00:00", "trace_id": null, "stage": "embed_query", "event": "finish", "duration_ms": 40.404, "model": "Qwen/Qwen3-Embedding-0.6B"}
{"ts": "2026-09-23T03:49:05.637149+00:00", "trace_id": null, "stage": "dense", "event": "start"}
{"ts": "2026-09-23T03:49:05.637377+00:00", "trace_id": null, "stage": "dense", "event": "finish", "duration_ms": 0.227, "candidates_out": 20}
{"ts": "2026-09-23T03:49:05.637413+00:00", "trace_id": null, "stage": "lexical", "event": "start"}
{"ts": "2026-09-23T03:49:05.637789+00:00", "trace_id": null, "stage": "lexical", "event": "finish", "duration_ms": 0.376, "candidates_out": 20}
{"ts": "2026-09-23T03:49:05.637834+00:00", "trace_id": null, "stage": "fuse", "event": "start", "candidates_in": 30}
{"ts": "2026-09-23T03:49:05.637922+00:00", "trace_id": null, "stage": "fuse", "event": "finish", "duration_ms": 0.086, "candidates_in": 30, "candidates_out": 20, "top_score": 0.03252247488101534}
{"ts": "2026-09-23T03:49:05.642009+00:00", "trace_id": null, "stage": "gate", "event": "start", "candidates_in": 5}
{"ts": "2026-09-23T03:49:05.642084+00:00", "trace_id": null, "stage": "gate", "event": "finish", "duration_ms": 0.076, "candidates_in": 5, "candidates_out": 5, "top_score": 0.0559787849566056}
{"ts": "2026-09-23T03:49:07.777186+00:00", "trace_id": null, "stage": "gate_form", "event": "start"}
{"ts": "2026-09-23T03:49:07.777301+00:00", "trace_id": null, "stage": "gate_form", "event": "finish", "duration_ms": 0.118}
{"ts": "2026-09-23T03:49:07.777344+00:00", "trace_id": null, "stage": "gate_literal", "event": "start", "skipped": true, "reason": "form_failed"}
{"ts": "2026-09-23T03:49:07.777397+00:00", "trace_id": null, "stage": "gate_literal", "event": "finish", "duration_ms": 0.052, "skipped": true, "reason": "form_failed"}
{"ts": "2026-09-23T03:49:07.777448+00:00", "trace_id": null, "stage": "gate_conflict", "event": "start"}
{"ts": "2026-09-23T03:49:07.777508+00:00", "trace_id": null, "stage": "gate_conflict", "event": "finish", "duration_ms": 0.06, "skipped": true, "reason": "no_conflict"}
ABSTAIN sem-018 reason=missing_citation raw='The CSR & ESG Committee reviews the environmental policy commitments.'
{"ts": "2026-09-23T03:49:07.777539+00:00", "trace_id": null, "stage": "embed_query", "event": "start", "model": "Qwen/Qwen3-Embedding-0.6B"}
{"ts": "2026-09-23T03:49:07.816158+00:00", "trace_id": null, "stage": "embed_query", "event": "finish", "duration_ms": 38.615, "model": "Qwen/Qwen3-Embedding-0.6B"}
{"ts": "2026-09-23T03:49:07.816235+00:00", "trace_id": null, "stage": "dense", "event": "start"}
{"ts": "2026-09-23T03:49:07.816438+00:00", "trace_id": null, "stage": "dense", "event": "finish", "duration_ms": 0.203, "candidates_out": 20}
{"ts": "2026-09-23T03:49:07.816485+00:00", "trace_id": null, "stage": "lexical", "event": "start"}
{"ts": "2026-09-23T03:49:07.816762+00:00", "trace_id": null, "stage": "lexical", "event": "finish", "duration_ms": 0.276, "candidates_out": 20}
{"ts": "2026-09-23T03:49:07.816816+00:00", "trace_id": null, "stage": "fuse", "event": "start", "candidates_in": 32}
{"ts": "2026-09-23T03:49:07.816893+00:00", "trace_id": null, "stage": "fuse", "event": "finish", "duration_ms": 0.077, "candidates_in": 32, "candidates_out": 22, "top_score": 0.03252247488101534}
{"ts": "2026-09-23T03:49:07.821953+00:00", "trace_id": null, "stage": "gate", "event": "start", "candidates_in": 5}
{"ts": "2026-09-23T03:49:07.822017+00:00", "trace_id": null, "stage": "gate", "event": "finish", "duration_ms": 0.063, "candidates_in": 5, "candidates_out": 5, "top_score": 0.08455843469063988}
{"ts": "2026-09-23T03:49:09.662234+00:00", "trace_id": null, "stage": "gate_form", "event": "start"}
{"ts": "2026-09-23T03:49:09.662351+00:00", "trace_id": null, "stage": "gate_form", "event": "finish", "duration_ms": 0.119}
{"ts": "2026-09-23T03:49:09.662386+00:00", "trace_id": null, "stage": "gate_literal", "event": "start"}
{"ts": "2026-09-23T03:49:09.662480+00:00", "trace_id": null, "stage": "gate_literal", "event": "finish", "duration_ms": 0.093}
{"ts": "2026-09-23T03:49:09.662535+00:00", "trace_id": null, "stage": "gate_entail", "event": "start", "skipped": true, "reason": "no_entailment_model"}
{"ts": "2026-09-23T03:49:09.662592+00:00", "trace_id": null, "stage": "gate_entail", "event": "finish", "duration_ms": 0.059, "degraded": true, "skipped": true, "reason": "no_entailment_model"}
{"ts": "2026-09-23T03:49:09.662613+00:00", "trace_id": null, "stage": "gate_coverage", "event": "start", "coverage": 1.0}
{"ts": "2026-09-23T03:49:09.662656+00:00", "trace_id": null, "stage": "gate_coverage", "event": "finish", "duration_ms": 0.043, "coverage": 1.0}
{"ts": "2026-09-23T03:49:09.662703+00:00", "trace_id": null, "stage": "gate_conflict", "event": "start"}
{"ts": "2026-09-23T03:49:09.662745+00:00", "trace_id": null, "stage": "gate_conflict", "event": "finish", "duration_ms": 0.041, "skipped": true, "reason": "no_conflict"}
{"ts": "2026-09-23T03:49:09.662771+00:00", "trace_id": null, "stage": "embed_query", "event": "start", "model": "Qwen/Qwen3-Embedding-0.6B"}
{"ts": "2026-09-23T03:49:09.698939+00:00", "trace_id": null, "stage": "embed_query", "event": "finish", "duration_ms": 36.164, "model": "Qwen/Qwen3-Embedding-0.6B"}
{"ts": "2026-09-23T03:49:09.699022+00:00", "trace_id": null, "stage": "dense", "event": "start"}
{"ts": "2026-09-23T03:49:09.699235+00:00", "trace_id": null, "stage": "dense", "event": "finish", "duration_ms": 0.213, "candidates_out": 20}
{"ts": "2026-09-23T03:49:09.699274+00:00", "trace_id": null, "stage": "lexical", "event": "start"}
{"ts": "2026-09-23T03:49:09.699567+00:00", "trace_id": null, "stage": "lexical", "event": "finish", "duration_ms": 0.292, "candidates_out": 20}
{"ts": "2026-09-23T03:49:09.699617+00:00", "trace_id": null, "stage": "fuse", "event": "start", "candidates_in": 29}
{"ts": "2026-09-23T03:49:09.699681+00:00", "trace_id": null, "stage": "fuse", "event": "finish", "duration_ms": 0.064, "candidates_in": 29, "candidates_out": 19, "top_score": 0.032266458495966696}
{"ts": "2026-09-23T03:49:09.702653+00:00", "trace_id": null, "stage": "gate", "event": "start", "candidates_in": 5}
{"ts": "2026-09-23T03:49:09.702717+00:00", "trace_id": null, "stage": "gate", "event": "finish", "duration_ms": 0.063, "candidates_in": 5, "candidates_out": 5, "top_score": 0.09283516483516482}
{"ts": "2026-09-23T03:49:11.685744+00:00", "trace_id": null, "stage": "gate_form", "event": "start"}
{"ts": "2026-09-23T03:49:11.685863+00:00", "trace_id": null, "stage": "gate_form", "event": "finish", "duration_ms": 0.121}
{"ts": "2026-09-23T03:49:11.685907+00:00", "trace_id": null, "stage": "gate_literal", "event": "start"}
{"ts": "2026-09-23T03:49:11.686076+00:00", "trace_id": null, "stage": "gate_literal", "event": "finish", "duration_ms": 0.169}
{"ts": "2026-09-23T03:49:11.686122+00:00", "trace_id": null, "stage": "gate_entail", "event": "start", "skipped": true, "reason": "no_entailment_model"}
{"ts": "2026-09-23T03:49:11.686176+00:00", "trace_id": null, "stage": "gate_entail", "event": "finish", "duration_ms": 0.054, "degraded": true, "skipped": true, "reason": "no_entailment_model"}
{"ts": "2026-09-23T03:49:11.686213+00:00", "trace_id": null, "stage": "gate_coverage", "event": "start", "coverage": 1.0}
{"ts": "2026-09-23T03:49:11.686253+00:00", "trace_id": null, "stage": "gate_coverage", "event": "finish", "duration_ms": 0.04, "coverage": 1.0}
{"ts": "2026-09-23T03:49:11.686269+00:00", "trace_id": null, "stage": "gate_conflict", "event": "start"}
{"ts": "2026-09-23T03:49:11.686318+00:00", "trace_id": null, "stage": "gate_conflict", "event": "finish", "duration_ms": 0.048, "skipped": true, "reason": "no_conflict"}
{"ts": "2026-09-23T03:49:11.686376+00:00", "trace_id": null, "stage": "embed_query", "event": "start", "model": "Qwen/Qwen3-Embedding-0.6B"}
{"ts": "2026-09-23T03:49:11.724399+00:00", "trace_id": null, "stage": "embed_query", "event": "finish", "duration_ms": 38.021, "model": "Qwen/Qwen3-Embedding-0.6B"}
{"ts": "2026-09-23T03:49:11.724476+00:00", "trace_id": null, "stage": "dense", "event": "start"}
{"ts": "2026-09-23T03:49:11.724671+00:00", "trace_id": null, "stage": "dense", "event": "finish", "duration_ms": 0.195, "candidates_out": 20}
{"ts": "2026-09-23T03:49:11.724713+00:00", "trace_id": null, "stage": "lexical", "event": "start"}
{"ts": "2026-09-23T03:49:11.724979+00:00", "trace_id": null, "stage": "lexical", "event": "finish", "duration_ms": 0.265, "candidates_out": 20}
{"ts": "2026-09-23T03:49:11.725032+00:00", "trace_id": null, "stage": "fuse", "event": "start", "candidates_in": 32}
{"ts": "2026-09-23T03:49:11.725098+00:00", "trace_id": null, "stage": "fuse", "event": "finish", "duration_ms": 0.065, "candidates_in": 32, "candidates_out": 18, "top_score": 0.03278688524590164}
{"ts": "2026-09-23T03:49:11.727144+00:00", "trace_id": null, "stage": "gate", "event": "start", "candidates_in": 5}
{"ts": "2026-09-23T03:49:11.727205+00:00", "trace_id": null, "stage": "gate", "event": "finish", "duration_ms": 0.06, "candidates_in": 5, "candidates_out": 5, "top_score": 0.14065573770491804}
{"ts": "2026-09-23T03:49:13.610852+00:00", "trace_id": null, "stage": "gate_form", "event": "start"}
{"ts": "2026-09-23T03:49:13.611000+00:00", "trace_id": null, "stage": "gate_form", "event": "finish", "duration_ms": 0.152}
{"ts": "2026-09-23T03:49:13.611058+00:00", "trace_id": null, "stage": "gate_literal", "event": "start"}
{"ts": "2026-09-23T03:49:13.611204+00:00", "trace_id": null, "stage": "gate_literal", "event": "finish", "duration_ms": 0.146}
{"ts": "2026-09-23T03:49:13.611270+00:00", "trace_id": null, "stage": "gate_entail", "event": "start", "skipped": true, "reason": "no_entailment_model"}
{"ts": "2026-09-23T03:49:13.611345+00:00", "trace_id": null, "stage": "gate_entail", "event": "finish", "duration_ms": 0.075, "degraded": true, "skipped": true, "reason": "no_entailment_model"}
{"ts": "2026-09-23T03:49:13.611375+00:00", "trace_id": null, "stage": "gate_coverage", "event": "start", "coverage": 1.0}
{"ts": "2026-09-23T03:49:13.611435+00:00", "trace_id": null, "stage": "gate_coverage", "event": "finish", "duration_ms": 0.058, "coverage": 1.0}
{"ts": "2026-09-23T03:49:13.611511+00:00", "trace_id": null, "stage": "gate_conflict", "event": "start"}
{"ts": "2026-09-23T03:49:13.611568+00:00", "trace_id": null, "stage": "gate_conflict", "event": "finish", "duration_ms": 0.056, "skipped": true, "reason": "no_conflict"}
{"ts": "2026-09-23T03:49:13.611600+00:00", "trace_id": null, "stage": "embed_query", "event": "start", "model": "Qwen/Qwen3-Embedding-0.6B"}
{"ts": "2026-09-23T03:49:13.653162+00:00", "trace_id": null, "stage": "embed_query", "event": "finish", "duration_ms": 41.559, "model": "Qwen/Qwen3-Embedding-0.6B"}
{"ts": "2026-09-23T03:49:13.653235+00:00", "trace_id": null, "stage": "dense", "event": "start"}
{"ts": "2026-09-23T03:49:13.653460+00:00", "trace_id": null, "stage": "dense", "event": "finish", "duration_ms": 0.225, "candidates_out": 20}
{"ts": "2026-09-23T03:49:13.653500+00:00", "trace_id": null, "stage": "lexical", "event": "start"}
{"ts": "2026-09-23T03:49:13.653848+00:00", "trace_id": null, "stage": "lexical", "event": "finish", "duration_ms": 0.347, "candidates_out": 20}
{"ts": "2026-09-23T03:49:13.653906+00:00", "trace_id": null, "stage": "fuse", "event": "start", "candidates_in": 33}
{"ts": "2026-09-23T03:49:13.653985+00:00", "trace_id": null, "stage": "fuse", "event": "finish", "duration_ms": 0.079, "candidates_in": 33, "candidates_out": 20, "top_score": 0.03278688524590164}
{"ts": "2026-09-23T03:49:13.660282+00:00", "trace_id": null, "stage": "gate", "event": "start", "candidates_in": 5}
{"ts": "2026-09-23T03:49:13.660396+00:00", "trace_id": null, "stage": "gate", "event": "finish", "duration_ms": 0.117, "candidates_in": 5, "candidates_out": 5, "top_score": 0.14065573770491804}
{"ts": "2026-09-23T03:49:16.140313+00:00", "trace_id": null, "stage": "gate_form", "event": "start"}
{"ts": "2026-09-23T03:49:16.140479+00:00", "trace_id": null, "stage": "gate_form", "event": "finish", "duration_ms": 0.17}
{"ts": "2026-09-23T03:49:16.140545+00:00", "trace_id": null, "stage": "gate_literal", "event": "start"}
{"ts": "2026-09-23T03:49:16.140678+00:00", "trace_id": null, "stage": "gate_literal", "event": "finish", "duration_ms": 0.133}
{"ts": "2026-09-23T03:49:16.140728+00:00", "trace_id": null, "stage": "gate_entail", "event": "start", "skipped": true, "reason": "no_entailment_model"}
{"ts": "2026-09-23T03:49:16.140797+00:00", "trace_id": null, "stage": "gate_entail", "event": "finish", "duration_ms": 0.067, "degraded": true, "skipped": true, "reason": "no_entailment_model"}
{"ts": "2026-09-23T03:49:16.140846+00:00", "trace_id": null, "stage": "gate_coverage", "event": "start", "coverage": 1.0}
{"ts": "2026-09-23T03:49:16.140897+00:00", "trace_id": null, "stage": "gate_coverage", "event": "finish", "duration_ms": 0.052, "coverage": 1.0}
{"ts": "2026-09-23T03:49:16.140918+00:00", "trace_id": null, "stage": "gate_conflict", "event": "start"}
{"ts": "2026-09-23T03:49:16.140984+00:00", "trace_id": null, "stage": "gate_conflict", "event": "finish", "duration_ms": 0.065, "skipped": true, "reason": "no_conflict"}
{"ts": "2026-09-23T03:49:16.141071+00:00", "trace_id": null, "stage": "embed_query", "event": "start", "model": "Qwen/Qwen3-Embedding-0.6B"}
{"ts": "2026-09-23T03:49:16.181452+00:00", "trace_id": null, "stage": "embed_query", "event": "finish", "duration_ms": 40.38, "model": "Qwen/Qwen3-Embedding-0.6B"}
{"ts": "2026-09-23T03:49:16.181524+00:00", "trace_id": null, "stage": "dense", "event": "start"}
{"ts": "2026-09-23T03:49:16.181757+00:00", "trace_id": null, "stage": "dense", "event": "finish", "duration_ms": 0.233, "candidates_out": 20}
{"ts": "2026-09-23T03:49:16.181785+00:00", "trace_id": null, "stage": "lexical", "event": "start"}
{"ts": "2026-09-23T03:49:16.182066+00:00", "trace_id": null, "stage": "lexical", "event": "finish", "duration_ms": 0.28, "candidates_out": 13}
{"ts": "2026-09-23T03:49:16.182116+00:00", "trace_id": null, "stage": "fuse", "event": "start", "candidates_in": 25}
{"ts": "2026-09-23T03:49:16.182201+00:00", "trace_id": null, "stage": "fuse", "event": "finish", "duration_ms": 0.084, "candidates_in": 25, "candidates_out": 19, "top_score": 0.03278688524590164}
{"ts": "2026-09-23T03:49:16.186637+00:00", "trace_id": null, "stage": "gate", "event": "start", "candidates_in": 5}
{"ts": "2026-09-23T03:49:16.186703+00:00", "trace_id": null, "stage": "gate", "event": "finish", "duration_ms": 0.066, "candidates_in": 5, "candidates_out": 5, "top_score": 0.05901639344262295}
{"ts": "2026-09-23T03:49:18.306147+00:00", "trace_id": null, "stage": "gate_form", "event": "start"}
{"ts": "2026-09-23T03:49:18.306355+00:00", "trace_id": null, "stage": "gate_form", "event": "finish", "duration_ms": 0.211}
{"ts": "2026-09-23T03:49:18.306417+00:00", "trace_id": null, "stage": "gate_literal", "event": "start", "skipped": true, "reason": "form_failed"}
{"ts": "2026-09-23T03:49:18.306473+00:00", "trace_id": null, "stage": "gate_literal", "event": "finish", "duration_ms": 0.055, "skipped": true, "reason": "form_failed"}
{"ts": "2026-09-23T03:49:18.306523+00:00", "trace_id": null, "stage": "gate_conflict", "event": "start"}
{"ts": "2026-09-23T03:49:18.306586+00:00", "trace_id": null, "stage": "gate_conflict", "event": "finish", "duration_ms": 0.063, "skipped": true, "reason": "no_conflict"}
ABSTAIN sem-023 reason=missing_citation raw='According to the Water_Management_Policy.pdf, non-potable water usage through recycled and treated wastewater can support the following applications: irrigation, flushing, landscap'
{"ts": "2026-09-23T03:49:18.306640+00:00", "trace_id": null, "stage": "embed_query", "event": "start", "model": "Qwen/Qwen3-Embedding-0.6B"}
{"ts": "2026-09-23T03:49:18.346373+00:00", "trace_id": null, "stage": "embed_query", "event": "finish", "duration_ms": 39.731, "model": "Qwen/Qwen3-Embedding-0.6B"}
{"ts": "2026-09-23T03:49:18.346446+00:00", "trace_id": null, "stage": "dense", "event": "start"}
{"ts": "2026-09-23T03:49:18.346664+00:00", "trace_id": null, "stage": "dense", "event": "finish", "duration_ms": 0.217, "candidates_out": 20}
{"ts": "2026-09-23T03:49:18.346704+00:00", "trace_id": null, "stage": "lexical", "event": "start"}
{"ts": "2026-09-23T03:49:18.347006+00:00", "trace_id": null, "stage": "lexical", "event": "finish", "duration_ms": 0.3, "candidates_out": 20}
{"ts": "2026-09-23T03:49:18.347073+00:00", "trace_id": null, "stage": "fuse", "event": "start", "candidates_in": 32}
{"ts": "2026-09-23T03:49:18.347153+00:00", "trace_id": null, "stage": "fuse", "event": "finish", "duration_ms": 0.08, "candidates_in": 32, "candidates_out": 20, "top_score": 0.03278688524590164}
{"ts": "2026-09-23T03:49:18.350851+00:00", "trace_id": null, "stage": "gate", "event": "start", "candidates_in": 5}
{"ts": "2026-09-23T03:49:18.350927+00:00", "trace_id": null, "stage": "gate", "event": "finish", "duration_ms": 0.076, "candidates_in": 5, "candidates_out": 5, "top_score": 0.09737704918032787}
{"ts": "2026-09-23T03:49:20.119259+00:00", "trace_id": null, "stage": "gate_form", "event": "start"}
{"ts": "2026-09-23T03:49:20.119447+00:00", "trace_id": null, "stage": "gate_form", "event": "finish", "duration_ms": 0.194}
{"ts": "2026-09-23T03:49:20.119524+00:00", "trace_id": null, "stage": "gate_literal", "event": "start", "skipped": true, "reason": "form_failed"}
{"ts": "2026-09-23T03:49:20.119619+00:00", "trace_id": null, "stage": "gate_literal", "event": "finish", "duration_ms": 0.097, "skipped": true, "reason": "form_failed"}
{"ts": "2026-09-23T03:49:20.119668+00:00", "trace_id": null, "stage": "gate_conflict", "event": "start"}
{"ts": "2026-09-23T03:49:20.119755+00:00", "trace_id": null, "stage": "gate_conflict", "event": "finish", "duration_ms": 0.087, "skipped": true, "reason": "no_conflict"}
ABSTAIN sem-024 reason=missing_citation raw='The water policy takes a zero-discharge philosophy wherever applicable and technically feasible for discharge.'
{"ts": "2026-09-23T03:49:20.119843+00:00", "trace_id": null, "stage": "embed_query", "event": "start", "model": "Qwen/Qwen3-Embedding-0.6B"}
{"ts": "2026-09-23T03:49:20.168891+00:00", "trace_id": null, "stage": "embed_query", "event": "finish", "duration_ms": 49.047, "model": "Qwen/Qwen3-Embedding-0.6B"}
{"ts": "2026-09-23T03:49:20.168984+00:00", "trace_id": null, "stage": "dense", "event": "start"}
{"ts": "2026-09-23T03:49:20.169240+00:00", "trace_id": null, "stage": "dense", "event": "finish", "duration_ms": 0.256, "candidates_out": 20}
{"ts": "2026-09-23T03:49:20.169287+00:00", "trace_id": null, "stage": "lexical", "event": "start"}
{"ts": "2026-09-23T03:49:20.169653+00:00", "trace_id": null, "stage": "lexical", "event": "finish", "duration_ms": 0.365, "candidates_out": 20}
{"ts": "2026-09-23T03:49:20.169727+00:00", "trace_id": null, "stage": "fuse", "event": "start", "candidates_in": 33}
{"ts": "2026-09-23T03:49:20.169826+00:00", "trace_id": null, "stage": "fuse", "event": "finish", "duration_ms": 0.098, "candidates_in": 33, "candidates_out": 22, "top_score": 0.03278688524590164}
{"ts": "2026-09-23T03:49:20.175503+00:00", "trace_id": null, "stage": "gate", "event": "start", "candidates_in": 5}
{"ts": "2026-09-23T03:49:20.175594+00:00", "trace_id": null, "stage": "gate", "event": "finish", "duration_ms": 0.093, "candidates_in": 5, "candidates_out": 5, "top_score": 0.05901639344262295}
{"ts": "2026-09-23T03:49:22.209496+00:00", "trace_id": null, "stage": "gate_form", "event": "start"}
{"ts": "2026-09-23T03:49:22.209613+00:00", "trace_id": null, "stage": "gate_form", "event": "finish", "duration_ms": 0.12}
{"ts": "2026-09-23T03:49:22.209662+00:00", "trace_id": null, "stage": "gate_literal", "event": "start"}
{"ts": "2026-09-23T03:49:22.209785+00:00", "trace_id": null, "stage": "gate_literal", "event": "finish", "duration_ms": 0.123}
{"ts": "2026-09-23T03:49:22.209843+00:00", "trace_id": null, "stage": "gate_entail", "event": "start", "skipped": true, "reason": "no_entailment_model"}
{"ts": "2026-09-23T03:49:22.209901+00:00", "trace_id": null, "stage": "gate_entail", "event": "finish", "duration_ms": 0.059, "degraded": true, "skipped": true, "reason": "no_entailment_model"}
{"ts": "2026-09-23T03:49:22.209927+00:00", "trace_id": null, "stage": "gate_coverage", "event": "start", "coverage": 1.0}
{"ts": "2026-09-23T03:49:22.209974+00:00", "trace_id": null, "stage": "gate_coverage", "event": "finish", "duration_ms": 0.047, "coverage": 1.0}
{"ts": "2026-09-23T03:49:22.210000+00:00", "trace_id": null, "stage": "gate_conflict", "event": "start"}
{"ts": "2026-09-23T03:49:22.210063+00:00", "trace_id": null, "stage": "gate_conflict", "event": "finish", "duration_ms": 0.063, "skipped": true, "reason": "no_conflict"}
{"ts": "2026-09-23T03:49:22.210092+00:00", "trace_id": null, "stage": "embed_query", "event": "start", "model": "Qwen/Qwen3-Embedding-0.6B"}
{"ts": "2026-09-23T03:49:22.249812+00:00", "trace_id": null, "stage": "embed_query", "event": "finish", "duration_ms": 39.716, "model": "Qwen/Qwen3-Embedding-0.6B"}
{"ts": "2026-09-23T03:49:22.249880+00:00", "trace_id": null, "stage": "dense", "event": "start"}
{"ts": "2026-09-23T03:49:22.250097+00:00", "trace_id": null, "stage": "dense", "event": "finish", "duration_ms": 0.216, "candidates_out": 20}
{"ts": "2026-09-23T03:49:22.250133+00:00", "trace_id": null, "stage": "lexical", "event": "start"}
{"ts": "2026-09-23T03:49:22.250444+00:00", "trace_id": null, "stage": "lexical", "event": "finish", "duration_ms": 0.31, "candidates_out": 20}
{"ts": "2026-09-23T03:49:22.250504+00:00", "trace_id": null, "stage": "fuse", "event": "start", "candidates_in": 35}
{"ts": "2026-09-23T03:49:22.250582+00:00", "trace_id": null, "stage": "fuse", "event": "finish", "duration_ms": 0.078, "candidates_in": 35, "candidates_out": 22, "top_score": 0.032266458495966696}
{"ts": "2026-09-23T03:49:22.253200+00:00", "trace_id": null, "stage": "gate", "event": "start", "candidates_in": 5}
{"ts": "2026-09-23T03:49:22.253261+00:00", "trace_id": null, "stage": "gate", "event": "finish", "duration_ms": 0.061, "candidates_in": 5, "candidates_out": 5, "top_score": 0.09583138173302108}
{"ts": "2026-09-23T03:49:23.343319+00:00", "trace_id": null, "stage": "gate_form", "event": "start"}
{"ts": "2026-09-23T03:49:23.343446+00:00", "trace_id": null, "stage": "gate_form", "event": "finish", "duration_ms": 0.13}
{"ts": "2026-09-23T03:49:23.343496+00:00", "trace_id": null, "stage": "gate_literal", "event": "start"}
{"ts": "2026-09-23T03:49:23.343617+00:00", "trace_id": null, "stage": "gate_literal", "event": "finish", "duration_ms": 0.121}
{"ts": "2026-09-23T03:49:23.343671+00:00", "trace_id": null, "stage": "gate_entail", "event": "start", "skipped": true, "reason": "no_entailment_model"}
{"ts": "2026-09-23T03:49:23.343733+00:00", "trace_id": null, "stage": "gate_entail", "event": "finish", "duration_ms": 0.063, "degraded": true, "skipped": true, "reason": "no_entailment_model"}
{"ts": "2026-09-23T03:49:23.343772+00:00", "trace_id": null, "stage": "gate_coverage", "event": "start", "coverage": 1.0}
{"ts": "2026-09-23T03:49:23.343821+00:00", "trace_id": null, "stage": "gate_coverage", "event": "finish", "duration_ms": 0.049, "coverage": 1.0}
{"ts": "2026-09-23T03:49:23.343862+00:00", "trace_id": null, "stage": "gate_conflict", "event": "start"}
{"ts": "2026-09-23T03:49:23.343915+00:00", "trace_id": null, "stage": "gate_conflict", "event": "finish", "duration_ms": 0.052, "skipped": true, "reason": "no_conflict"}
{"ts": "2026-09-23T03:49:23.343942+00:00", "trace_id": null, "stage": "embed_query", "event": "start", "model": "Qwen/Qwen3-Embedding-0.6B"}
{"ts": "2026-09-23T03:49:23.385264+00:00", "trace_id": null, "stage": "embed_query", "event": "finish", "duration_ms": 41.318, "model": "Qwen/Qwen3-Embedding-0.6B"}
{"ts": "2026-09-23T03:49:23.385346+00:00", "trace_id": null, "stage": "dense", "event": "start"}
{"ts": "2026-09-23T03:49:23.385551+00:00", "trace_id": null, "stage": "dense", "event": "finish", "duration_ms": 0.204, "candidates_out": 20}
{"ts": "2026-09-23T03:49:23.385589+00:00", "trace_id": null, "stage": "lexical", "event": "start"}
{"ts": "2026-09-23T03:49:23.385865+00:00", "trace_id": null, "stage": "lexical", "event": "finish", "duration_ms": 0.274, "candidates_out": 20}
{"ts": "2026-09-23T03:49:23.385919+00:00", "trace_id": null, "stage": "fuse", "event": "start", "candidates_in": 36}
{"ts": "2026-09-23T03:49:23.385988+00:00", "trace_id": null, "stage": "fuse", "event": "finish", "duration_ms": 0.069, "candidates_in": 36, "candidates_out": 25, "top_score": 0.03252247488101534}
{"ts": "2026-09-23T03:49:23.391227+00:00", "trace_id": null, "stage": "gate", "event": "start", "candidates_in": 5}
{"ts": "2026-09-23T03:49:23.391288+00:00", "trace_id": null, "stage": "gate", "event": "finish", "duration_ms": 0.06, "candidates_in": 5, "candidates_out": 5, "top_score": 0.05854045478582761}
{"ts": "2026-09-23T03:49:25.160108+00:00", "trace_id": null, "stage": "gate_form", "event": "start"}
{"ts": "2026-09-23T03:49:25.160210+00:00", "trace_id": null, "stage": "gate_form", "event": "finish", "duration_ms": 0.106}
{"ts": "2026-09-23T03:49:25.160252+00:00", "trace_id": null, "stage": "gate_literal", "event": "start"}
{"ts": "2026-09-23T03:49:25.160347+00:00", "trace_id": null, "stage": "gate_literal", "event": "finish", "duration_ms": 0.094}
{"ts": "2026-09-23T03:49:25.160392+00:00", "trace_id": null, "stage": "gate_entail", "event": "start", "skipped": true, "reason": "no_entailment_model"}
{"ts": "2026-09-23T03:49:25.160440+00:00", "trace_id": null, "stage": "gate_entail", "event": "finish", "duration_ms": 0.048, "degraded": true, "skipped": true, "reason": "no_entailment_model"}
{"ts": "2026-09-23T03:49:25.160473+00:00", "trace_id": null, "stage": "gate_coverage", "event": "start", "coverage": 1.0}
{"ts": "2026-09-23T03:49:25.160505+00:00", "trace_id": null, "stage": "gate_coverage", "event": "finish", "duration_ms": 0.033, "coverage": 1.0}
{"ts": "2026-09-23T03:49:25.160519+00:00", "trace_id": null, "stage": "gate_conflict", "event": "start"}
{"ts": "2026-09-23T03:49:25.160568+00:00", "trace_id": null, "stage": "gate_conflict", "event": "finish", "duration_ms": 0.048, "skipped": true, "reason": "no_conflict"}
{"ts": "2026-09-23T03:49:25.160620+00:00", "trace_id": null, "stage": "embed_query", "event": "start", "model": "Qwen/Qwen3-Embedding-0.6B"}
{"ts": "2026-09-23T03:49:25.196222+00:00", "trace_id": null, "stage": "embed_query", "event": "finish", "duration_ms": 35.598, "model": "Qwen/Qwen3-Embedding-0.6B"}
{"ts": "2026-09-23T03:49:25.196302+00:00", "trace_id": null, "stage": "dense", "event": "start"}
{"ts": "2026-09-23T03:49:25.196518+00:00", "trace_id": null, "stage": "dense", "event": "finish", "duration_ms": 0.215, "candidates_out": 20}
{"ts": "2026-09-23T03:49:25.196565+00:00", "trace_id": null, "stage": "lexical", "event": "start"}
{"ts": "2026-09-23T03:49:25.196843+00:00", "trace_id": null, "stage": "lexical", "event": "finish", "duration_ms": 0.277, "candidates_out": 20}
{"ts": "2026-09-23T03:49:25.196898+00:00", "trace_id": null, "stage": "fuse", "event": "start", "candidates_in": 32}
{"ts": "2026-09-23T03:49:25.196970+00:00", "trace_id": null, "stage": "fuse", "event": "finish", "duration_ms": 0.072, "candidates_in": 32, "candidates_out": 22, "top_score": 0.03278688524590164}
{"ts": "2026-09-23T03:49:25.202581+00:00", "trace_id": null, "stage": "gate", "event": "start", "candidates_in": 5}
{"ts": "2026-09-23T03:49:25.204319+00:00", "trace_id": null, "stage": "gate", "event": "finish", "duration_ms": 1.738, "candidates_in": 5, "candidates_out": 5, "top_score": 0.09737704918032787}
{"ts": "2026-09-23T03:49:27.620320+00:00", "trace_id": null, "stage": "gate_form", "event": "start"}
{"ts": "2026-09-23T03:49:27.620482+00:00", "trace_id": null, "stage": "gate_form", "event": "finish", "duration_ms": 0.164}
{"ts": "2026-09-23T03:49:27.620552+00:00", "trace_id": null, "stage": "gate_literal", "event": "start"}
{"ts": "2026-09-23T03:49:27.620689+00:00", "trace_id": null, "stage": "gate_literal", "event": "finish", "duration_ms": 0.136}
{"ts": "2026-09-23T03:49:27.620808+00:00", "trace_id": null, "stage": "gate_entail", "event": "start", "skipped": true, "reason": "no_entailment_model"}
{"ts": "2026-09-23T03:49:27.620934+00:00", "trace_id": null, "stage": "gate_entail", "event": "finish", "duration_ms": 0.128, "degraded": true, "skipped": true, "reason": "no_entailment_model"}
{"ts": "2026-09-23T03:49:27.620986+00:00", "trace_id": null, "stage": "gate_coverage", "event": "start", "coverage": 1.0}
{"ts": "2026-09-23T03:49:27.621036+00:00", "trace_id": null, "stage": "gate_coverage", "event": "finish", "duration_ms": 0.052, "coverage": 1.0}
{"ts": "2026-09-23T03:49:27.621058+00:00", "trace_id": null, "stage": "gate_conflict", "event": "start"}
{"ts": "2026-09-23T03:49:27.621125+00:00", "trace_id": null, "stage": "gate_conflict", "event": "finish", "duration_ms": 0.065, "skipped": true, "reason": "no_conflict"}
{"ts": "2026-09-23T03:49:27.621210+00:00", "trace_id": null, "stage": "embed_query", "event": "start", "model": "Qwen/Qwen3-Embedding-0.6B"}
{"ts": "2026-09-23T03:49:27.661338+00:00", "trace_id": null, "stage": "embed_query", "event": "finish", "duration_ms": 40.126, "model": "Qwen/Qwen3-Embedding-0.6B"}
{"ts": "2026-09-23T03:49:27.661409+00:00", "trace_id": null, "stage": "dense", "event": "start"}
{"ts": "2026-09-23T03:49:27.661630+00:00", "trace_id": null, "stage": "dense", "event": "finish", "duration_ms": 0.22, "candidates_out": 20}
{"ts": "2026-09-23T03:49:27.661654+00:00", "trace_id": null, "stage": "lexical", "event": "start"}
{"ts": "2026-09-23T03:49:27.661969+00:00", "trace_id": null, "stage": "lexical", "event": "finish", "duration_ms": 0.315, "candidates_out": 20}
{"ts": "2026-09-23T03:49:27.662000+00:00", "trace_id": null, "stage": "fuse", "event": "start", "candidates_in": 32}
{"ts": "2026-09-23T03:49:27.662074+00:00", "trace_id": null, "stage": "fuse", "event": "finish", "duration_ms": 0.073, "candidates_in": 32, "candidates_out": 22, "top_score": 0.03252247488101534}
{"ts": "2026-09-23T03:49:27.667221+00:00", "trace_id": null, "stage": "gate", "event": "start", "candidates_in": 5}
{"ts": "2026-09-23T03:49:27.667319+00:00", "trace_id": null, "stage": "gate", "event": "finish", "duration_ms": 0.098, "candidates_in": 5, "candidates_out": 5, "top_score": 0.09659175039661555}
{"ts": "2026-09-23T03:49:29.640050+00:00", "trace_id": null, "stage": "gate_form", "event": "start"}
{"ts": "2026-09-23T03:49:29.640199+00:00", "trace_id": null, "stage": "gate_form", "event": "finish", "duration_ms": 0.153}
{"ts": "2026-09-23T03:49:29.640259+00:00", "trace_id": null, "stage": "gate_literal", "event": "start"}
{"ts": "2026-09-23T03:49:29.640407+00:00", "trace_id": null, "stage": "gate_literal", "event": "finish", "duration_ms": 0.149}
{"ts": "2026-09-23T03:49:29.640448+00:00", "trace_id": null, "stage": "gate_entail", "event": "start", "skipped": true, "reason": "no_entailment_model"}
{"ts": "2026-09-23T03:49:29.640508+00:00", "trace_id": null, "stage": "gate_entail", "event": "finish", "duration_ms": 0.06, "degraded": true, "skipped": true, "reason": "no_entailment_model"}
{"ts": "2026-09-23T03:49:29.640565+00:00", "trace_id": null, "stage": "gate_coverage", "event": "start", "coverage": 1.0}
{"ts": "2026-09-23T03:49:29.640639+00:00", "trace_id": null, "stage": "gate_coverage", "event": "finish", "duration_ms": 0.075, "coverage": 1.0}
{"ts": "2026-09-23T03:49:29.640684+00:00", "trace_id": null, "stage": "gate_conflict", "event": "start"}
{"ts": "2026-09-23T03:49:29.640780+00:00", "trace_id": null, "stage": "gate_conflict", "event": "finish", "duration_ms": 0.093, "skipped": true, "reason": "no_conflict"}
{"ts": "2026-09-23T03:49:29.640851+00:00", "trace_id": null, "stage": "embed_query", "event": "start", "model": "Qwen/Qwen3-Embedding-0.6B"}
{"ts": "2026-09-23T03:49:29.688010+00:00", "trace_id": null, "stage": "embed_query", "event": "finish", "duration_ms": 47.156, "model": "Qwen/Qwen3-Embedding-0.6B"}
{"ts": "2026-09-23T03:49:29.688134+00:00", "trace_id": null, "stage": "dense", "event": "start"}
{"ts": "2026-09-23T03:49:29.688427+00:00", "trace_id": null, "stage": "dense", "event": "finish", "duration_ms": 0.294, "candidates_out": 20}
{"ts": "2026-09-23T03:49:29.688483+00:00", "trace_id": null, "stage": "lexical", "event": "start"}
{"ts": "2026-09-23T03:49:29.688837+00:00", "trace_id": null, "stage": "lexical", "event": "finish", "duration_ms": 0.355, "candidates_out": 20}
{"ts": "2026-09-23T03:49:29.688899+00:00", "trace_id": null, "stage": "fuse", "event": "start", "candidates_in": 23}
{"ts": "2026-09-23T03:49:29.688992+00:00", "trace_id": null, "stage": "fuse", "event": "finish", "duration_ms": 0.091, "candidates_in": 23, "candidates_out": 18, "top_score": 0.032266458495966696}
{"ts": "2026-09-23T03:49:29.693598+00:00", "trace_id": null, "stage": "gate", "event": "start", "candidates_in": 5}
{"ts": "2026-09-23T03:49:29.693687+00:00", "trace_id": null, "stage": "gate", "event": "finish", "duration_ms": 0.09, "candidates_in": 5, "candidates_out": 5, "top_score": 0.05239415322580645}
{"ts": "2026-09-23T03:49:32.918270+00:00", "trace_id": null, "stage": "gate_form", "event": "start"}
{"ts": "2026-09-23T03:49:32.918423+00:00", "trace_id": null, "stage": "gate_form", "event": "finish", "duration_ms": 0.156}
{"ts": "2026-09-23T03:49:32.918489+00:00", "trace_id": null, "stage": "gate_literal", "event": "start"}
{"ts": "2026-09-23T03:49:32.918770+00:00", "trace_id": null, "stage": "gate_literal", "event": "finish", "duration_ms": 0.281}
{"ts": "2026-09-23T03:49:32.918844+00:00", "trace_id": null, "stage": "gate_entail", "event": "start", "skipped": true, "reason": "no_entailment_model"}
{"ts": "2026-09-23T03:49:32.918927+00:00", "trace_id": null, "stage": "gate_entail", "event": "finish", "duration_ms": 0.083, "degraded": true, "skipped": true, "reason": "no_entailment_model"}
{"ts": "2026-09-23T03:49:32.918979+00:00", "trace_id": null, "stage": "gate_coverage", "event": "start", "coverage": 1.0}
{"ts": "2026-09-23T03:49:32.919050+00:00", "trace_id": null, "stage": "gate_coverage", "event": "finish", "duration_ms": 0.07, "coverage": 1.0}
{"ts": "2026-09-23T03:49:32.919083+00:00", "trace_id": null, "stage": "gate_conflict", "event": "start"}
{"ts": "2026-09-23T03:49:32.919158+00:00", "trace_id": null, "stage": "gate_conflict", "event": "finish", "duration_ms": 0.075, "skipped": true, "reason": "no_conflict"}
{"ts": "2026-09-23T03:49:32.919201+00:00", "trace_id": null, "stage": "embed_query", "event": "start", "model": "Qwen/Qwen3-Embedding-0.6B"}
{"ts": "2026-09-23T03:49:32.963343+00:00", "trace_id": null, "stage": "embed_query", "event": "finish", "duration_ms": 44.139, "model": "Qwen/Qwen3-Embedding-0.6B"}
{"ts": "2026-09-23T03:49:32.963427+00:00", "trace_id": null, "stage": "dense", "event": "start"}
{"ts": "2026-09-23T03:49:32.963648+00:00", "trace_id": null, "stage": "dense", "event": "finish", "duration_ms": 0.22, "candidates_out": 20}
{"ts": "2026-09-23T03:49:32.963691+00:00", "trace_id": null, "stage": "lexical", "event": "start"}
{"ts": "2026-09-23T03:49:32.964027+00:00", "trace_id": null, "stage": "lexical", "event": "finish", "duration_ms": 0.335, "candidates_out": 20}
{"ts": "2026-09-23T03:49:32.964073+00:00", "trace_id": null, "stage": "fuse", "event": "start", "candidates_in": 31}
{"ts": "2026-09-23T03:49:32.964197+00:00", "trace_id": null, "stage": "fuse", "event": "finish", "duration_ms": 0.123, "candidates_in": 31, "candidates_out": 22, "top_score": 0.03177805800756621}
{"ts": "2026-09-23T03:49:32.969617+00:00", "trace_id": null, "stage": "gate", "event": "start", "candidates_in": 5}
{"ts": "2026-09-23T03:49:32.969723+00:00", "trace_id": null, "stage": "gate", "event": "finish", "duration_ms": 0.11, "candidates_in": 5, "candidates_out": 5, "top_score": 0.03177805800756621}
{"ts": "2026-09-23T03:49:34.709640+00:00", "trace_id": null, "stage": "gate_form", "event": "start"}
{"ts": "2026-09-23T03:49:34.709774+00:00", "trace_id": null, "stage": "gate_form", "event": "finish", "duration_ms": 0.14}
{"ts": "2026-09-23T03:49:34.709817+00:00", "trace_id": null, "stage": "gate_literal", "event": "start"}
{"ts": "2026-09-23T03:49:34.709900+00:00", "trace_id": null, "stage": "gate_literal", "event": "finish", "duration_ms": 0.083}
{"ts": "2026-09-23T03:49:34.709946+00:00", "trace_id": null, "stage": "gate_entail", "event": "start", "skipped": true, "reason": "no_entailment_model"}
{"ts": "2026-09-23T03:49:34.709994+00:00", "trace_id": null, "stage": "gate_entail", "event": "finish", "duration_ms": 0.048, "degraded": true, "skipped": true, "reason": "no_entailment_model"}
{"ts": "2026-09-23T03:49:34.710016+00:00", "trace_id": null, "stage": "gate_coverage", "event": "start", "coverage": 1.0}
{"ts": "2026-09-23T03:49:34.710056+00:00", "trace_id": null, "stage": "gate_coverage", "event": "finish", "duration_ms": 0.04, "coverage": 1.0}
{"ts": "2026-09-23T03:49:34.710102+00:00", "trace_id": null, "stage": "gate_conflict", "event": "start"}
{"ts": "2026-09-23T03:49:34.710145+00:00", "trace_id": null, "stage": "gate_conflict", "event": "finish", "duration_ms": 0.043, "skipped": true, "reason": "no_conflict"}
{"ts": "2026-09-23T03:49:34.710170+00:00", "trace_id": null, "stage": "embed_query", "event": "start", "model": "Qwen/Qwen3-Embedding-0.6B"}
{"ts": "2026-09-23T03:49:34.750002+00:00", "trace_id": null, "stage": "embed_query", "event": "finish", "duration_ms": 39.827, "model": "Qwen/Qwen3-Embedding-0.6B"}
{"ts": "2026-09-23T03:49:34.750104+00:00", "trace_id": null, "stage": "dense", "event": "start"}
{"ts": "2026-09-23T03:49:34.750386+00:00", "trace_id": null, "stage": "dense", "event": "finish", "duration_ms": 0.282, "candidates_out": 20}
{"ts": "2026-09-23T03:49:34.750463+00:00", "trace_id": null, "stage": "lexical", "event": "start"}
{"ts": "2026-09-23T03:49:34.750792+00:00", "trace_id": null, "stage": "lexical", "event": "finish", "duration_ms": 0.328, "candidates_out": 20}
{"ts": "2026-09-23T03:49:34.750853+00:00", "trace_id": null, "stage": "fuse", "event": "start", "candidates_in": 34}
{"ts": "2026-09-23T03:49:34.750939+00:00", "trace_id": null, "stage": "fuse", "event": "finish", "duration_ms": 0.087, "candidates_in": 34, "candidates_out": 24, "top_score": 0.03252247488101534}
{"ts": "2026-09-23T03:49:34.756502+00:00", "trace_id": null, "stage": "gate", "event": "start", "candidates_in": 5}
{"ts": "2026-09-23T03:49:34.756598+00:00", "trace_id": null, "stage": "gate", "event": "finish", "duration_ms": 0.096, "candidates_in": 5, "candidates_out": 5, "top_score": 0.053662083553675306}
{"ts": "2026-09-23T03:49:36.846899+00:00", "trace_id": null, "stage": "gate_form", "event": "start"}
{"ts": "2026-09-23T03:49:36.847023+00:00", "trace_id": null, "stage": "gate_form", "event": "finish", "duration_ms": 0.128}
{"ts": "2026-09-23T03:49:36.847075+00:00", "trace_id": null, "stage": "gate_literal", "event": "start"}
{"ts": "2026-09-23T03:49:36.847190+00:00", "trace_id": null, "stage": "gate_literal", "event": "finish", "duration_ms": 0.114}
{"ts": "2026-09-23T03:49:36.847245+00:00", "trace_id": null, "stage": "gate_entail", "event": "start", "skipped": true, "reason": "no_entailment_model"}
{"ts": "2026-09-23T03:49:36.847305+00:00", "trace_id": null, "stage": "gate_entail", "event": "finish", "duration_ms": 0.06, "degraded": true, "skipped": true, "reason": "no_entailment_model"}
{"ts": "2026-09-23T03:49:36.847345+00:00", "trace_id": null, "stage": "gate_coverage", "event": "start", "coverage": 1.0}
{"ts": "2026-09-23T03:49:36.847393+00:00", "trace_id": null, "stage": "gate_coverage", "event": "finish", "duration_ms": 0.048, "coverage": 1.0}
{"ts": "2026-09-23T03:49:36.847432+00:00", "trace_id": null, "stage": "gate_conflict", "event": "start"}
{"ts": "2026-09-23T03:49:36.847490+00:00", "trace_id": null, "stage": "gate_conflict", "event": "finish", "duration_ms": 0.058, "skipped": true, "reason": "no_conflict"}
... 80/122 abstain=14
{"ts": "2026-09-23T03:49:36.847537+00:00", "trace_id": null, "stage": "embed_query", "event": "start", "model": "Qwen/Qwen3-Embedding-0.6B"}
{"ts": "2026-09-23T03:49:36.887333+00:00", "trace_id": null, "stage": "embed_query", "event": "finish", "duration_ms": 39.793, "model": "Qwen/Qwen3-Embedding-0.6B"}
{"ts": "2026-09-23T03:49:36.887461+00:00", "trace_id": null, "stage": "dense", "event": "start"}
{"ts": "2026-09-23T03:49:36.887725+00:00", "trace_id": null, "stage": "dense", "event": "finish", "duration_ms": 0.264, "candidates_out": 20}
{"ts": "2026-09-23T03:49:36.887770+00:00", "trace_id": null, "stage": "lexical", "event": "start"}
{"ts": "2026-09-23T03:49:36.888060+00:00", "trace_id": null, "stage": "lexical", "event": "finish", "duration_ms": 0.29, "candidates_out": 20}
{"ts": "2026-09-23T03:49:36.888110+00:00", "trace_id": null, "stage": "fuse", "event": "start", "candidates_in": 32}
{"ts": "2026-09-23T03:49:36.888178+00:00", "trace_id": null, "stage": "fuse", "event": "finish", "duration_ms": 0.067, "candidates_in": 32, "candidates_out": 25, "top_score": 0.03252247488101534}
{"ts": "2026-09-23T03:49:36.893387+00:00", "trace_id": null, "stage": "gate", "event": "start", "candidates_in": 5}
{"ts": "2026-09-23T03:49:36.893462+00:00", "trace_id": null, "stage": "gate", "event": "finish", "duration_ms": 0.075, "candidates_in": 5, "candidates_out": 5, "top_score": 0.05854045478582761}
{"ts": "2026-09-23T03:49:38.580894+00:00", "trace_id": null, "stage": "gate_form", "event": "start"}
{"ts": "2026-09-23T03:49:38.581024+00:00", "trace_id": null, "stage": "gate_form", "event": "finish", "duration_ms": 0.134}
{"ts": "2026-09-23T03:49:38.581074+00:00", "trace_id": null, "stage": "gate_literal", "event": "start"}
{"ts": "2026-09-23T03:49:38.581184+00:00", "trace_id": null, "stage": "gate_literal", "event": "finish", "duration_ms": 0.109}
{"ts": "2026-09-23T03:49:38.581235+00:00", "trace_id": null, "stage": "gate_entail", "event": "start", "skipped": true, "reason": "no_entailment_model"}
{"ts": "2026-09-23T03:49:38.581293+00:00", "trace_id": null, "stage": "gate_entail", "event": "finish", "duration_ms": 0.058, "degraded": true, "skipped": true, "reason": "no_entailment_model"}
{"ts": "2026-09-23T03:49:38.581335+00:00", "trace_id": null, "stage": "gate_coverage", "event": "start", "coverage": 1.0}
{"ts": "2026-09-23T03:49:38.581376+00:00", "trace_id": null, "stage": "gate_coverage", "event": "finish", "duration_ms": 0.042, "coverage": 1.0}
{"ts": "2026-09-23T03:49:38.581394+00:00", "trace_id": null, "stage": "gate_conflict", "event": "start"}
{"ts": "2026-09-23T03:49:38.581446+00:00", "trace_id": null, "stage": "gate_conflict", "event": "finish", "duration_ms": 0.051, "skipped": true, "reason": "no_conflict"}
{"ts": "2026-09-23T03:49:38.581524+00:00", "trace_id": null, "stage": "embed_query", "event": "start", "model": "Qwen/Qwen3-Embedding-0.6B"}
{"ts": "2026-09-23T03:49:38.624492+00:00", "trace_id": null, "stage": "embed_query", "event": "finish", "duration_ms": 42.967, "model": "Qwen/Qwen3-Embedding-0.6B"}
{"ts": "2026-09-23T03:49:38.624566+00:00", "trace_id": null, "stage": "dense", "event": "start"}
{"ts": "2026-09-23T03:49:38.624777+00:00", "trace_id": null, "stage": "dense", "event": "finish", "duration_ms": 0.211, "candidates_out": 20}
{"ts": "2026-09-23T03:49:38.624815+00:00", "trace_id": null, "stage": "lexical", "event": "start"}
{"ts": "2026-09-23T03:49:38.625151+00:00", "trace_id": null, "stage": "lexical", "event": "finish", "duration_ms": 0.335, "candidates_out": 20}
{"ts": "2026-09-23T03:49:38.625203+00:00", "trace_id": null, "stage": "fuse", "event": "start", "candidates_in": 30}
{"ts": "2026-09-23T03:49:38.625270+00:00", "trace_id": null, "stage": "fuse", "event": "finish", "duration_ms": 0.067, "candidates_in": 30, "candidates_out": 20, "top_score": 0.03252247488101534}
{"ts": "2026-09-23T03:49:38.628896+00:00", "trace_id": null, "stage": "gate", "event": "start", "candidates_in": 5}
{"ts": "2026-09-23T03:49:38.629009+00:00", "trace_id": null, "stage": "gate", "event": "finish", "duration_ms": 0.115, "candidates_in": 5, "candidates_out": 5, "top_score": 0.12808823529411764}
{"ts": "2026-09-23T03:49:39.829558+00:00", "trace_id": null, "stage": "gate_form", "event": "start"}
{"ts": "2026-09-23T03:49:39.829648+00:00", "trace_id": null, "stage": "gate_form", "event": "finish", "duration_ms": 0.094}
{"ts": "2026-09-23T03:49:39.829682+00:00", "trace_id": null, "stage": "gate_literal", "event": "start", "skipped": true, "reason": "declined"}
{"ts": "2026-09-23T03:49:39.829736+00:00", "trace_id": null, "stage": "gate_literal", "event": "finish", "duration_ms": 0.053, "skipped": true, "reason": "declined"}
{"ts": "2026-09-23T03:49:39.829782+00:00", "trace_id": null, "stage": "gate_conflict", "event": "start"}
{"ts": "2026-09-23T03:49:39.829839+00:00", "trace_id": null, "stage": "gate_conflict", "event": "finish", "duration_ms": 0.057, "skipped": true, "reason": "no_conflict"}
ABSTAIN multi-001 reason=declined raw='The documents do not say.'
{"ts": "2026-09-23T03:49:39.829874+00:00", "trace_id": null, "stage": "embed_query", "event": "start", "model": "Qwen/Qwen3-Embedding-0.6B"}
{"ts": "2026-09-23T03:49:39.879566+00:00", "trace_id": null, "stage": "embed_query", "event": "finish", "duration_ms": 49.69, "model": "Qwen/Qwen3-Embedding-0.6B"}
{"ts": "2026-09-23T03:49:39.879634+00:00", "trace_id": null, "stage": "dense", "event": "start"}
{"ts": "2026-09-23T03:49:39.879860+00:00", "trace_id": null, "stage": "dense", "event": "finish", "duration_ms": 0.225, "candidates_out": 20}
{"ts": "2026-09-23T03:49:39.879923+00:00", "trace_id": null, "stage": "lexical", "event": "start"}
{"ts": "2026-09-23T03:49:39.880314+00:00", "trace_id": null, "stage": "lexical", "event": "finish", "duration_ms": 0.389, "candidates_out": 20}
{"ts": "2026-09-23T03:49:39.880363+00:00", "trace_id": null, "stage": "fuse", "event": "start", "candidates_in": 30}
{"ts": "2026-09-23T03:49:39.880444+00:00", "trace_id": null, "stage": "fuse", "event": "finish", "duration_ms": 0.081, "candidates_in": 30, "candidates_out": 21, "top_score": 0.03131881575727918}
{"ts": "2026-09-23T03:49:39.885006+00:00", "trace_id": null, "stage": "gate", "event": "start", "candidates_in": 5}
{"ts": "2026-09-23T03:49:39.885079+00:00", "trace_id": null, "stage": "gate", "event": "finish", "duration_ms": 0.074, "candidates_in": 5, "candidates_out": 5, "top_score": 0.08142892096892586}
{"ts": "2026-09-23T03:49:41.002438+00:00", "trace_id": null, "stage": "gate_form", "event": "start"}
{"ts": "2026-09-23T03:49:41.002547+00:00", "trace_id": null, "stage": "gate_form", "event": "finish", "duration_ms": 0.114}
{"ts": "2026-09-23T03:49:41.002590+00:00", "trace_id": null, "stage": "gate_literal", "event": "start", "skipped": true, "reason": "declined"}
{"ts": "2026-09-23T03:49:41.002636+00:00", "trace_id": null, "stage": "gate_literal", "event": "finish", "duration_ms": 0.044, "skipped": true, "reason": "declined"}
{"ts": "2026-09-23T03:49:41.002683+00:00", "trace_id": null, "stage": "gate_conflict", "event": "start"}
{"ts": "2026-09-23T03:49:41.002740+00:00", "trace_id": null, "stage": "gate_conflict", "event": "finish", "duration_ms": 0.056, "skipped": true, "reason": "no_conflict"}
ABSTAIN multi-002 reason=declined raw='The documents do not say.'
{"ts": "2026-09-23T03:49:41.002769+00:00", "trace_id": null, "stage": "embed_query", "event": "start", "model": "Qwen/Qwen3-Embedding-0.6B"}
{"ts": "2026-09-23T03:49:41.025802+00:00", "trace_id": null, "stage": "embed_query", "event": "finish", "duration_ms": 23.028, "model": "Qwen/Qwen3-Embedding-0.6B"}
{"ts": "2026-09-23T03:49:41.025867+00:00", "trace_id": null, "stage": "dense", "event": "start"}
{"ts": "2026-09-23T03:49:41.026114+00:00", "trace_id": null, "stage": "dense", "event": "finish", "duration_ms": 0.246, "candidates_out": 20}
{"ts": "2026-09-23T03:49:41.026152+00:00", "trace_id": null, "stage": "lexical", "event": "start"}
{"ts": "2026-09-23T03:49:41.026448+00:00", "trace_id": null, "stage": "lexical", "event": "finish", "duration_ms": 0.295, "candidates_out": 20}
{"ts": "2026-09-23T03:49:41.026501+00:00", "trace_id": null, "stage": "fuse", "event": "start", "candidates_in": 30}
{"ts": "2026-09-23T03:49:41.026566+00:00", "trace_id": null, "stage": "fuse", "event": "finish", "duration_ms": 0.065, "candidates_in": 30, "candidates_out": 24, "top_score": 0.03278688524590164}
{"ts": "2026-09-23T03:49:41.033630+00:00", "trace_id": null, "stage": "gate", "event": "start", "candidates_in": 5}
{"ts": "2026-09-23T03:49:41.033762+00:00", "trace_id": null, "stage": "gate", "event": "finish", "duration_ms": 0.134, "candidates_in": 5, "candidates_out": 5, "top_score": 0.05901639344262295}
{"ts": "2026-09-23T03:49:42.952585+00:00", "trace_id": null, "stage": "gate_form", "event": "start"}
{"ts": "2026-09-23T03:49:42.952712+00:00", "trace_id": null, "stage": "gate_form", "event": "finish", "duration_ms": 0.131}
{"ts": "2026-09-23T03:49:42.952761+00:00", "trace_id": null, "stage": "gate_literal", "event": "start", "skipped": true, "reason": "declined"}
{"ts": "2026-09-23T03:49:42.952816+00:00", "trace_id": null, "stage": "gate_literal", "event": "finish", "duration_ms": 0.054, "skipped": true, "reason": "declined"}
{"ts": "2026-09-23T03:49:42.952869+00:00", "trace_id": null, "stage": "gate_conflict", "event": "start"}
{"ts": "2026-09-23T03:49:42.952945+00:00", "trace_id": null, "stage": "gate_conflict", "event": "finish", "duration_ms": 0.075, "skipped": true, "reason": "no_conflict"}
ABSTAIN multi-003 reason=declined raw='The documents do not say.'
{"ts": "2026-09-23T03:49:42.953007+00:00", "trace_id": null, "stage": "embed_query", "event": "start", "model": "Qwen/Qwen3-Embedding-0.6B"}
{"ts": "2026-09-23T03:49:43.003801+00:00", "trace_id": null, "stage": "embed_query", "event": "finish", "duration_ms": 50.792, "model": "Qwen/Qwen3-Embedding-0.6B"}
{"ts": "2026-09-23T03:49:43.003880+00:00", "trace_id": null, "stage": "dense", "event": "start"}
{"ts": "2026-09-23T03:49:43.004231+00:00", "trace_id": null, "stage": "dense", "event": "finish", "duration_ms": 0.35, "candidates_out": 20}
{"ts": "2026-09-23T03:49:43.004345+00:00", "trace_id": null, "stage": "lexical", "event": "start"}
{"ts": "2026-09-23T03:49:43.004669+00:00", "trace_id": null, "stage": "lexical", "event": "finish", "duration_ms": 0.326, "candidates_out": 19}
{"ts": "2026-09-23T03:49:43.004723+00:00", "trace_id": null, "stage": "fuse", "event": "start", "candidates_in": 33}
{"ts": "2026-09-23T03:49:43.004803+00:00", "trace_id": null, "stage": "fuse", "event": "finish", "duration_ms": 0.08, "candidates_in": 33, "candidates_out": 29, "top_score": 0.03278688524590164}
{"ts": "2026-09-23T03:49:43.014613+00:00", "trace_id": null, "stage": "gate", "event": "start", "candidates_in": 5}
{"ts": "2026-09-23T03:49:43.014714+00:00", "trace_id": null, "stage": "gate", "event": "finish", "duration_ms": 0.103, "candidates_in": 5, "candidates_out": 5, "top_score": 0.11147540983606559}
{"ts": "2026-09-23T03:49:46.512158+00:00", "trace_id": null, "stage": "gate_form", "event": "start"}
{"ts": "2026-09-23T03:49:46.512275+00:00", "trace_id": null, "stage": "gate_form", "event": "finish", "duration_ms": 0.121}
{"ts": "2026-09-23T03:49:46.512337+00:00", "trace_id": null, "stage": "gate_literal", "event": "start", "skipped": true, "reason": "declined"}
{"ts": "2026-09-23T03:49:46.512395+00:00", "trace_id": null, "stage": "gate_literal", "event": "finish", "duration_ms": 0.058, "skipped": true, "reason": "declined"}
{"ts": "2026-09-23T03:49:46.512449+00:00", "trace_id": null, "stage": "gate_conflict", "event": "start"}
{"ts": "2026-09-23T03:49:46.512518+00:00", "trace_id": null, "stage": "gate_conflict", "event": "finish", "duration_ms": 0.067, "skipped": true, "reason": "no_conflict"}
ABSTAIN multi-004 reason=declined raw='The document that cites PPN 06/21 is the Carbon_Reduction_Plan.pdf. The rooftop solar capacity of 75 KWp is mentioned in the Water_Management_Policy.pdf, which does not cite PPN 06'
{"ts": "2026-09-23T03:49:46.512578+00:00", "trace_id": null, "stage": "embed_query", "event": "start", "model": "Qwen/Qwen3-Embedding-0.6B"}
{"ts": "2026-09-23T03:49:46.554747+00:00", "trace_id": null, "stage": "embed_query", "event": "finish", "duration_ms": 42.165, "model": "Qwen/Qwen3-Embedding-0.6B"}
{"ts": "2026-09-23T03:49:46.554822+00:00", "trace_id": null, "stage": "dense", "event": "start"}
{"ts": "2026-09-23T03:49:46.555025+00:00", "trace_id": null, "stage": "dense", "event": "finish", "duration_ms": 0.203, "candidates_out": 20}
{"ts": "2026-09-23T03:49:46.555067+00:00", "trace_id": null, "stage": "lexical", "event": "start"}
{"ts": "2026-09-23T03:49:46.555386+00:00", "trace_id": null, "stage": "lexical", "event": "finish", "duration_ms": 0.317, "candidates_out": 20}
{"ts": "2026-09-23T03:49:46.555442+00:00", "trace_id": null, "stage": "fuse", "event": "start", "candidates_in": 34}
{"ts": "2026-09-23T03:49:46.555510+00:00", "trace_id": null, "stage": "fuse", "event": "finish", "duration_ms": 0.069, "candidates_in": 34, "candidates_out": 25, "top_score": 0.032266458495966696}
{"ts": "2026-09-23T03:49:46.561182+00:00", "trace_id": null, "stage": "gate", "event": "start", "candidates_in": 5}
{"ts": "2026-09-23T03:49:46.561256+00:00", "trace_id": null, "stage": "gate", "event": "finish", "duration_ms": 0.073, "candidates_in": 5, "candidates_out": 5, "top_score": 0.032266458495966696}
{"ts": "2026-09-23T03:49:49.146340+00:00", "trace_id": null, "stage": "gate_form", "event": "start"}
{"ts": "2026-09-23T03:49:49.146477+00:00", "trace_id": null, "stage": "gate_form", "event": "finish", "duration_ms": 0.142}
{"ts": "2026-09-23T03:49:49.146530+00:00", "trace_id": null, "stage": "gate_literal", "event": "start"}
{"ts": "2026-09-23T03:49:49.146663+00:00", "trace_id": null, "stage": "gate_literal", "event": "finish", "duration_ms": 0.132}
{"ts": "2026-09-23T03:49:49.146740+00:00", "trace_id": null, "stage": "gate_entail", "event": "start", "skipped": true, "reason": "no_entailment_model"}
{"ts": "2026-09-23T03:49:49.146830+00:00", "trace_id": null, "stage": "gate_entail", "event": "finish", "duration_ms": 0.091, "degraded": true, "skipped": true, "reason": "no_entailment_model"}
{"ts": "2026-09-23T03:49:49.146938+00:00", "trace_id": null, "stage": "gate_coverage", "event": "start", "coverage": 1.0}
{"ts": "2026-09-23T03:49:49.147012+00:00", "trace_id": null, "stage": "gate_coverage", "event": "finish", "duration_ms": 0.074, "coverage": 1.0}
{"ts": "2026-09-23T03:49:49.147036+00:00", "trace_id": null, "stage": "gate_conflict", "event": "start"}
{"ts": "2026-09-23T03:49:49.147104+00:00", "trace_id": null, "stage": "gate_conflict", "event": "finish", "duration_ms": 0.068, "skipped": true, "reason": "no_conflict"}
{"ts": "2026-09-23T03:49:49.147138+00:00", "trace_id": null, "stage": "embed_query", "event": "start", "model": "Qwen/Qwen3-Embedding-0.6B"}
{"ts": "2026-09-23T03:49:49.189572+00:00", "trace_id": null, "stage": "embed_query", "event": "finish", "duration_ms": 42.431, "model": "Qwen/Qwen3-Embedding-0.6B"}
{"ts": "2026-09-23T03:49:49.189659+00:00", "trace_id": null, "stage": "dense", "event": "start"}
{"ts": "2026-09-23T03:49:49.189876+00:00", "trace_id": null, "stage": "dense", "event": "finish", "duration_ms": 0.218, "candidates_out": 20}
{"ts": "2026-09-23T03:49:49.189913+00:00", "trace_id": null, "stage": "lexical", "event": "start"}
{"ts": "2026-09-23T03:49:49.190289+00:00", "trace_id": null, "stage": "lexical", "event": "finish", "duration_ms": 0.375, "candidates_out": 20}
{"ts": "2026-09-23T03:49:49.190342+00:00", "trace_id": null, "stage": "fuse", "event": "start", "candidates_in": 33}
{"ts": "2026-09-23T03:49:49.190420+00:00", "trace_id": null, "stage": "fuse", "event": "finish", "duration_ms": 0.077, "candidates_in": 33, "candidates_out": 23, "top_score": 0.03252247488101534}
{"ts": "2026-09-23T03:49:49.197271+00:00", "trace_id": null, "stage": "gate", "event": "start", "candidates_in": 5}
{"ts": "2026-09-23T03:49:49.197395+00:00", "trace_id": null, "stage": "gate", "event": "finish", "duration_ms": 0.124, "candidates_in": 5, "candidates_out": 5, "top_score": 0.05854045478582761}
{"ts": "2026-09-23T03:49:51.293960+00:00", "trace_id": null, "stage": "gate_form", "event": "start"}
{"ts": "2026-09-23T03:49:51.294085+00:00", "trace_id": null, "stage": "gate_form", "event": "finish", "duration_ms": 0.128}
{"ts": "2026-09-23T03:49:51.294135+00:00", "trace_id": null, "stage": "gate_literal", "event": "start", "skipped": true, "reason": "form_failed"}
{"ts": "2026-09-23T03:49:51.294194+00:00", "trace_id": null, "stage": "gate_literal", "event": "finish", "duration_ms": 0.057, "skipped": true, "reason": "form_failed"}
{"ts": "2026-09-23T03:49:51.294259+00:00", "trace_id": null, "stage": "gate_conflict", "event": "start"}
{"ts": "2026-09-23T03:49:51.294332+00:00", "trace_id": null, "stage": "gate_conflict", "event": "finish", "duration_ms": 0.073, "skipped": true, "reason": "no_conflict"}
ABSTAIN multi-006 reason=missing_citation raw="The WRI Aqueduct Water Risk Atlas supports the environmental policy's water-positive goal as mentioned in the Water Management Policy.pdf."
{"ts": "2026-09-23T03:49:51.294384+00:00", "trace_id": null, "stage": "embed_query", "event": "start", "model": "Qwen/Qwen3-Embedding-0.6B"}
{"ts": "2026-09-23T03:49:51.343546+00:00", "trace_id": null, "stage": "embed_query", "event": "finish", "duration_ms": 49.159, "model": "Qwen/Qwen3-Embedding-0.6B"}
{"ts": "2026-09-23T03:49:51.343623+00:00", "trace_id": null, "stage": "dense", "event": "start"}
{"ts": "2026-09-23T03:49:51.343828+00:00", "trace_id": null, "stage": "dense", "event": "finish", "duration_ms": 0.205, "candidates_out": 20}
{"ts": "2026-09-23T03:49:51.343852+00:00", "trace_id": null, "stage": "lexical", "event": "start"}
{"ts": "2026-09-23T03:49:51.344173+00:00", "trace_id": null, "stage": "lexical", "event": "finish", "duration_ms": 0.321, "candidates_out": 20}
{"ts": "2026-09-23T03:49:51.344222+00:00", "trace_id": null, "stage": "fuse", "event": "start", "candidates_in": 31}
{"ts": "2026-09-23T03:49:51.344292+00:00", "trace_id": null, "stage": "fuse", "event": "finish", "duration_ms": 0.069, "candidates_in": 31, "candidates_out": 18, "top_score": 0.03278688524590164}
{"ts": "2026-09-23T03:49:51.347948+00:00", "trace_id": null, "stage": "gate", "event": "start", "candidates_in": 5}
{"ts": "2026-09-23T03:49:51.348027+00:00", "trace_id": null, "stage": "gate", "event": "finish", "duration_ms": 0.08, "candidates_in": 5, "candidates_out": 5, "top_score": 0.05901639344262295}
{"ts": "2026-09-23T03:49:52.814184+00:00", "trace_id": null, "stage": "gate_form", "event": "start"}
{"ts": "2026-09-23T03:49:52.814303+00:00", "trace_id": null, "stage": "gate_form", "event": "finish", "duration_ms": 0.124}
{"ts": "2026-09-23T03:49:52.814349+00:00", "trace_id": null, "stage": "gate_literal", "event": "start"}
{"ts": "2026-09-23T03:49:52.814434+00:00", "trace_id": null, "stage": "gate_literal", "event": "finish", "duration_ms": 0.084}
{"ts": "2026-09-23T03:49:52.814490+00:00", "trace_id": null, "stage": "gate_entail", "event": "start", "skipped": true, "reason": "no_entailment_model"}
{"ts": "2026-09-23T03:49:52.814548+00:00", "trace_id": null, "stage": "gate_entail", "event": "finish", "duration_ms": 0.058, "degraded": true, "skipped": true, "reason": "no_entailment_model"}
{"ts": "2026-09-23T03:49:52.814586+00:00", "trace_id": null, "stage": "gate_coverage", "event": "start", "coverage": 1.0}
{"ts": "2026-09-23T03:49:52.814626+00:00", "trace_id": null, "stage": "gate_coverage", "event": "finish", "duration_ms": 0.041, "coverage": 1.0}
{"ts": "2026-09-23T03:49:52.814643+00:00", "trace_id": null, "stage": "gate_conflict", "event": "start"}
{"ts": "2026-09-23T03:49:52.814689+00:00", "trace_id": null, "stage": "gate_conflict", "event": "finish", "duration_ms": 0.046, "skipped": true, "reason": "no_conflict"}
{"ts": "2026-09-23T03:49:52.814714+00:00", "trace_id": null, "stage": "embed_query", "event": "start", "model": "Qwen/Qwen3-Embedding-0.6B"}
{"ts": "2026-09-23T03:49:52.854956+00:00", "trace_id": null, "stage": "embed_query", "event": "finish", "duration_ms": 40.239, "model": "Qwen/Qwen3-Embedding-0.6B"}
{"ts": "2026-09-23T03:49:52.855021+00:00", "trace_id": null, "stage": "dense", "event": "start"}
{"ts": "2026-09-23T03:49:52.855233+00:00", "trace_id": null, "stage": "dense", "event": "finish", "duration_ms": 0.211, "candidates_out": 20}
{"ts": "2026-09-23T03:49:52.855269+00:00", "trace_id": null, "stage": "lexical", "event": "start"}
{"ts": "2026-09-23T03:49:52.855619+00:00", "trace_id": null, "stage": "lexical", "event": "finish", "duration_ms": 0.341, "candidates_out": 20}
{"ts": "2026-09-23T03:49:52.855760+00:00", "trace_id": null, "stage": "fuse", "event": "start", "candidates_in": 28}
{"ts": "2026-09-23T03:49:52.855863+00:00", "trace_id": null, "stage": "fuse", "event": "finish", "duration_ms": 0.104, "candidates_in": 28, "candidates_out": 19, "top_score": 0.03278688524590164}
{"ts": "2026-09-23T03:49:52.861049+00:00", "trace_id": null, "stage": "gate", "event": "start", "candidates_in": 5}
{"ts": "2026-09-23T03:49:52.861106+00:00", "trace_id": null, "stage": "gate", "event": "finish", "duration_ms": 0.056, "candidates_in": 5, "candidates_out": 5, "top_score": 0.04545608108108108}
{"ts": "2026-09-23T03:49:54.645469+00:00", "trace_id": null, "stage": "gate_form", "event": "start"}
{"ts": "2026-09-23T03:49:54.645632+00:00", "trace_id": null, "stage": "gate_form", "event": "finish", "duration_ms": 0.166}
{"ts": "2026-09-23T03:49:54.645741+00:00", "trace_id": null, "stage": "gate_literal", "event": "start"}
{"ts": "2026-09-23T03:49:54.645886+00:00", "trace_id": null, "stage": "gate_literal", "event": "finish", "duration_ms": 0.147}
{"ts": "2026-09-23T03:49:54.645968+00:00", "trace_id": null, "stage": "gate_entail", "event": "start", "skipped": true, "reason": "no_entailment_model"}
{"ts": "2026-09-23T03:49:54.646073+00:00", "trace_id": null, "stage": "gate_entail", "event": "finish", "duration_ms": 0.108, "degraded": true, "skipped": true, "reason": "no_entailment_model"}
{"ts": "2026-09-23T03:49:54.646127+00:00", "trace_id": null, "stage": "gate_coverage", "event": "start", "coverage": 1.0}
{"ts": "2026-09-23T03:49:54.646186+00:00", "trace_id": null, "stage": "gate_coverage", "event": "finish", "duration_ms": 0.059, "coverage": 1.0}
{"ts": "2026-09-23T03:49:54.646237+00:00", "trace_id": null, "stage": "gate_conflict", "event": "start"}
{"ts": "2026-09-23T03:49:54.646312+00:00", "trace_id": null, "stage": "gate_conflict", "event": "finish", "duration_ms": 0.075, "skipped": true, "reason": "no_conflict"}
{"ts": "2026-09-23T03:49:54.646375+00:00", "trace_id": null, "stage": "embed_query", "event": "start", "model": "Qwen/Qwen3-Embedding-0.6B"}
{"ts": "2026-09-23T03:49:54.697023+00:00", "trace_id": null, "stage": "embed_query", "event": "finish", "duration_ms": 50.645, "model": "Qwen/Qwen3-Embedding-0.6B"}
{"ts": "2026-09-23T03:49:54.697104+00:00", "trace_id": null, "stage": "dense", "event": "start"}
{"ts": "2026-09-23T03:49:54.697334+00:00", "trace_id": null, "stage": "dense", "event": "finish", "duration_ms": 0.229, "candidates_out": 20}
{"ts": "2026-09-23T03:49:54.697374+00:00", "trace_id": null, "stage": "lexical", "event": "start"}
{"ts": "2026-09-23T03:49:54.697761+00:00", "trace_id": null, "stage": "lexical", "event": "finish", "duration_ms": 0.386, "candidates_out": 20}
{"ts": "2026-09-23T03:49:54.697883+00:00", "trace_id": null, "stage": "fuse", "event": "start", "candidates_in": 34}
{"ts": "2026-09-23T03:49:54.697951+00:00", "trace_id": null, "stage": "fuse", "event": "finish", "duration_ms": 0.068, "candidates_in": 34, "candidates_out": 23, "top_score": 0.032266458495966696}
{"ts": "2026-09-23T03:49:54.706929+00:00", "trace_id": null, "stage": "gate", "event": "start", "candidates_in": 5}
{"ts": "2026-09-23T03:49:54.707022+00:00", "trace_id": null, "stage": "gate", "event": "finish", "duration_ms": 0.095, "candidates_in": 5, "candidates_out": 5, "top_score": 0.055119214586255266}
{"ts": "2026-09-23T03:49:56.948771+00:00", "trace_id": null, "stage": "gate_form", "event": "start"}
{"ts": "2026-09-23T03:49:56.948948+00:00", "trace_id": null, "stage": "gate_form", "event": "finish", "duration_ms": 0.181}
{"ts": "2026-09-23T03:49:56.949024+00:00", "trace_id": null, "stage": "gate_literal", "event": "start"}
{"ts": "2026-09-23T03:49:56.949160+00:00", "trace_id": null, "stage": "gate_literal", "event": "finish", "duration_ms": 0.138}
{"ts": "2026-09-23T03:49:56.949211+00:00", "trace_id": null, "stage": "gate_conflict", "event": "start"}
{"ts": "2026-09-23T03:49:56.949305+00:00", "trace_id": null, "stage": "gate_conflict", "event": "finish", "duration_ms": 0.092, "skipped": true, "reason": "no_conflict"}
ABSTAIN multi-009 reason=unsupported_figure raw='10 October 2025 [1]'
{"ts": "2026-09-23T03:49:56.949380+00:00", "trace_id": null, "stage": "embed_query", "event": "start", "model": "Qwen/Qwen3-Embedding-0.6B"}
{"ts": "2026-09-23T03:49:57.004913+00:00", "trace_id": null, "stage": "embed_query", "event": "finish", "duration_ms": 55.53, "model": "Qwen/Qwen3-Embedding-0.6B"}
{"ts": "2026-09-23T03:49:57.005003+00:00", "trace_id": null, "stage": "dense", "event": "start"}
{"ts": "2026-09-23T03:49:57.005259+00:00", "trace_id": null, "stage": "dense", "event": "finish", "duration_ms": 0.255, "candidates_out": 20}
{"ts": "2026-09-23T03:49:57.005309+00:00", "trace_id": null, "stage": "lexical", "event": "start"}
{"ts": "2026-09-23T03:49:57.005828+00:00", "trace_id": null, "stage": "lexical", "event": "finish", "duration_ms": 0.519, "candidates_out": 20}
{"ts": "2026-09-23T03:49:57.005891+00:00", "trace_id": null, "stage": "fuse", "event": "start", "candidates_in": 30}
{"ts": "2026-09-23T03:49:57.005979+00:00", "trace_id": null, "stage": "fuse", "event": "finish", "duration_ms": 0.086, "candidates_in": 30, "candidates_out": 21, "top_score": 0.03252247488101534}
{"ts": "2026-09-23T03:49:57.012791+00:00", "trace_id": null, "stage": "gate", "event": "start", "candidates_in": 5}
{"ts": "2026-09-23T03:49:57.012899+00:00", "trace_id": null, "stage": "gate", "event": "finish", "duration_ms": 0.109, "candidates_in": 5, "candidates_out": 5, "top_score": 0.08455843469063988}
{"ts": "2026-09-23T03:49:59.409057+00:00", "trace_id": null, "stage": "gate_form", "event": "start"}
{"ts": "2026-09-23T03:49:59.409359+00:00", "trace_id": null, "stage": "gate_form", "event": "finish", "duration_ms": 0.306}
{"ts": "2026-09-23T03:49:59.409400+00:00", "trace_id": null, "stage": "gate_literal", "event": "start"}
{"ts": "2026-09-23T03:49:59.409498+00:00", "trace_id": null, "stage": "gate_literal", "event": "finish", "duration_ms": 0.098}
{"ts": "2026-09-23T03:49:59.409544+00:00", "trace_id": null, "stage": "gate_entail", "event": "start", "skipped": true, "reason": "no_entailment_model"}
{"ts": "2026-09-23T03:49:59.409592+00:00", "trace_id": null, "stage": "gate_entail", "event": "finish", "duration_ms": 0.048, "degraded": true, "skipped": true, "reason": "no_entailment_model"}
{"ts": "2026-09-23T03:49:59.409613+00:00", "trace_id": null, "stage": "gate_coverage", "event": "start", "coverage": 1.0}
{"ts": "2026-09-23T03:49:59.409654+00:00", "trace_id": null, "stage": "gate_coverage", "event": "finish", "duration_ms": 0.041, "coverage": 1.0}
{"ts": "2026-09-23T03:49:59.409675+00:00", "trace_id": null, "stage": "gate_conflict", "event": "start"}
{"ts": "2026-09-23T03:49:59.409724+00:00", "trace_id": null, "stage": "gate_conflict", "event": "finish", "duration_ms": 0.049, "skipped": true, "reason": "no_conflict"}
{"ts": "2026-09-23T03:49:59.409748+00:00", "trace_id": null, "stage": "embed_query", "event": "start", "model": "Qwen/Qwen3-Embedding-0.6B"}
{"ts": "2026-09-23T03:49:59.456181+00:00", "trace_id": null, "stage": "embed_query", "event": "finish", "duration_ms": 46.428, "model": "Qwen/Qwen3-Embedding-0.6B"}
{"ts": "2026-09-23T03:49:59.456260+00:00", "trace_id": null, "stage": "dense", "event": "start"}
{"ts": "2026-09-23T03:49:59.456468+00:00", "trace_id": null, "stage": "dense", "event": "finish", "duration_ms": 0.207, "candidates_out": 20}
{"ts": "2026-09-23T03:49:59.456509+00:00", "trace_id": null, "stage": "lexical", "event": "start"}
{"ts": "2026-09-23T03:49:59.456849+00:00", "trace_id": null, "stage": "lexical", "event": "finish", "duration_ms": 0.34, "candidates_out": 20}
{"ts": "2026-09-23T03:49:59.456904+00:00", "trace_id": null, "stage": "fuse", "event": "start", "candidates_in": 32}
{"ts": "2026-09-23T03:49:59.456973+00:00", "trace_id": null, "stage": "fuse", "event": "finish", "duration_ms": 0.069, "candidates_in": 32, "candidates_out": 22, "top_score": 0.03278688524590164}
{"ts": "2026-09-23T03:49:59.464004+00:00", "trace_id": null, "stage": "gate", "event": "start", "candidates_in": 5}
{"ts": "2026-09-23T03:49:59.464153+00:00", "trace_id": null, "stage": "gate", "event": "finish", "duration_ms": 0.152, "candidates_in": 5, "candidates_out": 5, "top_score": 0.09737704918032787}
{"ts": "2026-09-23T03:50:01.682277+00:00", "trace_id": null, "stage": "gate_form", "event": "start"}
{"ts": "2026-09-23T03:50:01.682382+00:00", "trace_id": null, "stage": "gate_form", "event": "finish", "duration_ms": 0.109}
{"ts": "2026-09-23T03:50:01.682426+00:00", "trace_id": null, "stage": "gate_literal", "event": "start", "skipped": true, "reason": "form_failed"}
{"ts": "2026-09-23T03:50:01.682470+00:00", "trace_id": null, "stage": "gate_literal", "event": "finish", "duration_ms": 0.044, "skipped": true, "reason": "form_failed"}
{"ts": "2026-09-23T03:50:01.682517+00:00", "trace_id": null, "stage": "gate_conflict", "event": "start"}
{"ts": "2026-09-23T03:50:01.682612+00:00", "trace_id": null, "stage": "gate_conflict", "event": "finish", "duration_ms": 0.095, "reason": "version_conflict"}
{"ts": "2026-09-23T03:50:01.682640+00:00", "trace_id": null, "stage": "embed_query", "event": "start", "model": "Qwen/Qwen3-Embedding-0.6B"}
{"ts": "2026-09-23T03:50:01.728687+00:00", "trace_id": null, "stage": "embed_query", "event": "finish", "duration_ms": 46.044, "model": "Qwen/Qwen3-Embedding-0.6B"}
{"ts": "2026-09-23T03:50:01.728767+00:00", "trace_id": null, "stage": "dense", "event": "start"}
{"ts": "2026-09-23T03:50:01.729049+00:00", "trace_id": null, "stage": "dense", "event": "finish", "duration_ms": 0.281, "candidates_out": 20}
{"ts": "2026-09-23T03:50:01.729097+00:00", "trace_id": null, "stage": "lexical", "event": "start"}
{"ts": "2026-09-23T03:50:01.729477+00:00", "trace_id": null, "stage": "lexical", "event": "finish", "duration_ms": 0.379, "candidates_out": 20}
{"ts": "2026-09-23T03:50:01.729533+00:00", "trace_id": null, "stage": "fuse", "event": "start", "candidates_in": 33}
{"ts": "2026-09-23T03:50:01.729616+00:00", "trace_id": null, "stage": "fuse", "event": "finish", "duration_ms": 0.083, "candidates_in": 33, "candidates_out": 23, "top_score": 0.03278688524590164}
{"ts": "2026-09-23T03:50:01.737055+00:00", "trace_id": null, "stage": "gate", "event": "start", "candidates_in": 5}
{"ts": "2026-09-23T03:50:01.737143+00:00", "trace_id": null, "stage": "gate", "event": "finish", "duration_ms": 0.088, "candidates_in": 5, "candidates_out": 5, "top_score": 0.16229508196721312}
{"ts": "2026-09-23T03:50:03.780345+00:00", "trace_id": null, "stage": "gate_form", "event": "start"}
{"ts": "2026-09-23T03:50:03.780486+00:00", "trace_id": null, "stage": "gate_form", "event": "finish", "duration_ms": 0.143}
{"ts": "2026-09-23T03:50:03.780554+00:00", "trace_id": null, "stage": "gate_literal", "event": "start"}
{"ts": "2026-09-23T03:50:03.780657+00:00", "trace_id": null, "stage": "gate_literal", "event": "finish", "duration_ms": 0.103}
{"ts": "2026-09-23T03:50:03.780700+00:00", "trace_id": null, "stage": "gate_entail", "event": "start", "skipped": true, "reason": "no_entailment_model"}
{"ts": "2026-09-23T03:50:03.780758+00:00", "trace_id": null, "stage": "gate_entail", "event": "finish", "duration_ms": 0.056, "degraded": true, "skipped": true, "reason": "no_entailment_model"}
{"ts": "2026-09-23T03:50:03.780820+00:00", "trace_id": null, "stage": "gate_coverage", "event": "start", "coverage": 1.0}
{"ts": "2026-09-23T03:50:03.780883+00:00", "trace_id": null, "stage": "gate_coverage", "event": "finish", "duration_ms": 0.064, "coverage": 1.0}
{"ts": "2026-09-23T03:50:03.780918+00:00", "trace_id": null, "stage": "gate_conflict", "event": "start"}
{"ts": "2026-09-23T03:50:03.780980+00:00", "trace_id": null, "stage": "gate_conflict", "event": "finish", "duration_ms": 0.062, "skipped": true, "reason": "no_conflict"}
{"ts": "2026-09-23T03:50:03.781014+00:00", "trace_id": null, "stage": "embed_query", "event": "start", "model": "Qwen/Qwen3-Embedding-0.6B"}
{"ts": "2026-09-23T03:50:03.822824+00:00", "trace_id": null, "stage": "embed_query", "event": "finish", "duration_ms": 41.807, "model": "Qwen/Qwen3-Embedding-0.6B"}
{"ts": "2026-09-23T03:50:03.822891+00:00", "trace_id": null, "stage": "dense", "event": "start"}
{"ts": "2026-09-23T03:50:03.823102+00:00", "trace_id": null, "stage": "dense", "event": "finish", "duration_ms": 0.211, "candidates_out": 20}
{"ts": "2026-09-23T03:50:03.823125+00:00", "trace_id": null, "stage": "lexical", "event": "start"}
{"ts": "2026-09-23T03:50:03.823500+00:00", "trace_id": null, "stage": "lexical", "event": "finish", "duration_ms": 0.374, "candidates_out": 20}
{"ts": "2026-09-23T03:50:03.823552+00:00", "trace_id": null, "stage": "fuse", "event": "start", "candidates_in": 34}
{"ts": "2026-09-23T03:50:03.823621+00:00", "trace_id": null, "stage": "fuse", "event": "finish", "duration_ms": 0.069, "candidates_in": 34, "candidates_out": 20, "top_score": 0.03278688524590164}
{"ts": "2026-09-23T03:50:03.830343+00:00", "trace_id": null, "stage": "gate", "event": "start", "candidates_in": 5}
{"ts": "2026-09-23T03:50:03.830423+00:00", "trace_id": null, "stage": "gate", "event": "finish", "duration_ms": 0.08, "candidates_in": 5, "candidates_out": 5, "top_score": 0.09737704918032787}
{"ts": "2026-09-23T03:50:04.803355+00:00", "trace_id": null, "stage": "gate_form", "event": "start"}
{"ts": "2026-09-23T03:50:04.803460+00:00", "trace_id": null, "stage": "gate_form", "event": "finish", "duration_ms": 0.109}
{"ts": "2026-09-23T03:50:04.803500+00:00", "trace_id": null, "stage": "gate_literal", "event": "start"}
{"ts": "2026-09-23T03:50:04.803579+00:00", "trace_id": null, "stage": "gate_literal", "event": "finish", "duration_ms": 0.078}
{"ts": "2026-09-23T03:50:04.803623+00:00", "trace_id": null, "stage": "gate_entail", "event": "start", "skipped": true, "reason": "no_entailment_model"}
{"ts": "2026-09-23T03:50:04.803669+00:00", "trace_id": null, "stage": "gate_entail", "event": "finish", "duration_ms": 0.046, "degraded": true, "skipped": true, "reason": "no_entailment_model"}
{"ts": "2026-09-23T03:50:04.803689+00:00", "trace_id": null, "stage": "gate_coverage", "event": "start", "coverage": 1.0}
{"ts": "2026-09-23T03:50:04.803731+00:00", "trace_id": null, "stage": "gate_coverage", "event": "finish", "duration_ms": 0.041, "coverage": 1.0}
{"ts": "2026-09-23T03:50:04.803775+00:00", "trace_id": null, "stage": "gate_conflict", "event": "start"}
{"ts": "2026-09-23T03:50:04.803828+00:00", "trace_id": null, "stage": "gate_conflict", "event": "finish", "duration_ms": 0.054, "skipped": true, "reason": "no_conflict"}
{"ts": "2026-09-23T03:50:04.803879+00:00", "trace_id": null, "stage": "embed_query", "event": "start", "model": "Qwen/Qwen3-Embedding-0.6B"}
{"ts": "2026-09-23T03:50:04.830928+00:00", "trace_id": null, "stage": "embed_query", "event": "finish", "duration_ms": 27.048, "model": "Qwen/Qwen3-Embedding-0.6B"}
{"ts": "2026-09-23T03:50:04.830992+00:00", "trace_id": null, "stage": "dense", "event": "start"}
{"ts": "2026-09-23T03:50:04.831183+00:00", "trace_id": null, "stage": "dense", "event": "finish", "duration_ms": 0.19, "candidates_out": 20}
{"ts": "2026-09-23T03:50:04.831222+00:00", "trace_id": null, "stage": "lexical", "event": "start"}
{"ts": "2026-09-23T03:50:04.831510+00:00", "trace_id": null, "stage": "lexical", "event": "finish", "duration_ms": 0.287, "candidates_out": 20}
{"ts": "2026-09-23T03:50:04.831562+00:00", "trace_id": null, "stage": "fuse", "event": "start", "candidates_in": 33}
{"ts": "2026-09-23T03:50:04.831636+00:00", "trace_id": null, "stage": "fuse", "event": "finish", "duration_ms": 0.072, "candidates_in": 33, "candidates_out": 24, "top_score": 0.03278688524590164}
{"ts": "2026-09-23T03:50:04.837010+00:00", "trace_id": null, "stage": "gate", "event": "start", "candidates_in": 5}
{"ts": "2026-09-23T03:50:04.837088+00:00", "trace_id": null, "stage": "gate", "event": "finish", "duration_ms": 0.078, "candidates_in": 5, "candidates_out": 5, "top_score": 0.03278688524590164}
{"ts": "2026-09-23T03:50:06.146768+00:00", "trace_id": null, "stage": "gate_form", "event": "start"}
{"ts": "2026-09-23T03:50:06.146881+00:00", "trace_id": null, "stage": "gate_form", "event": "finish", "duration_ms": 0.116}
{"ts": "2026-09-23T03:50:06.146943+00:00", "trace_id": null, "stage": "gate_literal", "event": "start", "skipped": true, "reason": "form_failed"}
{"ts": "2026-09-23T03:50:06.146995+00:00", "trace_id": null, "stage": "gate_literal", "event": "finish", "duration_ms": 0.052, "skipped": true, "reason": "form_failed"}
{"ts": "2026-09-23T03:50:06.147052+00:00", "trace_id": null, "stage": "gate_conflict", "event": "start"}
{"ts": "2026-09-23T03:50:06.147133+00:00", "trace_id": null, "stage": "gate_conflict", "event": "finish", "duration_ms": 0.084, "skipped": true, "reason": "no_conflict"}
ABSTAIN multi-014 reason=missing_citation raw='The CSR & ESG Committee receives water trend reports.'
{"ts": "2026-09-23T03:50:06.147207+00:00", "trace_id": null, "stage": "embed_query", "event": "start", "model": "Qwen/Qwen3-Embedding-0.6B"}
{"ts": "2026-09-23T03:50:06.189128+00:00", "trace_id": null, "stage": "embed_query", "event": "finish", "duration_ms": 41.919, "model": "Qwen/Qwen3-Embedding-0.6B"}
{"ts": "2026-09-23T03:50:06.189202+00:00", "trace_id": null, "stage": "dense", "event": "start"}
{"ts": "2026-09-23T03:50:06.189431+00:00", "trace_id": null, "stage": "dense", "event": "finish", "duration_ms": 0.229, "candidates_out": 20}
{"ts": "2026-09-23T03:50:06.189466+00:00", "trace_id": null, "stage": "lexical", "event": "start"}
{"ts": "2026-09-23T03:50:06.189843+00:00", "trace_id": null, "stage": "lexical", "event": "finish", "duration_ms": 0.376, "candidates_out": 20}
{"ts": "2026-09-23T03:50:06.189880+00:00", "trace_id": null, "stage": "fuse", "event": "start", "candidates_in": 33}
{"ts": "2026-09-23T03:50:06.189956+00:00", "trace_id": null, "stage": "fuse", "event": "finish", "duration_ms": 0.075, "candidates_in": 33, "candidates_out": 24, "top_score": 0.03278688524590164}
{"ts": "2026-09-23T03:50:06.198567+00:00", "trace_id": null, "stage": "gate", "event": "start", "candidates_in": 5}
{"ts": "2026-09-23T03:50:06.198651+00:00", "trace_id": null, "stage": "gate", "event": "finish", "duration_ms": 0.085, "candidates_in": 5, "candidates_out": 5, "top_score": 0.08387096774193549}
{"ts": "2026-09-23T03:50:09.275356+00:00", "trace_id": null, "stage": "gate_form", "event": "start"}
{"ts": "2026-09-23T03:50:09.275520+00:00", "trace_id": null, "stage": "gate_form", "event": "finish", "duration_ms": 0.169}
{"ts": "2026-09-23T03:50:09.275578+00:00", "trace_id": null, "stage": "gate_literal", "event": "start"}
{"ts": "2026-09-23T03:50:09.275690+00:00", "trace_id": null, "stage": "gate_literal", "event": "finish", "duration_ms": 0.112}
{"ts": "2026-09-23T03:50:09.275730+00:00", "trace_id": null, "stage": "gate_entail", "event": "start", "skipped": true, "reason": "no_entailment_model"}
{"ts": "2026-09-23T03:50:09.275794+00:00", "trace_id": null, "stage": "gate_entail", "event": "finish", "duration_ms": 0.065, "degraded": true, "skipped": true, "reason": "no_entailment_model"}
{"ts": "2026-09-23T03:50:09.275817+00:00", "trace_id": null, "stage": "gate_coverage", "event": "start", "coverage": 1.0}
{"ts": "2026-09-23T03:50:09.275863+00:00", "trace_id": null, "stage": "gate_coverage", "event": "finish", "duration_ms": 0.045, "coverage": 1.0}
{"ts": "2026-09-23T03:50:09.275929+00:00", "trace_id": null, "stage": "gate_conflict", "event": "start"}
{"ts": "2026-09-23T03:50:09.276021+00:00", "trace_id": null, "stage": "gate_conflict", "event": "finish", "duration_ms": 0.092, "skipped": true, "reason": "no_conflict"}
{"ts": "2026-09-23T03:50:09.276049+00:00", "trace_id": null, "stage": "embed_query", "event": "start", "model": "Qwen/Qwen3-Embedding-0.6B"}
{"ts": "2026-09-23T03:50:09.276160+00:00", "trace_id": null, "stage": "embed_query", "event": "finish", "duration_ms": 0.111, "model": "Qwen/Qwen3-Embedding-0.6B"}
{"ts": "2026-09-23T03:50:09.276178+00:00", "trace_id": null, "stage": "dense", "event": "start"}
{"ts": "2026-09-23T03:50:09.276452+00:00", "trace_id": null, "stage": "dense", "event": "finish", "duration_ms": 0.274, "candidates_out": 20}
{"ts": "2026-09-23T03:50:09.276533+00:00", "trace_id": null, "stage": "lexical", "event": "start"}
{"ts": "2026-09-23T03:50:09.276821+00:00", "trace_id": null, "stage": "lexical", "event": "finish", "duration_ms": 0.288, "candidates_out": 20}
{"ts": "2026-09-23T03:50:09.276850+00:00", "trace_id": null, "stage": "fuse", "event": "start", "candidates_in": 31}
{"ts": "2026-09-23T03:50:09.277810+00:00", "trace_id": null, "stage": "fuse", "event": "finish", "duration_ms": 0.959, "candidates_in": 31, "candidates_out": 19, "top_score": 0.03278688524590164}
{"ts": "2026-09-23T03:50:09.283074+00:00", "trace_id": null, "stage": "gate", "event": "start", "candidates_in": 5}
{"ts": "2026-09-23T03:50:09.283820+00:00", "trace_id": null, "stage": "gate", "event": "finish", "duration_ms": 0.75, "candidates_in": 5, "candidates_out": 5, "top_score": 0.05901639344262295}
{"ts": "2026-09-23T03:50:11.570277+00:00", "trace_id": null, "stage": "gate_form", "event": "start"}
{"ts": "2026-09-23T03:50:11.570688+00:00", "trace_id": null, "stage": "gate_form", "event": "finish", "duration_ms": 0.451}
{"ts": "2026-09-23T03:50:11.570833+00:00", "trace_id": null, "stage": "gate_literal", "event": "start"}
{"ts": "2026-09-23T03:50:11.571054+00:00", "trace_id": null, "stage": "gate_literal", "event": "finish", "duration_ms": 0.226}
{"ts": "2026-09-23T03:50:11.571130+00:00", "trace_id": null, "stage": "gate_entail", "event": "start", "skipped": true, "reason": "no_entailment_model"}
{"ts": "2026-09-23T03:50:11.571219+00:00", "trace_id": null, "stage": "gate_entail", "event": "finish", "duration_ms": 0.083, "degraded": true, "skipped": true, "reason": "no_entailment_model"}
{"ts": "2026-09-23T03:50:11.571242+00:00", "trace_id": null, "stage": "gate_coverage", "event": "start", "coverage": 1.0}
{"ts": "2026-09-23T03:50:11.571292+00:00", "trace_id": null, "stage": "gate_coverage", "event": "finish", "duration_ms": 0.05, "coverage": 1.0}
{"ts": "2026-09-23T03:50:11.571307+00:00", "trace_id": null, "stage": "gate_conflict", "event": "start"}
{"ts": "2026-09-23T03:50:11.571428+00:00", "trace_id": null, "stage": "gate_conflict", "event": "finish", "duration_ms": 0.121, "skipped": true, "reason": "no_conflict"}
{"ts": "2026-09-23T03:50:11.571534+00:00", "trace_id": null, "stage": "embed_query", "event": "start", "model": "Qwen/Qwen3-Embedding-0.6B"}
{"ts": "2026-09-23T03:50:11.743095+00:00", "trace_id": null, "stage": "embed_query", "event": "finish", "duration_ms": 171.557, "model": "Qwen/Qwen3-Embedding-0.6B"}
{"ts": "2026-09-23T03:50:11.743179+00:00", "trace_id": null, "stage": "dense", "event": "start"}
{"ts": "2026-09-23T03:50:11.743642+00:00", "trace_id": null, "stage": "dense", "event": "finish", "duration_ms": 0.462, "candidates_out": 20}
{"ts": "2026-09-23T03:50:11.743687+00:00", "trace_id": null, "stage": "lexical", "event": "start"}
{"ts": "2026-09-23T03:50:11.744073+00:00", "trace_id": null, "stage": "lexical", "event": "finish", "duration_ms": 0.385, "candidates_out": 20}
{"ts": "2026-09-23T03:50:11.744117+00:00", "trace_id": null, "stage": "fuse", "event": "start", "candidates_in": 33}
{"ts": "2026-09-23T03:50:11.744186+00:00", "trace_id": null, "stage": "fuse", "event": "finish", "duration_ms": 0.069, "candidates_in": 33, "candidates_out": 19, "top_score": 0.03252247488101534}
{"ts": "2026-09-23T03:50:11.748618+00:00", "trace_id": null, "stage": "gate", "event": "start", "candidates_in": 5}
{"ts": "2026-09-23T03:50:11.748744+00:00", "trace_id": null, "stage": "gate", "event": "finish", "duration_ms": 0.13, "candidates_in": 5, "candidates_out": 5, "top_score": 0.0787878787878788}
{"ts": "2026-09-23T03:50:14.564200+00:00", "trace_id": null, "stage": "gate_form", "event": "start"}
{"ts": "2026-09-23T03:50:14.564305+00:00", "trace_id": null, "stage": "gate_form", "event": "finish", "duration_ms": 0.11}
{"ts": "2026-09-23T03:50:14.564350+00:00", "trace_id": null, "stage": "gate_literal", "event": "start", "skipped": true, "reason": "declined"}
{"ts": "2026-09-23T03:50:14.564395+00:00", "trace_id": null, "stage": "gate_literal", "event": "finish", "duration_ms": 0.045, "skipped": true, "reason": "declined"}
{"ts": "2026-09-23T03:50:14.564439+00:00", "trace_id": null, "stage": "gate_conflict", "event": "start"}
{"ts": "2026-09-23T03:50:14.564495+00:00", "trace_id": null, "stage": "gate_conflict", "event": "finish", "duration_ms": 0.056, "skipped": true, "reason": "no_conflict"}
ABSTAIN adv-002 reason=declined raw='The documents do not say.'
{"ts": "2026-09-23T03:50:14.564531+00:00", "trace_id": null, "stage": "embed_query", "event": "start", "model": "Qwen/Qwen3-Embedding-0.6B"}
{"ts": "2026-09-23T03:50:14.644924+00:00", "trace_id": null, "stage": "embed_query", "event": "finish", "duration_ms": 80.388, "model": "Qwen/Qwen3-Embedding-0.6B"}
{"ts": "2026-09-23T03:50:14.645036+00:00", "trace_id": null, "stage": "dense", "event": "start"}
{"ts": "2026-09-23T03:50:14.645390+00:00", "trace_id": null, "stage": "dense", "event": "finish", "duration_ms": 0.354, "candidates_out": 20}
{"ts": "2026-09-23T03:50:14.645453+00:00", "trace_id": null, "stage": "lexical", "event": "start"}
{"ts": "2026-09-23T03:50:14.646122+00:00", "trace_id": null, "stage": "lexical", "event": "finish", "duration_ms": 0.668, "candidates_out": 20}
{"ts": "2026-09-23T03:50:14.646203+00:00", "trace_id": null, "stage": "fuse", "event": "start", "candidates_in": 32}
{"ts": "2026-09-23T03:50:14.646317+00:00", "trace_id": null, "stage": "fuse", "event": "finish", "duration_ms": 0.113, "candidates_in": 32, "candidates_out": 24, "top_score": 0.03278688524590164}
{"ts": "2026-09-23T03:50:14.657227+00:00", "trace_id": null, "stage": "gate", "event": "start", "candidates_in": 5}
{"ts": "2026-09-23T03:50:14.657389+00:00", "trace_id": null, "stage": "gate", "event": "finish", "duration_ms": 0.163, "candidates_in": 5, "candidates_out": 5, "top_score": 0.07611111111111112}
{"ts": "2026-09-23T03:50:18.044838+00:00", "trace_id": null, "stage": "gate_form", "event": "start"}
{"ts": "2026-09-23T03:50:18.045153+00:00", "trace_id": null, "stage": "gate_form", "event": "finish", "duration_ms": 0.319}
{"ts": "2026-09-23T03:50:18.045242+00:00", "trace_id": null, "stage": "gate_literal", "event": "start"}
{"ts": "2026-09-23T03:50:18.045406+00:00", "trace_id": null, "stage": "gate_literal", "event": "finish", "duration_ms": 0.164}
{"ts": "2026-09-23T03:50:18.045524+00:00", "trace_id": null, "stage": "gate_entail", "event": "start", "skipped": true, "reason": "no_entailment_model"}
{"ts": "2026-09-23T03:50:18.045719+00:00", "trace_id": null, "stage": "gate_entail", "event": "finish", "duration_ms": 0.198, "degraded": true, "skipped": true, "reason": "no_entailment_model"}
{"ts": "2026-09-23T03:50:18.045797+00:00", "trace_id": null, "stage": "gate_coverage", "event": "start", "coverage": 1.0}
{"ts": "2026-09-23T03:50:18.045888+00:00", "trace_id": null, "stage": "gate_coverage", "event": "finish", "duration_ms": 0.093, "coverage": 1.0}
{"ts": "2026-09-23T03:50:18.045959+00:00", "trace_id": null, "stage": "gate_conflict", "event": "start"}
{"ts": "2026-09-23T03:50:18.046048+00:00", "trace_id": null, "stage": "gate_conflict", "event": "finish", "duration_ms": 0.089, "skipped": true, "reason": "no_conflict"}
{"ts": "2026-09-23T03:50:18.046114+00:00", "trace_id": null, "stage": "embed_query", "event": "start", "model": "Qwen/Qwen3-Embedding-0.6B"}
{"ts": "2026-09-23T03:50:18.224894+00:00", "trace_id": null, "stage": "embed_query", "event": "finish", "duration_ms": 178.777, "model": "Qwen/Qwen3-Embedding-0.6B"}
{"ts": "2026-09-23T03:50:18.224972+00:00", "trace_id": null, "stage": "dense", "event": "start"}
{"ts": "2026-09-23T03:50:18.225179+00:00", "trace_id": null, "stage": "dense", "event": "finish", "duration_ms": 0.206, "candidates_out": 20}
{"ts": "2026-09-23T03:50:18.225222+00:00", "trace_id": null, "stage": "lexical", "event": "start"}
{"ts": "2026-09-23T03:50:18.225530+00:00", "trace_id": null, "stage": "lexical", "event": "finish", "duration_ms": 0.307, "candidates_out": 20}
{"ts": "2026-09-23T03:50:18.225577+00:00", "trace_id": null, "stage": "fuse", "event": "start", "candidates_in": 32}
{"ts": "2026-09-23T03:50:18.225659+00:00", "trace_id": null, "stage": "fuse", "event": "finish", "duration_ms": 0.083, "candidates_in": 32, "candidates_out": 22, "top_score": 0.03278688524590164}
{"ts": "2026-09-23T03:50:18.229707+00:00", "trace_id": null, "stage": "gate", "event": "start", "candidates_in": 5}
{"ts": "2026-09-23T03:50:18.229781+00:00", "trace_id": null, "stage": "gate", "event": "finish", "duration_ms": 0.074, "candidates_in": 5, "candidates_out": 5, "top_score": 0.09073460820895522}
{"ts": "2026-09-23T03:50:22.627666+00:00", "trace_id": null, "stage": "gate_form", "event": "start"}
{"ts": "2026-09-23T03:50:22.629557+00:00", "trace_id": null, "stage": "gate_form", "event": "finish", "duration_ms": 1.985}
{"ts": "2026-09-23T03:50:22.629788+00:00", "trace_id": null, "stage": "gate_literal", "event": "start"}
{"ts": "2026-09-23T03:50:22.630068+00:00", "trace_id": null, "stage": "gate_literal", "event": "finish", "duration_ms": 0.282}
{"ts": "2026-09-23T03:50:22.630203+00:00", "trace_id": null, "stage": "gate_entail", "event": "start", "skipped": true, "reason": "no_entailment_model"}
{"ts": "2026-09-23T03:50:22.630459+00:00", "trace_id": null, "stage": "gate_entail", "event": "finish", "duration_ms": 0.101, "degraded": true, "skipped": true, "reason": "no_entailment_model"}
{"ts": "2026-09-23T03:50:22.630491+00:00", "trace_id": null, "stage": "gate_coverage", "event": "start", "coverage": 1.0}
{"ts": "2026-09-23T03:50:22.630831+00:00", "trace_id": null, "stage": "gate_coverage", "event": "finish", "duration_ms": 0.34, "coverage": 1.0}
{"ts": "2026-09-23T03:50:22.630957+00:00", "trace_id": null, "stage": "gate_conflict", "event": "start"}
{"ts": "2026-09-23T03:50:22.631342+00:00", "trace_id": null, "stage": "gate_conflict", "event": "finish", "duration_ms": 0.386, "skipped": true, "reason": "no_conflict"}
... 100/122 abstain=22
{"ts": "2026-09-23T03:50:22.632457+00:00", "trace_id": null, "stage": "embed_query", "event": "start", "model": "Qwen/Qwen3-Embedding-0.6B"}
{"ts": "2026-09-23T03:50:22.945652+00:00", "trace_id": null, "stage": "embed_query", "event": "finish", "duration_ms": 313.189, "model": "Qwen/Qwen3-Embedding-0.6B"}
{"ts": "2026-09-23T03:50:22.945871+00:00", "trace_id": null, "stage": "dense", "event": "start"}
{"ts": "2026-09-23T03:50:22.946377+00:00", "trace_id": null, "stage": "dense", "event": "finish", "duration_ms": 0.506, "candidates_out": 20}
{"ts": "2026-09-23T03:50:22.946436+00:00", "trace_id": null, "stage": "lexical", "event": "start"}
{"ts": "2026-09-23T03:50:22.946869+00:00", "trace_id": null, "stage": "lexical", "event": "finish", "duration_ms": 0.432, "candidates_out": 20}
{"ts": "2026-09-23T03:50:22.946924+00:00", "trace_id": null, "stage": "fuse", "event": "start", "candidates_in": 34}
{"ts": "2026-09-23T03:50:22.947001+00:00", "trace_id": null, "stage": "fuse", "event": "finish", "duration_ms": 0.077, "candidates_in": 34, "candidates_out": 24, "top_score": 0.03278688524590164}
{"ts": "2026-09-23T03:50:22.960545+00:00", "trace_id": null, "stage": "gate", "event": "start", "candidates_in": 5}
{"ts": "2026-09-23T03:50:22.960842+00:00", "trace_id": null, "stage": "gate", "event": "finish", "duration_ms": 0.302, "candidates_in": 5, "candidates_out": 5, "top_score": 0.09737704918032787}
{"ts": "2026-09-23T03:50:25.634951+00:00", "trace_id": null, "stage": "gate_form", "event": "start"}
{"ts": "2026-09-23T03:50:25.635269+00:00", "trace_id": null, "stage": "gate_form", "event": "finish", "duration_ms": 0.322}
{"ts": "2026-09-23T03:50:25.635313+00:00", "trace_id": null, "stage": "gate_literal", "event": "start"}
{"ts": "2026-09-23T03:50:25.635395+00:00", "trace_id": null, "stage": "gate_literal", "event": "finish", "duration_ms": 0.082}
{"ts": "2026-09-23T03:50:25.635441+00:00", "trace_id": null, "stage": "gate_entail", "event": "start", "skipped": true, "reason": "no_entailment_model"}
{"ts": "2026-09-23T03:50:25.635493+00:00", "trace_id": null, "stage": "gate_entail", "event": "finish", "duration_ms": 0.052, "degraded": true, "skipped": true, "reason": "no_entailment_model"}
{"ts": "2026-09-23T03:50:25.635517+00:00", "trace_id": null, "stage": "gate_coverage", "event": "start", "coverage": 1.0}
{"ts": "2026-09-23T03:50:25.635557+00:00", "trace_id": null, "stage": "gate_coverage", "event": "finish", "duration_ms": 0.041, "coverage": 1.0}
{"ts": "2026-09-23T03:50:25.635573+00:00", "trace_id": null, "stage": "gate_conflict", "event": "start"}
{"ts": "2026-09-23T03:50:25.635659+00:00", "trace_id": null, "stage": "gate_conflict", "event": "finish", "duration_ms": 0.085, "reason": "version_conflict"}
{"ts": "2026-09-23T03:50:25.635700+00:00", "trace_id": null, "stage": "embed_query", "event": "start", "model": "Qwen/Qwen3-Embedding-0.6B"}
{"ts": "2026-09-23T03:50:25.693467+00:00", "trace_id": null, "stage": "embed_query", "event": "finish", "duration_ms": 57.763, "model": "Qwen/Qwen3-Embedding-0.6B"}
{"ts": "2026-09-23T03:50:25.693542+00:00", "trace_id": null, "stage": "dense", "event": "start"}
{"ts": "2026-09-23T03:50:25.693770+00:00", "trace_id": null, "stage": "dense", "event": "finish", "duration_ms": 0.228, "candidates_out": 20}
{"ts": "2026-09-23T03:50:25.693800+00:00", "trace_id": null, "stage": "lexical", "event": "start"}
{"ts": "2026-09-23T03:50:25.694158+00:00", "trace_id": null, "stage": "lexical", "event": "finish", "duration_ms": 0.357, "candidates_out": 20}
{"ts": "2026-09-23T03:50:25.694214+00:00", "trace_id": null, "stage": "fuse", "event": "start", "candidates_in": 31}
{"ts": "2026-09-23T03:50:25.694287+00:00", "trace_id": null, "stage": "fuse", "event": "finish", "duration_ms": 0.073, "candidates_in": 31, "candidates_out": 22, "top_score": 0.03278688524590164}
{"ts": "2026-09-23T03:50:25.700465+00:00", "trace_id": null, "stage": "gate", "event": "start", "candidates_in": 5}
{"ts": "2026-09-23T03:50:25.700776+00:00", "trace_id": null, "stage": "gate", "event": "finish", "duration_ms": 0.314, "candidates_in": 5, "candidates_out": 6, "top_score": 0.048375}
{"ts": "2026-09-23T03:50:32.145526+00:00", "trace_id": null, "stage": "gate_form", "event": "start"}
{"ts": "2026-09-23T03:50:32.145645+00:00", "trace_id": null, "stage": "gate_form", "event": "finish", "duration_ms": 0.127}
{"ts": "2026-09-23T03:50:32.145706+00:00", "trace_id": null, "stage": "gate_literal", "event": "start"}
{"ts": "2026-09-23T03:50:32.145781+00:00", "trace_id": null, "stage": "gate_literal", "event": "finish", "duration_ms": 0.076}
{"ts": "2026-09-23T03:50:32.145831+00:00", "trace_id": null, "stage": "gate_entail", "event": "start", "skipped": true, "reason": "no_entailment_model"}
{"ts": "2026-09-23T03:50:32.145885+00:00", "trace_id": null, "stage": "gate_entail", "event": "finish", "duration_ms": 0.054, "degraded": true, "skipped": true, "reason": "no_entailment_model"}
{"ts": "2026-09-23T03:50:32.145903+00:00", "trace_id": null, "stage": "gate_coverage", "event": "start", "coverage": 1.0}
{"ts": "2026-09-23T03:50:32.145982+00:00", "trace_id": null, "stage": "gate_coverage", "event": "finish", "duration_ms": 0.072, "coverage": 1.0}
{"ts": "2026-09-23T03:50:32.146103+00:00", "trace_id": null, "stage": "gate_conflict", "event": "start"}
{"ts": "2026-09-23T03:50:32.146287+00:00", "trace_id": null, "stage": "gate_conflict", "event": "finish", "duration_ms": 0.184, "reason": "version_conflict"}
{"ts": "2026-09-23T03:50:32.146358+00:00", "trace_id": null, "stage": "embed_query", "event": "start", "model": "Qwen/Qwen3-Embedding-0.6B"}
{"ts": "2026-09-23T03:50:32.224915+00:00", "trace_id": null, "stage": "embed_query", "event": "finish", "duration_ms": 78.553, "model": "Qwen/Qwen3-Embedding-0.6B"}
{"ts": "2026-09-23T03:50:32.225021+00:00", "trace_id": null, "stage": "dense", "event": "start"}
{"ts": "2026-09-23T03:50:32.225300+00:00", "trace_id": null, "stage": "dense", "event": "finish", "duration_ms": 0.279, "candidates_out": 20}
{"ts": "2026-09-23T03:50:32.225347+00:00", "trace_id": null, "stage": "lexical", "event": "start"}
{"ts": "2026-09-23T03:50:32.225737+00:00", "trace_id": null, "stage": "lexical", "event": "finish", "duration_ms": 0.389, "candidates_out": 11}
{"ts": "2026-09-23T03:50:32.225797+00:00", "trace_id": null, "stage": "fuse", "event": "start", "candidates_in": 25}
{"ts": "2026-09-23T03:50:32.225896+00:00", "trace_id": null, "stage": "fuse", "event": "finish", "duration_ms": 0.1, "candidates_in": 25, "candidates_out": 19, "top_score": 0.03252247488101534}
{"ts": "2026-09-23T03:50:32.232993+00:00", "trace_id": null, "stage": "gate", "event": "start", "candidates_in": 5}
{"ts": "2026-09-23T03:50:32.233087+00:00", "trace_id": null, "stage": "gate", "event": "finish", "duration_ms": 0.095, "candidates_in": 5, "candidates_out": 5, "top_score": 0.08455843469063988}
{"ts": "2026-09-23T03:50:34.027095+00:00", "trace_id": null, "stage": "gate_form", "event": "start"}
{"ts": "2026-09-23T03:50:34.027204+00:00", "trace_id": null, "stage": "gate_form", "event": "finish", "duration_ms": 0.114}
{"ts": "2026-09-23T03:50:34.027243+00:00", "trace_id": null, "stage": "gate_literal", "event": "start"}
{"ts": "2026-09-23T03:50:34.027305+00:00", "trace_id": null, "stage": "gate_literal", "event": "finish", "duration_ms": 0.062}
{"ts": "2026-09-23T03:50:34.027346+00:00", "trace_id": null, "stage": "gate_entail", "event": "start", "skipped": true, "reason": "no_entailment_model"}
{"ts": "2026-09-23T03:50:34.027389+00:00", "trace_id": null, "stage": "gate_entail", "event": "finish", "duration_ms": 0.043, "degraded": true, "skipped": true, "reason": "no_entailment_model"}
{"ts": "2026-09-23T03:50:34.027406+00:00", "trace_id": null, "stage": "gate_coverage", "event": "start", "coverage": 1.0}
{"ts": "2026-09-23T03:50:34.027446+00:00", "trace_id": null, "stage": "gate_coverage", "event": "finish", "duration_ms": 0.04, "coverage": 1.0}
{"ts": "2026-09-23T03:50:34.027466+00:00", "trace_id": null, "stage": "gate_conflict", "event": "start"}
{"ts": "2026-09-23T03:50:34.027642+00:00", "trace_id": null, "stage": "gate_conflict", "event": "finish", "duration_ms": 0.171, "skipped": true, "reason": "no_conflict"}
{"ts": "2026-09-23T03:50:34.027734+00:00", "trace_id": null, "stage": "embed_query", "event": "start", "model": "Qwen/Qwen3-Embedding-0.6B"}
{"ts": "2026-09-23T03:50:34.107688+00:00", "trace_id": null, "stage": "embed_query", "event": "finish", "duration_ms": 79.952, "model": "Qwen/Qwen3-Embedding-0.6B"}
{"ts": "2026-09-23T03:50:34.107781+00:00", "trace_id": null, "stage": "dense", "event": "start"}
{"ts": "2026-09-23T03:50:34.108034+00:00", "trace_id": null, "stage": "dense", "event": "finish", "duration_ms": 0.253, "candidates_out": 20}
{"ts": "2026-09-23T03:50:34.108071+00:00", "trace_id": null, "stage": "lexical", "event": "start"}
{"ts": "2026-09-23T03:50:34.108375+00:00", "trace_id": null, "stage": "lexical", "event": "finish", "duration_ms": 0.304, "candidates_out": 19}
{"ts": "2026-09-23T03:50:34.108424+00:00", "trace_id": null, "stage": "fuse", "event": "start", "candidates_in": 30}
{"ts": "2026-09-23T03:50:34.108505+00:00", "trace_id": null, "stage": "fuse", "event": "finish", "duration_ms": 0.081, "candidates_in": 30, "candidates_out": 22, "top_score": 0.03278688524590164}
{"ts": "2026-09-23T03:50:34.112802+00:00", "trace_id": null, "stage": "gate", "event": "start", "candidates_in": 5}
{"ts": "2026-09-23T03:50:34.112901+00:00", "trace_id": null, "stage": "gate", "event": "finish", "duration_ms": 0.101, "candidates_in": 5, "candidates_out": 5, "top_score": 0.036571428571428574}
{"ts": "2026-09-23T03:50:35.435400+00:00", "trace_id": null, "stage": "gate_form", "event": "start"}
{"ts": "2026-09-23T03:50:35.435519+00:00", "trace_id": null, "stage": "gate_form", "event": "finish", "duration_ms": 0.124}
{"ts": "2026-09-23T03:50:35.435545+00:00", "trace_id": null, "stage": "gate_literal", "event": "start"}
{"ts": "2026-09-23T03:50:35.435654+00:00", "trace_id": null, "stage": "gate_literal", "event": "finish", "duration_ms": 0.11}
{"ts": "2026-09-23T03:50:35.435674+00:00", "trace_id": null, "stage": "gate_entail", "event": "start", "skipped": true, "reason": "no_entailment_model"}
{"ts": "2026-09-23T03:50:35.435780+00:00", "trace_id": null, "stage": "gate_entail", "event": "finish", "duration_ms": 0.104, "degraded": true, "skipped": true, "reason": "no_entailment_model"}
{"ts": "2026-09-23T03:50:35.435850+00:00", "trace_id": null, "stage": "gate_coverage", "event": "start", "coverage": 1.0}
{"ts": "2026-09-23T03:50:35.435908+00:00", "trace_id": null, "stage": "gate_coverage", "event": "finish", "duration_ms": 0.059, "coverage": 1.0}
{"ts": "2026-09-23T03:50:35.435927+00:00", "trace_id": null, "stage": "gate_conflict", "event": "start"}
{"ts": "2026-09-23T03:50:35.436012+00:00", "trace_id": null, "stage": "gate_conflict", "event": "finish", "duration_ms": 0.085, "skipped": true, "reason": "no_conflict"}
{"ts": "2026-09-23T03:50:35.436049+00:00", "trace_id": null, "stage": "embed_query", "event": "start", "model": "Qwen/Qwen3-Embedding-0.6B"}
{"ts": "2026-09-23T03:50:35.512583+00:00", "trace_id": null, "stage": "embed_query", "event": "finish", "duration_ms": 76.529, "model": "Qwen/Qwen3-Embedding-0.6B"}
{"ts": "2026-09-23T03:50:35.512684+00:00", "trace_id": null, "stage": "dense", "event": "start"}
{"ts": "2026-09-23T03:50:35.512970+00:00", "trace_id": null, "stage": "dense", "event": "finish", "duration_ms": 0.285, "candidates_out": 20}
{"ts": "2026-09-23T03:50:35.513046+00:00", "trace_id": null, "stage": "lexical", "event": "start"}
{"ts": "2026-09-23T03:50:35.513330+00:00", "trace_id": null, "stage": "lexical", "event": "finish", "duration_ms": 0.285, "candidates_out": 16}
{"ts": "2026-09-23T03:50:35.513371+00:00", "trace_id": null, "stage": "fuse", "event": "start", "candidates_in": 28}
{"ts": "2026-09-23T03:50:35.513442+00:00", "trace_id": null, "stage": "fuse", "event": "finish", "duration_ms": 0.071, "candidates_in": 28, "candidates_out": 22, "top_score": 0.03278688524590164}
{"ts": "2026-09-23T03:50:35.518054+00:00", "trace_id": null, "stage": "gate", "event": "start", "candidates_in": 5}
{"ts": "2026-09-23T03:50:35.518182+00:00", "trace_id": null, "stage": "gate", "event": "finish", "duration_ms": 0.13, "candidates_in": 5, "candidates_out": 5, "top_score": 0.08256048387096775}
{"ts": "2026-09-23T03:50:38.741856+00:00", "trace_id": null, "stage": "gate_form", "event": "start"}
{"ts": "2026-09-23T03:50:38.742015+00:00", "trace_id": null, "stage": "gate_form", "event": "finish", "duration_ms": 0.165}
{"ts": "2026-09-23T03:50:38.742082+00:00", "trace_id": null, "stage": "gate_literal", "event": "start"}
{"ts": "2026-09-23T03:50:38.742147+00:00", "trace_id": null, "stage": "gate_literal", "event": "finish", "duration_ms": 0.066}
{"ts": "2026-09-23T03:50:38.742220+00:00", "trace_id": null, "stage": "gate_entail", "event": "start", "skipped": true, "reason": "no_entailment_model"}
{"ts": "2026-09-23T03:50:38.742387+00:00", "trace_id": null, "stage": "gate_entail", "event": "finish", "duration_ms": 0.171, "degraded": true, "skipped": true, "reason": "no_entailment_model"}
{"ts": "2026-09-23T03:50:38.742479+00:00", "trace_id": null, "stage": "gate_coverage", "event": "start", "coverage": 1.0}
{"ts": "2026-09-23T03:50:38.742546+00:00", "trace_id": null, "stage": "gate_coverage", "event": "finish", "duration_ms": 0.07, "coverage": 1.0}
{"ts": "2026-09-23T03:50:38.742567+00:00", "trace_id": null, "stage": "gate_conflict", "event": "start"}
{"ts": "2026-09-23T03:50:38.742674+00:00", "trace_id": null, "stage": "gate_conflict", "event": "finish", "duration_ms": 0.106, "skipped": true, "reason": "no_conflict"}
{"ts": "2026-09-23T03:50:38.742706+00:00", "trace_id": null, "stage": "embed_query", "event": "start", "model": "Qwen/Qwen3-Embedding-0.6B"}
{"ts": "2026-09-23T03:50:38.827877+00:00", "trace_id": null, "stage": "embed_query", "event": "finish", "duration_ms": 85.166, "model": "Qwen/Qwen3-Embedding-0.6B"}
{"ts": "2026-09-23T03:50:38.828052+00:00", "trace_id": null, "stage": "dense", "event": "start"}
{"ts": "2026-09-23T03:50:38.828452+00:00", "trace_id": null, "stage": "dense", "event": "finish", "duration_ms": 0.4, "candidates_out": 20}
{"ts": "2026-09-23T03:50:38.828497+00:00", "trace_id": null, "stage": "lexical", "event": "start"}
{"ts": "2026-09-23T03:50:38.828862+00:00", "trace_id": null, "stage": "lexical", "event": "finish", "duration_ms": 0.365, "candidates_out": 20}
{"ts": "2026-09-23T03:50:38.828924+00:00", "trace_id": null, "stage": "fuse", "event": "start", "candidates_in": 32}
{"ts": "2026-09-23T03:50:38.829008+00:00", "trace_id": null, "stage": "fuse", "event": "finish", "duration_ms": 0.083, "candidates_in": 32, "candidates_out": 20, "top_score": 0.032266458495966696}
{"ts": "2026-09-23T03:50:38.832378+00:00", "trace_id": null, "stage": "gate", "event": "start", "candidates_in": 5}
{"ts": "2026-09-23T03:50:38.832458+00:00", "trace_id": null, "stage": "gate", "event": "finish", "duration_ms": 0.08, "candidates_in": 5, "candidates_out": 5, "top_score": 0.05413839891451832}
{"ts": "2026-09-23T03:50:41.920177+00:00", "trace_id": null, "stage": "gate_form", "event": "start"}
{"ts": "2026-09-23T03:50:41.920282+00:00", "trace_id": null, "stage": "gate_form", "event": "finish", "duration_ms": 0.108}
{"ts": "2026-09-23T03:50:41.920372+00:00", "trace_id": null, "stage": "gate_literal", "event": "start"}
{"ts": "2026-09-23T03:50:41.920533+00:00", "trace_id": null, "stage": "gate_literal", "event": "finish", "duration_ms": 0.162}
{"ts": "2026-09-23T03:50:41.920572+00:00", "trace_id": null, "stage": "gate_entail", "event": "start", "skipped": true, "reason": "no_entailment_model"}
{"ts": "2026-09-23T03:50:41.920619+00:00", "trace_id": null, "stage": "gate_entail", "event": "finish", "duration_ms": 0.048, "degraded": true, "skipped": true, "reason": "no_entailment_model"}
{"ts": "2026-09-23T03:50:41.920638+00:00", "trace_id": null, "stage": "gate_coverage", "event": "start", "coverage": 1.0}
{"ts": "2026-09-23T03:50:41.920674+00:00", "trace_id": null, "stage": "gate_coverage", "event": "finish", "duration_ms": 0.036, "coverage": 1.0}
{"ts": "2026-09-23T03:50:41.920728+00:00", "trace_id": null, "stage": "gate_conflict", "event": "start"}
{"ts": "2026-09-23T03:50:41.920805+00:00", "trace_id": null, "stage": "gate_conflict", "event": "finish", "duration_ms": 0.075, "skipped": true, "reason": "no_conflict"}
{"ts": "2026-09-23T03:50:41.920870+00:00", "trace_id": null, "stage": "embed_query", "event": "start", "model": "Qwen/Qwen3-Embedding-0.6B"}
{"ts": "2026-09-23T03:50:42.010209+00:00", "trace_id": null, "stage": "embed_query", "event": "finish", "duration_ms": 89.333, "model": "Qwen/Qwen3-Embedding-0.6B"}
{"ts": "2026-09-23T03:50:42.010326+00:00", "trace_id": null, "stage": "dense", "event": "start"}
{"ts": "2026-09-23T03:50:42.010665+00:00", "trace_id": null, "stage": "dense", "event": "finish", "duration_ms": 0.338, "candidates_out": 20}
{"ts": "2026-09-23T03:50:42.010721+00:00", "trace_id": null, "stage": "lexical", "event": "start"}
{"ts": "2026-09-23T03:50:42.011244+00:00", "trace_id": null, "stage": "lexical", "event": "finish", "duration_ms": 0.521, "candidates_out": 20}
{"ts": "2026-09-23T03:50:42.011371+00:00", "trace_id": null, "stage": "fuse", "event": "start", "candidates_in": 33}
{"ts": "2026-09-23T03:50:42.011547+00:00", "trace_id": null, "stage": "fuse", "event": "finish", "duration_ms": 0.178, "candidates_in": 33, "candidates_out": 20, "top_score": 0.03278688524590164}
{"ts": "2026-09-23T03:50:42.021630+00:00", "trace_id": null, "stage": "gate", "event": "start", "candidates_in": 5}
{"ts": "2026-09-23T03:50:42.021809+00:00", "trace_id": null, "stage": "gate", "event": "finish", "duration_ms": 0.182, "candidates_in": 5, "candidates_out": 5, "top_score": 0.054098360655737705}
{"ts": "2026-09-23T03:50:43.231538+00:00", "trace_id": null, "stage": "gate_form", "event": "start"}
{"ts": "2026-09-23T03:50:43.231645+00:00", "trace_id": null, "stage": "gate_form", "event": "finish", "duration_ms": 0.111}
{"ts": "2026-09-23T03:50:43.231684+00:00", "trace_id": null, "stage": "gate_literal", "event": "start", "skipped": true, "reason": "declined"}
{"ts": "2026-09-23T03:50:43.231727+00:00", "trace_id": null, "stage": "gate_literal", "event": "finish", "duration_ms": 0.041, "skipped": true, "reason": "declined"}
{"ts": "2026-09-23T03:50:43.231768+00:00", "trace_id": null, "stage": "gate_conflict", "event": "start"}
{"ts": "2026-09-23T03:50:43.231822+00:00", "trace_id": null, "stage": "gate_conflict", "event": "finish", "duration_ms": 0.054, "skipped": true, "reason": "no_conflict"}
ABSTAIN adv-011 reason=declined raw='The documents do not say.'
{"ts": "2026-09-23T03:50:43.231856+00:00", "trace_id": null, "stage": "embed_query", "event": "start", "model": "Qwen/Qwen3-Embedding-0.6B"}
{"ts": "2026-09-23T03:50:43.317987+00:00", "trace_id": null, "stage": "embed_query", "event": "finish", "duration_ms": 86.126, "model": "Qwen/Qwen3-Embedding-0.6B"}
{"ts": "2026-09-23T03:50:43.318094+00:00", "trace_id": null, "stage": "dense", "event": "start"}
{"ts": "2026-09-23T03:50:43.318340+00:00", "trace_id": null, "stage": "dense", "event": "finish", "duration_ms": 0.245, "candidates_out": 20}
{"ts": "2026-09-23T03:50:43.318381+00:00", "trace_id": null, "stage": "lexical", "event": "start"}
{"ts": "2026-09-23T03:50:43.318711+00:00", "trace_id": null, "stage": "lexical", "event": "finish", "duration_ms": 0.328, "candidates_out": 20}
{"ts": "2026-09-23T03:50:43.318767+00:00", "trace_id": null, "stage": "fuse", "event": "start", "candidates_in": 34}
{"ts": "2026-09-23T03:50:43.318844+00:00", "trace_id": null, "stage": "fuse", "event": "finish", "duration_ms": 0.076, "candidates_in": 34, "candidates_out": 22, "top_score": 0.03278688524590164}
{"ts": "2026-09-23T03:50:43.326783+00:00", "trace_id": null, "stage": "gate", "event": "start", "candidates_in": 5}
{"ts": "2026-09-23T03:50:43.326936+00:00", "trace_id": null, "stage": "gate", "event": "finish", "duration_ms": 0.157, "candidates_in": 5, "candidates_out": 5, "top_score": 0.13519354838709677}
{"ts": "2026-09-23T03:50:47.623970+00:00", "trace_id": null, "stage": "gate_form", "event": "start"}
{"ts": "2026-09-23T03:50:47.624106+00:00", "trace_id": null, "stage": "gate_form", "event": "finish", "duration_ms": 0.14}
{"ts": "2026-09-23T03:50:47.624162+00:00", "trace_id": null, "stage": "gate_literal", "event": "start"}
{"ts": "2026-09-23T03:50:47.624263+00:00", "trace_id": null, "stage": "gate_literal", "event": "finish", "duration_ms": 0.1}
{"ts": "2026-09-23T03:50:47.624326+00:00", "trace_id": null, "stage": "gate_entail", "event": "start", "skipped": true, "reason": "no_entailment_model"}
{"ts": "2026-09-23T03:50:47.624394+00:00", "trace_id": null, "stage": "gate_entail", "event": "finish", "duration_ms": 0.068, "degraded": true, "skipped": true, "reason": "no_entailment_model"}
{"ts": "2026-09-23T03:50:47.624440+00:00", "trace_id": null, "stage": "gate_coverage", "event": "start", "coverage": 1.0}
{"ts": "2026-09-23T03:50:47.624493+00:00", "trace_id": null, "stage": "gate_coverage", "event": "finish", "duration_ms": 0.053, "coverage": 1.0}
{"ts": "2026-09-23T03:50:47.624535+00:00", "trace_id": null, "stage": "gate_conflict", "event": "start"}
{"ts": "2026-09-23T03:50:47.624604+00:00", "trace_id": null, "stage": "gate_conflict", "event": "finish", "duration_ms": 0.069, "skipped": true, "reason": "no_conflict"}
{"ts": "2026-09-23T03:50:47.624638+00:00", "trace_id": null, "stage": "embed_query", "event": "start", "model": "Qwen/Qwen3-Embedding-0.6B"}
{"ts": "2026-09-23T03:50:47.710930+00:00", "trace_id": null, "stage": "embed_query", "event": "finish", "duration_ms": 86.286, "model": "Qwen/Qwen3-Embedding-0.6B"}
{"ts": "2026-09-23T03:50:47.711029+00:00", "trace_id": null, "stage": "dense", "event": "start"}
{"ts": "2026-09-23T03:50:47.711270+00:00", "trace_id": null, "stage": "dense", "event": "finish", "duration_ms": 0.241, "candidates_out": 20}
{"ts": "2026-09-23T03:50:47.711309+00:00", "trace_id": null, "stage": "lexical", "event": "start"}
{"ts": "2026-09-23T03:50:47.711690+00:00", "trace_id": null, "stage": "lexical", "event": "finish", "duration_ms": 0.38, "candidates_out": 20}
{"ts": "2026-09-23T03:50:47.711742+00:00", "trace_id": null, "stage": "fuse", "event": "start", "candidates_in": 34}
{"ts": "2026-09-23T03:50:47.711818+00:00", "trace_id": null, "stage": "fuse", "event": "finish", "duration_ms": 0.076, "candidates_in": 34, "candidates_out": 25, "top_score": 0.03252247488101534}
{"ts": "2026-09-23T03:50:47.721344+00:00", "trace_id": null, "stage": "gate", "event": "start", "candidates_in": 5}
{"ts": "2026-09-23T03:50:47.721465+00:00", "trace_id": null, "stage": "gate", "event": "finish", "duration_ms": 0.125, "candidates_in": 5, "candidates_out": 5, "top_score": 0.1340625}
{"ts": "2026-09-23T03:50:48.848266+00:00", "trace_id": null, "stage": "gate_form", "event": "start"}
{"ts": "2026-09-23T03:50:48.848445+00:00", "trace_id": null, "stage": "gate_form", "event": "finish", "duration_ms": 0.184}
{"ts": "2026-09-23T03:50:48.848522+00:00", "trace_id": null, "stage": "gate_literal", "event": "start"}
{"ts": "2026-09-23T03:50:48.848625+00:00", "trace_id": null, "stage": "gate_literal", "event": "finish", "duration_ms": 0.104}
{"ts": "2026-09-23T03:50:48.848682+00:00", "trace_id": null, "stage": "gate_entail", "event": "start", "skipped": true, "reason": "no_entailment_model"}
{"ts": "2026-09-23T03:50:48.848771+00:00", "trace_id": null, "stage": "gate_entail", "event": "finish", "duration_ms": 0.086, "degraded": true, "skipped": true, "reason": "no_entailment_model"}
{"ts": "2026-09-23T03:50:48.848866+00:00", "trace_id": null, "stage": "gate_coverage", "event": "start", "coverage": 1.0}
{"ts": "2026-09-23T03:50:48.848975+00:00", "trace_id": null, "stage": "gate_coverage", "event": "finish", "duration_ms": 0.111, "coverage": 1.0}
{"ts": "2026-09-23T03:50:48.849034+00:00", "trace_id": null, "stage": "gate_conflict", "event": "start"}
{"ts": "2026-09-23T03:50:48.849128+00:00", "trace_id": null, "stage": "gate_conflict", "event": "finish", "duration_ms": 0.094, "skipped": true, "reason": "no_conflict"}
{"ts": "2026-09-23T03:50:48.849180+00:00", "trace_id": null, "stage": "embed_query", "event": "start", "model": "Qwen/Qwen3-Embedding-0.6B"}
{"ts": "2026-09-23T03:50:48.910326+00:00", "trace_id": null, "stage": "embed_query", "event": "finish", "duration_ms": 61.144, "model": "Qwen/Qwen3-Embedding-0.6B"}
{"ts": "2026-09-23T03:50:48.910410+00:00", "trace_id": null, "stage": "dense", "event": "start"}
{"ts": "2026-09-23T03:50:48.910626+00:00", "trace_id": null, "stage": "dense", "event": "finish", "duration_ms": 0.215, "candidates_out": 20}
{"ts": "2026-09-23T03:50:48.910671+00:00", "trace_id": null, "stage": "lexical", "event": "start"}
{"ts": "2026-09-23T03:50:48.911024+00:00", "trace_id": null, "stage": "lexical", "event": "finish", "duration_ms": 0.352, "candidates_out": 20}
{"ts": "2026-09-23T03:50:48.911086+00:00", "trace_id": null, "stage": "fuse", "event": "start", "candidates_in": 35}
{"ts": "2026-09-23T03:50:48.911162+00:00", "trace_id": null, "stage": "fuse", "event": "finish", "duration_ms": 0.076, "candidates_in": 35, "candidates_out": 25, "top_score": 0.03252247488101534}
{"ts": "2026-09-23T03:50:48.920121+00:00", "trace_id": null, "stage": "gate", "event": "start", "candidates_in": 5}
{"ts": "2026-09-23T03:50:48.920224+00:00", "trace_id": null, "stage": "gate", "event": "finish", "duration_ms": 0.106, "candidates_in": 5, "candidates_out": 5, "top_score": 0.0880048287971905}
{"ts": "2026-09-23T03:50:54.176917+00:00", "trace_id": null, "stage": "gate_form", "event": "start"}
{"ts": "2026-09-23T03:50:54.177068+00:00", "trace_id": null, "stage": "gate_form", "event": "finish", "duration_ms": 0.154}
{"ts": "2026-09-23T03:50:54.177167+00:00", "trace_id": null, "stage": "gate_literal", "event": "start"}
{"ts": "2026-09-23T03:50:54.177459+00:00", "trace_id": null, "stage": "gate_literal", "event": "finish", "duration_ms": 0.294}
{"ts": "2026-09-23T03:50:54.177509+00:00", "trace_id": null, "stage": "gate_entail", "event": "start", "skipped": true, "reason": "no_entailment_model"}
{"ts": "2026-09-23T03:50:54.177568+00:00", "trace_id": null, "stage": "gate_entail", "event": "finish", "duration_ms": 0.062, "degraded": true, "skipped": true, "reason": "no_entailment_model"}
{"ts": "2026-09-23T03:50:54.177603+00:00", "trace_id": null, "stage": "gate_coverage", "event": "start", "coverage": 1.0}
{"ts": "2026-09-23T03:50:54.177679+00:00", "trace_id": null, "stage": "gate_coverage", "event": "finish", "duration_ms": 0.076, "coverage": 1.0}
{"ts": "2026-09-23T03:50:54.177739+00:00", "trace_id": null, "stage": "gate_conflict", "event": "start"}
{"ts": "2026-09-23T03:50:54.177840+00:00", "trace_id": null, "stage": "gate_conflict", "event": "finish", "duration_ms": 0.101, "skipped": true, "reason": "no_conflict"}
{"ts": "2026-09-23T03:50:54.177920+00:00", "trace_id": null, "stage": "embed_query", "event": "start", "model": "Qwen/Qwen3-Embedding-0.6B"}
{"ts": "2026-09-23T03:50:54.258608+00:00", "trace_id": null, "stage": "embed_query", "event": "finish", "duration_ms": 80.684, "model": "Qwen/Qwen3-Embedding-0.6B"}
{"ts": "2026-09-23T03:50:54.258715+00:00", "trace_id": null, "stage": "dense", "event": "start"}
{"ts": "2026-09-23T03:50:54.258962+00:00", "trace_id": null, "stage": "dense", "event": "finish", "duration_ms": 0.247, "candidates_out": 20}
{"ts": "2026-09-23T03:50:54.259001+00:00", "trace_id": null, "stage": "lexical", "event": "start"}
{"ts": "2026-09-23T03:50:54.259311+00:00", "trace_id": null, "stage": "lexical", "event": "finish", "duration_ms": 0.309, "candidates_out": 20}
{"ts": "2026-09-23T03:50:54.259367+00:00", "trace_id": null, "stage": "fuse", "event": "start", "candidates_in": 33}
{"ts": "2026-09-23T03:50:54.259447+00:00", "trace_id": null, "stage": "fuse", "event": "finish", "duration_ms": 0.08, "candidates_in": 33, "candidates_out": 22, "top_score": 0.03278688524590164}
{"ts": "2026-09-23T03:50:54.265880+00:00", "trace_id": null, "stage": "gate", "event": "start", "candidates_in": 5}
{"ts": "2026-09-23T03:50:54.266028+00:00", "trace_id": null, "stage": "gate", "event": "finish", "duration_ms": 0.153, "candidates_in": 5, "candidates_out": 5, "top_score": 0.14065573770491804}
{"ts": "2026-09-23T03:50:57.303840+00:00", "trace_id": null, "stage": "gate_form", "event": "start"}
{"ts": "2026-09-23T03:50:57.304145+00:00", "trace_id": null, "stage": "gate_form", "event": "finish", "duration_ms": 0.309}
{"ts": "2026-09-23T03:50:57.304201+00:00", "trace_id": null, "stage": "gate_literal", "event": "start"}
{"ts": "2026-09-23T03:50:57.304282+00:00", "trace_id": null, "stage": "gate_literal", "event": "finish", "duration_ms": 0.08}
{"ts": "2026-09-23T03:50:57.304327+00:00", "trace_id": null, "stage": "gate_entail", "event": "start", "skipped": true, "reason": "no_entailment_model"}
{"ts": "2026-09-23T03:50:57.304374+00:00", "trace_id": null, "stage": "gate_entail", "event": "finish", "duration_ms": 0.048, "degraded": true, "skipped": true, "reason": "no_entailment_model"}
{"ts": "2026-09-23T03:50:57.304393+00:00", "trace_id": null, "stage": "gate_coverage", "event": "start", "coverage": 1.0}
{"ts": "2026-09-23T03:50:57.304499+00:00", "trace_id": null, "stage": "gate_coverage", "event": "finish", "duration_ms": 0.101, "coverage": 1.0}
{"ts": "2026-09-23T03:50:57.304582+00:00", "trace_id": null, "stage": "gate_conflict", "event": "start"}
{"ts": "2026-09-23T03:50:57.304690+00:00", "trace_id": null, "stage": "gate_conflict", "event": "finish", "duration_ms": 0.106, "skipped": true, "reason": "no_conflict"}
{"ts": "2026-09-23T03:50:57.304769+00:00", "trace_id": null, "stage": "embed_query", "event": "start", "model": "Qwen/Qwen3-Embedding-0.6B"}
{"ts": "2026-09-23T03:50:57.383468+00:00", "trace_id": null, "stage": "embed_query", "event": "finish", "duration_ms": 78.694, "model": "Qwen/Qwen3-Embedding-0.6B"}
{"ts": "2026-09-23T03:50:57.383568+00:00", "trace_id": null, "stage": "dense", "event": "start"}
{"ts": "2026-09-23T03:50:57.383888+00:00", "trace_id": null, "stage": "dense", "event": "finish", "duration_ms": 0.319, "candidates_out": 20}
{"ts": "2026-09-23T03:50:57.383944+00:00", "trace_id": null, "stage": "lexical", "event": "start"}
{"ts": "2026-09-23T03:50:57.384391+00:00", "trace_id": null, "stage": "lexical", "event": "finish", "duration_ms": 0.447, "candidates_out": 20}
{"ts": "2026-09-23T03:50:57.384469+00:00", "trace_id": null, "stage": "fuse", "event": "start", "candidates_in": 30}
{"ts": "2026-09-23T03:50:57.384597+00:00", "trace_id": null, "stage": "fuse", "event": "finish", "duration_ms": 0.127, "candidates_in": 30, "candidates_out": 18, "top_score": 0.03278688524590164}
{"ts": "2026-09-23T03:50:57.389303+00:00", "trace_id": null, "stage": "gate", "event": "start", "candidates_in": 5}
{"ts": "2026-09-23T03:50:57.389677+00:00", "trace_id": null, "stage": "gate", "event": "finish", "duration_ms": 0.376, "candidates_in": 5, "candidates_out": 6, "top_score": 0.0532258064516129}
{"ts": "2026-09-23T03:50:59.050917+00:00", "trace_id": null, "stage": "gate_form", "event": "start"}
{"ts": "2026-09-23T03:50:59.051017+00:00", "trace_id": null, "stage": "gate_form", "event": "finish", "duration_ms": 0.105}
{"ts": "2026-09-23T03:50:59.051039+00:00", "trace_id": null, "stage": "gate_literal", "event": "start"}
{"ts": "2026-09-23T03:50:59.051137+00:00", "trace_id": null, "stage": "gate_literal", "event": "finish", "duration_ms": 0.096}
{"ts": "2026-09-23T03:50:59.051215+00:00", "trace_id": null, "stage": "gate_entail", "event": "start", "skipped": true, "reason": "no_entailment_model"}
{"ts": "2026-09-23T03:50:59.051382+00:00", "trace_id": null, "stage": "gate_entail", "event": "finish", "duration_ms": 0.166, "degraded": true, "skipped": true, "reason": "no_entailment_model"}
{"ts": "2026-09-23T03:50:59.051442+00:00", "trace_id": null, "stage": "gate_coverage", "event": "start", "coverage": 1.0}
{"ts": "2026-09-23T03:50:59.051538+00:00", "trace_id": null, "stage": "gate_coverage", "event": "finish", "duration_ms": 0.096, "coverage": 1.0}
{"ts": "2026-09-23T03:50:59.051603+00:00", "trace_id": null, "stage": "gate_conflict", "event": "start"}
{"ts": "2026-09-23T03:50:59.051780+00:00", "trace_id": null, "stage": "gate_conflict", "event": "finish", "duration_ms": 0.177, "reason": "version_conflict"}
{"ts": "2026-09-23T03:50:59.051814+00:00", "trace_id": null, "stage": "embed_query", "event": "start", "model": "Qwen/Qwen3-Embedding-0.6B"}
{"ts": "2026-09-23T03:50:59.125405+00:00", "trace_id": null, "stage": "embed_query", "event": "finish", "duration_ms": 73.585, "model": "Qwen/Qwen3-Embedding-0.6B"}
{"ts": "2026-09-23T03:50:59.125505+00:00", "trace_id": null, "stage": "dense", "event": "start"}
{"ts": "2026-09-23T03:50:59.125825+00:00", "trace_id": null, "stage": "dense", "event": "finish", "duration_ms": 0.319, "candidates_out": 20}
{"ts": "2026-09-23T03:50:59.125880+00:00", "trace_id": null, "stage": "lexical", "event": "start"}
{"ts": "2026-09-23T03:50:59.126322+00:00", "trace_id": null, "stage": "lexical", "event": "finish", "duration_ms": 0.44, "candidates_out": 20}
{"ts": "2026-09-23T03:50:59.126406+00:00", "trace_id": null, "stage": "fuse", "event": "start", "candidates_in": 32}
{"ts": "2026-09-23T03:50:59.126522+00:00", "trace_id": null, "stage": "fuse", "event": "finish", "duration_ms": 0.116, "candidates_in": 32, "candidates_out": 20, "top_score": 0.03278688524590164}
{"ts": "2026-09-23T03:50:59.132026+00:00", "trace_id": null, "stage": "gate", "event": "start", "candidates_in": 5}
{"ts": "2026-09-23T03:50:59.132382+00:00", "trace_id": null, "stage": "gate", "event": "finish", "duration_ms": 0.357, "candidates_in": 5, "candidates_out": 6, "top_score": 0.0532258064516129}
{"ts": "2026-09-23T03:51:02.382661+00:00", "trace_id": null, "stage": "gate_form", "event": "start"}
{"ts": "2026-09-23T03:51:02.382773+00:00", "trace_id": null, "stage": "gate_form", "event": "finish", "duration_ms": 0.116}
{"ts": "2026-09-23T03:51:02.382819+00:00", "trace_id": null, "stage": "gate_literal", "event": "start"}
{"ts": "2026-09-23T03:51:02.382885+00:00", "trace_id": null, "stage": "gate_literal", "event": "finish", "duration_ms": 0.066}
{"ts": "2026-09-23T03:51:02.382932+00:00", "trace_id": null, "stage": "gate_entail", "event": "start", "skipped": true, "reason": "no_entailment_model"}
{"ts": "2026-09-23T03:51:02.382983+00:00", "trace_id": null, "stage": "gate_entail", "event": "finish", "duration_ms": 0.05, "degraded": true, "skipped": true, "reason": "no_entailment_model"}
{"ts": "2026-09-23T03:51:02.383025+00:00", "trace_id": null, "stage": "gate_coverage", "event": "start", "coverage": 1.0}
{"ts": "2026-09-23T03:51:02.383088+00:00", "trace_id": null, "stage": "gate_coverage", "event": "finish", "duration_ms": 0.064, "coverage": 1.0}
{"ts": "2026-09-23T03:51:02.383164+00:00", "trace_id": null, "stage": "gate_conflict", "event": "start"}
{"ts": "2026-09-23T03:51:02.383317+00:00", "trace_id": null, "stage": "gate_conflict", "event": "finish", "duration_ms": 0.156, "reason": "version_conflict"}
{"ts": "2026-09-23T03:51:02.383383+00:00", "trace_id": null, "stage": "embed_query", "event": "start", "model": "Qwen/Qwen3-Embedding-0.6B"}
{"ts": "2026-09-23T03:51:02.440226+00:00", "trace_id": null, "stage": "embed_query", "event": "finish", "duration_ms": 56.842, "model": "Qwen/Qwen3-Embedding-0.6B"}
{"ts": "2026-09-23T03:51:02.440372+00:00", "trace_id": null, "stage": "dense", "event": "start"}
{"ts": "2026-09-23T03:51:02.440591+00:00", "trace_id": null, "stage": "dense", "event": "finish", "duration_ms": 0.219, "candidates_out": 20}
{"ts": "2026-09-23T03:51:02.440641+00:00", "trace_id": null, "stage": "lexical", "event": "start"}
{"ts": "2026-09-23T03:51:02.440987+00:00", "trace_id": null, "stage": "lexical", "event": "finish", "duration_ms": 0.346, "candidates_out": 20}
{"ts": "2026-09-23T03:51:02.441031+00:00", "trace_id": null, "stage": "fuse", "event": "start", "candidates_in": 28}
{"ts": "2026-09-23T03:51:02.441097+00:00", "trace_id": null, "stage": "fuse", "event": "finish", "duration_ms": 0.065, "candidates_in": 28, "candidates_out": 18, "top_score": 0.031746031746031744}
{"ts": "2026-09-23T03:51:02.444810+00:00", "trace_id": null, "stage": "gate", "event": "start", "candidates_in": 5}
{"ts": "2026-09-23T03:51:02.445171+00:00", "trace_id": null, "stage": "gate", "event": "finish", "duration_ms": 0.364, "candidates_in": 5, "candidates_out": 6, "top_score": 0.05550284629981025}
{"ts": "2026-09-23T03:51:05.656903+00:00", "trace_id": null, "stage": "gate_form", "event": "start"}
{"ts": "2026-09-23T03:51:05.659479+00:00", "trace_id": null, "stage": "gate_form", "event": "finish", "duration_ms": 2.6}
{"ts": "2026-09-23T03:51:05.659543+00:00", "trace_id": null, "stage": "gate_literal", "event": "start"}
{"ts": "2026-09-23T03:51:05.659673+00:00", "trace_id": null, "stage": "gate_literal", "event": "finish", "duration_ms": 0.131}
{"ts": "2026-09-23T03:51:05.659733+00:00", "trace_id": null, "stage": "gate_entail", "event": "start", "skipped": true, "reason": "no_entailment_model"}
{"ts": "2026-09-23T03:51:05.659799+00:00", "trace_id": null, "stage": "gate_entail", "event": "finish", "duration_ms": 0.063, "degraded": true, "skipped": true, "reason": "no_entailment_model"}
{"ts": "2026-09-23T03:51:05.659855+00:00", "trace_id": null, "stage": "gate_coverage", "event": "start", "coverage": 1.0}
{"ts": "2026-09-23T03:51:05.659910+00:00", "trace_id": null, "stage": "gate_coverage", "event": "finish", "duration_ms": 0.055, "coverage": 1.0}
{"ts": "2026-09-23T03:51:05.659949+00:00", "trace_id": null, "stage": "gate_conflict", "event": "start"}
{"ts": "2026-09-23T03:51:05.660031+00:00", "trace_id": null, "stage": "gate_conflict", "event": "finish", "duration_ms": 0.081, "reason": "version_conflict"}
{"ts": "2026-09-23T03:51:05.660081+00:00", "trace_id": null, "stage": "embed_query", "event": "start", "model": "Qwen/Qwen3-Embedding-0.6B"}
{"ts": "2026-09-23T03:51:05.709224+00:00", "trace_id": null, "stage": "embed_query", "event": "finish", "duration_ms": 49.14, "model": "Qwen/Qwen3-Embedding-0.6B"}
{"ts": "2026-09-23T03:51:05.709297+00:00", "trace_id": null, "stage": "dense", "event": "start"}
{"ts": "2026-09-23T03:51:05.709508+00:00", "trace_id": null, "stage": "dense", "event": "finish", "duration_ms": 0.211, "candidates_out": 20}
{"ts": "2026-09-23T03:51:05.709537+00:00", "trace_id": null, "stage": "lexical", "event": "start"}
{"ts": "2026-09-23T03:51:05.709842+00:00", "trace_id": null, "stage": "lexical", "event": "finish", "duration_ms": 0.305, "candidates_out": 20}
{"ts": "2026-09-23T03:51:05.709888+00:00", "trace_id": null, "stage": "fuse", "event": "start", "candidates_in": 27}
{"ts": "2026-09-23T03:51:05.709964+00:00", "trace_id": null, "stage": "fuse", "event": "finish", "duration_ms": 0.077, "candidates_in": 27, "candidates_out": 19, "top_score": 0.03278688524590164}
{"ts": "2026-09-23T03:51:05.714199+00:00", "trace_id": null, "stage": "gate", "event": "start", "candidates_in": 5}
{"ts": "2026-09-23T03:51:05.714330+00:00", "trace_id": null, "stage": "gate", "event": "finish", "duration_ms": 0.133, "candidates_in": 5, "candidates_out": 5, "top_score": 0.052380952380952375}
{"ts": "2026-09-23T03:51:13.684159+00:00", "trace_id": null, "stage": "gate_form", "event": "start"}
{"ts": "2026-09-23T03:51:13.684256+00:00", "trace_id": null, "stage": "gate_form", "event": "finish", "duration_ms": 0.1}
{"ts": "2026-09-23T03:51:13.684298+00:00", "trace_id": null, "stage": "gate_literal", "event": "start"}
{"ts": "2026-09-23T03:51:13.684392+00:00", "trace_id": null, "stage": "gate_literal", "event": "finish", "duration_ms": 0.094}
{"ts": "2026-09-23T03:51:13.684417+00:00", "trace_id": null, "stage": "gate_entail", "event": "start", "skipped": true, "reason": "no_entailment_model"}
{"ts": "2026-09-23T03:51:13.684457+00:00", "trace_id": null, "stage": "gate_entail", "event": "finish", "duration_ms": 0.039, "degraded": true, "skipped": true, "reason": "no_entailment_model"}
{"ts": "2026-09-23T03:51:13.684484+00:00", "trace_id": null, "stage": "gate_coverage", "event": "start", "coverage": 1.0}
{"ts": "2026-09-23T03:51:13.684520+00:00", "trace_id": null, "stage": "gate_coverage", "event": "finish", "duration_ms": 0.036, "coverage": 1.0}
{"ts": "2026-09-23T03:51:13.684543+00:00", "trace_id": null, "stage": "gate_conflict", "event": "start"}
{"ts": "2026-09-23T03:51:13.684624+00:00", "trace_id": null, "stage": "gate_conflict", "event": "finish", "duration_ms": 0.081, "reason": "version_conflict"}
{"ts": "2026-09-23T03:51:13.684686+00:00", "trace_id": null, "stage": "embed_query", "event": "start", "model": "Qwen/Qwen3-Embedding-0.6B"}
{"ts": "2026-09-23T03:51:13.761668+00:00", "trace_id": null, "stage": "embed_query", "event": "finish", "duration_ms": 76.979, "model": "Qwen/Qwen3-Embedding-0.6B"}
{"ts": "2026-09-23T03:51:13.761808+00:00", "trace_id": null, "stage": "dense", "event": "start"}
{"ts": "2026-09-23T03:51:13.762249+00:00", "trace_id": null, "stage": "dense", "event": "finish", "duration_ms": 0.44, "candidates_out": 20}
{"ts": "2026-09-23T03:51:13.762314+00:00", "trace_id": null, "stage": "lexical", "event": "start"}
{"ts": "2026-09-23T03:51:13.762906+00:00", "trace_id": null, "stage": "lexical", "event": "finish", "duration_ms": 0.593, "candidates_out": 20}
{"ts": "2026-09-23T03:51:13.762962+00:00", "trace_id": null, "stage": "fuse", "event": "start", "candidates_in": 30}
{"ts": "2026-09-23T03:51:13.763067+00:00", "trace_id": null, "stage": "fuse", "event": "finish", "duration_ms": 0.105, "candidates_in": 30, "candidates_out": 24, "top_score": 0.03278688524590164}
{"ts": "2026-09-23T03:51:13.769954+00:00", "trace_id": null, "stage": "gate", "event": "start", "candidates_in": 5}
{"ts": "2026-09-23T03:51:13.770070+00:00", "trace_id": null, "stage": "gate", "event": "finish", "duration_ms": 0.117, "candidates_in": 5, "candidates_out": 5, "top_score": 0.0532258064516129}
{"ts": "2026-09-23T03:51:18.328246+00:00", "trace_id": null, "stage": "gate_form", "event": "start"}
{"ts": "2026-09-23T03:51:18.328357+00:00", "trace_id": null, "stage": "gate_form", "event": "finish", "duration_ms": 0.117}
{"ts": "2026-09-23T03:51:18.328390+00:00", "trace_id": null, "stage": "gate_literal", "event": "start"}
{"ts": "2026-09-23T03:51:18.328471+00:00", "trace_id": null, "stage": "gate_literal", "event": "finish", "duration_ms": 0.081}
{"ts": "2026-09-23T03:51:18.328494+00:00", "trace_id": null, "stage": "gate_entail", "event": "start", "skipped": true, "reason": "no_entailment_model"}
{"ts": "2026-09-23T03:51:18.328620+00:00", "trace_id": null, "stage": "gate_entail", "event": "finish", "duration_ms": 0.12, "degraded": true, "skipped": true, "reason": "no_entailment_model"}
{"ts": "2026-09-23T03:51:18.328724+00:00", "trace_id": null, "stage": "gate_coverage", "event": "start", "coverage": 1.0}
{"ts": "2026-09-23T03:51:18.328822+00:00", "trace_id": null, "stage": "gate_coverage", "event": "finish", "duration_ms": 0.098, "coverage": 1.0}
{"ts": "2026-09-23T03:51:18.328934+00:00", "trace_id": null, "stage": "gate_conflict", "event": "start"}
{"ts": "2026-09-23T03:51:18.329183+00:00", "trace_id": null, "stage": "gate_conflict", "event": "finish", "duration_ms": 0.25, "reason": "version_conflict"}
{"ts": "2026-09-23T03:51:18.329291+00:00", "trace_id": null, "stage": "embed_query", "event": "start", "model": "Qwen/Qwen3-Embedding-0.6B"}
{"ts": "2026-09-23T03:51:18.618238+00:00", "trace_id": null, "stage": "embed_query", "event": "finish", "duration_ms": 288.943, "model": "Qwen/Qwen3-Embedding-0.6B"}
{"ts": "2026-09-23T03:51:18.618329+00:00", "trace_id": null, "stage": "dense", "event": "start"}
{"ts": "2026-09-23T03:51:18.618835+00:00", "trace_id": null, "stage": "dense", "event": "finish", "duration_ms": 0.506, "candidates_out": 20}
{"ts": "2026-09-23T03:51:18.618879+00:00", "trace_id": null, "stage": "lexical", "event": "start"}
{"ts": "2026-09-23T03:51:18.619351+00:00", "trace_id": null, "stage": "lexical", "event": "finish", "duration_ms": 0.472, "candidates_out": 20}
{"ts": "2026-09-23T03:51:18.619390+00:00", "trace_id": null, "stage": "fuse", "event": "start", "candidates_in": 32}
{"ts": "2026-09-23T03:51:18.619455+00:00", "trace_id": null, "stage": "fuse", "event": "finish", "duration_ms": 0.064, "candidates_in": 32, "candidates_out": 21, "top_score": 0.03278688524590164}
{"ts": "2026-09-23T03:51:18.624036+00:00", "trace_id": null, "stage": "gate", "event": "start", "candidates_in": 5}
{"ts": "2026-09-23T03:51:18.624350+00:00", "trace_id": null, "stage": "gate", "event": "finish", "duration_ms": 0.313, "candidates_in": 5, "candidates_out": 6, "top_score": 0.13838709677419356}
{"ts": "2026-09-23T03:51:23.195097+00:00", "trace_id": null, "stage": "gate_form", "event": "start"}
{"ts": "2026-09-23T03:51:23.195192+00:00", "trace_id": null, "stage": "gate_form", "event": "finish", "duration_ms": 0.099}
{"ts": "2026-09-23T03:51:23.195236+00:00", "trace_id": null, "stage": "gate_literal", "event": "start"}
{"ts": "2026-09-23T03:51:23.195359+00:00", "trace_id": null, "stage": "gate_literal", "event": "finish", "duration_ms": 0.122}
{"ts": "2026-09-23T03:51:23.195416+00:00", "trace_id": null, "stage": "gate_entail", "event": "start", "skipped": true, "reason": "no_entailment_model"}
{"ts": "2026-09-23T03:51:23.195481+00:00", "trace_id": null, "stage": "gate_entail", "event": "finish", "duration_ms": 0.066, "degraded": true, "skipped": true, "reason": "no_entailment_model"}
{"ts": "2026-09-23T03:51:23.195516+00:00", "trace_id": null, "stage": "gate_coverage", "event": "start", "coverage": 1.0}
{"ts": "2026-09-23T03:51:23.195593+00:00", "trace_id": null, "stage": "gate_coverage", "event": "finish", "duration_ms": 0.076, "coverage": 1.0}
{"ts": "2026-09-23T03:51:23.195649+00:00", "trace_id": null, "stage": "gate_conflict", "event": "start"}
{"ts": "2026-09-23T03:51:23.195764+00:00", "trace_id": null, "stage": "gate_conflict", "event": "finish", "duration_ms": 0.115, "reason": "version_conflict"}
{"ts": "2026-09-23T03:51:23.195796+00:00", "trace_id": null, "stage": "embed_query", "event": "start", "model": "Qwen/Qwen3-Embedding-0.6B"}
{"ts": "2026-09-23T03:51:23.259155+00:00", "trace_id": null, "stage": "embed_query", "event": "finish", "duration_ms": 63.357, "model": "Qwen/Qwen3-Embedding-0.6B"}
{"ts": "2026-09-23T03:51:23.259214+00:00", "trace_id": null, "stage": "dense", "event": "start"}
{"ts": "2026-09-23T03:51:23.259579+00:00", "trace_id": null, "stage": "dense", "event": "finish", "duration_ms": 0.365, "candidates_out": 20}
{"ts": "2026-09-23T03:51:23.259632+00:00", "trace_id": null, "stage": "lexical", "event": "start"}
{"ts": "2026-09-23T03:51:23.259970+00:00", "trace_id": null, "stage": "lexical", "event": "finish", "duration_ms": 0.338, "candidates_out": 20}
{"ts": "2026-09-23T03:51:23.260016+00:00", "trace_id": null, "stage": "fuse", "event": "start", "candidates_in": 33}
{"ts": "2026-09-23T03:51:23.260090+00:00", "trace_id": null, "stage": "fuse", "event": "finish", "duration_ms": 0.073, "candidates_in": 33, "candidates_out": 22, "top_score": 0.03252247488101534}
{"ts": "2026-09-23T03:51:23.265510+00:00", "trace_id": null, "stage": "gate", "event": "start", "candidates_in": 5}
{"ts": "2026-09-23T03:51:23.265782+00:00", "trace_id": null, "stage": "gate", "event": "finish", "duration_ms": 0.271, "candidates_in": 5, "candidates_out": 6, "top_score": 0.1395214172395558}
{"ts": "2026-09-23T03:51:28.089932+00:00", "trace_id": null, "stage": "gate_form", "event": "start"}
{"ts": "2026-09-23T03:51:28.090074+00:00", "trace_id": null, "stage": "gate_form", "event": "finish", "duration_ms": 0.144}
{"ts": "2026-09-23T03:51:28.090159+00:00", "trace_id": null, "stage": "gate_literal", "event": "start"}
{"ts": "2026-09-23T03:51:28.090343+00:00", "trace_id": null, "stage": "gate_literal", "event": "finish", "duration_ms": 0.185}
{"ts": "2026-09-23T03:51:28.090434+00:00", "trace_id": null, "stage": "gate_entail", "event": "start", "skipped": true, "reason": "no_entailment_model"}
{"ts": "2026-09-23T03:51:28.090545+00:00", "trace_id": null, "stage": "gate_entail", "event": "finish", "duration_ms": 0.11, "degraded": true, "skipped": true, "reason": "no_entailment_model"}
{"ts": "2026-09-23T03:51:28.090641+00:00", "trace_id": null, "stage": "gate_coverage", "event": "start", "coverage": 1.0}
{"ts": "2026-09-23T03:51:28.090723+00:00", "trace_id": null, "stage": "gate_coverage", "event": "finish", "duration_ms": 0.083, "coverage": 1.0}
{"ts": "2026-09-23T03:51:28.090747+00:00", "trace_id": null, "stage": "gate_conflict", "event": "start"}
{"ts": "2026-09-23T03:51:28.090863+00:00", "trace_id": null, "stage": "gate_conflict", "event": "finish", "duration_ms": 0.115, "reason": "version_conflict"}
{"ts": "2026-09-23T03:51:28.090902+00:00", "trace_id": null, "stage": "embed_query", "event": "start", "model": "Qwen/Qwen3-Embedding-0.6B"}
{"ts": "2026-09-23T03:51:28.164657+00:00", "trace_id": null, "stage": "embed_query", "event": "finish", "duration_ms": 73.751, "model": "Qwen/Qwen3-Embedding-0.6B"}
{"ts": "2026-09-23T03:51:28.164756+00:00", "trace_id": null, "stage": "dense", "event": "start"}
{"ts": "2026-09-23T03:51:28.164975+00:00", "trace_id": null, "stage": "dense", "event": "finish", "duration_ms": 0.219, "candidates_out": 20}
{"ts": "2026-09-23T03:51:28.165015+00:00", "trace_id": null, "stage": "lexical", "event": "start"}
{"ts": "2026-09-23T03:51:28.165330+00:00", "trace_id": null, "stage": "lexical", "event": "finish", "duration_ms": 0.314, "candidates_out": 20}
{"ts": "2026-09-23T03:51:28.165384+00:00", "trace_id": null, "stage": "fuse", "event": "start", "candidates_in": 32}
{"ts": "2026-09-23T03:51:28.165462+00:00", "trace_id": null, "stage": "fuse", "event": "finish", "duration_ms": 0.077, "candidates_in": 32, "candidates_out": 22, "top_score": 0.030886196246139225}
{"ts": "2026-09-23T03:51:28.169182+00:00", "trace_id": null, "stage": "gate", "event": "start", "candidates_in": 5}
{"ts": "2026-09-23T03:51:28.169539+00:00", "trace_id": null, "stage": "gate", "event": "finish", "duration_ms": 0.357, "candidates_in": 5, "candidates_out": 7, "top_score": 0.052571428571428575}
{"ts": "2026-09-23T03:51:30.252991+00:00", "trace_id": null, "stage": "gate_form", "event": "start"}
{"ts": "2026-09-23T03:51:30.253132+00:00", "trace_id": null, "stage": "gate_form", "event": "finish", "duration_ms": 0.145}
{"ts": "2026-09-23T03:51:30.253186+00:00", "trace_id": null, "stage": "gate_literal", "event": "start"}
{"ts": "2026-09-23T03:51:30.253261+00:00", "trace_id": null, "stage": "gate_literal", "event": "finish", "duration_ms": 0.076}
{"ts": "2026-09-23T03:51:30.253283+00:00", "trace_id": null, "stage": "gate_entail", "event": "start", "skipped": true, "reason": "no_entailment_model"}
{"ts": "2026-09-23T03:51:30.253337+00:00", "trace_id": null, "stage": "gate_entail", "event": "finish", "duration_ms": 0.052, "degraded": true, "skipped": true, "reason": "no_entailment_model"}
{"ts": "2026-09-23T03:51:30.253410+00:00", "trace_id": null, "stage": "gate_coverage", "event": "start", "coverage": 1.0}
{"ts": "2026-09-23T03:51:30.253475+00:00", "trace_id": null, "stage": "gate_coverage", "event": "finish", "duration_ms": 0.067, "coverage": 1.0}
{"ts": "2026-09-23T03:51:30.253514+00:00", "trace_id": null, "stage": "gate_conflict", "event": "start"}
{"ts": "2026-09-23T03:51:30.253575+00:00", "trace_id": null, "stage": "gate_conflict", "event": "finish", "duration_ms": 0.061, "reason": "version_conflict"}
{"ts": "2026-09-23T03:51:30.253610+00:00", "trace_id": null, "stage": "embed_query", "event": "start", "model": "Qwen/Qwen3-Embedding-0.6B"}
{"ts": "2026-09-23T03:51:30.306680+00:00", "trace_id": null, "stage": "embed_query", "event": "finish", "duration_ms": 53.065, "model": "Qwen/Qwen3-Embedding-0.6B"}
{"ts": "2026-09-23T03:51:30.306770+00:00", "trace_id": null, "stage": "dense", "event": "start"}
{"ts": "2026-09-23T03:51:30.307008+00:00", "trace_id": null, "stage": "dense", "event": "finish", "duration_ms": 0.239, "candidates_out": 20}
{"ts": "2026-09-23T03:51:30.307037+00:00", "trace_id": null, "stage": "lexical", "event": "start"}
{"ts": "2026-09-23T03:51:30.307345+00:00", "trace_id": null, "stage": "lexical", "event": "finish", "duration_ms": 0.308, "candidates_out": 20}
{"ts": "2026-09-23T03:51:30.307388+00:00", "trace_id": null, "stage": "fuse", "event": "start", "candidates_in": 33}
{"ts": "2026-09-23T03:51:30.307464+00:00", "trace_id": null, "stage": "fuse", "event": "finish", "duration_ms": 0.076, "candidates_in": 33, "candidates_out": 24, "top_score": 0.03278688524590164}
{"ts": "2026-09-23T03:51:30.314410+00:00", "trace_id": null, "stage": "gate", "event": "start", "candidates_in": 5}
{"ts": "2026-09-23T03:51:30.314520+00:00", "trace_id": null, "stage": "gate", "event": "finish", "duration_ms": 0.115, "candidates_in": 5, "candidates_out": 5, "top_score": 0.14065573770491804}
{"ts": "2026-09-23T03:51:33.314580+00:00", "trace_id": null, "stage": "gate_form", "event": "start"}
{"ts": "2026-09-23T03:51:33.314717+00:00", "trace_id": null, "stage": "gate_form", "event": "finish", "duration_ms": 0.141}
{"ts": "2026-09-23T03:51:33.314772+00:00", "trace_id": null, "stage": "gate_literal", "event": "start"}
{"ts": "2026-09-23T03:51:33.317787+00:00", "trace_id": null, "stage": "gate_literal", "event": "finish", "duration_ms": 3.014}
{"ts": "2026-09-23T03:51:33.317911+00:00", "trace_id": null, "stage": "gate_entail", "event": "start", "skipped": true, "reason": "no_entailment_model"}
{"ts": "2026-09-23T03:51:33.318032+00:00", "trace_id": null, "stage": "gate_entail", "event": "finish", "duration_ms": 0.124, "degraded": true, "skipped": true, "reason": "no_entailment_model"}
{"ts": "2026-09-23T03:51:33.318108+00:00", "trace_id": null, "stage": "gate_coverage", "event": "start", "coverage": 1.0}
{"ts": "2026-09-23T03:51:33.318218+00:00", "trace_id": null, "stage": "gate_coverage", "event": "finish", "duration_ms": 0.11, "coverage": 1.0}
{"ts": "2026-09-23T03:51:33.318294+00:00", "trace_id": null, "stage": "gate_conflict", "event": "start"}
{"ts": "2026-09-23T03:51:33.318412+00:00", "trace_id": null, "stage": "gate_conflict", "event": "finish", "duration_ms": 0.118, "skipped": true, "reason": "no_conflict"}
... 120/122 abstain=23
{"ts": "2026-09-23T03:51:33.318478+00:00", "trace_id": null, "stage": "embed_query", "event": "start", "model": "Qwen/Qwen3-Embedding-0.6B"}
{"ts": "2026-09-23T03:51:33.408333+00:00", "trace_id": null, "stage": "embed_query", "event": "finish", "duration_ms": 89.852, "model": "Qwen/Qwen3-Embedding-0.6B"}
{"ts": "2026-09-23T03:51:33.408459+00:00", "trace_id": null, "stage": "dense", "event": "start"}
{"ts": "2026-09-23T03:51:33.408742+00:00", "trace_id": null, "stage": "dense", "event": "finish", "duration_ms": 0.283, "candidates_out": 20}
{"ts": "2026-09-23T03:51:33.408810+00:00", "trace_id": null, "stage": "lexical", "event": "start"}
{"ts": "2026-09-23T03:51:33.409202+00:00", "trace_id": null, "stage": "lexical", "event": "finish", "duration_ms": 0.391, "candidates_out": 20}
{"ts": "2026-09-23T03:51:33.409255+00:00", "trace_id": null, "stage": "fuse", "event": "start", "candidates_in": 31}
{"ts": "2026-09-23T03:51:33.409322+00:00", "trace_id": null, "stage": "fuse", "event": "finish", "duration_ms": 0.067, "candidates_in": 31, "candidates_out": 19, "top_score": 0.03278688524590164}
{"ts": "2026-09-23T03:51:33.416148+00:00", "trace_id": null, "stage": "gate", "event": "start", "candidates_in": 5}
{"ts": "2026-09-23T03:51:33.416255+00:00", "trace_id": null, "stage": "gate", "event": "finish", "duration_ms": 0.108, "candidates_in": 5, "candidates_out": 5, "top_score": 0.052941176470588235}
{"ts": "2026-09-23T03:51:36.270818+00:00", "trace_id": null, "stage": "gate_form", "event": "start"}
{"ts": "2026-09-23T03:51:36.270958+00:00", "trace_id": null, "stage": "gate_form", "event": "finish", "duration_ms": 0.143}
{"ts": "2026-09-23T03:51:36.271026+00:00", "trace_id": null, "stage": "gate_literal", "event": "start"}
{"ts": "2026-09-23T03:51:36.271144+00:00", "trace_id": null, "stage": "gate_literal", "event": "finish", "duration_ms": 0.119}
{"ts": "2026-09-23T03:51:36.271199+00:00", "trace_id": null, "stage": "gate_entail", "event": "start", "skipped": true, "reason": "no_entailment_model"}
{"ts": "2026-09-23T03:51:36.271262+00:00", "trace_id": null, "stage": "gate_entail", "event": "finish", "duration_ms": 0.064, "degraded": true, "skipped": true, "reason": "no_entailment_model"}
{"ts": "2026-09-23T03:51:36.271287+00:00", "trace_id": null, "stage": "gate_coverage", "event": "start", "coverage": 1.0}
{"ts": "2026-09-23T03:51:36.271356+00:00", "trace_id": null, "stage": "gate_coverage", "event": "finish", "duration_ms": 0.068, "coverage": 1.0}
{"ts": "2026-09-23T03:51:36.271394+00:00", "trace_id": null, "stage": "gate_conflict", "event": "start"}
{"ts": "2026-09-23T03:51:36.271456+00:00", "trace_id": null, "stage": "gate_conflict", "event": "finish", "duration_ms": 0.063, "skipped": true, "reason": "no_conflict"}
{"ts": "2026-09-23T03:51:36.271485+00:00", "trace_id": null, "stage": "embed_query", "event": "start", "model": "Qwen/Qwen3-Embedding-0.6B"}
{"ts": "2026-09-23T03:51:36.356334+00:00", "trace_id": null, "stage": "embed_query", "event": "finish", "duration_ms": 84.839, "model": "Qwen/Qwen3-Embedding-0.6B"}
{"ts": "2026-09-23T03:51:36.356477+00:00", "trace_id": null, "stage": "dense", "event": "start"}
{"ts": "2026-09-23T03:51:36.360193+00:00", "trace_id": null, "stage": "dense", "event": "finish", "duration_ms": 3.71, "candidates_out": 20}
{"ts": "2026-09-23T03:51:36.360343+00:00", "trace_id": null, "stage": "lexical", "event": "start"}
{"ts": "2026-09-23T03:51:36.362032+00:00", "trace_id": null, "stage": "lexical", "event": "finish", "duration_ms": 1.682, "candidates_out": 20}
{"ts": "2026-09-23T03:51:36.362365+00:00", "trace_id": null, "stage": "fuse", "event": "start", "candidates_in": 32}
{"ts": "2026-09-23T03:51:36.362769+00:00", "trace_id": null, "stage": "fuse", "event": "finish", "duration_ms": 0.401, "candidates_in": 32, "candidates_out": 19, "top_score": 0.03278688524590164}
{"ts": "2026-09-23T03:51:36.372011+00:00", "trace_id": null, "stage": "gate", "event": "start", "candidates_in": 5}
{"ts": "2026-09-23T03:51:36.372258+00:00", "trace_id": null, "stage": "gate", "event": "finish", "duration_ms": 0.252, "candidates_in": 5, "candidates_out": 5, "top_score": 0.05239415322580645}
{"ts": "2026-09-23T03:51:42.026922+00:00", "trace_id": null, "stage": "gate_form", "event": "start"}
{"ts": "2026-09-23T03:51:42.027061+00:00", "trace_id": null, "stage": "gate_form", "event": "finish", "duration_ms": 0.145}
{"ts": "2026-09-23T03:51:42.027133+00:00", "trace_id": null, "stage": "gate_literal", "event": "start"}
{"ts": "2026-09-23T03:51:42.027291+00:00", "trace_id": null, "stage": "gate_literal", "event": "finish", "duration_ms": 0.159}
{"ts": "2026-09-23T03:51:42.027344+00:00", "trace_id": null, "stage": "gate_entail", "event": "start", "skipped": true, "reason": "no_entailment_model"}
{"ts": "2026-09-23T03:51:42.027392+00:00", "trace_id": null, "stage": "gate_entail", "event": "finish", "duration_ms": 0.05, "degraded": true, "skipped": true, "reason": "no_entailment_model"}
{"ts": "2026-09-23T03:51:42.027409+00:00", "trace_id": null, "stage": "gate_coverage", "event": "start", "coverage": 1.0}
{"ts": "2026-09-23T03:51:42.027475+00:00", "trace_id": null, "stage": "gate_coverage", "event": "finish", "duration_ms": 0.067, "coverage": 1.0}
{"ts": "2026-09-23T03:51:42.027522+00:00", "trace_id": null, "stage": "gate_conflict", "event": "start"}
{"ts": "2026-09-23T03:51:42.027563+00:00", "trace_id": null, "stage": "gate_conflict", "event": "finish", "duration_ms": 0.041, "skipped": true, "reason": "no_conflict"}
ABSTAIN_RATE 23/122 = 0.189
REASONS {'': 0, 'missing_citation': 14, 'version_conflict': 0, 'declined': 8, 'unsupported_figure': 1}
