Loading weights:   0%|          | 0/310 [00:00<?, ?it/s]Loading weights: 100%|██████████| 310/310 [00:00<00:00, 9095.15it/s]
{"ts": "2026-09-23T03:47:54.976106+00:00", "trace_id": null, "stage": "embed_query", "event": "start", "model": "Qwen/Qwen3-Embedding-0.6B"}
{"ts": "2026-09-23T03:47:55.033125+00:00", "trace_id": null, "stage": "embed_query", "event": "finish", "duration_ms": 56.998, "model": "Qwen/Qwen3-Embedding-0.6B"}
{"ts": "2026-09-23T03:47:55.033207+00:00", "trace_id": null, "stage": "dense", "event": "start"}
{"ts": "2026-09-23T03:47:55.033675+00:00", "trace_id": null, "stage": "dense", "event": "finish", "duration_ms": 0.467, "candidates_out": 20}
{"ts": "2026-09-23T03:47:55.033702+00:00", "trace_id": null, "stage": "lexical", "event": "start"}
{"ts": "2026-09-23T03:47:55.035068+00:00", "trace_id": null, "stage": "lexical", "event": "finish", "duration_ms": 1.365, "candidates_out": 20}
{"ts": "2026-09-23T03:47:55.035112+00:00", "trace_id": null, "stage": "fuse", "event": "start", "candidates_in": 33}
{"ts": "2026-09-23T03:47:55.035222+00:00", "trace_id": null, "stage": "fuse", "event": "finish", "duration_ms": 0.108, "candidates_in": 33, "candidates_out": 22, "top_score": 0.03278688524590164}
{"ts": "2026-09-23T03:47:55.039768+00:00", "trace_id": null, "stage": "gate", "event": "start", "candidates_in": 5}
{"ts": "2026-09-23T03:47:55.039845+00:00", "trace_id": null, "stage": "gate", "event": "finish", "duration_ms": 0.079, "candidates_in": 5, "candidates_out": 5, "top_score": 0.3727377049180329}
{"ts": "2026-09-23T03:47:55.039884+00:00", "trace_id": null, "stage": "embed_query", "event": "start", "model": "Qwen/Qwen3-Embedding-0.6B"}
{"ts": "2026-09-23T03:47:55.440907+00:00", "trace_id": null, "stage": "embed_query", "event": "stage_slow", "duration_ms": 401.015, "model": "Qwen/Qwen3-Embedding-0.6B", "soft_budget_ms": 400.0}
{"ts": "2026-09-23T03:47:55.583353+00:00", "trace_id": null, "stage": "embed_query", "event": "finish", "duration_ms": 543.462, "model": "Qwen/Qwen3-Embedding-0.6B"}
{"ts": "2026-09-23T03:47:55.583423+00:00", "trace_id": null, "stage": "dense", "event": "start"}
{"ts": "2026-09-23T03:47:55.583713+00:00", "trace_id": null, "stage": "dense", "event": "finish", "duration_ms": 0.289, "candidates_out": 20}
{"ts": "2026-09-23T03:47:55.583747+00:00", "trace_id": null, "stage": "lexical", "event": "start"}
{"ts": "2026-09-23T03:47:55.584254+00:00", "trace_id": null, "stage": "lexical", "event": "finish", "duration_ms": 0.506, "candidates_out": 20}
{"ts": "2026-09-23T03:47:55.584284+00:00", "trace_id": null, "stage": "fuse", "event": "start", "candidates_in": 33}
{"ts": "2026-09-23T03:47:55.584344+00:00", "trace_id": null, "stage": "fuse", "event": "finish", "duration_ms": 0.06, "candidates_in": 33, "candidates_out": 19, "top_score": 0.03278688524590164}
{"ts": "2026-09-23T03:47:55.587108+00:00", "trace_id": null, "stage": "gate", "event": "start", "candidates_in": 5}
{"ts": "2026-09-23T03:47:55.587165+00:00", "trace_id": null, "stage": "gate", "event": "finish", "duration_ms": 0.057, "candidates_in": 5, "candidates_out": 5, "top_score": 0.0488219246031746}
{"ts": "2026-09-23T03:47:55.587190+00:00", "trace_id": null, "stage": "embed_query", "event": "start", "model": "Qwen/Qwen3-Embedding-0.6B"}
{"ts": "2026-09-23T03:47:55.728561+00:00", "trace_id": null, "stage": "embed_query", "event": "finish", "duration_ms": 141.366, "model": "Qwen/Qwen3-Embedding-0.6B"}
{"ts": "2026-09-23T03:47:55.728631+00:00", "trace_id": null, "stage": "dense", "event": "start"}
{"ts": "2026-09-23T03:47:55.728867+00:00", "trace_id": null, "stage": "dense", "event": "finish", "duration_ms": 0.235, "candidates_out": 20}
{"ts": "2026-09-23T03:47:55.728897+00:00", "trace_id": null, "stage": "lexical", "event": "start"}
{"ts": "2026-09-23T03:47:55.729160+00:00", "trace_id": null, "stage": "lexical", "event": "finish", "duration_ms": 0.263, "candidates_out": 20}
{"ts": "2026-09-23T03:47:55.729187+00:00", "trace_id": null, "stage": "fuse", "event": "start", "candidates_in": 31}
{"ts": "2026-09-23T03:47:55.729242+00:00", "trace_id": null, "stage": "fuse", "event": "finish", "duration_ms": 0.054, "candidates_in": 31, "candidates_out": 19, "top_score": 0.03278688524590164}
{"ts": "2026-09-23T03:47:55.733349+00:00", "trace_id": null, "stage": "gate", "event": "start", "candidates_in": 5}
{"ts": "2026-09-23T03:47:55.733409+00:00", "trace_id": null, "stage": "gate", "event": "finish", "duration_ms": 0.061, "candidates_in": 5, "candidates_out": 5, "top_score": 0.06614583333333333}
{"ts": "2026-09-23T03:47:55.733438+00:00", "trace_id": null, "stage": "embed_query", "event": "start", "model": "Qwen/Qwen3-Embedding-0.6B"}
{"ts": "2026-09-23T03:47:55.873832+00:00", "trace_id": null, "stage": "embed_query", "event": "finish", "duration_ms": 140.39, "model": "Qwen/Qwen3-Embedding-0.6B"}
{"ts": "2026-09-23T03:47:55.873884+00:00", "trace_id": null, "stage": "dense", "event": "start"}
{"ts": "2026-09-23T03:47:55.874131+00:00", "trace_id": null, "stage": "dense", "event": "finish", "duration_ms": 0.245, "candidates_out": 20}
{"ts": "2026-09-23T03:47:55.874164+00:00", "trace_id": null, "stage": "lexical", "event": "start"}
{"ts": "2026-09-23T03:47:55.874447+00:00", "trace_id": null, "stage": "lexical", "event": "finish", "duration_ms": 0.282, "candidates_out": 20}
{"ts": "2026-09-23T03:47:55.874487+00:00", "trace_id": null, "stage": "fuse", "event": "start", "candidates_in": 33}
{"ts": "2026-09-23T03:47:55.874569+00:00", "trace_id": null, "stage": "fuse", "event": "finish", "duration_ms": 0.081, "candidates_in": 33, "candidates_out": 20, "top_score": 0.03252247488101534}
{"ts": "2026-09-23T03:47:55.881151+00:00", "trace_id": null, "stage": "gate", "event": "start", "candidates_in": 5}
{"ts": "2026-09-23T03:47:55.881212+00:00", "trace_id": null, "stage": "gate", "event": "finish", "duration_ms": 0.061, "candidates_in": 5, "candidates_out": 5, "top_score": 0.03252247488101534}
{"ts": "2026-09-23T03:47:55.881238+00:00", "trace_id": null, "stage": "embed_query", "event": "start", "model": "Qwen/Qwen3-Embedding-0.6B"}
{"ts": "2026-09-23T03:47:56.025436+00:00", "trace_id": null, "stage": "embed_query", "event": "finish", "duration_ms": 144.194, "model": "Qwen/Qwen3-Embedding-0.6B"}
{"ts": "2026-09-23T03:47:56.025490+00:00", "trace_id": null, "stage": "dense", "event": "start"}
{"ts": "2026-09-23T03:47:56.025698+00:00", "trace_id": null, "stage": "dense", "event": "finish", "duration_ms": 0.208, "candidates_out": 20}
{"ts": "2026-09-23T03:47:56.025719+00:00", "trace_id": null, "stage": "lexical", "event": "start"}
{"ts": "2026-09-23T03:47:56.025980+00:00", "trace_id": null, "stage": "lexical", "event": "finish", "duration_ms": 0.261, "candidates_out": 20}
{"ts": "2026-09-23T03:47:56.026018+00:00", "trace_id": null, "stage": "fuse", "event": "start", "candidates_in": 33}
{"ts": "2026-09-23T03:47:56.026099+00:00", "trace_id": null, "stage": "fuse", "event": "finish", "duration_ms": 0.081, "candidates_in": 33, "candidates_out": 20, "top_score": 0.03278688524590164}
{"ts": "2026-09-23T03:47:56.029887+00:00", "trace_id": null, "stage": "gate", "event": "start", "candidates_in": 5}
{"ts": "2026-09-23T03:47:56.029949+00:00", "trace_id": null, "stage": "gate", "event": "finish", "duration_ms": 0.062, "candidates_in": 5, "candidates_out": 5, "top_score": 0.03278688524590164}
{"ts": "2026-09-23T03:47:56.029988+00:00", "trace_id": null, "stage": "embed_query", "event": "start", "model": "Qwen/Qwen3-Embedding-0.6B"}
{"ts": "2026-09-23T03:47:56.167519+00:00", "trace_id": null, "stage": "embed_query", "event": "finish", "duration_ms": 137.528, "model": "Qwen/Qwen3-Embedding-0.6B"}
{"ts": "2026-09-23T03:47:56.167571+00:00", "trace_id": null, "stage": "dense", "event": "start"}
{"ts": "2026-09-23T03:47:56.167773+00:00", "trace_id": null, "stage": "dense", "event": "finish", "duration_ms": 0.201, "candidates_out": 20}
{"ts": "2026-09-23T03:47:56.167793+00:00", "trace_id": null, "stage": "lexical", "event": "start"}
{"ts": "2026-09-23T03:47:56.168067+00:00", "trace_id": null, "stage": "lexical", "event": "finish", "duration_ms": 0.272, "candidates_out": 20}
{"ts": "2026-09-23T03:47:56.168108+00:00", "trace_id": null, "stage": "fuse", "event": "start", "candidates_in": 31}
{"ts": "2026-09-23T03:47:56.168192+00:00", "trace_id": null, "stage": "fuse", "event": "finish", "duration_ms": 0.083, "candidates_in": 31, "candidates_out": 18, "top_score": 0.03252247488101534}
{"ts": "2026-09-23T03:47:56.171610+00:00", "trace_id": null, "stage": "gate", "event": "start", "candidates_in": 5}
{"ts": "2026-09-23T03:47:56.171670+00:00", "trace_id": null, "stage": "gate", "event": "finish", "duration_ms": 0.06, "candidates_in": 5, "candidates_out": 5, "top_score": 0.03252247488101534}
{"ts": "2026-09-23T03:47:56.171699+00:00", "trace_id": null, "stage": "embed_query", "event": "start", "model": "Qwen/Qwen3-Embedding-0.6B"}
{"ts": "2026-09-23T03:47:56.323712+00:00", "trace_id": null, "stage": "embed_query", "event": "finish", "duration_ms": 152.008, "model": "Qwen/Qwen3-Embedding-0.6B"}
{"ts": "2026-09-23T03:47:56.323761+00:00", "trace_id": null, "stage": "dense", "event": "start"}
{"ts": "2026-09-23T03:47:56.323978+00:00", "trace_id": null, "stage": "dense", "event": "finish", "duration_ms": 0.217, "candidates_out": 20}
{"ts": "2026-09-23T03:47:56.324006+00:00", "trace_id": null, "stage": "lexical", "event": "start"}
{"ts": "2026-09-23T03:47:56.324267+00:00", "trace_id": null, "stage": "lexical", "event": "finish", "duration_ms": 0.261, "candidates_out": 20}
{"ts": "2026-09-23T03:47:56.324295+00:00", "trace_id": null, "stage": "fuse", "event": "start", "candidates_in": 31}
{"ts": "2026-09-23T03:47:56.324354+00:00", "trace_id": null, "stage": "fuse", "event": "finish", "duration_ms": 0.058, "candidates_in": 31, "candidates_out": 19, "top_score": 0.03278688524590164}
{"ts": "2026-09-23T03:47:56.327860+00:00", "trace_id": null, "stage": "gate", "event": "start", "candidates_in": 5}
{"ts": "2026-09-23T03:47:56.327922+00:00", "trace_id": null, "stage": "gate", "event": "finish", "duration_ms": 0.062, "candidates_in": 5, "candidates_out": 5, "top_score": 0.05901639344262295}
{"ts": "2026-09-23T03:47:56.327960+00:00", "trace_id": null, "stage": "embed_query", "event": "start", "model": "Qwen/Qwen3-Embedding-0.6B"}
{"ts": "2026-09-23T03:47:56.478441+00:00", "trace_id": null, "stage": "embed_query", "event": "finish", "duration_ms": 150.477, "model": "Qwen/Qwen3-Embedding-0.6B"}
{"ts": "2026-09-23T03:47:56.478494+00:00", "trace_id": null, "stage": "dense", "event": "start"}
{"ts": "2026-09-23T03:47:56.478719+00:00", "trace_id": null, "stage": "dense", "event": "finish", "duration_ms": 0.223, "candidates_out": 20}
{"ts": "2026-09-23T03:47:56.478747+00:00", "trace_id": null, "stage": "lexical", "event": "start"}
{"ts": "2026-09-23T03:47:56.478994+00:00", "trace_id": null, "stage": "lexical", "event": "finish", "duration_ms": 0.247, "candidates_out": 20}
{"ts": "2026-09-23T03:47:56.479021+00:00", "trace_id": null, "stage": "fuse", "event": "start", "candidates_in": 32}
{"ts": "2026-09-23T03:47:56.479083+00:00", "trace_id": null, "stage": "fuse", "event": "finish", "duration_ms": 0.061, "candidates_in": 32, "candidates_out": 21, "top_score": 0.03278688524590164}
{"ts": "2026-09-23T03:47:56.483030+00:00", "trace_id": null, "stage": "gate", "event": "start", "candidates_in": 5}
{"ts": "2026-09-23T03:47:56.483104+00:00", "trace_id": null, "stage": "gate", "event": "finish", "duration_ms": 0.075, "candidates_in": 5, "candidates_out": 5, "top_score": 0.05901639344262295}
{"ts": "2026-09-23T03:47:56.483141+00:00", "trace_id": null, "stage": "embed_query", "event": "start", "model": "Qwen/Qwen3-Embedding-0.6B"}
{"ts": "2026-09-23T03:47:56.608424+00:00", "trace_id": null, "stage": "embed_query", "event": "finish", "duration_ms": 125.279, "model": "Qwen/Qwen3-Embedding-0.6B"}
{"ts": "2026-09-23T03:47:56.608486+00:00", "trace_id": null, "stage": "dense", "event": "start"}
{"ts": "2026-09-23T03:47:56.608776+00:00", "trace_id": null, "stage": "dense", "event": "finish", "duration_ms": 0.29, "candidates_out": 20}
{"ts": "2026-09-23T03:47:56.608800+00:00", "trace_id": null, "stage": "lexical", "event": "start"}
{"ts": "2026-09-23T03:47:56.609107+00:00", "trace_id": null, "stage": "lexical", "event": "finish", "duration_ms": 0.306, "candidates_out": 20}
{"ts": "2026-09-23T03:47:56.609133+00:00", "trace_id": null, "stage": "fuse", "event": "start", "candidates_in": 30}
{"ts": "2026-09-23T03:47:56.609288+00:00", "trace_id": null, "stage": "fuse", "event": "finish", "duration_ms": 0.15, "candidates_in": 30, "candidates_out": 19, "top_score": 0.03252247488101534}
{"ts": "2026-09-23T03:47:56.613433+00:00", "trace_id": null, "stage": "gate", "event": "start", "candidates_in": 5}
{"ts": "2026-09-23T03:47:56.613602+00:00", "trace_id": null, "stage": "gate", "event": "finish", "duration_ms": 0.171, "candidates_in": 5, "candidates_out": 5, "top_score": 0.047692307692307694}
{"ts": "2026-09-23T03:47:56.613660+00:00", "trace_id": null, "stage": "embed_query", "event": "start", "model": "Qwen/Qwen3-Embedding-0.6B"}
{"ts": "2026-09-23T03:47:56.667836+00:00", "trace_id": null, "stage": "embed_query", "event": "finish", "duration_ms": 54.171, "model": "Qwen/Qwen3-Embedding-0.6B"}
{"ts": "2026-09-23T03:47:56.667903+00:00", "trace_id": null, "stage": "dense", "event": "start"}
{"ts": "2026-09-23T03:47:56.668156+00:00", "trace_id": null, "stage": "dense", "event": "finish", "duration_ms": 0.253, "candidates_out": 20}
{"ts": "2026-09-23T03:47:56.668185+00:00", "trace_id": null, "stage": "lexical", "event": "start"}
{"ts": "2026-09-23T03:47:56.668468+00:00", "trace_id": null, "stage": "lexical", "event": "finish", "duration_ms": 0.282, "candidates_out": 20}
{"ts": "2026-09-23T03:47:56.668498+00:00", "trace_id": null, "stage": "fuse", "event": "start", "candidates_in": 30}
{"ts": "2026-09-23T03:47:56.668584+00:00", "trace_id": null, "stage": "fuse", "event": "finish", "duration_ms": 0.086, "candidates_in": 30, "candidates_out": 17, "top_score": 0.03252247488101534}
{"ts": "2026-09-23T03:47:56.672147+00:00", "trace_id": null, "stage": "gate", "event": "start", "candidates_in": 5}
{"ts": "2026-09-23T03:47:56.672219+00:00", "trace_id": null, "stage": "gate", "event": "finish", "duration_ms": 0.073, "candidates_in": 5, "candidates_out": 5, "top_score": 0.05854045478582761}
{"ts": "2026-09-23T03:47:56.672251+00:00", "trace_id": null, "stage": "embed_query", "event": "start", "model": "Qwen/Qwen3-Embedding-0.6B"}
{"ts": "2026-09-23T03:47:56.727878+00:00", "trace_id": null, "stage": "embed_query", "event": "finish", "duration_ms": 55.622, "model": "Qwen/Qwen3-Embedding-0.6B"}
{"ts": "2026-09-23T03:47:56.727953+00:00", "trace_id": null, "stage": "dense", "event": "start"}
{"ts": "2026-09-23T03:47:56.728368+00:00", "trace_id": null, "stage": "dense", "event": "finish", "duration_ms": 0.416, "candidates_out": 20}
{"ts": "2026-09-23T03:47:56.728398+00:00", "trace_id": null, "stage": "lexical", "event": "start"}
{"ts": "2026-09-23T03:47:56.728943+00:00", "trace_id": null, "stage": "lexical", "event": "finish", "duration_ms": 0.543, "candidates_out": 20}
{"ts": "2026-09-23T03:47:56.729008+00:00", "trace_id": null, "stage": "fuse", "event": "start", "candidates_in": 30}
{"ts": "2026-09-23T03:47:56.729139+00:00", "trace_id": null, "stage": "fuse", "event": "finish", "duration_ms": 0.131, "candidates_in": 30, "candidates_out": 19, "top_score": 0.03252247488101534}
{"ts": "2026-09-23T03:47:56.735249+00:00", "trace_id": null, "stage": "gate", "event": "start", "candidates_in": 5}
{"ts": "2026-09-23T03:47:56.735346+00:00", "trace_id": null, "stage": "gate", "event": "finish", "duration_ms": 0.1, "candidates_in": 5, "candidates_out": 5, "top_score": 0.03252247488101534}
{"ts": "2026-09-23T03:47:56.735396+00:00", "trace_id": null, "stage": "embed_query", "event": "start", "model": "Qwen/Qwen3-Embedding-0.6B"}
{"ts": "2026-09-23T03:47:56.791417+00:00", "trace_id": null, "stage": "embed_query", "event": "finish", "duration_ms": 56.016, "model": "Qwen/Qwen3-Embedding-0.6B"}
{"ts": "2026-09-23T03:47:56.791493+00:00", "trace_id": null, "stage": "dense", "event": "start"}
{"ts": "2026-09-23T03:47:56.791802+00:00", "trace_id": null, "stage": "dense", "event": "finish", "duration_ms": 0.308, "candidates_out": 20}
{"ts": "2026-09-23T03:47:56.791829+00:00", "trace_id": null, "stage": "lexical", "event": "start"}
{"ts": "2026-09-23T03:47:56.792206+00:00", "trace_id": null, "stage": "lexical", "event": "finish", "duration_ms": 0.376, "candidates_out": 20}
{"ts": "2026-09-23T03:47:56.792240+00:00", "trace_id": null, "stage": "fuse", "event": "start", "candidates_in": 31}
{"ts": "2026-09-23T03:47:56.792320+00:00", "trace_id": null, "stage": "fuse", "event": "finish", "duration_ms": 0.08, "candidates_in": 31, "candidates_out": 21, "top_score": 0.03252247488101534}
{"ts": "2026-09-23T03:47:56.797318+00:00", "trace_id": null, "stage": "gate", "event": "start", "candidates_in": 5}
{"ts": "2026-09-23T03:47:56.797412+00:00", "trace_id": null, "stage": "gate", "event": "finish", "duration_ms": 0.095, "candidates_in": 5, "candidates_out": 5, "top_score": 0.03252247488101534}
{"ts": "2026-09-23T03:47:56.797452+00:00", "trace_id": null, "stage": "embed_query", "event": "start", "model": "Qwen/Qwen3-Embedding-0.6B"}
{"ts": "2026-09-23T03:47:56.836886+00:00", "trace_id": null, "stage": "embed_query", "event": "finish", "duration_ms": 39.433, "model": "Qwen/Qwen3-Embedding-0.6B"}
{"ts": "2026-09-23T03:47:56.836928+00:00", "trace_id": null, "stage": "dense", "event": "start"}
{"ts": "2026-09-23T03:47:56.837160+00:00", "trace_id": null, "stage": "dense", "event": "finish", "duration_ms": 0.231, "candidates_out": 20}
{"ts": "2026-09-23T03:47:56.837185+00:00", "trace_id": null, "stage": "lexical", "event": "start"}
{"ts": "2026-09-23T03:47:56.837462+00:00", "trace_id": null, "stage": "lexical", "event": "finish", "duration_ms": 0.277, "candidates_out": 20}
{"ts": "2026-09-23T03:47:56.837490+00:00", "trace_id": null, "stage": "fuse", "event": "start", "candidates_in": 31}
{"ts": "2026-09-23T03:47:56.837569+00:00", "trace_id": null, "stage": "fuse", "event": "finish", "duration_ms": 0.078, "candidates_in": 31, "candidates_out": 20, "top_score": 0.032266458495966696}
{"ts": "2026-09-23T03:47:56.841782+00:00", "trace_id": null, "stage": "gate", "event": "start", "candidates_in": 5}
{"ts": "2026-09-23T03:47:56.841859+00:00", "trace_id": null, "stage": "gate", "event": "finish", "duration_ms": 0.079, "candidates_in": 5, "candidates_out": 5, "top_score": 0.032266458495966696}
{"ts": "2026-09-23T03:47:56.841888+00:00", "trace_id": null, "stage": "embed_query", "event": "start", "model": "Qwen/Qwen3-Embedding-0.6B"}
{"ts": "2026-09-23T03:47:56.881583+00:00", "trace_id": null, "stage": "embed_query", "event": "finish", "duration_ms": 39.694, "model": "Qwen/Qwen3-Embedding-0.6B"}
{"ts": "2026-09-23T03:47:56.881621+00:00", "trace_id": null, "stage": "dense", "event": "start"}
{"ts": "2026-09-23T03:47:56.881823+00:00", "trace_id": null, "stage": "dense", "event": "finish", "duration_ms": 0.202, "candidates_out": 20}
{"ts": "2026-09-23T03:47:56.881850+00:00", "trace_id": null, "stage": "lexical", "event": "start"}
{"ts": "2026-09-23T03:47:56.882112+00:00", "trace_id": null, "stage": "lexical", "event": "finish", "duration_ms": 0.261, "candidates_out": 20}
{"ts": "2026-09-23T03:47:56.882138+00:00", "trace_id": null, "stage": "fuse", "event": "start", "candidates_in": 33}
{"ts": "2026-09-23T03:47:56.882200+00:00", "trace_id": null, "stage": "fuse", "event": "finish", "duration_ms": 0.061, "candidates_in": 33, "candidates_out": 23, "top_score": 0.03278688524590164}
{"ts": "2026-09-23T03:47:56.887827+00:00", "trace_id": null, "stage": "gate", "event": "start", "candidates_in": 5}
{"ts": "2026-09-23T03:47:56.887910+00:00", "trace_id": null, "stage": "gate", "event": "finish", "duration_ms": 0.084, "candidates_in": 5, "candidates_out": 5, "top_score": 0.08524590163934427}
{"ts": "2026-09-23T03:47:56.887948+00:00", "trace_id": null, "stage": "embed_query", "event": "start", "model": "Qwen/Qwen3-Embedding-0.6B"}
{"ts": "2026-09-23T03:47:56.914922+00:00", "trace_id": null, "stage": "embed_query", "event": "finish", "duration_ms": 26.971, "model": "Qwen/Qwen3-Embedding-0.6B"}
{"ts": "2026-09-23T03:47:56.914984+00:00", "trace_id": null, "stage": "dense", "event": "start"}
{"ts": "2026-09-23T03:47:56.915167+00:00", "trace_id": null, "stage": "dense", "event": "finish", "duration_ms": 0.183, "candidates_out": 20}
{"ts": "2026-09-23T03:47:56.915184+00:00", "trace_id": null, "stage": "lexical", "event": "start"}
{"ts": "2026-09-23T03:47:56.915410+00:00", "trace_id": null, "stage": "lexical", "event": "finish", "duration_ms": 0.226, "candidates_out": 20}
{"ts": "2026-09-23T03:47:56.915449+00:00", "trace_id": null, "stage": "fuse", "event": "start", "candidates_in": 28}
{"ts": "2026-09-23T03:47:56.915525+00:00", "trace_id": null, "stage": "fuse", "event": "finish", "duration_ms": 0.077, "candidates_in": 28, "candidates_out": 18, "top_score": 0.03278688524590164}
{"ts": "2026-09-23T03:47:56.918254+00:00", "trace_id": null, "stage": "gate", "event": "start", "candidates_in": 5}
{"ts": "2026-09-23T03:47:56.918308+00:00", "trace_id": null, "stage": "gate", "event": "finish", "duration_ms": 0.054, "candidates_in": 5, "candidates_out": 5, "top_score": 0.1410483870967742}
{"ts": "2026-09-23T03:47:56.918333+00:00", "trace_id": null, "stage": "embed_query", "event": "start", "model": "Qwen/Qwen3-Embedding-0.6B"}
{"ts": "2026-09-23T03:47:56.948975+00:00", "trace_id": null, "stage": "embed_query", "event": "finish", "duration_ms": 30.639, "model": "Qwen/Qwen3-Embedding-0.6B"}
{"ts": "2026-09-23T03:47:56.949043+00:00", "trace_id": null, "stage": "dense", "event": "start"}
{"ts": "2026-09-23T03:47:56.949231+00:00", "trace_id": null, "stage": "dense", "event": "finish", "duration_ms": 0.188, "candidates_out": 20}
{"ts": "2026-09-23T03:47:56.949250+00:00", "trace_id": null, "stage": "lexical", "event": "start"}
{"ts": "2026-09-23T03:47:56.949525+00:00", "trace_id": null, "stage": "lexical", "event": "finish", "duration_ms": 0.274, "candidates_out": 20}
{"ts": "2026-09-23T03:47:56.949549+00:00", "trace_id": null, "stage": "fuse", "event": "start", "candidates_in": 34}
{"ts": "2026-09-23T03:47:56.949617+00:00", "trace_id": null, "stage": "fuse", "event": "finish", "duration_ms": 0.068, "candidates_in": 34, "candidates_out": 21, "top_score": 0.03252247488101534}
{"ts": "2026-09-23T03:47:56.953036+00:00", "trace_id": null, "stage": "gate", "event": "start", "candidates_in": 5}
{"ts": "2026-09-23T03:47:56.953085+00:00", "trace_id": null, "stage": "gate", "event": "finish", "duration_ms": 0.048, "candidates_in": 5, "candidates_out": 5, "top_score": 0.13558954326923078}
{"ts": "2026-09-23T03:47:56.953109+00:00", "trace_id": null, "stage": "embed_query", "event": "start", "model": "Qwen/Qwen3-Embedding-0.6B"}
{"ts": "2026-09-23T03:47:56.980139+00:00", "trace_id": null, "stage": "embed_query", "event": "finish", "duration_ms": 27.027, "model": "Qwen/Qwen3-Embedding-0.6B"}
{"ts": "2026-09-23T03:47:56.980206+00:00", "trace_id": null, "stage": "dense", "event": "start"}
{"ts": "2026-09-23T03:47:56.980393+00:00", "trace_id": null, "stage": "dense", "event": "finish", "duration_ms": 0.186, "candidates_out": 20}
{"ts": "2026-09-23T03:47:56.980433+00:00", "trace_id": null, "stage": "lexical", "event": "start"}
{"ts": "2026-09-23T03:47:56.980679+00:00", "trace_id": null, "stage": "lexical", "event": "finish", "duration_ms": 0.247, "candidates_out": 20}
{"ts": "2026-09-23T03:47:56.980711+00:00", "trace_id": null, "stage": "fuse", "event": "start", "candidates_in": 30}
{"ts": "2026-09-23T03:47:56.980786+00:00", "trace_id": null, "stage": "fuse", "event": "finish", "duration_ms": 0.075, "candidates_in": 30, "candidates_out": 19, "top_score": 0.03278688524590164}
{"ts": "2026-09-23T03:47:56.984067+00:00", "trace_id": null, "stage": "gate", "event": "start", "candidates_in": 5}
{"ts": "2026-09-23T03:47:56.984132+00:00", "trace_id": null, "stage": "gate", "event": "finish", "duration_ms": 0.065, "candidates_in": 5, "candidates_out": 5, "top_score": 0.1410483870967742}
{"ts": "2026-09-23T03:47:56.984179+00:00", "trace_id": null, "stage": "embed_query", "event": "start", "model": "Qwen/Qwen3-Embedding-0.6B"}
{"ts": "2026-09-23T03:47:57.007903+00:00", "trace_id": null, "stage": "embed_query", "event": "finish", "duration_ms": 23.721, "model": "Qwen/Qwen3-Embedding-0.6B"}
{"ts": "2026-09-23T03:47:57.007963+00:00", "trace_id": null, "stage": "dense", "event": "start"}
{"ts": "2026-09-23T03:47:57.008132+00:00", "trace_id": null, "stage": "dense", "event": "finish", "duration_ms": 0.17, "candidates_out": 20}
{"ts": "2026-09-23T03:47:57.008148+00:00", "trace_id": null, "stage": "lexical", "event": "start"}
{"ts": "2026-09-23T03:47:57.008410+00:00", "trace_id": null, "stage": "lexical", "event": "finish", "duration_ms": 0.261, "candidates_out": 20}
{"ts": "2026-09-23T03:47:57.008443+00:00", "trace_id": null, "stage": "fuse", "event": "start", "candidates_in": 31}
{"ts": "2026-09-23T03:47:57.008526+00:00", "trace_id": null, "stage": "fuse", "event": "finish", "duration_ms": 0.084, "candidates_in": 31, "candidates_out": 19, "top_score": 0.03278688524590164}
{"ts": "2026-09-23T03:47:57.012694+00:00", "trace_id": null, "stage": "gate", "event": "start", "candidates_in": 5}
{"ts": "2026-09-23T03:47:57.012746+00:00", "trace_id": null, "stage": "gate", "event": "finish", "duration_ms": 0.052, "candidates_in": 5, "candidates_out": 5, "top_score": 0.11088709677419353}
{"ts": "2026-09-23T03:47:57.012781+00:00", "trace_id": null, "stage": "embed_query", "event": "start", "model": "Qwen/Qwen3-Embedding-0.6B"}
{"ts": "2026-09-23T03:47:57.347495+00:00", "trace_id": null, "stage": "embed_query", "event": "finish", "duration_ms": 334.71, "model": "Qwen/Qwen3-Embedding-0.6B"}
{"ts": "2026-09-23T03:47:57.347554+00:00", "trace_id": null, "stage": "dense", "event": "start"}
{"ts": "2026-09-23T03:47:57.347881+00:00", "trace_id": null, "stage": "dense", "event": "finish", "duration_ms": 0.324, "candidates_out": 20}
{"ts": "2026-09-23T03:47:57.347926+00:00", "trace_id": null, "stage": "lexical", "event": "start"}
{"ts": "2026-09-23T03:47:57.348259+00:00", "trace_id": null, "stage": "lexical", "event": "finish", "duration_ms": 0.332, "candidates_out": 20}
{"ts": "2026-09-23T03:47:57.348293+00:00", "trace_id": null, "stage": "fuse", "event": "start", "candidates_in": 25}
{"ts": "2026-09-23T03:47:57.348362+00:00", "trace_id": null, "stage": "fuse", "event": "finish", "duration_ms": 0.068, "candidates_in": 25, "candidates_out": 18, "top_score": 0.032266458495966696}
{"ts": "2026-09-23T03:47:57.351724+00:00", "trace_id": null, "stage": "gate", "event": "start", "candidates_in": 5}
{"ts": "2026-09-23T03:47:57.351785+00:00", "trace_id": null, "stage": "gate", "event": "finish", "duration_ms": 0.061, "candidates_in": 5, "candidates_out": 5, "top_score": 0.04567713976164681}
{"ts": "2026-09-23T03:47:57.351815+00:00", "trace_id": null, "stage": "embed_query", "event": "start", "model": "Qwen/Qwen3-Embedding-0.6B"}
{"ts": "2026-09-23T03:47:57.488292+00:00", "trace_id": null, "stage": "embed_query", "event": "finish", "duration_ms": 136.47, "model": "Qwen/Qwen3-Embedding-0.6B"}
{"ts": "2026-09-23T03:47:57.488371+00:00", "trace_id": null, "stage": "dense", "event": "start"}
{"ts": "2026-09-23T03:47:57.488765+00:00", "trace_id": null, "stage": "dense", "event": "finish", "duration_ms": 0.392, "candidates_out": 20}
{"ts": "2026-09-23T03:47:57.488814+00:00", "trace_id": null, "stage": "lexical", "event": "start"}
{"ts": "2026-09-23T03:47:57.489197+00:00", "trace_id": null, "stage": "lexical", "event": "finish", "duration_ms": 0.383, "candidates_out": 20}
{"ts": "2026-09-23T03:47:57.489236+00:00", "trace_id": null, "stage": "fuse", "event": "start", "candidates_in": 31}
{"ts": "2026-09-23T03:47:57.489321+00:00", "trace_id": null, "stage": "fuse", "event": "finish", "duration_ms": 0.085, "candidates_in": 31, "candidates_out": 25, "top_score": 0.03252247488101534}
{"ts": "2026-09-23T03:47:57.499227+00:00", "trace_id": null, "stage": "gate", "event": "start", "candidates_in": 5}
{"ts": "2026-09-23T03:47:57.499357+00:00", "trace_id": null, "stage": "gate", "event": "finish", "duration_ms": 0.133, "candidates_in": 5, "candidates_out": 5, "top_score": 0.03252247488101534}
{"ts": "2026-09-23T03:47:57.499407+00:00", "trace_id": null, "stage": "embed_query", "event": "start", "model": "Qwen/Qwen3-Embedding-0.6B"}
{"ts": "2026-09-23T03:47:57.653105+00:00", "trace_id": null, "stage": "embed_query", "event": "finish", "duration_ms": 153.69, "model": "Qwen/Qwen3-Embedding-0.6B"}
{"ts": "2026-09-23T03:47:57.653206+00:00", "trace_id": null, "stage": "dense", "event": "start"}
{"ts": "2026-09-23T03:47:57.653527+00:00", "trace_id": null, "stage": "dense", "event": "finish", "duration_ms": 0.319, "candidates_out": 20}
{"ts": "2026-09-23T03:47:57.653573+00:00", "trace_id": null, "stage": "lexical", "event": "start"}
{"ts": "2026-09-23T03:47:57.653999+00:00", "trace_id": null, "stage": "lexical", "event": "finish", "duration_ms": 0.425, "candidates_out": 20}
{"ts": "2026-09-23T03:47:57.654053+00:00", "trace_id": null, "stage": "fuse", "event": "start", "candidates_in": 30}
{"ts": "2026-09-23T03:47:57.654147+00:00", "trace_id": null, "stage": "fuse", "event": "finish", "duration_ms": 0.094, "candidates_in": 30, "candidates_out": 21, "top_score": 0.03278688524590164}
{"ts": "2026-09-23T03:47:57.658938+00:00", "trace_id": null, "stage": "gate", "event": "start", "candidates_in": 5}
{"ts": "2026-09-23T03:47:57.659023+00:00", "trace_id": null, "stage": "gate", "event": "finish", "duration_ms": 0.086, "candidates_in": 5, "candidates_out": 5, "top_score": 0.10914062499999999}
{"ts": "2026-09-23T03:47:57.659060+00:00", "trace_id": null, "stage": "embed_query", "event": "start", "model": "Qwen/Qwen3-Embedding-0.6B"}
{"ts": "2026-09-23T03:47:57.802549+00:00", "trace_id": null, "stage": "embed_query", "event": "finish", "duration_ms": 143.485, "model": "Qwen/Qwen3-Embedding-0.6B"}
{"ts": "2026-09-23T03:47:57.802601+00:00", "trace_id": null, "stage": "dense", "event": "start"}
{"ts": "2026-09-23T03:47:57.802830+00:00", "trace_id": null, "stage": "dense", "event": "finish", "duration_ms": 0.227, "candidates_out": 20}
{"ts": "2026-09-23T03:47:57.802864+00:00", "trace_id": null, "stage": "lexical", "event": "start"}
{"ts": "2026-09-23T03:47:57.803148+00:00", "trace_id": null, "stage": "lexical", "event": "finish", "duration_ms": 0.283, "candidates_out": 20}
{"ts": "2026-09-23T03:47:57.803178+00:00", "trace_id": null, "stage": "fuse", "event": "start", "candidates_in": 30}
{"ts": "2026-09-23T03:47:57.803242+00:00", "trace_id": null, "stage": "fuse", "event": "finish", "duration_ms": 0.064, "candidates_in": 30, "candidates_out": 20, "top_score": 0.03278688524590164}
{"ts": "2026-09-23T03:47:57.807299+00:00", "trace_id": null, "stage": "gate", "event": "start", "candidates_in": 5}
{"ts": "2026-09-23T03:47:57.807377+00:00", "trace_id": null, "stage": "gate", "event": "finish", "duration_ms": 0.078, "candidates_in": 5, "candidates_out": 5, "top_score": 0.10828125}
{"ts": "2026-09-23T03:47:57.807420+00:00", "trace_id": null, "stage": "embed_query", "event": "start", "model": "Qwen/Qwen3-Embedding-0.6B"}
{"ts": "2026-09-23T03:47:57.942193+00:00", "trace_id": null, "stage": "embed_query", "event": "finish", "duration_ms": 134.769, "model": "Qwen/Qwen3-Embedding-0.6B"}
{"ts": "2026-09-23T03:47:57.942245+00:00", "trace_id": null, "stage": "dense", "event": "start"}
{"ts": "2026-09-23T03:47:57.942474+00:00", "trace_id": null, "stage": "dense", "event": "finish", "duration_ms": 0.228, "candidates_out": 20}
{"ts": "2026-09-23T03:47:57.942505+00:00", "trace_id": null, "stage": "lexical", "event": "start"}
{"ts": "2026-09-23T03:47:57.942753+00:00", "trace_id": null, "stage": "lexical", "event": "finish", "duration_ms": 0.248, "candidates_out": 20}
{"ts": "2026-09-23T03:47:57.942783+00:00", "trace_id": null, "stage": "fuse", "event": "start", "candidates_in": 29}
{"ts": "2026-09-23T03:47:57.942843+00:00", "trace_id": null, "stage": "fuse", "event": "finish", "duration_ms": 0.06, "candidates_in": 29, "candidates_out": 20, "top_score": 0.03278688524590164}
{"ts": "2026-09-23T03:47:57.946336+00:00", "trace_id": null, "stage": "gate", "event": "start", "candidates_in": 5}
{"ts": "2026-09-23T03:47:57.946398+00:00", "trace_id": null, "stage": "gate", "event": "finish", "duration_ms": 0.061, "candidates_in": 5, "candidates_out": 5, "top_score": 0.11360655737704918}
{"ts": "2026-09-23T03:47:57.946434+00:00", "trace_id": null, "stage": "embed_query", "event": "start", "model": "Qwen/Qwen3-Embedding-0.6B"}
{"ts": "2026-09-23T03:47:58.089990+00:00", "trace_id": null, "stage": "embed_query", "event": "finish", "duration_ms": 143.553, "model": "Qwen/Qwen3-Embedding-0.6B"}
{"ts": "2026-09-23T03:47:58.090041+00:00", "trace_id": null, "stage": "dense", "event": "start"}
{"ts": "2026-09-23T03:47:58.090267+00:00", "trace_id": null, "stage": "dense", "event": "finish", "duration_ms": 0.225, "candidates_out": 20}
{"ts": "2026-09-23T03:47:58.090296+00:00", "trace_id": null, "stage": "lexical", "event": "start"}
{"ts": "2026-09-23T03:47:58.090580+00:00", "trace_id": null, "stage": "lexical", "event": "finish", "duration_ms": 0.283, "candidates_out": 20}
{"ts": "2026-09-23T03:47:58.090610+00:00", "trace_id": null, "stage": "fuse", "event": "start", "candidates_in": 31}
{"ts": "2026-09-23T03:47:58.090690+00:00", "trace_id": null, "stage": "fuse", "event": "finish", "duration_ms": 0.08, "candidates_in": 31, "candidates_out": 22, "top_score": 0.03278688524590164}
{"ts": "2026-09-23T03:47:58.094335+00:00", "trace_id": null, "stage": "gate", "event": "start", "candidates_in": 5}
{"ts": "2026-09-23T03:47:58.094398+00:00", "trace_id": null, "stage": "gate", "event": "finish", "duration_ms": 0.063, "candidates_in": 5, "candidates_out": 5, "top_score": 0.08524590163934427}
{"ts": "2026-09-23T03:47:58.094435+00:00", "trace_id": null, "stage": "embed_query", "event": "start", "model": "Qwen/Qwen3-Embedding-0.6B"}
{"ts": "2026-09-23T03:47:58.229129+00:00", "trace_id": null, "stage": "embed_query", "event": "finish", "duration_ms": 134.689, "model": "Qwen/Qwen3-Embedding-0.6B"}
{"ts": "2026-09-23T03:47:58.229180+00:00", "trace_id": null, "stage": "dense", "event": "start"}
{"ts": "2026-09-23T03:47:58.229389+00:00", "trace_id": null, "stage": "dense", "event": "finish", "duration_ms": 0.209, "candidates_out": 20}
{"ts": "2026-09-23T03:47:58.229408+00:00", "trace_id": null, "stage": "lexical", "event": "start"}
{"ts": "2026-09-23T03:47:58.229667+00:00", "trace_id": null, "stage": "lexical", "event": "finish", "duration_ms": 0.258, "candidates_out": 20}
{"ts": "2026-09-23T03:47:58.229704+00:00", "trace_id": null, "stage": "fuse", "event": "start", "candidates_in": 30}
{"ts": "2026-09-23T03:47:58.229771+00:00", "trace_id": null, "stage": "fuse", "event": "finish", "duration_ms": 0.066, "candidates_in": 30, "candidates_out": 20, "top_score": 0.03252247488101534}
{"ts": "2026-09-23T03:47:58.233363+00:00", "trace_id": null, "stage": "gate", "event": "start", "candidates_in": 5}
{"ts": "2026-09-23T03:47:58.233426+00:00", "trace_id": null, "stage": "gate", "event": "finish", "duration_ms": 0.063, "candidates_in": 5, "candidates_out": 5, "top_score": 0.1344732409381663}
{"ts": "2026-09-23T03:47:58.233458+00:00", "trace_id": null, "stage": "embed_query", "event": "start", "model": "Qwen/Qwen3-Embedding-0.6B"}
{"ts": "2026-09-23T03:47:58.378128+00:00", "trace_id": null, "stage": "embed_query", "event": "finish", "duration_ms": 144.667, "model": "Qwen/Qwen3-Embedding-0.6B"}
{"ts": "2026-09-23T03:47:58.378180+00:00", "trace_id": null, "stage": "dense", "event": "start"}
{"ts": "2026-09-23T03:47:58.378402+00:00", "trace_id": null, "stage": "dense", "event": "finish", "duration_ms": 0.222, "candidates_out": 20}
{"ts": "2026-09-23T03:47:58.378422+00:00", "trace_id": null, "stage": "lexical", "event": "start"}
{"ts": "2026-09-23T03:47:58.378682+00:00", "trace_id": null, "stage": "lexical", "event": "finish", "duration_ms": 0.26, "candidates_out": 20}
{"ts": "2026-09-23T03:47:58.378719+00:00", "trace_id": null, "stage": "fuse", "event": "start", "candidates_in": 32}
{"ts": "2026-09-23T03:47:58.378782+00:00", "trace_id": null, "stage": "fuse", "event": "finish", "duration_ms": 0.063, "candidates_in": 32, "candidates_out": 21, "top_score": 0.03278688524590164}
{"ts": "2026-09-23T03:47:58.382165+00:00", "trace_id": null, "stage": "gate", "event": "start", "candidates_in": 5}
{"ts": "2026-09-23T03:47:58.382317+00:00", "trace_id": null, "stage": "gate", "event": "finish", "duration_ms": 0.151, "candidates_in": 5, "candidates_out": 5, "top_score": 0.11177419354838711}
{"ts": "2026-09-23T03:47:58.382364+00:00", "trace_id": null, "stage": "embed_query", "event": "start", "model": "Qwen/Qwen3-Embedding-0.6B"}
{"ts": "2026-09-23T03:47:58.528545+00:00", "trace_id": null, "stage": "embed_query", "event": "finish", "duration_ms": 146.178, "model": "Qwen/Qwen3-Embedding-0.6B"}
{"ts": "2026-09-23T03:47:58.528607+00:00", "trace_id": null, "stage": "dense", "event": "start"}
{"ts": "2026-09-23T03:47:58.528858+00:00", "trace_id": null, "stage": "dense", "event": "finish", "duration_ms": 0.249, "candidates_out": 20}
{"ts": "2026-09-23T03:47:58.528892+00:00", "trace_id": null, "stage": "lexical", "event": "start"}
{"ts": "2026-09-23T03:47:58.529165+00:00", "trace_id": null, "stage": "lexical", "event": "finish", "duration_ms": 0.272, "candidates_out": 20}
{"ts": "2026-09-23T03:47:58.529195+00:00", "trace_id": null, "stage": "fuse", "event": "start", "candidates_in": 30}
{"ts": "2026-09-23T03:47:58.529255+00:00", "trace_id": null, "stage": "fuse", "event": "finish", "duration_ms": 0.059, "candidates_in": 30, "candidates_out": 18, "top_score": 0.03278688524590164}
{"ts": "2026-09-23T03:47:58.531996+00:00", "trace_id": null, "stage": "gate", "event": "start", "candidates_in": 5}
{"ts": "2026-09-23T03:47:58.532076+00:00", "trace_id": null, "stage": "gate", "event": "finish", "duration_ms": 0.08, "candidates_in": 5, "candidates_out": 5, "top_score": 0.11177419354838711}
{"ts": "2026-09-23T03:47:58.532104+00:00", "trace_id": null, "stage": "embed_query", "event": "start", "model": "Qwen/Qwen3-Embedding-0.6B"}
{"ts": "2026-09-23T03:47:58.681189+00:00", "trace_id": null, "stage": "embed_query", "event": "finish", "duration_ms": 149.081, "model": "Qwen/Qwen3-Embedding-0.6B"}
{"ts": "2026-09-23T03:47:58.681243+00:00", "trace_id": null, "stage": "dense", "event": "start"}
{"ts": "2026-09-23T03:47:58.681474+00:00", "trace_id": null, "stage": "dense", "event": "finish", "duration_ms": 0.23, "candidates_out": 20}
{"ts": "2026-09-23T03:47:58.681503+00:00", "trace_id": null, "stage": "lexical", "event": "start"}
{"ts": "2026-09-23T03:47:58.681803+00:00", "trace_id": null, "stage": "lexical", "event": "finish", "duration_ms": 0.3, "candidates_out": 20}
{"ts": "2026-09-23T03:47:58.681836+00:00", "trace_id": null, "stage": "fuse", "event": "start", "candidates_in": 27}
{"ts": "2026-09-23T03:47:58.681900+00:00", "trace_id": null, "stage": "fuse", "event": "finish", "duration_ms": 0.064, "candidates_in": 27, "candidates_out": 18, "top_score": 0.03252247488101534}
{"ts": "2026-09-23T03:47:58.685629+00:00", "trace_id": null, "stage": "gate", "event": "start", "candidates_in": 5}
{"ts": "2026-09-23T03:47:58.685692+00:00", "trace_id": null, "stage": "gate", "event": "finish", "duration_ms": 0.063, "candidates_in": 5, "candidates_out": 5, "top_score": 0.03252247488101534}
{"ts": "2026-09-23T03:47:58.685724+00:00", "trace_id": null, "stage": "embed_query", "event": "start", "model": "Qwen/Qwen3-Embedding-0.6B"}
{"ts": "2026-09-23T03:47:58.827252+00:00", "trace_id": null, "stage": "embed_query", "event": "finish", "duration_ms": 141.525, "model": "Qwen/Qwen3-Embedding-0.6B"}
{"ts": "2026-09-23T03:47:58.827308+00:00", "trace_id": null, "stage": "dense", "event": "start"}
{"ts": "2026-09-23T03:47:58.827520+00:00", "trace_id": null, "stage": "dense", "event": "finish", "duration_ms": 0.211, "candidates_out": 20}
{"ts": "2026-09-23T03:47:58.827542+00:00", "trace_id": null, "stage": "lexical", "event": "start"}
{"ts": "2026-09-23T03:47:58.827804+00:00", "trace_id": null, "stage": "lexical", "event": "finish", "duration_ms": 0.261, "candidates_out": 20}
{"ts": "2026-09-23T03:47:58.827832+00:00", "trace_id": null, "stage": "fuse", "event": "start", "candidates_in": 31}
{"ts": "2026-09-23T03:47:58.827912+00:00", "trace_id": null, "stage": "fuse", "event": "finish", "duration_ms": 0.078, "candidates_in": 31, "candidates_out": 22, "top_score": 0.03278688524590164}
{"ts": "2026-09-23T03:47:58.831855+00:00", "trace_id": null, "stage": "gate", "event": "start", "candidates_in": 5}
{"ts": "2026-09-23T03:47:58.831921+00:00", "trace_id": null, "stage": "gate", "event": "finish", "duration_ms": 0.067, "candidates_in": 5, "candidates_out": 5, "top_score": 0.0825}
{"ts": "2026-09-23T03:47:58.831953+00:00", "trace_id": null, "stage": "embed_query", "event": "start", "model": "Qwen/Qwen3-Embedding-0.6B"}
{"ts": "2026-09-23T03:47:58.937099+00:00", "trace_id": null, "stage": "embed_query", "event": "finish", "duration_ms": 105.142, "model": "Qwen/Qwen3-Embedding-0.6B"}
{"ts": "2026-09-23T03:47:58.937153+00:00", "trace_id": null, "stage": "dense", "event": "start"}
{"ts": "2026-09-23T03:47:58.937378+00:00", "trace_id": null, "stage": "dense", "event": "finish", "duration_ms": 0.225, "candidates_out": 20}
{"ts": "2026-09-23T03:47:58.937398+00:00", "trace_id": null, "stage": "lexical", "event": "start"}
{"ts": "2026-09-23T03:47:58.937687+00:00", "trace_id": null, "stage": "lexical", "event": "finish", "duration_ms": 0.288, "candidates_out": 20}
{"ts": "2026-09-23T03:47:58.937726+00:00", "trace_id": null, "stage": "fuse", "event": "start", "candidates_in": 29}
{"ts": "2026-09-23T03:47:58.937829+00:00", "trace_id": null, "stage": "fuse", "event": "finish", "duration_ms": 0.101, "candidates_in": 29, "candidates_out": 20, "top_score": 0.03131881575727918}
{"ts": "2026-09-23T03:47:58.941746+00:00", "trace_id": null, "stage": "gate", "event": "start", "candidates_in": 5}
{"ts": "2026-09-23T03:47:58.941807+00:00", "trace_id": null, "stage": "gate", "event": "finish", "duration_ms": 0.061, "candidates_in": 5, "candidates_out": 5, "top_score": 0.09283516483516482}
{"ts": "2026-09-23T03:47:58.941832+00:00", "trace_id": null, "stage": "embed_query", "event": "start", "model": "Qwen/Qwen3-Embedding-0.6B"}
{"ts": "2026-09-23T03:47:59.027942+00:00", "trace_id": null, "stage": "embed_query", "event": "finish", "duration_ms": 86.104, "model": "Qwen/Qwen3-Embedding-0.6B"}
{"ts": "2026-09-23T03:47:59.028006+00:00", "trace_id": null, "stage": "dense", "event": "start"}
{"ts": "2026-09-23T03:47:59.028266+00:00", "trace_id": null, "stage": "dense", "event": "finish", "duration_ms": 0.259, "candidates_out": 20}
{"ts": "2026-09-23T03:47:59.028298+00:00", "trace_id": null, "stage": "lexical", "event": "start"}
{"ts": "2026-09-23T03:47:59.028639+00:00", "trace_id": null, "stage": "lexical", "event": "finish", "duration_ms": 0.34, "candidates_out": 20}
{"ts": "2026-09-23T03:47:59.028677+00:00", "trace_id": null, "stage": "fuse", "event": "start", "candidates_in": 32}
{"ts": "2026-09-23T03:47:59.028758+00:00", "trace_id": null, "stage": "fuse", "event": "finish", "duration_ms": 0.081, "candidates_in": 32, "candidates_out": 26, "top_score": 0.03252247488101534}
{"ts": "2026-09-23T03:47:59.034788+00:00", "trace_id": null, "stage": "gate", "event": "start", "candidates_in": 5}
{"ts": "2026-09-23T03:47:59.034872+00:00", "trace_id": null, "stage": "gate", "event": "finish", "duration_ms": 0.085, "candidates_in": 5, "candidates_out": 5, "top_score": 0.0793452380952381}
{"ts": "2026-09-23T03:47:59.034913+00:00", "trace_id": null, "stage": "embed_query", "event": "start", "model": "Qwen/Qwen3-Embedding-0.6B"}
{"ts": "2026-09-23T03:47:59.086582+00:00", "trace_id": null, "stage": "embed_query", "event": "finish", "duration_ms": 51.662, "model": "Qwen/Qwen3-Embedding-0.6B"}
{"ts": "2026-09-23T03:47:59.086656+00:00", "trace_id": null, "stage": "dense", "event": "start"}
{"ts": "2026-09-23T03:47:59.086980+00:00", "trace_id": null, "stage": "dense", "event": "finish", "duration_ms": 0.324, "candidates_out": 20}
{"ts": "2026-09-23T03:47:59.087006+00:00", "trace_id": null, "stage": "lexical", "event": "start"}
{"ts": "2026-09-23T03:47:59.087386+00:00", "trace_id": null, "stage": "lexical", "event": "finish", "duration_ms": 0.379, "candidates_out": 20}
{"ts": "2026-09-23T03:47:59.087419+00:00", "trace_id": null, "stage": "fuse", "event": "start", "candidates_in": 29}
{"ts": "2026-09-23T03:47:59.087522+00:00", "trace_id": null, "stage": "fuse", "event": "finish", "duration_ms": 0.102, "candidates_in": 29, "candidates_out": 20, "top_score": 0.03252247488101534}
{"ts": "2026-09-23T03:47:59.091974+00:00", "trace_id": null, "stage": "gate", "event": "start", "candidates_in": 5}
{"ts": "2026-09-23T03:47:59.092068+00:00", "trace_id": null, "stage": "gate", "event": "finish", "duration_ms": 0.095, "candidates_in": 5, "candidates_out": 5, "top_score": 0.08928571428571429}
{"ts": "2026-09-23T03:47:59.092115+00:00", "trace_id": null, "stage": "embed_query", "event": "start", "model": "Qwen/Qwen3-Embedding-0.6B"}
{"ts": "2026-09-23T03:47:59.141162+00:00", "trace_id": null, "stage": "embed_query", "event": "finish", "duration_ms": 49.043, "model": "Qwen/Qwen3-Embedding-0.6B"}
{"ts": "2026-09-23T03:47:59.141234+00:00", "trace_id": null, "stage": "dense", "event": "start"}
{"ts": "2026-09-23T03:47:59.141607+00:00", "trace_id": null, "stage": "dense", "event": "finish", "duration_ms": 0.372, "candidates_out": 20}
{"ts": "2026-09-23T03:47:59.141653+00:00", "trace_id": null, "stage": "lexical", "event": "start"}
{"ts": "2026-09-23T03:47:59.142119+00:00", "trace_id": null, "stage": "lexical", "event": "finish", "duration_ms": 0.465, "candidates_out": 20}
{"ts": "2026-09-23T03:47:59.142167+00:00", "trace_id": null, "stage": "fuse", "event": "start", "candidates_in": 29}
{"ts": "2026-09-23T03:47:59.142309+00:00", "trace_id": null, "stage": "fuse", "event": "finish", "duration_ms": 0.141, "candidates_in": 29, "candidates_out": 19, "top_score": 0.03252247488101534}
{"ts": "2026-09-23T03:47:59.148026+00:00", "trace_id": null, "stage": "gate", "event": "start", "candidates_in": 5}
{"ts": "2026-09-23T03:47:59.148121+00:00", "trace_id": null, "stage": "gate", "event": "finish", "duration_ms": 0.095, "candidates_in": 5, "candidates_out": 5, "top_score": 0.10585704291044776}
{"ts": "2026-09-23T03:47:59.148172+00:00", "trace_id": null, "stage": "embed_query", "event": "start", "model": "Qwen/Qwen3-Embedding-0.6B"}
{"ts": "2026-09-23T03:47:59.201863+00:00", "trace_id": null, "stage": "embed_query", "event": "finish", "duration_ms": 53.686, "model": "Qwen/Qwen3-Embedding-0.6B"}
{"ts": "2026-09-23T03:47:59.201935+00:00", "trace_id": null, "stage": "dense", "event": "start"}
{"ts": "2026-09-23T03:47:59.202224+00:00", "trace_id": null, "stage": "dense", "event": "finish", "duration_ms": 0.288, "candidates_out": 20}
{"ts": "2026-09-23T03:47:59.202255+00:00", "trace_id": null, "stage": "lexical", "event": "start"}
{"ts": "2026-09-23T03:47:59.202625+00:00", "trace_id": null, "stage": "lexical", "event": "finish", "duration_ms": 0.369, "candidates_out": 20}
{"ts": "2026-09-23T03:47:59.202658+00:00", "trace_id": null, "stage": "fuse", "event": "start", "candidates_in": 32}
{"ts": "2026-09-23T03:47:59.202736+00:00", "trace_id": null, "stage": "fuse", "event": "finish", "duration_ms": 0.078, "candidates_in": 32, "candidates_out": 21, "top_score": 0.03252247488101534}
{"ts": "2026-09-23T03:47:59.207320+00:00", "trace_id": null, "stage": "gate", "event": "start", "candidates_in": 5}
{"ts": "2026-09-23T03:47:59.207392+00:00", "trace_id": null, "stage": "gate", "event": "finish", "duration_ms": 0.073, "candidates_in": 5, "candidates_out": 5, "top_score": 0.1250597014925373}
{"ts": "2026-09-23T03:47:59.207429+00:00", "trace_id": null, "stage": "embed_query", "event": "start", "model": "Qwen/Qwen3-Embedding-0.6B"}
{"ts": "2026-09-23T03:47:59.232903+00:00", "trace_id": null, "stage": "embed_query", "event": "finish", "duration_ms": 25.471, "model": "Qwen/Qwen3-Embedding-0.6B"}
{"ts": "2026-09-23T03:47:59.232950+00:00", "trace_id": null, "stage": "dense", "event": "start"}
{"ts": "2026-09-23T03:47:59.233164+00:00", "trace_id": null, "stage": "dense", "event": "finish", "duration_ms": 0.214, "candidates_out": 20}
{"ts": "2026-09-23T03:47:59.233184+00:00", "trace_id": null, "stage": "lexical", "event": "start"}
{"ts": "2026-09-23T03:47:59.233450+00:00", "trace_id": null, "stage": "lexical", "event": "finish", "duration_ms": 0.266, "candidates_out": 20}
{"ts": "2026-09-23T03:47:59.233481+00:00", "trace_id": null, "stage": "fuse", "event": "start", "candidates_in": 35}
{"ts": "2026-09-23T03:47:59.233564+00:00", "trace_id": null, "stage": "fuse", "event": "finish", "duration_ms": 0.083, "candidates_in": 35, "candidates_out": 26, "top_score": 0.03278688524590164}
{"ts": "2026-09-23T03:47:59.238667+00:00", "trace_id": null, "stage": "gate", "event": "start", "candidates_in": 5}
{"ts": "2026-09-23T03:47:59.238742+00:00", "trace_id": null, "stage": "gate", "event": "finish", "duration_ms": 0.077, "candidates_in": 5, "candidates_out": 5, "top_score": 0.0496031746031746}
{"ts": "2026-09-23T03:47:59.238779+00:00", "trace_id": null, "stage": "embed_query", "event": "start", "model": "Qwen/Qwen3-Embedding-0.6B"}
{"ts": "2026-09-23T03:47:59.267863+00:00", "trace_id": null, "stage": "embed_query", "event": "finish", "duration_ms": 29.082, "model": "Qwen/Qwen3-Embedding-0.6B"}
{"ts": "2026-09-23T03:47:59.267899+00:00", "trace_id": null, "stage": "dense", "event": "start"}
{"ts": "2026-09-23T03:47:59.268096+00:00", "trace_id": null, "stage": "dense", "event": "finish", "duration_ms": 0.196, "candidates_out": 20}
{"ts": "2026-09-23T03:47:59.268119+00:00", "trace_id": null, "stage": "lexical", "event": "start"}
{"ts": "2026-09-23T03:47:59.268357+00:00", "trace_id": null, "stage": "lexical", "event": "finish", "duration_ms": 0.238, "candidates_out": 20}
{"ts": "2026-09-23T03:47:59.268381+00:00", "trace_id": null, "stage": "fuse", "event": "start", "candidates_in": 32}
{"ts": "2026-09-23T03:47:59.268452+00:00", "trace_id": null, "stage": "fuse", "event": "finish", "duration_ms": 0.07, "candidates_in": 32, "candidates_out": 21, "top_score": 0.03252247488101534}
{"ts": "2026-09-23T03:47:59.272574+00:00", "trace_id": null, "stage": "gate", "event": "start", "candidates_in": 5}
{"ts": "2026-09-23T03:47:59.272635+00:00", "trace_id": null, "stage": "gate", "event": "finish", "duration_ms": 0.062, "candidates_in": 5, "candidates_out": 5, "top_score": 0.04921875}
{"ts": "2026-09-23T03:47:59.272663+00:00", "trace_id": null, "stage": "embed_query", "event": "start", "model": "Qwen/Qwen3-Embedding-0.6B"}
{"ts": "2026-09-23T03:47:59.367246+00:00", "trace_id": null, "stage": "embed_query", "event": "finish", "duration_ms": 94.58, "model": "Qwen/Qwen3-Embedding-0.6B"}
{"ts": "2026-09-23T03:47:59.367303+00:00", "trace_id": null, "stage": "dense", "event": "start"}
{"ts": "2026-09-23T03:47:59.367559+00:00", "trace_id": null, "stage": "dense", "event": "finish", "duration_ms": 0.256, "candidates_out": 20}
{"ts": "2026-09-23T03:47:59.367583+00:00", "trace_id": null, "stage": "lexical", "event": "start"}
{"ts": "2026-09-23T03:47:59.367941+00:00", "trace_id": null, "stage": "lexical", "event": "finish", "duration_ms": 0.358, "candidates_out": 20}
{"ts": "2026-09-23T03:47:59.367972+00:00", "trace_id": null, "stage": "fuse", "event": "start", "candidates_in": 33}
{"ts": "2026-09-23T03:47:59.368058+00:00", "trace_id": null, "stage": "fuse", "event": "finish", "duration_ms": 0.087, "candidates_in": 33, "candidates_out": 22, "top_score": 0.03278688524590164}
{"ts": "2026-09-23T03:47:59.373758+00:00", "trace_id": null, "stage": "gate", "event": "start", "candidates_in": 5}
{"ts": "2026-09-23T03:47:59.373878+00:00", "trace_id": null, "stage": "gate", "event": "finish", "duration_ms": 0.121, "candidates_in": 5, "candidates_out": 5, "top_score": 0.11360655737704918}
{"ts": "2026-09-23T03:47:59.373920+00:00", "trace_id": null, "stage": "embed_query", "event": "start", "model": "Qwen/Qwen3-Embedding-0.6B"}
{"ts": "2026-09-23T03:47:59.512499+00:00", "trace_id": null, "stage": "embed_query", "event": "finish", "duration_ms": 138.571, "model": "Qwen/Qwen3-Embedding-0.6B"}
{"ts": "2026-09-23T03:47:59.512575+00:00", "trace_id": null, "stage": "dense", "event": "start"}
{"ts": "2026-09-23T03:47:59.512809+00:00", "trace_id": null, "stage": "dense", "event": "finish", "duration_ms": 0.234, "candidates_out": 20}
{"ts": "2026-09-23T03:47:59.512830+00:00", "trace_id": null, "stage": "lexical", "event": "start"}
{"ts": "2026-09-23T03:47:59.513136+00:00", "trace_id": null, "stage": "lexical", "event": "finish", "duration_ms": 0.305, "candidates_out": 20}
{"ts": "2026-09-23T03:47:59.513161+00:00", "trace_id": null, "stage": "fuse", "event": "start", "candidates_in": 33}
{"ts": "2026-09-23T03:47:59.513222+00:00", "trace_id": null, "stage": "fuse", "event": "finish", "duration_ms": 0.061, "candidates_in": 33, "candidates_out": 22, "top_score": 0.03278688524590164}
{"ts": "2026-09-23T03:47:59.517493+00:00", "trace_id": null, "stage": "gate", "event": "start", "candidates_in": 5}
{"ts": "2026-09-23T03:47:59.517568+00:00", "trace_id": null, "stage": "gate", "event": "finish", "duration_ms": 0.075, "candidates_in": 5, "candidates_out": 5, "top_score": 0.11360655737704918}
{"ts": "2026-09-23T03:47:59.517593+00:00", "trace_id": null, "stage": "embed_query", "event": "start", "model": "Qwen/Qwen3-Embedding-0.6B"}
{"ts": "2026-09-23T03:47:59.652290+00:00", "trace_id": null, "stage": "embed_query", "event": "finish", "duration_ms": 134.692, "model": "Qwen/Qwen3-Embedding-0.6B"}
{"ts": "2026-09-23T03:47:59.652350+00:00", "trace_id": null, "stage": "dense", "event": "start"}
{"ts": "2026-09-23T03:47:59.652611+00:00", "trace_id": null, "stage": "dense", "event": "finish", "duration_ms": 0.261, "candidates_out": 20}
{"ts": "2026-09-23T03:47:59.652638+00:00", "trace_id": null, "stage": "lexical", "event": "start"}
{"ts": "2026-09-23T03:47:59.653009+00:00", "trace_id": null, "stage": "lexical", "event": "finish", "duration_ms": 0.37, "candidates_out": 20}
{"ts": "2026-09-23T03:47:59.653049+00:00", "trace_id": null, "stage": "fuse", "event": "start", "candidates_in": 33}
{"ts": "2026-09-23T03:47:59.653156+00:00", "trace_id": null, "stage": "fuse", "event": "finish", "duration_ms": 0.105, "candidates_in": 33, "candidates_out": 22, "top_score": 0.03278688524590164}
{"ts": "2026-09-23T03:47:59.657853+00:00", "trace_id": null, "stage": "gate", "event": "start", "candidates_in": 5}
{"ts": "2026-09-23T03:47:59.658148+00:00", "trace_id": null, "stage": "gate", "event": "finish", "duration_ms": 0.296, "candidates_in": 5, "candidates_out": 6, "top_score": 0.11360655737704918}
{"ts": "2026-09-23T03:47:59.658183+00:00", "trace_id": null, "stage": "embed_query", "event": "start", "model": "Qwen/Qwen3-Embedding-0.6B"}
{"ts": "2026-09-23T03:47:59.792696+00:00", "trace_id": null, "stage": "embed_query", "event": "finish", "duration_ms": 134.504, "model": "Qwen/Qwen3-Embedding-0.6B"}
{"ts": "2026-09-23T03:47:59.792816+00:00", "trace_id": null, "stage": "dense", "event": "start"}
{"ts": "2026-09-23T03:47:59.793029+00:00", "trace_id": null, "stage": "dense", "event": "finish", "duration_ms": 0.214, "candidates_out": 20}
{"ts": "2026-09-23T03:47:59.793049+00:00", "trace_id": null, "stage": "lexical", "event": "start"}
{"ts": "2026-09-23T03:47:59.793335+00:00", "trace_id": null, "stage": "lexical", "event": "finish", "duration_ms": 0.285, "candidates_out": 20}
{"ts": "2026-09-23T03:47:59.793360+00:00", "trace_id": null, "stage": "fuse", "event": "start", "candidates_in": 32}
{"ts": "2026-09-23T03:47:59.793421+00:00", "trace_id": null, "stage": "fuse", "event": "finish", "duration_ms": 0.06, "candidates_in": 32, "candidates_out": 22, "top_score": 0.03278688524590164}
{"ts": "2026-09-23T03:47:59.796197+00:00", "trace_id": null, "stage": "gate", "event": "start", "candidates_in": 5}
{"ts": "2026-09-23T03:47:59.796301+00:00", "trace_id": null, "stage": "gate", "event": "finish", "duration_ms": 0.104, "candidates_in": 5, "candidates_out": 5, "top_score": 0.1239344262295082}
{"ts": "2026-09-23T03:47:59.796330+00:00", "trace_id": null, "stage": "embed_query", "event": "start", "model": "Qwen/Qwen3-Embedding-0.6B"}
{"ts": "2026-09-23T03:47:59.937985+00:00", "trace_id": null, "stage": "embed_query", "event": "finish", "duration_ms": 141.646, "model": "Qwen/Qwen3-Embedding-0.6B"}
{"ts": "2026-09-23T03:47:59.938103+00:00", "trace_id": null, "stage": "dense", "event": "start"}
{"ts": "2026-09-23T03:47:59.938335+00:00", "trace_id": null, "stage": "dense", "event": "finish", "duration_ms": 0.23, "candidates_out": 20}
{"ts": "2026-09-23T03:47:59.938365+00:00", "trace_id": null, "stage": "lexical", "event": "start"}
{"ts": "2026-09-23T03:47:59.938663+00:00", "trace_id": null, "stage": "lexical", "event": "finish", "duration_ms": 0.297, "candidates_out": 20}
{"ts": "2026-09-23T03:47:59.938703+00:00", "trace_id": null, "stage": "fuse", "event": "start", "candidates_in": 31}
{"ts": "2026-09-23T03:47:59.938766+00:00", "trace_id": null, "stage": "fuse", "event": "finish", "duration_ms": 0.063, "candidates_in": 31, "candidates_out": 22, "top_score": 0.03278688524590164}
{"ts": "2026-09-23T03:47:59.943690+00:00", "trace_id": null, "stage": "gate", "event": "start", "candidates_in": 5}
{"ts": "2026-09-23T03:47:59.943746+00:00", "trace_id": null, "stage": "gate", "event": "finish", "duration_ms": 0.056, "candidates_in": 5, "candidates_out": 5, "top_score": 0.29537704918032787}
{"ts": "2026-09-23T03:47:59.943772+00:00", "trace_id": null, "stage": "embed_query", "event": "start", "model": "Qwen/Qwen3-Embedding-0.6B"}
{"ts": "2026-09-23T03:48:00.074330+00:00", "trace_id": null, "stage": "embed_query", "event": "finish", "duration_ms": 130.554, "model": "Qwen/Qwen3-Embedding-0.6B"}
{"ts": "2026-09-23T03:48:00.074381+00:00", "trace_id": null, "stage": "dense", "event": "start"}
{"ts": "2026-09-23T03:48:00.074608+00:00", "trace_id": null, "stage": "dense", "event": "finish", "duration_ms": 0.226, "candidates_out": 20}
{"ts": "2026-09-23T03:48:00.074640+00:00", "trace_id": null, "stage": "lexical", "event": "start"}
{"ts": "2026-09-23T03:48:00.074888+00:00", "trace_id": null, "stage": "lexical", "event": "finish", "duration_ms": 0.248, "candidates_out": 20}
{"ts": "2026-09-23T03:48:00.074917+00:00", "trace_id": null, "stage": "fuse", "event": "start", "candidates_in": 34}
{"ts": "2026-09-23T03:48:00.074981+00:00", "trace_id": null, "stage": "fuse", "event": "finish", "duration_ms": 0.063, "candidates_in": 34, "candidates_out": 23, "top_score": 0.03252247488101534}
{"ts": "2026-09-23T03:48:00.078145+00:00", "trace_id": null, "stage": "gate", "event": "start", "candidates_in": 5}
{"ts": "2026-09-23T03:48:00.078203+00:00", "trace_id": null, "stage": "gate", "event": "finish", "duration_ms": 0.058, "candidates_in": 5, "candidates_out": 5, "top_score": 0.06274247491638797}
{"ts": "2026-09-23T03:48:00.078236+00:00", "trace_id": null, "stage": "embed_query", "event": "start", "model": "Qwen/Qwen3-Embedding-0.6B"}
{"ts": "2026-09-23T03:48:00.207712+00:00", "trace_id": null, "stage": "embed_query", "event": "finish", "duration_ms": 129.473, "model": "Qwen/Qwen3-Embedding-0.6B"}
{"ts": "2026-09-23T03:48:00.207758+00:00", "trace_id": null, "stage": "dense", "event": "start"}
{"ts": "2026-09-23T03:48:00.207991+00:00", "trace_id": null, "stage": "dense", "event": "finish", "duration_ms": 0.232, "candidates_out": 20}
{"ts": "2026-09-23T03:48:00.208008+00:00", "trace_id": null, "stage": "lexical", "event": "start"}
{"ts": "2026-09-23T03:48:00.208271+00:00", "trace_id": null, "stage": "lexical", "event": "finish", "duration_ms": 0.263, "candidates_out": 20}
{"ts": "2026-09-23T03:48:00.208297+00:00", "trace_id": null, "stage": "fuse", "event": "start", "candidates_in": 33}
{"ts": "2026-09-23T03:48:00.208352+00:00", "trace_id": null, "stage": "fuse", "event": "finish", "duration_ms": 0.054, "candidates_in": 33, "candidates_out": 20, "top_score": 0.03225806451612903}
{"ts": "2026-09-23T03:48:00.210870+00:00", "trace_id": null, "stage": "gate", "event": "start", "candidates_in": 5}
{"ts": "2026-09-23T03:48:00.210924+00:00", "trace_id": null, "stage": "gate", "event": "finish", "duration_ms": 0.053, "candidates_in": 5, "candidates_out": 5, "top_score": 0.13528088803088803}
{"ts": "2026-09-23T03:48:00.210950+00:00", "trace_id": null, "stage": "embed_query", "event": "start", "model": "Qwen/Qwen3-Embedding-0.6B"}
{"ts": "2026-09-23T03:48:00.357485+00:00", "trace_id": null, "stage": "embed_query", "event": "finish", "duration_ms": 146.53, "model": "Qwen/Qwen3-Embedding-0.6B"}
{"ts": "2026-09-23T03:48:00.357535+00:00", "trace_id": null, "stage": "dense", "event": "start"}
{"ts": "2026-09-23T03:48:00.357763+00:00", "trace_id": null, "stage": "dense", "event": "finish", "duration_ms": 0.227, "candidates_out": 20}
{"ts": "2026-09-23T03:48:00.357792+00:00", "trace_id": null, "stage": "lexical", "event": "start"}
{"ts": "2026-09-23T03:48:00.358073+00:00", "trace_id": null, "stage": "lexical", "event": "finish", "duration_ms": 0.28, "candidates_out": 20}
{"ts": "2026-09-23T03:48:00.358103+00:00", "trace_id": null, "stage": "fuse", "event": "start", "candidates_in": 34}
{"ts": "2026-09-23T03:48:00.358169+00:00", "trace_id": null, "stage": "fuse", "event": "finish", "duration_ms": 0.066, "candidates_in": 34, "candidates_out": 24, "top_score": 0.03278688524590164}
{"ts": "2026-09-23T03:48:00.362103+00:00", "trace_id": null, "stage": "gate", "event": "start", "candidates_in": 5}
{"ts": "2026-09-23T03:48:00.362165+00:00", "trace_id": null, "stage": "gate", "event": "finish", "duration_ms": 0.062, "candidates_in": 5, "candidates_out": 5, "top_score": 0.08079375000000001}
{"ts": "2026-09-23T03:48:00.362205+00:00", "trace_id": null, "stage": "embed_query", "event": "start", "model": "Qwen/Qwen3-Embedding-0.6B"}
{"ts": "2026-09-23T03:48:00.498662+00:00", "trace_id": null, "stage": "embed_query", "event": "finish", "duration_ms": 136.454, "model": "Qwen/Qwen3-Embedding-0.6B"}
{"ts": "2026-09-23T03:48:00.498717+00:00", "trace_id": null, "stage": "dense", "event": "start"}
{"ts": "2026-09-23T03:48:00.498958+00:00", "trace_id": null, "stage": "dense", "event": "finish", "duration_ms": 0.24, "candidates_out": 20}
{"ts": "2026-09-23T03:48:00.498981+00:00", "trace_id": null, "stage": "lexical", "event": "start"}
{"ts": "2026-09-23T03:48:00.499240+00:00", "trace_id": null, "stage": "lexical", "event": "finish", "duration_ms": 0.259, "candidates_out": 20}
{"ts": "2026-09-23T03:48:00.499267+00:00", "trace_id": null, "stage": "fuse", "event": "start", "candidates_in": 34}
{"ts": "2026-09-23T03:48:00.499336+00:00", "trace_id": null, "stage": "fuse", "event": "finish", "duration_ms": 0.068, "candidates_in": 34, "candidates_out": 26, "top_score": 0.03278688524590164}
{"ts": "2026-09-23T03:48:00.504240+00:00", "trace_id": null, "stage": "gate", "event": "start", "candidates_in": 5}
{"ts": "2026-09-23T03:48:00.504311+00:00", "trace_id": null, "stage": "gate", "event": "finish", "duration_ms": 0.071, "candidates_in": 5, "candidates_out": 5, "top_score": 0.08524590163934427}
{"ts": "2026-09-23T03:48:00.504334+00:00", "trace_id": null, "stage": "embed_query", "event": "start", "model": "Qwen/Qwen3-Embedding-0.6B"}
{"ts": "2026-09-23T03:48:00.647213+00:00", "trace_id": null, "stage": "embed_query", "event": "finish", "duration_ms": 142.871, "model": "Qwen/Qwen3-Embedding-0.6B"}
{"ts": "2026-09-23T03:48:00.647338+00:00", "trace_id": null, "stage": "dense", "event": "start"}
{"ts": "2026-09-23T03:48:00.647564+00:00", "trace_id": null, "stage": "dense", "event": "finish", "duration_ms": 0.226, "candidates_out": 20}
{"ts": "2026-09-23T03:48:00.647588+00:00", "trace_id": null, "stage": "lexical", "event": "start"}
{"ts": "2026-09-23T03:48:00.647846+00:00", "trace_id": null, "stage": "lexical", "event": "finish", "duration_ms": 0.258, "candidates_out": 20}
{"ts": "2026-09-23T03:48:00.647872+00:00", "trace_id": null, "stage": "fuse", "event": "start", "candidates_in": 34}
{"ts": "2026-09-23T03:48:00.647968+00:00", "trace_id": null, "stage": "fuse", "event": "finish", "duration_ms": 0.096, "candidates_in": 34, "candidates_out": 26, "top_score": 0.03278688524590164}
{"ts": "2026-09-23T03:48:00.652886+00:00", "trace_id": null, "stage": "gate", "event": "start", "candidates_in": 5}
{"ts": "2026-09-23T03:48:00.652942+00:00", "trace_id": null, "stage": "gate", "event": "finish", "duration_ms": 0.055, "candidates_in": 5, "candidates_out": 5, "top_score": 0.05901639344262295}
{"ts": "2026-09-23T03:48:00.652978+00:00", "trace_id": null, "stage": "embed_query", "event": "start", "model": "Qwen/Qwen3-Embedding-0.6B"}
{"ts": "2026-09-23T03:48:00.793466+00:00", "trace_id": null, "stage": "embed_query", "event": "finish", "duration_ms": 140.484, "model": "Qwen/Qwen3-Embedding-0.6B"}
{"ts": "2026-09-23T03:48:00.793526+00:00", "trace_id": null, "stage": "dense", "event": "start"}
{"ts": "2026-09-23T03:48:00.793775+00:00", "trace_id": null, "stage": "dense", "event": "finish", "duration_ms": 0.249, "candidates_out": 20}
{"ts": "2026-09-23T03:48:00.793807+00:00", "trace_id": null, "stage": "lexical", "event": "start"}
{"ts": "2026-09-23T03:48:00.794090+00:00", "trace_id": null, "stage": "lexical", "event": "finish", "duration_ms": 0.282, "candidates_out": 20}
{"ts": "2026-09-23T03:48:00.794118+00:00", "trace_id": null, "stage": "fuse", "event": "start", "candidates_in": 32}
{"ts": "2026-09-23T03:48:00.794181+00:00", "trace_id": null, "stage": "fuse", "event": "finish", "duration_ms": 0.062, "candidates_in": 32, "candidates_out": 20, "top_score": 0.03278688524590164}
{"ts": "2026-09-23T03:48:00.796973+00:00", "trace_id": null, "stage": "gate", "event": "start", "candidates_in": 5}
{"ts": "2026-09-23T03:48:00.797041+00:00", "trace_id": null, "stage": "gate", "event": "finish", "duration_ms": 0.067, "candidates_in": 5, "candidates_out": 5, "top_score": 0.21801639344262297}
{"ts": "2026-09-23T03:48:00.797079+00:00", "trace_id": null, "stage": "embed_query", "event": "start", "model": "Qwen/Qwen3-Embedding-0.6B"}
{"ts": "2026-09-23T03:48:00.940965+00:00", "trace_id": null, "stage": "embed_query", "event": "finish", "duration_ms": 143.882, "model": "Qwen/Qwen3-Embedding-0.6B"}
{"ts": "2026-09-23T03:48:00.941021+00:00", "trace_id": null, "stage": "dense", "event": "start"}
{"ts": "2026-09-23T03:48:00.941245+00:00", "trace_id": null, "stage": "dense", "event": "finish", "duration_ms": 0.224, "candidates_out": 20}
{"ts": "2026-09-23T03:48:00.941265+00:00", "trace_id": null, "stage": "lexical", "event": "start"}
{"ts": "2026-09-23T03:48:00.941560+00:00", "trace_id": null, "stage": "lexical", "event": "finish", "duration_ms": 0.295, "candidates_out": 20}
{"ts": "2026-09-23T03:48:00.941599+00:00", "trace_id": null, "stage": "fuse", "event": "start", "candidates_in": 33}
{"ts": "2026-09-23T03:48:00.941682+00:00", "trace_id": null, "stage": "fuse", "event": "finish", "duration_ms": 0.082, "candidates_in": 33, "candidates_out": 25, "top_score": 0.032018442622950824}
{"ts": "2026-09-23T03:48:00.945896+00:00", "trace_id": null, "stage": "gate", "event": "start", "candidates_in": 5}
{"ts": "2026-09-23T03:48:00.945959+00:00", "trace_id": null, "stage": "gate", "event": "finish", "duration_ms": 0.063, "candidates_in": 5, "candidates_out": 5, "top_score": 0.09509477459016394}
{"ts": "2026-09-23T03:48:00.945992+00:00", "trace_id": null, "stage": "embed_query", "event": "start", "model": "Qwen/Qwen3-Embedding-0.6B"}
{"ts": "2026-09-23T03:48:01.083136+00:00", "trace_id": null, "stage": "embed_query", "event": "finish", "duration_ms": 137.141, "model": "Qwen/Qwen3-Embedding-0.6B"}
{"ts": "2026-09-23T03:48:01.083185+00:00", "trace_id": null, "stage": "dense", "event": "start"}
{"ts": "2026-09-23T03:48:01.083419+00:00", "trace_id": null, "stage": "dense", "event": "finish", "duration_ms": 0.233, "candidates_out": 20}
{"ts": "2026-09-23T03:48:01.083442+00:00", "trace_id": null, "stage": "lexical", "event": "start"}
{"ts": "2026-09-23T03:48:01.083739+00:00", "trace_id": null, "stage": "lexical", "event": "finish", "duration_ms": 0.297, "candidates_out": 20}
{"ts": "2026-09-23T03:48:01.083765+00:00", "trace_id": null, "stage": "fuse", "event": "start", "candidates_in": 34}
{"ts": "2026-09-23T03:48:01.083826+00:00", "trace_id": null, "stage": "fuse", "event": "finish", "duration_ms": 0.06, "candidates_in": 34, "candidates_out": 22, "top_score": 0.03278688524590164}
{"ts": "2026-09-23T03:48:01.089308+00:00", "trace_id": null, "stage": "gate", "event": "start", "candidates_in": 5}
{"ts": "2026-09-23T03:48:01.089378+00:00", "trace_id": null, "stage": "gate", "event": "finish", "duration_ms": 0.069, "candidates_in": 5, "candidates_out": 5, "top_score": 0.11360655737704918}
{"ts": "2026-09-23T03:48:01.089407+00:00", "trace_id": null, "stage": "embed_query", "event": "start", "model": "Qwen/Qwen3-Embedding-0.6B"}
{"ts": "2026-09-23T03:48:01.193688+00:00", "trace_id": null, "stage": "embed_query", "event": "finish", "duration_ms": 104.273, "model": "Qwen/Qwen3-Embedding-0.6B"}
{"ts": "2026-09-23T03:48:01.193758+00:00", "trace_id": null, "stage": "dense", "event": "start"}
{"ts": "2026-09-23T03:48:01.193983+00:00", "trace_id": null, "stage": "dense", "event": "finish", "duration_ms": 0.225, "candidates_out": 20}
{"ts": "2026-09-23T03:48:01.194004+00:00", "trace_id": null, "stage": "lexical", "event": "start"}
{"ts": "2026-09-23T03:48:01.194253+00:00", "trace_id": null, "stage": "lexical", "event": "finish", "duration_ms": 0.248, "candidates_out": 20}
{"ts": "2026-09-23T03:48:01.194288+00:00", "trace_id": null, "stage": "fuse", "event": "start", "candidates_in": 30}
{"ts": "2026-09-23T03:48:01.194357+00:00", "trace_id": null, "stage": "fuse", "event": "finish", "duration_ms": 0.068, "candidates_in": 30, "candidates_out": 25, "top_score": 0.03278688524590164}
{"ts": "2026-09-23T03:48:01.200736+00:00", "trace_id": null, "stage": "gate", "event": "start", "candidates_in": 5}
{"ts": "2026-09-23T03:48:01.200797+00:00", "trace_id": null, "stage": "gate", "event": "finish", "duration_ms": 0.06, "candidates_in": 5, "candidates_out": 5, "top_score": 0.11147540983606559}
{"ts": "2026-09-23T03:48:01.200825+00:00", "trace_id": null, "stage": "embed_query", "event": "start", "model": "Qwen/Qwen3-Embedding-0.6B"}
{"ts": "2026-09-23T03:48:01.298634+00:00", "trace_id": null, "stage": "embed_query", "event": "finish", "duration_ms": 97.804, "model": "Qwen/Qwen3-Embedding-0.6B"}
{"ts": "2026-09-23T03:48:01.298684+00:00", "trace_id": null, "stage": "dense", "event": "start"}
{"ts": "2026-09-23T03:48:01.298931+00:00", "trace_id": null, "stage": "dense", "event": "finish", "duration_ms": 0.246, "candidates_out": 20}
{"ts": "2026-09-23T03:48:01.298959+00:00", "trace_id": null, "stage": "lexical", "event": "start"}
{"ts": "2026-09-23T03:48:01.299259+00:00", "trace_id": null, "stage": "lexical", "event": "finish", "duration_ms": 0.3, "candidates_out": 20}
{"ts": "2026-09-23T03:48:01.299288+00:00", "trace_id": null, "stage": "fuse", "event": "start", "candidates_in": 30}
{"ts": "2026-09-23T03:48:01.299358+00:00", "trace_id": null, "stage": "fuse", "event": "finish", "duration_ms": 0.07, "candidates_in": 30, "candidates_out": 22, "top_score": 0.03278688524590164}
{"ts": "2026-09-23T03:48:01.304655+00:00", "trace_id": null, "stage": "gate", "event": "start", "candidates_in": 5}
{"ts": "2026-09-23T03:48:01.304753+00:00", "trace_id": null, "stage": "gate", "event": "finish", "duration_ms": 0.098, "candidates_in": 5, "candidates_out": 5, "top_score": 0.14614285714285713}
{"ts": "2026-09-23T03:48:01.304787+00:00", "trace_id": null, "stage": "embed_query", "event": "start", "model": "Qwen/Qwen3-Embedding-0.6B"}
{"ts": "2026-09-23T03:48:01.353368+00:00", "trace_id": null, "stage": "embed_query", "event": "finish", "duration_ms": 48.577, "model": "Qwen/Qwen3-Embedding-0.6B"}
{"ts": "2026-09-23T03:48:01.353424+00:00", "trace_id": null, "stage": "dense", "event": "start"}
{"ts": "2026-09-23T03:48:01.353681+00:00", "trace_id": null, "stage": "dense", "event": "finish", "duration_ms": 0.256, "candidates_out": 20}
{"ts": "2026-09-23T03:48:01.353709+00:00", "trace_id": null, "stage": "lexical", "event": "start"}
{"ts": "2026-09-23T03:48:01.354008+00:00", "trace_id": null, "stage": "lexical", "event": "finish", "duration_ms": 0.298, "candidates_out": 20}
{"ts": "2026-09-23T03:48:01.354035+00:00", "trace_id": null, "stage": "fuse", "event": "start", "candidates_in": 30}
{"ts": "2026-09-23T03:48:01.354112+00:00", "trace_id": null, "stage": "fuse", "event": "finish", "duration_ms": 0.076, "candidates_in": 30, "candidates_out": 21, "top_score": 0.03252247488101534}
{"ts": "2026-09-23T03:48:01.359720+00:00", "trace_id": null, "stage": "gate", "event": "start", "candidates_in": 5}
{"ts": "2026-09-23T03:48:01.359797+00:00", "trace_id": null, "stage": "gate", "event": "finish", "duration_ms": 0.078, "candidates_in": 5, "candidates_out": 5, "top_score": 0.21455581576893054}
{"ts": "2026-09-23T03:48:01.359830+00:00", "trace_id": null, "stage": "embed_query", "event": "start", "model": "Qwen/Qwen3-Embedding-0.6B"}
{"ts": "2026-09-23T03:48:01.412968+00:00", "trace_id": null, "stage": "embed_query", "event": "finish", "duration_ms": 53.13, "model": "Qwen/Qwen3-Embedding-0.6B"}
{"ts": "2026-09-23T03:48:01.413079+00:00", "trace_id": null, "stage": "dense", "event": "start"}
{"ts": "2026-09-23T03:48:01.413400+00:00", "trace_id": null, "stage": "dense", "event": "finish", "duration_ms": 0.322, "candidates_out": 20}
{"ts": "2026-09-23T03:48:01.413434+00:00", "trace_id": null, "stage": "lexical", "event": "start"}
{"ts": "2026-09-23T03:48:01.413833+00:00", "trace_id": null, "stage": "lexical", "event": "finish", "duration_ms": 0.398, "candidates_out": 19}
{"ts": "2026-09-23T03:48:01.413870+00:00", "trace_id": null, "stage": "fuse", "event": "start", "candidates_in": 26}
{"ts": "2026-09-23T03:48:01.413957+00:00", "trace_id": null, "stage": "fuse", "event": "finish", "duration_ms": 0.086, "candidates_in": 26, "candidates_out": 16, "top_score": 0.03278688524590164}
{"ts": "2026-09-23T03:48:01.419054+00:00", "trace_id": null, "stage": "gate", "event": "start", "candidates_in": 5}
{"ts": "2026-09-23T03:48:01.419136+00:00", "trace_id": null, "stage": "gate", "event": "finish", "duration_ms": 0.08, "candidates_in": 5, "candidates_out": 5, "top_score": 0.21801639344262297}
{"ts": "2026-09-23T03:48:01.419182+00:00", "trace_id": null, "stage": "embed_query", "event": "start", "model": "Qwen/Qwen3-Embedding-0.6B"}
{"ts": "2026-09-23T03:48:01.471831+00:00", "trace_id": null, "stage": "embed_query", "event": "finish", "duration_ms": 52.644, "model": "Qwen/Qwen3-Embedding-0.6B"}
{"ts": "2026-09-23T03:48:01.471903+00:00", "trace_id": null, "stage": "dense", "event": "start"}
{"ts": "2026-09-23T03:48:01.472209+00:00", "trace_id": null, "stage": "dense", "event": "finish", "duration_ms": 0.305, "candidates_out": 20}
{"ts": "2026-09-23T03:48:01.472236+00:00", "trace_id": null, "stage": "lexical", "event": "start"}
{"ts": "2026-09-23T03:48:01.472583+00:00", "trace_id": null, "stage": "lexical", "event": "finish", "duration_ms": 0.346, "candidates_out": 14}
{"ts": "2026-09-23T03:48:01.472616+00:00", "trace_id": null, "stage": "fuse", "event": "start", "candidates_in": 26}
{"ts": "2026-09-23T03:48:01.472739+00:00", "trace_id": null, "stage": "fuse", "event": "finish", "duration_ms": 0.123, "candidates_in": 26, "candidates_out": 16, "top_score": 0.03278688524590164}
{"ts": "2026-09-23T03:48:01.476270+00:00", "trace_id": null, "stage": "gate", "event": "start", "candidates_in": 5}
{"ts": "2026-09-23T03:48:01.476373+00:00", "trace_id": null, "stage": "gate", "event": "finish", "duration_ms": 0.103, "candidates_in": 5, "candidates_out": 5, "top_score": 0.11147540983606559}
{"ts": "2026-09-23T03:48:01.476408+00:00", "trace_id": null, "stage": "embed_query", "event": "start", "model": "Qwen/Qwen3-Embedding-0.6B"}
{"ts": "2026-09-23T03:48:01.533154+00:00", "trace_id": null, "stage": "embed_query", "event": "finish", "duration_ms": 56.742, "model": "Qwen/Qwen3-Embedding-0.6B"}
{"ts": "2026-09-23T03:48:01.533207+00:00", "trace_id": null, "stage": "dense", "event": "start"}
{"ts": "2026-09-23T03:48:01.533488+00:00", "trace_id": null, "stage": "dense", "event": "finish", "duration_ms": 0.281, "candidates_out": 20}
{"ts": "2026-09-23T03:48:01.533509+00:00", "trace_id": null, "stage": "lexical", "event": "start"}
{"ts": "2026-09-23T03:48:01.533876+00:00", "trace_id": null, "stage": "lexical", "event": "finish", "duration_ms": 0.365, "candidates_out": 20}
{"ts": "2026-09-23T03:48:01.533916+00:00", "trace_id": null, "stage": "fuse", "event": "start", "candidates_in": 28}
{"ts": "2026-09-23T03:48:01.534015+00:00", "trace_id": null, "stage": "fuse", "event": "finish", "duration_ms": 0.098, "candidates_in": 28, "candidates_out": 22, "top_score": 0.03252247488101534}
{"ts": "2026-09-23T03:48:01.540573+00:00", "trace_id": null, "stage": "gate", "event": "start", "candidates_in": 5}
{"ts": "2026-09-23T03:48:01.540710+00:00", "trace_id": null, "stage": "gate", "event": "finish", "duration_ms": 0.134, "candidates_in": 5, "candidates_out": 5, "top_score": 0.1395214172395558}
{"ts": "2026-09-23T03:48:01.540787+00:00", "trace_id": null, "stage": "embed_query", "event": "start", "model": "Qwen/Qwen3-Embedding-0.6B"}
{"ts": "2026-09-23T03:48:01.596476+00:00", "trace_id": null, "stage": "embed_query", "event": "finish", "duration_ms": 55.687, "model": "Qwen/Qwen3-Embedding-0.6B"}
{"ts": "2026-09-23T03:48:01.596544+00:00", "trace_id": null, "stage": "dense", "event": "start"}
{"ts": "2026-09-23T03:48:01.596824+00:00", "trace_id": null, "stage": "dense", "event": "finish", "duration_ms": 0.279, "candidates_out": 20}
{"ts": "2026-09-23T03:48:01.596851+00:00", "trace_id": null, "stage": "lexical", "event": "start"}
{"ts": "2026-09-23T03:48:01.597195+00:00", "trace_id": null, "stage": "lexical", "event": "finish", "duration_ms": 0.345, "candidates_out": 20}
{"ts": "2026-09-23T03:48:01.597226+00:00", "trace_id": null, "stage": "fuse", "event": "start", "candidates_in": 30}
{"ts": "2026-09-23T03:48:01.597293+00:00", "trace_id": null, "stage": "fuse", "event": "finish", "duration_ms": 0.067, "candidates_in": 30, "candidates_out": 21, "top_score": 0.032266458495966696}
{"ts": "2026-09-23T03:48:01.603165+00:00", "trace_id": null, "stage": "gate", "event": "start", "candidates_in": 5}
{"ts": "2026-09-23T03:48:01.603233+00:00", "trace_id": null, "stage": "gate", "event": "finish", "duration_ms": 0.068, "candidates_in": 5, "candidates_out": 5, "top_score": 0.07809615384615384}
{"ts": "2026-09-23T03:48:01.603262+00:00", "trace_id": null, "stage": "embed_query", "event": "start", "model": "Qwen/Qwen3-Embedding-0.6B"}
{"ts": "2026-09-23T03:48:01.656392+00:00", "trace_id": null, "stage": "embed_query", "event": "finish", "duration_ms": 53.126, "model": "Qwen/Qwen3-Embedding-0.6B"}
{"ts": "2026-09-23T03:48:01.656454+00:00", "trace_id": null, "stage": "dense", "event": "start"}
{"ts": "2026-09-23T03:48:01.656775+00:00", "trace_id": null, "stage": "dense", "event": "finish", "duration_ms": 0.321, "candidates_out": 20}
{"ts": "2026-09-23T03:48:01.656796+00:00", "trace_id": null, "stage": "lexical", "event": "start"}
{"ts": "2026-09-23T03:48:01.657175+00:00", "trace_id": null, "stage": "lexical", "event": "finish", "duration_ms": 0.378, "candidates_out": 20}
{"ts": "2026-09-23T03:48:01.657204+00:00", "trace_id": null, "stage": "fuse", "event": "start", "candidates_in": 27}
{"ts": "2026-09-23T03:48:01.657302+00:00", "trace_id": null, "stage": "fuse", "event": "finish", "duration_ms": 0.097, "candidates_in": 27, "candidates_out": 19, "top_score": 0.032266458495966696}
{"ts": "2026-09-23T03:48:01.662872+00:00", "trace_id": null, "stage": "gate", "event": "start", "candidates_in": 5}
{"ts": "2026-09-23T03:48:01.663210+00:00", "trace_id": null, "stage": "gate", "event": "finish", "duration_ms": 0.338, "candidates_in": 5, "candidates_out": 6, "top_score": 0.08303225806451611}
{"ts": "2026-09-23T03:48:01.663255+00:00", "trace_id": null, "stage": "embed_query", "event": "start", "model": "Qwen/Qwen3-Embedding-0.6B"}
{"ts": "2026-09-23T03:48:01.712454+00:00", "trace_id": null, "stage": "embed_query", "event": "finish", "duration_ms": 49.194, "model": "Qwen/Qwen3-Embedding-0.6B"}
{"ts": "2026-09-23T03:48:01.712512+00:00", "trace_id": null, "stage": "dense", "event": "start"}
{"ts": "2026-09-23T03:48:01.712817+00:00", "trace_id": null, "stage": "dense", "event": "finish", "duration_ms": 0.303, "candidates_out": 20}
{"ts": "2026-09-23T03:48:01.712856+00:00", "trace_id": null, "stage": "lexical", "event": "start"}
{"ts": "2026-09-23T03:48:01.713252+00:00", "trace_id": null, "stage": "lexical", "event": "finish", "duration_ms": 0.397, "candidates_out": 20}
{"ts": "2026-09-23T03:48:01.713284+00:00", "trace_id": null, "stage": "fuse", "event": "start", "candidates_in": 25}
{"ts": "2026-09-23T03:48:01.713359+00:00", "trace_id": null, "stage": "fuse", "event": "finish", "duration_ms": 0.074, "candidates_in": 25, "candidates_out": 19, "top_score": 0.032018442622950824}
{"ts": "2026-09-23T03:48:01.717089+00:00", "trace_id": null, "stage": "gate", "event": "start", "candidates_in": 5}
{"ts": "2026-09-23T03:48:01.717149+00:00", "trace_id": null, "stage": "gate", "event": "finish", "duration_ms": 0.061, "candidates_in": 5, "candidates_out": 5, "top_score": 0.06365097588978187}
{"ts": "2026-09-23T03:48:01.717178+00:00", "trace_id": null, "stage": "embed_query", "event": "start", "model": "Qwen/Qwen3-Embedding-0.6B"}
{"ts": "2026-09-23T03:48:01.768797+00:00", "trace_id": null, "stage": "embed_query", "event": "finish", "duration_ms": 51.614, "model": "Qwen/Qwen3-Embedding-0.6B"}
{"ts": "2026-09-23T03:48:01.768919+00:00", "trace_id": null, "stage": "dense", "event": "start"}
{"ts": "2026-09-23T03:48:01.769158+00:00", "trace_id": null, "stage": "dense", "event": "finish", "duration_ms": 0.239, "candidates_out": 20}
{"ts": "2026-09-23T03:48:01.769178+00:00", "trace_id": null, "stage": "lexical", "event": "start"}
{"ts": "2026-09-23T03:48:01.769528+00:00", "trace_id": null, "stage": "lexical", "event": "finish", "duration_ms": 0.349, "candidates_out": 20}
{"ts": "2026-09-23T03:48:01.769555+00:00", "trace_id": null, "stage": "fuse", "event": "start", "candidates_in": 21}
{"ts": "2026-09-23T03:48:01.769638+00:00", "trace_id": null, "stage": "fuse", "event": "finish", "duration_ms": 0.083, "candidates_in": 21, "candidates_out": 15, "top_score": 0.032018442622950824}
{"ts": "2026-09-23T03:48:01.772686+00:00", "trace_id": null, "stage": "gate", "event": "start", "candidates_in": 5}
{"ts": "2026-09-23T03:48:01.772766+00:00", "trace_id": null, "stage": "gate", "event": "finish", "duration_ms": 0.076, "candidates_in": 5, "candidates_out": 5, "top_score": 0.08184523809523808}
{"ts": "2026-09-23T03:48:01.772802+00:00", "trace_id": null, "stage": "embed_query", "event": "start", "model": "Qwen/Qwen3-Embedding-0.6B"}
{"ts": "2026-09-23T03:48:01.823900+00:00", "trace_id": null, "stage": "embed_query", "event": "finish", "duration_ms": 51.092, "model": "Qwen/Qwen3-Embedding-0.6B"}
{"ts": "2026-09-23T03:48:01.823970+00:00", "trace_id": null, "stage": "dense", "event": "start"}
{"ts": "2026-09-23T03:48:01.824232+00:00", "trace_id": null, "stage": "dense", "event": "finish", "duration_ms": 0.262, "candidates_out": 20}
{"ts": "2026-09-23T03:48:01.824257+00:00", "trace_id": null, "stage": "lexical", "event": "start"}
{"ts": "2026-09-23T03:48:01.824577+00:00", "trace_id": null, "stage": "lexical", "event": "finish", "duration_ms": 0.32, "candidates_out": 20}
{"ts": "2026-09-23T03:48:01.824611+00:00", "trace_id": null, "stage": "fuse", "event": "start", "candidates_in": 24}
{"ts": "2026-09-23T03:48:01.824682+00:00", "trace_id": null, "stage": "fuse", "event": "finish", "duration_ms": 0.071, "candidates_in": 24, "candidates_out": 18, "top_score": 0.032018442622950824}
{"ts": "2026-09-23T03:48:01.828260+00:00", "trace_id": null, "stage": "gate", "event": "start", "candidates_in": 5}
{"ts": "2026-09-23T03:48:01.828320+00:00", "trace_id": null, "stage": "gate", "event": "finish", "duration_ms": 0.06, "candidates_in": 5, "candidates_out": 5, "top_score": 0.06319004524886879}
{"ts": "2026-09-23T03:48:01.828353+00:00", "trace_id": null, "stage": "embed_query", "event": "start", "model": "Qwen/Qwen3-Embedding-0.6B"}
{"ts": "2026-09-23T03:48:01.864413+00:00", "trace_id": null, "stage": "embed_query", "event": "finish", "duration_ms": 36.056, "model": "Qwen/Qwen3-Embedding-0.6B"}
{"ts": "2026-09-23T03:48:01.864463+00:00", "trace_id": null, "stage": "dense", "event": "start"}
{"ts": "2026-09-23T03:48:01.864723+00:00", "trace_id": null, "stage": "dense", "event": "finish", "duration_ms": 0.259, "candidates_out": 20}
{"ts": "2026-09-23T03:48:01.864752+00:00", "trace_id": null, "stage": "lexical", "event": "start"}
{"ts": "2026-09-23T03:48:01.865066+00:00", "trace_id": null, "stage": "lexical", "event": "finish", "duration_ms": 0.314, "candidates_out": 20}
{"ts": "2026-09-23T03:48:01.865095+00:00", "trace_id": null, "stage": "fuse", "event": "start", "candidates_in": 36}
{"ts": "2026-09-23T03:48:01.865163+00:00", "trace_id": null, "stage": "fuse", "event": "finish", "duration_ms": 0.068, "candidates_in": 36, "candidates_out": 27, "top_score": 0.03278688524590164}
{"ts": "2026-09-23T03:48:01.871366+00:00", "trace_id": null, "stage": "gate", "event": "start", "candidates_in": 5}
{"ts": "2026-09-23T03:48:01.871438+00:00", "trace_id": null, "stage": "gate", "event": "finish", "duration_ms": 0.073, "candidates_in": 5, "candidates_out": 5, "top_score": 0.08472049689440994}
{"ts": "2026-09-23T03:48:01.871467+00:00", "trace_id": null, "stage": "embed_query", "event": "start", "model": "Qwen/Qwen3-Embedding-0.6B"}
{"ts": "2026-09-23T03:48:01.902856+00:00", "trace_id": null, "stage": "embed_query", "event": "finish", "duration_ms": 31.387, "model": "Qwen/Qwen3-Embedding-0.6B"}
{"ts": "2026-09-23T03:48:01.902891+00:00", "trace_id": null, "stage": "dense", "event": "start"}
{"ts": "2026-09-23T03:48:01.903091+00:00", "trace_id": null, "stage": "dense", "event": "finish", "duration_ms": 0.2, "candidates_out": 20}
{"ts": "2026-09-23T03:48:01.903109+00:00", "trace_id": null, "stage": "lexical", "event": "start"}
{"ts": "2026-09-23T03:48:01.903367+00:00", "trace_id": null, "stage": "lexical", "event": "finish", "duration_ms": 0.258, "candidates_out": 20}
{"ts": "2026-09-23T03:48:01.903391+00:00", "trace_id": null, "stage": "fuse", "event": "start", "candidates_in": 29}
{"ts": "2026-09-23T03:48:01.903468+00:00", "trace_id": null, "stage": "fuse", "event": "finish", "duration_ms": 0.076, "candidates_in": 29, "candidates_out": 19, "top_score": 0.03278688524590164}
{"ts": "2026-09-23T03:48:01.908326+00:00", "trace_id": null, "stage": "gate", "event": "start", "candidates_in": 5}
{"ts": "2026-09-23T03:48:01.908402+00:00", "trace_id": null, "stage": "gate", "event": "finish", "duration_ms": 0.077, "candidates_in": 5, "candidates_out": 5, "top_score": 0.1361904761904762}
{"ts": "2026-09-23T03:48:01.908431+00:00", "trace_id": null, "stage": "embed_query", "event": "start", "model": "Qwen/Qwen3-Embedding-0.6B"}
{"ts": "2026-09-23T03:48:01.933342+00:00", "trace_id": null, "stage": "embed_query", "event": "finish", "duration_ms": 24.908, "model": "Qwen/Qwen3-Embedding-0.6B"}
{"ts": "2026-09-23T03:48:01.933407+00:00", "trace_id": null, "stage": "dense", "event": "start"}
{"ts": "2026-09-23T03:48:01.933581+00:00", "trace_id": null, "stage": "dense", "event": "finish", "duration_ms": 0.174, "candidates_out": 20}
{"ts": "2026-09-23T03:48:01.933598+00:00", "trace_id": null, "stage": "lexical", "event": "start"}
{"ts": "2026-09-23T03:48:01.933855+00:00", "trace_id": null, "stage": "lexical", "event": "finish", "duration_ms": 0.258, "candidates_out": 20}
{"ts": "2026-09-23T03:48:01.933879+00:00", "trace_id": null, "stage": "fuse", "event": "start", "candidates_in": 31}
{"ts": "2026-09-23T03:48:01.933955+00:00", "trace_id": null, "stage": "fuse", "event": "finish", "duration_ms": 0.076, "candidates_in": 31, "candidates_out": 20, "top_score": 0.03278688524590164}
{"ts": "2026-09-23T03:48:01.937196+00:00", "trace_id": null, "stage": "gate", "event": "start", "candidates_in": 5}
{"ts": "2026-09-23T03:48:01.937257+00:00", "trace_id": null, "stage": "gate", "event": "finish", "duration_ms": 0.062, "candidates_in": 5, "candidates_out": 5, "top_score": 0.08615934412444817}
{"ts": "2026-09-23T03:48:01.937283+00:00", "trace_id": null, "stage": "embed_query", "event": "start", "model": "Qwen/Qwen3-Embedding-0.6B"}
{"ts": "2026-09-23T03:48:01.961470+00:00", "trace_id": null, "stage": "embed_query", "event": "finish", "duration_ms": 24.184, "model": "Qwen/Qwen3-Embedding-0.6B"}
{"ts": "2026-09-23T03:48:01.961531+00:00", "trace_id": null, "stage": "dense", "event": "start"}
{"ts": "2026-09-23T03:48:01.961709+00:00", "trace_id": null, "stage": "dense", "event": "finish", "duration_ms": 0.178, "candidates_out": 20}
{"ts": "2026-09-23T03:48:01.961726+00:00", "trace_id": null, "stage": "lexical", "event": "start"}
{"ts": "2026-09-23T03:48:01.961988+00:00", "trace_id": null, "stage": "lexical", "event": "finish", "duration_ms": 0.262, "candidates_out": 20}
{"ts": "2026-09-23T03:48:01.962019+00:00", "trace_id": null, "stage": "fuse", "event": "start", "candidates_in": 27}
{"ts": "2026-09-23T03:48:01.962092+00:00", "trace_id": null, "stage": "fuse", "event": "finish", "duration_ms": 0.074, "candidates_in": 27, "candidates_out": 20, "top_score": 0.03252247488101534}
{"ts": "2026-09-23T03:48:01.966452+00:00", "trace_id": null, "stage": "gate", "event": "start", "candidates_in": 5}
{"ts": "2026-09-23T03:48:01.966517+00:00", "trace_id": null, "stage": "gate", "event": "finish", "duration_ms": 0.066, "candidates_in": 5, "candidates_out": 5, "top_score": 0.053662083553675306}
{"ts": "2026-09-23T03:48:01.966543+00:00", "trace_id": null, "stage": "embed_query", "event": "start", "model": "Qwen/Qwen3-Embedding-0.6B"}
{"ts": "2026-09-23T03:48:01.991163+00:00", "trace_id": null, "stage": "embed_query", "event": "finish", "duration_ms": 24.617, "model": "Qwen/Qwen3-Embedding-0.6B"}
{"ts": "2026-09-23T03:48:01.991223+00:00", "trace_id": null, "stage": "dense", "event": "start"}
{"ts": "2026-09-23T03:48:01.991415+00:00", "trace_id": null, "stage": "dense", "event": "finish", "duration_ms": 0.192, "candidates_out": 20}
{"ts": "2026-09-23T03:48:01.991452+00:00", "trace_id": null, "stage": "lexical", "event": "start"}
{"ts": "2026-09-23T03:48:01.991725+00:00", "trace_id": null, "stage": "lexical", "event": "finish", "duration_ms": 0.273, "candidates_out": 20}
{"ts": "2026-09-23T03:48:01.991750+00:00", "trace_id": null, "stage": "fuse", "event": "start", "candidates_in": 31}
{"ts": "2026-09-23T03:48:01.991825+00:00", "trace_id": null, "stage": "fuse", "event": "finish", "duration_ms": 0.074, "candidates_in": 31, "candidates_out": 23, "top_score": 0.03278688524590164}
{"ts": "2026-09-23T03:48:01.996192+00:00", "trace_id": null, "stage": "gate", "event": "start", "candidates_in": 5}
{"ts": "2026-09-23T03:48:01.996263+00:00", "trace_id": null, "stage": "gate", "event": "finish", "duration_ms": 0.072, "candidates_in": 5, "candidates_out": 5, "top_score": 0.06774193548387097}
{"ts": "2026-09-23T03:48:01.996287+00:00", "trace_id": null, "stage": "embed_query", "event": "start", "model": "Qwen/Qwen3-Embedding-0.6B"}
{"ts": "2026-09-23T03:48:02.019734+00:00", "trace_id": null, "stage": "embed_query", "event": "finish", "duration_ms": 23.444, "model": "Qwen/Qwen3-Embedding-0.6B"}
{"ts": "2026-09-23T03:48:02.019791+00:00", "trace_id": null, "stage": "dense", "event": "start"}
{"ts": "2026-09-23T03:48:02.019969+00:00", "trace_id": null, "stage": "dense", "event": "finish", "duration_ms": 0.177, "candidates_out": 20}
{"ts": "2026-09-23T03:48:02.019996+00:00", "trace_id": null, "stage": "lexical", "event": "start"}
{"ts": "2026-09-23T03:48:02.020274+00:00", "trace_id": null, "stage": "lexical", "event": "finish", "duration_ms": 0.278, "candidates_out": 20}
{"ts": "2026-09-23T03:48:02.020318+00:00", "trace_id": null, "stage": "fuse", "event": "start", "candidates_in": 30}
{"ts": "2026-09-23T03:48:02.020428+00:00", "trace_id": null, "stage": "fuse", "event": "finish", "duration_ms": 0.11, "candidates_in": 30, "candidates_out": 20, "top_score": 0.03252247488101534}
{"ts": "2026-09-23T03:48:02.023776+00:00", "trace_id": null, "stage": "gate", "event": "start", "candidates_in": 5}
{"ts": "2026-09-23T03:48:02.023839+00:00", "trace_id": null, "stage": "gate", "event": "finish", "duration_ms": 0.064, "candidates_in": 5, "candidates_out": 5, "top_score": 0.0559787849566056}
{"ts": "2026-09-23T03:48:02.023864+00:00", "trace_id": null, "stage": "embed_query", "event": "start", "model": "Qwen/Qwen3-Embedding-0.6B"}
{"ts": "2026-09-23T03:48:02.048139+00:00", "trace_id": null, "stage": "embed_query", "event": "finish", "duration_ms": 24.272, "model": "Qwen/Qwen3-Embedding-0.6B"}
{"ts": "2026-09-23T03:48:02.048194+00:00", "trace_id": null, "stage": "dense", "event": "start"}
{"ts": "2026-09-23T03:48:02.048368+00:00", "trace_id": null, "stage": "dense", "event": "finish", "duration_ms": 0.174, "candidates_out": 20}
{"ts": "2026-09-23T03:48:02.048407+00:00", "trace_id": null, "stage": "lexical", "event": "start"}
{"ts": "2026-09-23T03:48:02.048668+00:00", "trace_id": null, "stage": "lexical", "event": "finish", "duration_ms": 0.262, "candidates_out": 20}
{"ts": "2026-09-23T03:48:02.048692+00:00", "trace_id": null, "stage": "fuse", "event": "start", "candidates_in": 32}
{"ts": "2026-09-23T03:48:02.048764+00:00", "trace_id": null, "stage": "fuse", "event": "finish", "duration_ms": 0.072, "candidates_in": 32, "candidates_out": 22, "top_score": 0.03252247488101534}
{"ts": "2026-09-23T03:48:02.054049+00:00", "trace_id": null, "stage": "gate", "event": "start", "candidates_in": 5}
{"ts": "2026-09-23T03:48:02.054101+00:00", "trace_id": null, "stage": "gate", "event": "finish", "duration_ms": 0.052, "candidates_in": 5, "candidates_out": 5, "top_score": 0.08455843469063988}
{"ts": "2026-09-23T03:48:02.054125+00:00", "trace_id": null, "stage": "embed_query", "event": "start", "model": "Qwen/Qwen3-Embedding-0.6B"}
{"ts": "2026-09-23T03:48:02.077045+00:00", "trace_id": null, "stage": "embed_query", "event": "finish", "duration_ms": 22.917, "model": "Qwen/Qwen3-Embedding-0.6B"}
{"ts": "2026-09-23T03:48:02.077105+00:00", "trace_id": null, "stage": "dense", "event": "start"}
{"ts": "2026-09-23T03:48:02.077283+00:00", "trace_id": null, "stage": "dense", "event": "finish", "duration_ms": 0.179, "candidates_out": 20}
{"ts": "2026-09-23T03:48:02.077299+00:00", "trace_id": null, "stage": "lexical", "event": "start"}
{"ts": "2026-09-23T03:48:02.077556+00:00", "trace_id": null, "stage": "lexical", "event": "finish", "duration_ms": 0.257, "candidates_out": 20}
{"ts": "2026-09-23T03:48:02.077578+00:00", "trace_id": null, "stage": "fuse", "event": "start", "candidates_in": 29}
{"ts": "2026-09-23T03:48:02.077641+00:00", "trace_id": null, "stage": "fuse", "event": "finish", "duration_ms": 0.063, "candidates_in": 29, "candidates_out": 19, "top_score": 0.032266458495966696}
{"ts": "2026-09-23T03:48:02.080782+00:00", "trace_id": null, "stage": "gate", "event": "start", "candidates_in": 5}
{"ts": "2026-09-23T03:48:02.080842+00:00", "trace_id": null, "stage": "gate", "event": "finish", "duration_ms": 0.061, "candidates_in": 5, "candidates_out": 5, "top_score": 0.14389450549450547}
{"ts": "2026-09-23T03:48:02.080875+00:00", "trace_id": null, "stage": "embed_query", "event": "start", "model": "Qwen/Qwen3-Embedding-0.6B"}
{"ts": "2026-09-23T03:48:02.103121+00:00", "trace_id": null, "stage": "embed_query", "event": "finish", "duration_ms": 22.245, "model": "Qwen/Qwen3-Embedding-0.6B"}
{"ts": "2026-09-23T03:48:02.103170+00:00", "trace_id": null, "stage": "dense", "event": "start"}
{"ts": "2026-09-23T03:48:02.103334+00:00", "trace_id": null, "stage": "dense", "event": "finish", "duration_ms": 0.164, "candidates_out": 20}
{"ts": "2026-09-23T03:48:02.103348+00:00", "trace_id": null, "stage": "lexical", "event": "start"}
{"ts": "2026-09-23T03:48:02.103680+00:00", "trace_id": null, "stage": "lexical", "event": "finish", "duration_ms": 0.332, "candidates_out": 20}
{"ts": "2026-09-23T03:48:02.103712+00:00", "trace_id": null, "stage": "fuse", "event": "start", "candidates_in": 32}
{"ts": "2026-09-23T03:48:02.103791+00:00", "trace_id": null, "stage": "fuse", "event": "finish", "duration_ms": 0.079, "candidates_in": 32, "candidates_out": 18, "top_score": 0.03278688524590164}
{"ts": "2026-09-23T03:48:02.105882+00:00", "trace_id": null, "stage": "gate", "event": "start", "candidates_in": 5}
{"ts": "2026-09-23T03:48:02.105935+00:00", "trace_id": null, "stage": "gate", "event": "finish", "duration_ms": 0.053, "candidates_in": 5, "candidates_out": 5, "top_score": 0.28509836065573774}
{"ts": "2026-09-23T03:48:02.105960+00:00", "trace_id": null, "stage": "embed_query", "event": "start", "model": "Qwen/Qwen3-Embedding-0.6B"}
{"ts": "2026-09-23T03:48:02.129471+00:00", "trace_id": null, "stage": "embed_query", "event": "finish", "duration_ms": 23.509, "model": "Qwen/Qwen3-Embedding-0.6B"}
{"ts": "2026-09-23T03:48:02.129513+00:00", "trace_id": null, "stage": "dense", "event": "start"}
{"ts": "2026-09-23T03:48:02.129778+00:00", "trace_id": null, "stage": "dense", "event": "finish", "duration_ms": 0.265, "candidates_out": 20}
{"ts": "2026-09-23T03:48:02.129805+00:00", "trace_id": null, "stage": "lexical", "event": "start"}
{"ts": "2026-09-23T03:48:02.130116+00:00", "trace_id": null, "stage": "lexical", "event": "finish", "duration_ms": 0.311, "candidates_out": 20}
{"ts": "2026-09-23T03:48:02.130140+00:00", "trace_id": null, "stage": "fuse", "event": "start", "candidates_in": 33}
{"ts": "2026-09-23T03:48:02.130207+00:00", "trace_id": null, "stage": "fuse", "event": "finish", "duration_ms": 0.067, "candidates_in": 33, "candidates_out": 20, "top_score": 0.03278688524590164}
{"ts": "2026-09-23T03:48:02.134960+00:00", "trace_id": null, "stage": "gate", "event": "start", "candidates_in": 5}
{"ts": "2026-09-23T03:48:02.135011+00:00", "trace_id": null, "stage": "gate", "event": "finish", "duration_ms": 0.051, "candidates_in": 5, "candidates_out": 5, "top_score": 0.28509836065573774}
{"ts": "2026-09-23T03:48:02.135036+00:00", "trace_id": null, "stage": "embed_query", "event": "start", "model": "Qwen/Qwen3-Embedding-0.6B"}
{"ts": "2026-09-23T03:48:02.157858+00:00", "trace_id": null, "stage": "embed_query", "event": "finish", "duration_ms": 22.82, "model": "Qwen/Qwen3-Embedding-0.6B"}
{"ts": "2026-09-23T03:48:02.157913+00:00", "trace_id": null, "stage": "dense", "event": "start"}
{"ts": "2026-09-23T03:48:02.158081+00:00", "trace_id": null, "stage": "dense", "event": "finish", "duration_ms": 0.168, "candidates_out": 20}
{"ts": "2026-09-23T03:48:02.158096+00:00", "trace_id": null, "stage": "lexical", "event": "start"}
{"ts": "2026-09-23T03:48:02.158301+00:00", "trace_id": null, "stage": "lexical", "event": "finish", "duration_ms": 0.205, "candidates_out": 13}
{"ts": "2026-09-23T03:48:02.158321+00:00", "trace_id": null, "stage": "fuse", "event": "start", "candidates_in": 25}
{"ts": "2026-09-23T03:48:02.158395+00:00", "trace_id": null, "stage": "fuse", "event": "finish", "duration_ms": 0.073, "candidates_in": 25, "candidates_out": 19, "top_score": 0.03278688524590164}
{"ts": "2026-09-23T03:48:02.162342+00:00", "trace_id": null, "stage": "gate", "event": "start", "candidates_in": 5}
{"ts": "2026-09-23T03:48:02.162398+00:00", "trace_id": null, "stage": "gate", "event": "finish", "duration_ms": 0.056, "candidates_in": 5, "candidates_out": 5, "top_score": 0.05901639344262295}
{"ts": "2026-09-23T03:48:02.162420+00:00", "trace_id": null, "stage": "embed_query", "event": "start", "model": "Qwen/Qwen3-Embedding-0.6B"}
{"ts": "2026-09-23T03:48:02.217038+00:00", "trace_id": null, "stage": "embed_query", "event": "finish", "duration_ms": 54.613, "model": "Qwen/Qwen3-Embedding-0.6B"}
{"ts": "2026-09-23T03:48:02.217098+00:00", "trace_id": null, "stage": "dense", "event": "start"}
{"ts": "2026-09-23T03:48:02.217383+00:00", "trace_id": null, "stage": "dense", "event": "finish", "duration_ms": 0.283, "candidates_out": 20}
{"ts": "2026-09-23T03:48:02.217421+00:00", "trace_id": null, "stage": "lexical", "event": "start"}
{"ts": "2026-09-23T03:48:02.217747+00:00", "trace_id": null, "stage": "lexical", "event": "finish", "duration_ms": 0.325, "candidates_out": 20}
{"ts": "2026-09-23T03:48:02.217780+00:00", "trace_id": null, "stage": "fuse", "event": "start", "candidates_in": 32}
{"ts": "2026-09-23T03:48:02.217853+00:00", "trace_id": null, "stage": "fuse", "event": "finish", "duration_ms": 0.072, "candidates_in": 32, "candidates_out": 20, "top_score": 0.03278688524590164}
{"ts": "2026-09-23T03:48:02.221395+00:00", "trace_id": null, "stage": "gate", "event": "start", "candidates_in": 5}
{"ts": "2026-09-23T03:48:02.221756+00:00", "trace_id": null, "stage": "gate", "event": "finish", "duration_ms": 0.364, "candidates_in": 5, "candidates_out": 5, "top_score": 0.21801639344262297}
{"ts": "2026-09-23T03:48:02.221810+00:00", "trace_id": null, "stage": "embed_query", "event": "start", "model": "Qwen/Qwen3-Embedding-0.6B"}
{"ts": "2026-09-23T03:48:02.357532+00:00", "trace_id": null, "stage": "embed_query", "event": "finish", "duration_ms": 135.717, "model": "Qwen/Qwen3-Embedding-0.6B"}
{"ts": "2026-09-23T03:48:02.357594+00:00", "trace_id": null, "stage": "dense", "event": "start"}
{"ts": "2026-09-23T03:48:02.357841+00:00", "trace_id": null, "stage": "dense", "event": "finish", "duration_ms": 0.246, "candidates_out": 20}
{"ts": "2026-09-23T03:48:02.357866+00:00", "trace_id": null, "stage": "lexical", "event": "start"}
{"ts": "2026-09-23T03:48:02.358200+00:00", "trace_id": null, "stage": "lexical", "event": "finish", "duration_ms": 0.333, "candidates_out": 20}
{"ts": "2026-09-23T03:48:02.358241+00:00", "trace_id": null, "stage": "fuse", "event": "start", "candidates_in": 33}
{"ts": "2026-09-23T03:48:02.358330+00:00", "trace_id": null, "stage": "fuse", "event": "finish", "duration_ms": 0.088, "candidates_in": 33, "candidates_out": 22, "top_score": 0.03278688524590164}
{"ts": "2026-09-23T03:48:02.361960+00:00", "trace_id": null, "stage": "gate", "event": "start", "candidates_in": 5}
{"ts": "2026-09-23T03:48:02.362067+00:00", "trace_id": null, "stage": "gate", "event": "finish", "duration_ms": 0.108, "candidates_in": 5, "candidates_out": 5, "top_score": 0.08524590163934427}
{"ts": "2026-09-23T03:48:02.362120+00:00", "trace_id": null, "stage": "embed_query", "event": "start", "model": "Qwen/Qwen3-Embedding-0.6B"}
{"ts": "2026-09-23T03:48:02.495667+00:00", "trace_id": null, "stage": "embed_query", "event": "finish", "duration_ms": 133.543, "model": "Qwen/Qwen3-Embedding-0.6B"}
{"ts": "2026-09-23T03:48:02.495717+00:00", "trace_id": null, "stage": "dense", "event": "start"}
{"ts": "2026-09-23T03:48:02.495944+00:00", "trace_id": null, "stage": "dense", "event": "finish", "duration_ms": 0.226, "candidates_out": 20}
{"ts": "2026-09-23T03:48:02.495968+00:00", "trace_id": null, "stage": "lexical", "event": "start"}
{"ts": "2026-09-23T03:48:02.496291+00:00", "trace_id": null, "stage": "lexical", "event": "finish", "duration_ms": 0.323, "candidates_out": 20}
{"ts": "2026-09-23T03:48:02.496327+00:00", "trace_id": null, "stage": "fuse", "event": "start", "candidates_in": 35}
{"ts": "2026-09-23T03:48:02.496408+00:00", "trace_id": null, "stage": "fuse", "event": "finish", "duration_ms": 0.082, "candidates_in": 35, "candidates_out": 22, "top_score": 0.032266458495966696}
{"ts": "2026-09-23T03:48:02.498728+00:00", "trace_id": null, "stage": "gate", "event": "start", "candidates_in": 5}
{"ts": "2026-09-23T03:48:02.498788+00:00", "trace_id": null, "stage": "gate", "event": "finish", "duration_ms": 0.06, "candidates_in": 5, "candidates_out": 5, "top_score": 0.18101483216237318}
{"ts": "2026-09-23T03:48:02.498818+00:00", "trace_id": null, "stage": "embed_query", "event": "start", "model": "Qwen/Qwen3-Embedding-0.6B"}
{"ts": "2026-09-23T03:48:02.646419+00:00", "trace_id": null, "stage": "embed_query", "event": "finish", "duration_ms": 147.593, "model": "Qwen/Qwen3-Embedding-0.6B"}
{"ts": "2026-09-23T03:48:02.646544+00:00", "trace_id": null, "stage": "dense", "event": "start"}
{"ts": "2026-09-23T03:48:02.646765+00:00", "trace_id": null, "stage": "dense", "event": "finish", "duration_ms": 0.222, "candidates_out": 20}
{"ts": "2026-09-23T03:48:02.646787+00:00", "trace_id": null, "stage": "lexical", "event": "start"}
{"ts": "2026-09-23T03:48:02.647056+00:00", "trace_id": null, "stage": "lexical", "event": "finish", "duration_ms": 0.269, "candidates_out": 20}
{"ts": "2026-09-23T03:48:02.647089+00:00", "trace_id": null, "stage": "fuse", "event": "start", "candidates_in": 36}
{"ts": "2026-09-23T03:48:02.647148+00:00", "trace_id": null, "stage": "fuse", "event": "finish", "duration_ms": 0.059, "candidates_in": 36, "candidates_out": 25, "top_score": 0.03252247488101534}
{"ts": "2026-09-23T03:48:02.652281+00:00", "trace_id": null, "stage": "gate", "event": "start", "candidates_in": 5}
{"ts": "2026-09-23T03:48:02.652347+00:00", "trace_id": null, "stage": "gate", "event": "finish", "duration_ms": 0.066, "candidates_in": 5, "candidates_out": 5, "top_score": 0.05854045478582761}
{"ts": "2026-09-23T03:48:02.652376+00:00", "trace_id": null, "stage": "embed_query", "event": "start", "model": "Qwen/Qwen3-Embedding-0.6B"}
{"ts": "2026-09-23T03:48:02.783198+00:00", "trace_id": null, "stage": "embed_query", "event": "finish", "duration_ms": 130.819, "model": "Qwen/Qwen3-Embedding-0.6B"}
{"ts": "2026-09-23T03:48:02.783248+00:00", "trace_id": null, "stage": "dense", "event": "start"}
{"ts": "2026-09-23T03:48:02.783457+00:00", "trace_id": null, "stage": "dense", "event": "finish", "duration_ms": 0.208, "candidates_out": 20}
{"ts": "2026-09-23T03:48:02.783477+00:00", "trace_id": null, "stage": "lexical", "event": "start"}
{"ts": "2026-09-23T03:48:02.783733+00:00", "trace_id": null, "stage": "lexical", "event": "finish", "duration_ms": 0.255, "candidates_out": 20}
{"ts": "2026-09-23T03:48:02.783766+00:00", "trace_id": null, "stage": "fuse", "event": "start", "candidates_in": 32}
{"ts": "2026-09-23T03:48:02.783825+00:00", "trace_id": null, "stage": "fuse", "event": "finish", "duration_ms": 0.059, "candidates_in": 32, "candidates_out": 22, "top_score": 0.03278688524590164}
{"ts": "2026-09-23T03:48:02.787260+00:00", "trace_id": null, "stage": "gate", "event": "start", "candidates_in": 5}
{"ts": "2026-09-23T03:48:02.787317+00:00", "trace_id": null, "stage": "gate", "event": "finish", "duration_ms": 0.057, "candidates_in": 5, "candidates_out": 5, "top_score": 0.29537704918032787}
{"ts": "2026-09-23T03:48:02.787344+00:00", "trace_id": null, "stage": "embed_query", "event": "start", "model": "Qwen/Qwen3-Embedding-0.6B"}
{"ts": "2026-09-23T03:48:02.915022+00:00", "trace_id": null, "stage": "embed_query", "event": "finish", "duration_ms": 127.668, "model": "Qwen/Qwen3-Embedding-0.6B"}
{"ts": "2026-09-23T03:48:02.915085+00:00", "trace_id": null, "stage": "dense", "event": "start"}
{"ts": "2026-09-23T03:48:02.915305+00:00", "trace_id": null, "stage": "dense", "event": "finish", "duration_ms": 0.22, "candidates_out": 20}
{"ts": "2026-09-23T03:48:02.915328+00:00", "trace_id": null, "stage": "lexical", "event": "start"}
{"ts": "2026-09-23T03:48:02.915603+00:00", "trace_id": null, "stage": "lexical", "event": "finish", "duration_ms": 0.274, "candidates_out": 20}
{"ts": "2026-09-23T03:48:02.915635+00:00", "trace_id": null, "stage": "fuse", "event": "start", "candidates_in": 32}
{"ts": "2026-09-23T03:48:02.915695+00:00", "trace_id": null, "stage": "fuse", "event": "finish", "duration_ms": 0.06, "candidates_in": 32, "candidates_out": 22, "top_score": 0.03252247488101534}
{"ts": "2026-09-23T03:48:02.919915+00:00", "trace_id": null, "stage": "gate", "event": "start", "candidates_in": 5}
{"ts": "2026-09-23T03:48:02.919972+00:00", "trace_id": null, "stage": "gate", "event": "finish", "duration_ms": 0.057, "candidates_in": 5, "candidates_out": 5, "top_score": 0.09659175039661555}
{"ts": "2026-09-23T03:48:02.919998+00:00", "trace_id": null, "stage": "embed_query", "event": "start", "model": "Qwen/Qwen3-Embedding-0.6B"}
{"ts": "2026-09-23T03:48:03.041277+00:00", "trace_id": null, "stage": "embed_query", "event": "finish", "duration_ms": 121.274, "model": "Qwen/Qwen3-Embedding-0.6B"}
{"ts": "2026-09-23T03:48:03.041332+00:00", "trace_id": null, "stage": "dense", "event": "start"}
{"ts": "2026-09-23T03:48:03.041544+00:00", "trace_id": null, "stage": "dense", "event": "finish", "duration_ms": 0.211, "candidates_out": 20}
{"ts": "2026-09-23T03:48:03.041570+00:00", "trace_id": null, "stage": "lexical", "event": "start"}
{"ts": "2026-09-23T03:48:03.041830+00:00", "trace_id": null, "stage": "lexical", "event": "finish", "duration_ms": 0.26, "candidates_out": 20}
{"ts": "2026-09-23T03:48:03.041857+00:00", "trace_id": null, "stage": "fuse", "event": "start", "candidates_in": 23}
{"ts": "2026-09-23T03:48:03.041918+00:00", "trace_id": null, "stage": "fuse", "event": "finish", "duration_ms": 0.06, "candidates_in": 23, "candidates_out": 18, "top_score": 0.032266458495966696}
{"ts": "2026-09-23T03:48:03.045159+00:00", "trace_id": null, "stage": "gate", "event": "start", "candidates_in": 5}
{"ts": "2026-09-23T03:48:03.045214+00:00", "trace_id": null, "stage": "gate", "event": "finish", "duration_ms": 0.056, "candidates_in": 5, "candidates_out": 5, "top_score": 0.11002772177419354}
{"ts": "2026-09-23T03:48:03.045248+00:00", "trace_id": null, "stage": "embed_query", "event": "start", "model": "Qwen/Qwen3-Embedding-0.6B"}
{"ts": "2026-09-23T03:48:03.128162+00:00", "trace_id": null, "stage": "embed_query", "event": "finish", "duration_ms": 82.91, "model": "Qwen/Qwen3-Embedding-0.6B"}
{"ts": "2026-09-23T03:48:03.128207+00:00", "trace_id": null, "stage": "dense", "event": "start"}
{"ts": "2026-09-23T03:48:03.128424+00:00", "trace_id": null, "stage": "dense", "event": "finish", "duration_ms": 0.216, "candidates_out": 20}
{"ts": "2026-09-23T03:48:03.128452+00:00", "trace_id": null, "stage": "lexical", "event": "start"}
{"ts": "2026-09-23T03:48:03.128738+00:00", "trace_id": null, "stage": "lexical", "event": "finish", "duration_ms": 0.286, "candidates_out": 20}
{"ts": "2026-09-23T03:48:03.128768+00:00", "trace_id": null, "stage": "fuse", "event": "start", "candidates_in": 31}
{"ts": "2026-09-23T03:48:03.128851+00:00", "trace_id": null, "stage": "fuse", "event": "finish", "duration_ms": 0.082, "candidates_in": 31, "candidates_out": 22, "top_score": 0.03177805800756621}
{"ts": "2026-09-23T03:48:03.133477+00:00", "trace_id": null, "stage": "gate", "event": "start", "candidates_in": 5}
{"ts": "2026-09-23T03:48:03.133538+00:00", "trace_id": null, "stage": "gate", "event": "finish", "duration_ms": 0.061, "candidates_in": 5, "candidates_out": 5, "top_score": 0.06475332068311196}
{"ts": "2026-09-23T03:48:03.133565+00:00", "trace_id": null, "stage": "embed_query", "event": "start", "model": "Qwen/Qwen3-Embedding-0.6B"}
{"ts": "2026-09-23T03:48:03.214143+00:00", "trace_id": null, "stage": "embed_query", "event": "finish", "duration_ms": 80.573, "model": "Qwen/Qwen3-Embedding-0.6B"}
{"ts": "2026-09-23T03:48:03.214211+00:00", "trace_id": null, "stage": "dense", "event": "start"}
{"ts": "2026-09-23T03:48:03.214480+00:00", "trace_id": null, "stage": "dense", "event": "finish", "duration_ms": 0.268, "candidates_out": 20}
{"ts": "2026-09-23T03:48:03.214500+00:00", "trace_id": null, "stage": "lexical", "event": "start"}
{"ts": "2026-09-23T03:48:03.214822+00:00", "trace_id": null, "stage": "lexical", "event": "finish", "duration_ms": 0.321, "candidates_out": 20}
{"ts": "2026-09-23T03:48:03.214858+00:00", "trace_id": null, "stage": "fuse", "event": "start", "candidates_in": 34}
{"ts": "2026-09-23T03:48:03.214922+00:00", "trace_id": null, "stage": "fuse", "event": "finish", "duration_ms": 0.063, "candidates_in": 34, "candidates_out": 24, "top_score": 0.03252247488101534}
{"ts": "2026-09-23T03:48:03.219898+00:00", "trace_id": null, "stage": "gate", "event": "start", "candidates_in": 5}
{"ts": "2026-09-23T03:48:03.219956+00:00", "trace_id": null, "stage": "gate", "event": "finish", "duration_ms": 0.058, "candidates_in": 5, "candidates_out": 5, "top_score": 0.08067622950819674}
{"ts": "2026-09-23T03:48:03.219984+00:00", "trace_id": null, "stage": "embed_query", "event": "start", "model": "Qwen/Qwen3-Embedding-0.6B"}
{"ts": "2026-09-23T03:48:03.265818+00:00", "trace_id": null, "stage": "embed_query", "event": "finish", "duration_ms": 45.829, "model": "Qwen/Qwen3-Embedding-0.6B"}
{"ts": "2026-09-23T03:48:03.265873+00:00", "trace_id": null, "stage": "dense", "event": "start"}
{"ts": "2026-09-23T03:48:03.266082+00:00", "trace_id": null, "stage": "dense", "event": "finish", "duration_ms": 0.208, "candidates_out": 20}
{"ts": "2026-09-23T03:48:03.266100+00:00", "trace_id": null, "stage": "lexical", "event": "start"}
{"ts": "2026-09-23T03:48:03.266385+00:00", "trace_id": null, "stage": "lexical", "event": "finish", "duration_ms": 0.285, "candidates_out": 20}
{"ts": "2026-09-23T03:48:03.266418+00:00", "trace_id": null, "stage": "fuse", "event": "start", "candidates_in": 32}
{"ts": "2026-09-23T03:48:03.266500+00:00", "trace_id": null, "stage": "fuse", "event": "finish", "duration_ms": 0.082, "candidates_in": 32, "candidates_out": 25, "top_score": 0.03252247488101534}
{"ts": "2026-09-23T03:48:03.270970+00:00", "trace_id": null, "stage": "gate", "event": "start", "candidates_in": 5}
{"ts": "2026-09-23T03:48:03.271030+00:00", "trace_id": null, "stage": "gate", "event": "finish", "duration_ms": 0.06, "candidates_in": 5, "candidates_out": 5, "top_score": 0.054285714285714284}
{"ts": "2026-09-23T03:48:03.271069+00:00", "trace_id": null, "stage": "embed_query", "event": "start", "model": "Qwen/Qwen3-Embedding-0.6B"}
{"ts": "2026-09-23T03:48:03.320454+00:00", "trace_id": null, "stage": "embed_query", "event": "finish", "duration_ms": 49.38, "model": "Qwen/Qwen3-Embedding-0.6B"}
{"ts": "2026-09-23T03:48:03.320518+00:00", "trace_id": null, "stage": "dense", "event": "start"}
{"ts": "2026-09-23T03:48:03.320835+00:00", "trace_id": null, "stage": "dense", "event": "finish", "duration_ms": 0.317, "candidates_out": 20}
{"ts": "2026-09-23T03:48:03.320857+00:00", "trace_id": null, "stage": "lexical", "event": "start"}
{"ts": "2026-09-23T03:48:03.321372+00:00", "trace_id": null, "stage": "lexical", "event": "finish", "duration_ms": 0.514, "candidates_out": 20}
{"ts": "2026-09-23T03:48:03.321494+00:00", "trace_id": null, "stage": "fuse", "event": "start", "candidates_in": 30}
{"ts": "2026-09-23T03:48:03.321693+00:00", "trace_id": null, "stage": "fuse", "event": "finish", "duration_ms": 0.203, "candidates_in": 30, "candidates_out": 20, "top_score": 0.03252247488101534}
{"ts": "2026-09-23T03:48:03.326419+00:00", "trace_id": null, "stage": "gate", "event": "start", "candidates_in": 5}
{"ts": "2026-09-23T03:48:03.326509+00:00", "trace_id": null, "stage": "gate", "event": "finish", "duration_ms": 0.091, "candidates_in": 5, "candidates_out": 5, "top_score": 0.12808823529411764}
{"ts": "2026-09-23T03:48:03.326553+00:00", "trace_id": null, "stage": "embed_query", "event": "start", "model": "Qwen/Qwen3-Embedding-0.6B"}
{"ts": "2026-09-23T03:48:03.381596+00:00", "trace_id": null, "stage": "embed_query", "event": "finish", "duration_ms": 55.037, "model": "Qwen/Qwen3-Embedding-0.6B"}
{"ts": "2026-09-23T03:48:03.381695+00:00", "trace_id": null, "stage": "dense", "event": "start"}
{"ts": "2026-09-23T03:48:03.381940+00:00", "trace_id": null, "stage": "dense", "event": "finish", "duration_ms": 0.245, "candidates_out": 20}
{"ts": "2026-09-23T03:48:03.381963+00:00", "trace_id": null, "stage": "lexical", "event": "start"}
{"ts": "2026-09-23T03:48:03.382354+00:00", "trace_id": null, "stage": "lexical", "event": "finish", "duration_ms": 0.391, "candidates_out": 20}
{"ts": "2026-09-23T03:48:03.382380+00:00", "trace_id": null, "stage": "fuse", "event": "start", "candidates_in": 30}
{"ts": "2026-09-23T03:48:03.382460+00:00", "trace_id": null, "stage": "fuse", "event": "finish", "duration_ms": 0.08, "candidates_in": 30, "candidates_out": 21, "top_score": 0.03131881575727918}
{"ts": "2026-09-23T03:48:03.387087+00:00", "trace_id": null, "stage": "gate", "event": "start", "candidates_in": 5}
{"ts": "2026-09-23T03:48:03.387208+00:00", "trace_id": null, "stage": "gate", "event": "finish", "duration_ms": 0.117, "candidates_in": 5, "candidates_out": 5, "top_score": 0.08429577464788734}
{"ts": "2026-09-23T03:48:03.387291+00:00", "trace_id": null, "stage": "embed_query", "event": "start", "model": "Qwen/Qwen3-Embedding-0.6B"}
{"ts": "2026-09-23T03:48:03.443167+00:00", "trace_id": null, "stage": "embed_query", "event": "finish", "duration_ms": 55.872, "model": "Qwen/Qwen3-Embedding-0.6B"}
{"ts": "2026-09-23T03:48:03.443231+00:00", "trace_id": null, "stage": "dense", "event": "start"}
{"ts": "2026-09-23T03:48:03.443501+00:00", "trace_id": null, "stage": "dense", "event": "finish", "duration_ms": 0.265, "candidates_out": 20}
{"ts": "2026-09-23T03:48:03.443535+00:00", "trace_id": null, "stage": "lexical", "event": "start"}
{"ts": "2026-09-23T03:48:03.443843+00:00", "trace_id": null, "stage": "lexical", "event": "finish", "duration_ms": 0.307, "candidates_out": 20}
{"ts": "2026-09-23T03:48:03.443871+00:00", "trace_id": null, "stage": "fuse", "event": "start", "candidates_in": 30}
{"ts": "2026-09-23T03:48:03.443942+00:00", "trace_id": null, "stage": "fuse", "event": "finish", "duration_ms": 0.069, "candidates_in": 30, "candidates_out": 24, "top_score": 0.03278688524590164}
{"ts": "2026-09-23T03:48:03.448730+00:00", "trace_id": null, "stage": "gate", "event": "start", "candidates_in": 5}
{"ts": "2026-09-23T03:48:03.448822+00:00", "trace_id": null, "stage": "gate", "event": "finish", "duration_ms": 0.093, "candidates_in": 5, "candidates_out": 5, "top_score": 0.09147540983606559}
{"ts": "2026-09-23T03:48:03.448871+00:00", "trace_id": null, "stage": "embed_query", "event": "start", "model": "Qwen/Qwen3-Embedding-0.6B"}
{"ts": "2026-09-23T03:48:03.509504+00:00", "trace_id": null, "stage": "embed_query", "event": "finish", "duration_ms": 60.628, "model": "Qwen/Qwen3-Embedding-0.6B"}
{"ts": "2026-09-23T03:48:03.509571+00:00", "trace_id": null, "stage": "dense", "event": "start"}
{"ts": "2026-09-23T03:48:03.509873+00:00", "trace_id": null, "stage": "dense", "event": "finish", "duration_ms": 0.301, "candidates_out": 20}
{"ts": "2026-09-23T03:48:03.509909+00:00", "trace_id": null, "stage": "lexical", "event": "start"}
{"ts": "2026-09-23T03:48:03.510282+00:00", "trace_id": null, "stage": "lexical", "event": "finish", "duration_ms": 0.372, "candidates_out": 19}
{"ts": "2026-09-23T03:48:03.510319+00:00", "trace_id": null, "stage": "fuse", "event": "start", "candidates_in": 33}
{"ts": "2026-09-23T03:48:03.510421+00:00", "trace_id": null, "stage": "fuse", "event": "finish", "duration_ms": 0.101, "candidates_in": 33, "candidates_out": 29, "top_score": 0.03278688524590164}
{"ts": "2026-09-23T03:48:03.522006+00:00", "trace_id": null, "stage": "gate", "event": "start", "candidates_in": 5}
{"ts": "2026-09-23T03:48:03.522096+00:00", "trace_id": null, "stage": "gate", "event": "finish", "duration_ms": 0.092, "candidates_in": 5, "candidates_out": 5, "top_score": 0.11147540983606559}
{"ts": "2026-09-23T03:48:03.522134+00:00", "trace_id": null, "stage": "embed_query", "event": "start", "model": "Qwen/Qwen3-Embedding-0.6B"}
{"ts": "2026-09-23T03:48:03.575221+00:00", "trace_id": null, "stage": "embed_query", "event": "finish", "duration_ms": 53.082, "model": "Qwen/Qwen3-Embedding-0.6B"}
{"ts": "2026-09-23T03:48:03.575289+00:00", "trace_id": null, "stage": "dense", "event": "start"}
{"ts": "2026-09-23T03:48:03.575592+00:00", "trace_id": null, "stage": "dense", "event": "finish", "duration_ms": 0.303, "candidates_out": 20}
{"ts": "2026-09-23T03:48:03.575625+00:00", "trace_id": null, "stage": "lexical", "event": "start"}
{"ts": "2026-09-23T03:48:03.576107+00:00", "trace_id": null, "stage": "lexical", "event": "finish", "duration_ms": 0.481, "candidates_out": 20}
{"ts": "2026-09-23T03:48:03.576181+00:00", "trace_id": null, "stage": "fuse", "event": "start", "candidates_in": 34}
{"ts": "2026-09-23T03:48:03.576295+00:00", "trace_id": null, "stage": "fuse", "event": "finish", "duration_ms": 0.115, "candidates_in": 34, "candidates_out": 25, "top_score": 0.032266458495966696}
{"ts": "2026-09-23T03:48:03.583984+00:00", "trace_id": null, "stage": "gate", "event": "start", "candidates_in": 5}
{"ts": "2026-09-23T03:48:03.584163+00:00", "trace_id": null, "stage": "gate", "event": "finish", "duration_ms": 0.181, "candidates_in": 5, "candidates_out": 5, "top_score": 0.0496031746031746}
{"ts": "2026-09-23T03:48:03.584238+00:00", "trace_id": null, "stage": "embed_query", "event": "start", "model": "Qwen/Qwen3-Embedding-0.6B"}
{"ts": "2026-09-23T03:48:03.636837+00:00", "trace_id": null, "stage": "embed_query", "event": "finish", "duration_ms": 52.595, "model": "Qwen/Qwen3-Embedding-0.6B"}
{"ts": "2026-09-23T03:48:03.636903+00:00", "trace_id": null, "stage": "dense", "event": "start"}
{"ts": "2026-09-23T03:48:03.637167+00:00", "trace_id": null, "stage": "dense", "event": "finish", "duration_ms": 0.263, "candidates_out": 20}
{"ts": "2026-09-23T03:48:03.637190+00:00", "trace_id": null, "stage": "lexical", "event": "start"}
{"ts": "2026-09-23T03:48:03.637605+00:00", "trace_id": null, "stage": "lexical", "event": "finish", "duration_ms": 0.414, "candidates_out": 20}
{"ts": "2026-09-23T03:48:03.637646+00:00", "trace_id": null, "stage": "fuse", "event": "start", "candidates_in": 33}
{"ts": "2026-09-23T03:48:03.637738+00:00", "trace_id": null, "stage": "fuse", "event": "finish", "duration_ms": 0.091, "candidates_in": 33, "candidates_out": 23, "top_score": 0.03252247488101534}
{"ts": "2026-09-23T03:48:03.644760+00:00", "trace_id": null, "stage": "gate", "event": "start", "candidates_in": 5}
{"ts": "2026-09-23T03:48:03.644835+00:00", "trace_id": null, "stage": "gate", "event": "finish", "duration_ms": 0.075, "candidates_in": 5, "candidates_out": 5, "top_score": 0.12293495505023798}
{"ts": "2026-09-23T03:48:03.644868+00:00", "trace_id": null, "stage": "embed_query", "event": "start", "model": "Qwen/Qwen3-Embedding-0.6B"}
{"ts": "2026-09-23T03:48:03.697812+00:00", "trace_id": null, "stage": "embed_query", "event": "finish", "duration_ms": 52.938, "model": "Qwen/Qwen3-Embedding-0.6B"}
{"ts": "2026-09-23T03:48:03.697935+00:00", "trace_id": null, "stage": "dense", "event": "start"}
{"ts": "2026-09-23T03:48:03.698172+00:00", "trace_id": null, "stage": "dense", "event": "finish", "duration_ms": 0.237, "candidates_out": 20}
{"ts": "2026-09-23T03:48:03.698193+00:00", "trace_id": null, "stage": "lexical", "event": "start"}
{"ts": "2026-09-23T03:48:03.698506+00:00", "trace_id": null, "stage": "lexical", "event": "finish", "duration_ms": 0.312, "candidates_out": 20}
{"ts": "2026-09-23T03:48:03.698534+00:00", "trace_id": null, "stage": "fuse", "event": "start", "candidates_in": 31}
{"ts": "2026-09-23T03:48:03.698604+00:00", "trace_id": null, "stage": "fuse", "event": "finish", "duration_ms": 0.069, "candidates_in": 31, "candidates_out": 18, "top_score": 0.03278688524590164}
{"ts": "2026-09-23T03:48:03.702224+00:00", "trace_id": null, "stage": "gate", "event": "start", "candidates_in": 5}
{"ts": "2026-09-23T03:48:03.702296+00:00", "trace_id": null, "stage": "gate", "event": "finish", "duration_ms": 0.072, "candidates_in": 5, "candidates_out": 5, "top_score": 0.05901639344262295}
{"ts": "2026-09-23T03:48:03.702325+00:00", "trace_id": null, "stage": "embed_query", "event": "start", "model": "Qwen/Qwen3-Embedding-0.6B"}
{"ts": "2026-09-23T03:48:03.731785+00:00", "trace_id": null, "stage": "embed_query", "event": "finish", "duration_ms": 29.455, "model": "Qwen/Qwen3-Embedding-0.6B"}
{"ts": "2026-09-23T03:48:03.731851+00:00", "trace_id": null, "stage": "dense", "event": "start"}
{"ts": "2026-09-23T03:48:03.732102+00:00", "trace_id": null, "stage": "dense", "event": "finish", "duration_ms": 0.25, "candidates_out": 20}
{"ts": "2026-09-23T03:48:03.732133+00:00", "trace_id": null, "stage": "lexical", "event": "start"}
{"ts": "2026-09-23T03:48:03.732497+00:00", "trace_id": null, "stage": "lexical", "event": "finish", "duration_ms": 0.364, "candidates_out": 20}
{"ts": "2026-09-23T03:48:03.732525+00:00", "trace_id": null, "stage": "fuse", "event": "start", "candidates_in": 28}
{"ts": "2026-09-23T03:48:03.732601+00:00", "trace_id": null, "stage": "fuse", "event": "finish", "duration_ms": 0.075, "candidates_in": 28, "candidates_out": 19, "top_score": 0.03278688524590164}
{"ts": "2026-09-23T03:48:03.737784+00:00", "trace_id": null, "stage": "gate", "event": "start", "candidates_in": 5}
{"ts": "2026-09-23T03:48:03.737857+00:00", "trace_id": null, "stage": "gate", "event": "finish", "duration_ms": 0.073, "candidates_in": 5, "candidates_out": 5, "top_score": 0.08857142857142856}
{"ts": "2026-09-23T03:48:03.737941+00:00", "trace_id": null, "stage": "embed_query", "event": "start", "model": "Qwen/Qwen3-Embedding-0.6B"}
{"ts": "2026-09-23T03:48:03.769795+00:00", "trace_id": null, "stage": "embed_query", "event": "finish", "duration_ms": 31.851, "model": "Qwen/Qwen3-Embedding-0.6B"}
{"ts": "2026-09-23T03:48:03.769860+00:00", "trace_id": null, "stage": "dense", "event": "start"}
{"ts": "2026-09-23T03:48:03.770049+00:00", "trace_id": null, "stage": "dense", "event": "finish", "duration_ms": 0.189, "candidates_out": 20}
{"ts": "2026-09-23T03:48:03.770067+00:00", "trace_id": null, "stage": "lexical", "event": "start"}
{"ts": "2026-09-23T03:48:03.770383+00:00", "trace_id": null, "stage": "lexical", "event": "finish", "duration_ms": 0.316, "candidates_out": 20}
{"ts": "2026-09-23T03:48:03.770407+00:00", "trace_id": null, "stage": "fuse", "event": "start", "candidates_in": 34}
{"ts": "2026-09-23T03:48:03.770481+00:00", "trace_id": null, "stage": "fuse", "event": "finish", "duration_ms": 0.073, "candidates_in": 34, "candidates_out": 23, "top_score": 0.032266458495966696}
{"ts": "2026-09-23T03:48:03.778442+00:00", "trace_id": null, "stage": "gate", "event": "start", "candidates_in": 5}
{"ts": "2026-09-23T03:48:03.778518+00:00", "trace_id": null, "stage": "gate", "event": "finish", "duration_ms": 0.077, "candidates_in": 5, "candidates_out": 5, "top_score": 0.08543478260869565}
{"ts": "2026-09-23T03:48:03.778548+00:00", "trace_id": null, "stage": "embed_query", "event": "start", "model": "Qwen/Qwen3-Embedding-0.6B"}
{"ts": "2026-09-23T03:48:03.807725+00:00", "trace_id": null, "stage": "embed_query", "event": "finish", "duration_ms": 29.174, "model": "Qwen/Qwen3-Embedding-0.6B"}
{"ts": "2026-09-23T03:48:03.807800+00:00", "trace_id": null, "stage": "dense", "event": "start"}
{"ts": "2026-09-23T03:48:03.808047+00:00", "trace_id": null, "stage": "dense", "event": "finish", "duration_ms": 0.246, "candidates_out": 20}
{"ts": "2026-09-23T03:48:03.808074+00:00", "trace_id": null, "stage": "lexical", "event": "start"}
{"ts": "2026-09-23T03:48:03.808401+00:00", "trace_id": null, "stage": "lexical", "event": "finish", "duration_ms": 0.327, "candidates_out": 20}
{"ts": "2026-09-23T03:48:03.808446+00:00", "trace_id": null, "stage": "fuse", "event": "start", "candidates_in": 30}
{"ts": "2026-09-23T03:48:03.808520+00:00", "trace_id": null, "stage": "fuse", "event": "finish", "duration_ms": 0.074, "candidates_in": 30, "candidates_out": 21, "top_score": 0.03252247488101534}
{"ts": "2026-09-23T03:48:03.813866+00:00", "trace_id": null, "stage": "gate", "event": "start", "candidates_in": 5}
{"ts": "2026-09-23T03:48:03.813934+00:00", "trace_id": null, "stage": "gate", "event": "finish", "duration_ms": 0.068, "candidates_in": 5, "candidates_out": 5, "top_score": 0.0873794959628089}
{"ts": "2026-09-23T03:48:03.813964+00:00", "trace_id": null, "stage": "embed_query", "event": "start", "model": "Qwen/Qwen3-Embedding-0.6B"}
{"ts": "2026-09-23T03:48:03.842020+00:00", "trace_id": null, "stage": "embed_query", "event": "finish", "duration_ms": 28.053, "model": "Qwen/Qwen3-Embedding-0.6B"}
{"ts": "2026-09-23T03:48:03.842084+00:00", "trace_id": null, "stage": "dense", "event": "start"}
{"ts": "2026-09-23T03:48:03.842272+00:00", "trace_id": null, "stage": "dense", "event": "finish", "duration_ms": 0.188, "candidates_out": 20}
{"ts": "2026-09-23T03:48:03.842297+00:00", "trace_id": null, "stage": "lexical", "event": "start"}
{"ts": "2026-09-23T03:48:03.842617+00:00", "trace_id": null, "stage": "lexical", "event": "finish", "duration_ms": 0.32, "candidates_out": 20}
{"ts": "2026-09-23T03:48:03.842640+00:00", "trace_id": null, "stage": "fuse", "event": "start", "candidates_in": 32}
{"ts": "2026-09-23T03:48:03.842703+00:00", "trace_id": null, "stage": "fuse", "event": "finish", "duration_ms": 0.063, "candidates_in": 32, "candidates_out": 22, "top_score": 0.03278688524590164}
{"ts": "2026-09-23T03:48:03.849305+00:00", "trace_id": null, "stage": "gate", "event": "start", "candidates_in": 5}
{"ts": "2026-09-23T03:48:03.849392+00:00", "trace_id": null, "stage": "gate", "event": "finish", "duration_ms": 0.089, "candidates_in": 5, "candidates_out": 5, "top_score": 0.1509344262295082}
{"ts": "2026-09-23T03:48:03.849424+00:00", "trace_id": null, "stage": "embed_query", "event": "start", "model": "Qwen/Qwen3-Embedding-0.6B"}
{"ts": "2026-09-23T03:48:03.876819+00:00", "trace_id": null, "stage": "embed_query", "event": "finish", "duration_ms": 27.392, "model": "Qwen/Qwen3-Embedding-0.6B"}
{"ts": "2026-09-23T03:48:03.876880+00:00", "trace_id": null, "stage": "dense", "event": "start"}
{"ts": "2026-09-23T03:48:03.877060+00:00", "trace_id": null, "stage": "dense", "event": "finish", "duration_ms": 0.18, "candidates_out": 20}
{"ts": "2026-09-23T03:48:03.877076+00:00", "trace_id": null, "stage": "lexical", "event": "start"}
{"ts": "2026-09-23T03:48:03.877389+00:00", "trace_id": null, "stage": "lexical", "event": "finish", "duration_ms": 0.312, "candidates_out": 20}
{"ts": "2026-09-23T03:48:03.877420+00:00", "trace_id": null, "stage": "fuse", "event": "start", "candidates_in": 33}
{"ts": "2026-09-23T03:48:03.877497+00:00", "trace_id": null, "stage": "fuse", "event": "finish", "duration_ms": 0.077, "candidates_in": 33, "candidates_out": 23, "top_score": 0.03278688524590164}
{"ts": "2026-09-23T03:48:03.883857+00:00", "trace_id": null, "stage": "gate", "event": "start", "candidates_in": 5}
{"ts": "2026-09-23T03:48:03.883913+00:00", "trace_id": null, "stage": "gate", "event": "finish", "duration_ms": 0.056, "candidates_in": 5, "candidates_out": 5, "top_score": 0.16229508196721312}
{"ts": "2026-09-23T03:48:03.883942+00:00", "trace_id": null, "stage": "embed_query", "event": "start", "model": "Qwen/Qwen3-Embedding-0.6B"}
{"ts": "2026-09-23T03:48:04.006467+00:00", "trace_id": null, "stage": "embed_query", "event": "finish", "duration_ms": 122.519, "model": "Qwen/Qwen3-Embedding-0.6B"}
{"ts": "2026-09-23T03:48:04.006525+00:00", "trace_id": null, "stage": "dense", "event": "start"}
{"ts": "2026-09-23T03:48:04.006754+00:00", "trace_id": null, "stage": "dense", "event": "finish", "duration_ms": 0.228, "candidates_out": 20}
{"ts": "2026-09-23T03:48:04.006783+00:00", "trace_id": null, "stage": "lexical", "event": "start"}
{"ts": "2026-09-23T03:48:04.007108+00:00", "trace_id": null, "stage": "lexical", "event": "finish", "duration_ms": 0.324, "candidates_out": 20}
{"ts": "2026-09-23T03:48:04.007141+00:00", "trace_id": null, "stage": "fuse", "event": "start", "candidates_in": 34}
{"ts": "2026-09-23T03:48:04.007206+00:00", "trace_id": null, "stage": "fuse", "event": "finish", "duration_ms": 0.065, "candidates_in": 34, "candidates_out": 20, "top_score": 0.03278688524590164}
{"ts": "2026-09-23T03:48:04.012653+00:00", "trace_id": null, "stage": "gate", "event": "start", "candidates_in": 5}
{"ts": "2026-09-23T03:48:04.012708+00:00", "trace_id": null, "stage": "gate", "event": "finish", "duration_ms": 0.056, "candidates_in": 5, "candidates_out": 5, "top_score": 0.09902020820575629}
{"ts": "2026-09-23T03:48:04.012735+00:00", "trace_id": null, "stage": "embed_query", "event": "start", "model": "Qwen/Qwen3-Embedding-0.6B"}
{"ts": "2026-09-23T03:48:04.139992+00:00", "trace_id": null, "stage": "embed_query", "event": "finish", "duration_ms": 127.251, "model": "Qwen/Qwen3-Embedding-0.6B"}
{"ts": "2026-09-23T03:48:04.140056+00:00", "trace_id": null, "stage": "dense", "event": "start"}
{"ts": "2026-09-23T03:48:04.140280+00:00", "trace_id": null, "stage": "dense", "event": "finish", "duration_ms": 0.224, "candidates_out": 20}
{"ts": "2026-09-23T03:48:04.140302+00:00", "trace_id": null, "stage": "lexical", "event": "start"}
{"ts": "2026-09-23T03:48:04.140618+00:00", "trace_id": null, "stage": "lexical", "event": "finish", "duration_ms": 0.315, "candidates_out": 20}
{"ts": "2026-09-23T03:48:04.140645+00:00", "trace_id": null, "stage": "fuse", "event": "start", "candidates_in": 33}
{"ts": "2026-09-23T03:48:04.140708+00:00", "trace_id": null, "stage": "fuse", "event": "finish", "duration_ms": 0.061, "candidates_in": 33, "candidates_out": 24, "top_score": 0.03278688524590164}
{"ts": "2026-09-23T03:48:04.146124+00:00", "trace_id": null, "stage": "gate", "event": "start", "candidates_in": 5}
{"ts": "2026-09-23T03:48:04.146215+00:00", "trace_id": null, "stage": "gate", "event": "finish", "duration_ms": 0.092, "candidates_in": 5, "candidates_out": 5, "top_score": 0.03278688524590164}
{"ts": "2026-09-23T03:48:04.146267+00:00", "trace_id": null, "stage": "embed_query", "event": "start", "model": "Qwen/Qwen3-Embedding-0.6B"}
{"ts": "2026-09-23T03:48:04.291469+00:00", "trace_id": null, "stage": "embed_query", "event": "finish", "duration_ms": 145.199, "model": "Qwen/Qwen3-Embedding-0.6B"}
{"ts": "2026-09-23T03:48:04.291516+00:00", "trace_id": null, "stage": "dense", "event": "start"}
{"ts": "2026-09-23T03:48:04.291738+00:00", "trace_id": null, "stage": "dense", "event": "finish", "duration_ms": 0.222, "candidates_out": 20}
{"ts": "2026-09-23T03:48:04.291753+00:00", "trace_id": null, "stage": "lexical", "event": "start"}
{"ts": "2026-09-23T03:48:04.292086+00:00", "trace_id": null, "stage": "lexical", "event": "finish", "duration_ms": 0.333, "candidates_out": 20}
{"ts": "2026-09-23T03:48:04.292108+00:00", "trace_id": null, "stage": "fuse", "event": "start", "candidates_in": 33}
{"ts": "2026-09-23T03:48:04.292205+00:00", "trace_id": null, "stage": "fuse", "event": "finish", "duration_ms": 0.097, "candidates_in": 33, "candidates_out": 24, "top_score": 0.03278688524590164}
{"ts": "2026-09-23T03:48:04.299310+00:00", "trace_id": null, "stage": "gate", "event": "start", "candidates_in": 5}
{"ts": "2026-09-23T03:48:04.299393+00:00", "trace_id": null, "stage": "gate", "event": "finish", "duration_ms": 0.082, "candidates_in": 5, "candidates_out": 5, "top_score": 0.08387096774193549}
{"ts": "2026-09-23T03:48:04.299447+00:00", "trace_id": null, "stage": "embed_query", "event": "start", "model": "Qwen/Qwen3-Embedding-0.6B"}
{"ts": "2026-09-23T03:48:04.299503+00:00", "trace_id": null, "stage": "embed_query", "event": "finish", "duration_ms": 0.057, "model": "Qwen/Qwen3-Embedding-0.6B"}
{"ts": "2026-09-23T03:48:04.299523+00:00", "trace_id": null, "stage": "dense", "event": "start"}
{"ts": "2026-09-23T03:48:04.299687+00:00", "trace_id": null, "stage": "dense", "event": "finish", "duration_ms": 0.163, "candidates_out": 20}
{"ts": "2026-09-23T03:48:04.299713+00:00", "trace_id": null, "stage": "lexical", "event": "start"}
{"ts": "2026-09-23T03:48:04.299920+00:00", "trace_id": null, "stage": "lexical", "event": "finish", "duration_ms": 0.208, "candidates_out": 20}
{"ts": "2026-09-23T03:48:04.299944+00:00", "trace_id": null, "stage": "fuse", "event": "start", "candidates_in": 31}
{"ts": "2026-09-23T03:48:04.300001+00:00", "trace_id": null, "stage": "fuse", "event": "finish", "duration_ms": 0.056, "candidates_in": 31, "candidates_out": 19, "top_score": 0.03278688524590164}
{"ts": "2026-09-23T03:48:04.303705+00:00", "trace_id": null, "stage": "gate", "event": "start", "candidates_in": 5}
{"ts": "2026-09-23T03:48:04.303758+00:00", "trace_id": null, "stage": "gate", "event": "finish", "duration_ms": 0.052, "candidates_in": 5, "candidates_out": 5, "top_score": 0.06614583333333333}
{"ts": "2026-09-23T03:48:04.303783+00:00", "trace_id": null, "stage": "embed_query", "event": "start", "model": "Qwen/Qwen3-Embedding-0.6B"}
{"ts": "2026-09-23T03:48:04.435785+00:00", "trace_id": null, "stage": "embed_query", "event": "finish", "duration_ms": 131.999, "model": "Qwen/Qwen3-Embedding-0.6B"}
{"ts": "2026-09-23T03:48:04.435830+00:00", "trace_id": null, "stage": "dense", "event": "start"}
{"ts": "2026-09-23T03:48:04.436031+00:00", "trace_id": null, "stage": "dense", "event": "finish", "duration_ms": 0.201, "candidates_out": 20}
{"ts": "2026-09-23T03:48:04.436052+00:00", "trace_id": null, "stage": "lexical", "event": "start"}
{"ts": "2026-09-23T03:48:04.436311+00:00", "trace_id": null, "stage": "lexical", "event": "finish", "duration_ms": 0.259, "candidates_out": 20}
{"ts": "2026-09-23T03:48:04.436345+00:00", "trace_id": null, "stage": "fuse", "event": "start", "candidates_in": 33}
{"ts": "2026-09-23T03:48:04.436403+00:00", "trace_id": null, "stage": "fuse", "event": "finish", "duration_ms": 0.058, "candidates_in": 33, "candidates_out": 19, "top_score": 0.03252247488101534}
{"ts": "2026-09-23T03:48:04.440035+00:00", "trace_id": null, "stage": "gate", "event": "start", "candidates_in": 5}
{"ts": "2026-09-23T03:48:04.440107+00:00", "trace_id": null, "stage": "gate", "event": "finish", "duration_ms": 0.073, "candidates_in": 5, "candidates_out": 5, "top_score": 0.046969696969696974}
{"ts": "2026-09-23T03:48:04.440143+00:00", "trace_id": null, "stage": "embed_query", "event": "start", "model": "Qwen/Qwen3-Embedding-0.6B"}
{"ts": "2026-09-23T03:48:04.582177+00:00", "trace_id": null, "stage": "embed_query", "event": "finish", "duration_ms": 142.029, "model": "Qwen/Qwen3-Embedding-0.6B"}
{"ts": "2026-09-23T03:48:04.582221+00:00", "trace_id": null, "stage": "dense", "event": "start"}
{"ts": "2026-09-23T03:48:04.582421+00:00", "trace_id": null, "stage": "dense", "event": "finish", "duration_ms": 0.2, "candidates_out": 20}
{"ts": "2026-09-23T03:48:04.582440+00:00", "trace_id": null, "stage": "lexical", "event": "start"}
{"ts": "2026-09-23T03:48:04.582755+00:00", "trace_id": null, "stage": "lexical", "event": "finish", "duration_ms": 0.314, "candidates_out": 20}
{"ts": "2026-09-23T03:48:04.582798+00:00", "trace_id": null, "stage": "fuse", "event": "start", "candidates_in": 32}
{"ts": "2026-09-23T03:48:04.582880+00:00", "trace_id": null, "stage": "fuse", "event": "finish", "duration_ms": 0.082, "candidates_in": 32, "candidates_out": 24, "top_score": 0.03278688524590164}
{"ts": "2026-09-23T03:48:04.589709+00:00", "trace_id": null, "stage": "gate", "event": "start", "candidates_in": 5}
{"ts": "2026-09-23T03:48:04.589779+00:00", "trace_id": null, "stage": "gate", "event": "finish", "duration_ms": 0.071, "candidates_in": 5, "candidates_out": 5, "top_score": 0.07611111111111112}
{"ts": "2026-09-23T03:48:04.589812+00:00", "trace_id": null, "stage": "embed_query", "event": "start", "model": "Qwen/Qwen3-Embedding-0.6B"}
{"ts": "2026-09-23T03:48:04.738073+00:00", "trace_id": null, "stage": "embed_query", "event": "finish", "duration_ms": 148.253, "model": "Qwen/Qwen3-Embedding-0.6B"}
{"ts": "2026-09-23T03:48:04.738200+00:00", "trace_id": null, "stage": "dense", "event": "start"}
{"ts": "2026-09-23T03:48:04.738420+00:00", "trace_id": null, "stage": "dense", "event": "finish", "duration_ms": 0.219, "candidates_out": 20}
{"ts": "2026-09-23T03:48:04.738449+00:00", "trace_id": null, "stage": "lexical", "event": "start"}
{"ts": "2026-09-23T03:48:04.738732+00:00", "trace_id": null, "stage": "lexical", "event": "finish", "duration_ms": 0.282, "candidates_out": 20}
{"ts": "2026-09-23T03:48:04.738764+00:00", "trace_id": null, "stage": "fuse", "event": "start", "candidates_in": 32}
{"ts": "2026-09-23T03:48:04.738842+00:00", "trace_id": null, "stage": "fuse", "event": "finish", "duration_ms": 0.078, "candidates_in": 32, "candidates_out": 22, "top_score": 0.03278688524590164}
{"ts": "2026-09-23T03:48:04.742540+00:00", "trace_id": null, "stage": "gate", "event": "start", "candidates_in": 5}
{"ts": "2026-09-23T03:48:04.742600+00:00", "trace_id": null, "stage": "gate", "event": "finish", "duration_ms": 0.06, "candidates_in": 5, "candidates_out": 5, "top_score": 0.14063864272388057}
{"ts": "2026-09-23T03:48:04.742626+00:00", "trace_id": null, "stage": "embed_query", "event": "start", "model": "Qwen/Qwen3-Embedding-0.6B"}
{"ts": "2026-09-23T03:48:04.899089+00:00", "trace_id": null, "stage": "embed_query", "event": "finish", "duration_ms": 156.458, "model": "Qwen/Qwen3-Embedding-0.6B"}
{"ts": "2026-09-23T03:48:04.899140+00:00", "trace_id": null, "stage": "dense", "event": "start"}
{"ts": "2026-09-23T03:48:04.899358+00:00", "trace_id": null, "stage": "dense", "event": "finish", "duration_ms": 0.219, "candidates_out": 20}
{"ts": "2026-09-23T03:48:04.899377+00:00", "trace_id": null, "stage": "lexical", "event": "start"}
{"ts": "2026-09-23T03:48:04.899673+00:00", "trace_id": null, "stage": "lexical", "event": "finish", "duration_ms": 0.295, "candidates_out": 20}
{"ts": "2026-09-23T03:48:04.899700+00:00", "trace_id": null, "stage": "fuse", "event": "start", "candidates_in": 34}
{"ts": "2026-09-23T03:48:04.899778+00:00", "trace_id": null, "stage": "fuse", "event": "finish", "duration_ms": 0.077, "candidates_in": 34, "candidates_out": 24, "top_score": 0.03278688524590164}
{"ts": "2026-09-23T03:48:04.905603+00:00", "trace_id": null, "stage": "gate", "event": "start", "candidates_in": 5}
{"ts": "2026-09-23T03:48:04.905688+00:00", "trace_id": null, "stage": "gate", "event": "finish", "duration_ms": 0.085, "candidates_in": 5, "candidates_out": 5, "top_score": 0.1509344262295082}
{"ts": "2026-09-23T03:48:04.905719+00:00", "trace_id": null, "stage": "embed_query", "event": "start", "model": "Qwen/Qwen3-Embedding-0.6B"}
{"ts": "2026-09-23T03:48:05.056511+00:00", "trace_id": null, "stage": "embed_query", "event": "finish", "duration_ms": 150.786, "model": "Qwen/Qwen3-Embedding-0.6B"}
{"ts": "2026-09-23T03:48:05.056572+00:00", "trace_id": null, "stage": "dense", "event": "start"}
{"ts": "2026-09-23T03:48:05.056799+00:00", "trace_id": null, "stage": "dense", "event": "finish", "duration_ms": 0.226, "candidates_out": 20}
{"ts": "2026-09-23T03:48:05.056828+00:00", "trace_id": null, "stage": "lexical", "event": "start"}
{"ts": "2026-09-23T03:48:05.057139+00:00", "trace_id": null, "stage": "lexical", "event": "finish", "duration_ms": 0.311, "candidates_out": 20}
{"ts": "2026-09-23T03:48:05.057169+00:00", "trace_id": null, "stage": "fuse", "event": "start", "candidates_in": 31}
{"ts": "2026-09-23T03:48:05.057257+00:00", "trace_id": null, "stage": "fuse", "event": "finish", "duration_ms": 0.087, "candidates_in": 31, "candidates_out": 22, "top_score": 0.03278688524590164}
{"ts": "2026-09-23T03:48:05.062037+00:00", "trace_id": null, "stage": "gate", "event": "start", "candidates_in": 5}
{"ts": "2026-09-23T03:48:05.062248+00:00", "trace_id": null, "stage": "gate", "event": "finish", "duration_ms": 0.21, "candidates_in": 5, "candidates_out": 6, "top_score": 0.06885245901639345}
{"ts": "2026-09-23T03:48:05.062279+00:00", "trace_id": null, "stage": "embed_query", "event": "start", "model": "Qwen/Qwen3-Embedding-0.6B"}
{"ts": "2026-09-23T03:48:05.218231+00:00", "trace_id": null, "stage": "embed_query", "event": "finish", "duration_ms": 155.949, "model": "Qwen/Qwen3-Embedding-0.6B"}
{"ts": "2026-09-23T03:48:05.218280+00:00", "trace_id": null, "stage": "dense", "event": "start"}
{"ts": "2026-09-23T03:48:05.218494+00:00", "trace_id": null, "stage": "dense", "event": "finish", "duration_ms": 0.213, "candidates_out": 20}
{"ts": "2026-09-23T03:48:05.218522+00:00", "trace_id": null, "stage": "lexical", "event": "start"}
{"ts": "2026-09-23T03:48:05.218742+00:00", "trace_id": null, "stage": "lexical", "event": "finish", "duration_ms": 0.219, "candidates_out": 11}
{"ts": "2026-09-23T03:48:05.218769+00:00", "trace_id": null, "stage": "fuse", "event": "start", "candidates_in": 25}
{"ts": "2026-09-23T03:48:05.218828+00:00", "trace_id": null, "stage": "fuse", "event": "finish", "duration_ms": 0.058, "candidates_in": 25, "candidates_out": 19, "top_score": 0.03252247488101534}
{"ts": "2026-09-23T03:48:05.224064+00:00", "trace_id": null, "stage": "gate", "event": "start", "candidates_in": 5}
{"ts": "2026-09-23T03:48:05.224124+00:00", "trace_id": null, "stage": "gate", "event": "finish", "duration_ms": 0.06, "candidates_in": 5, "candidates_out": 5, "top_score": 0.08455843469063988}
{"ts": "2026-09-23T03:48:05.224154+00:00", "trace_id": null, "stage": "embed_query", "event": "start", "model": "Qwen/Qwen3-Embedding-0.6B"}
{"ts": "2026-09-23T03:48:05.385779+00:00", "trace_id": null, "stage": "embed_query", "event": "finish", "duration_ms": 161.621, "model": "Qwen/Qwen3-Embedding-0.6B"}
{"ts": "2026-09-23T03:48:05.385832+00:00", "trace_id": null, "stage": "dense", "event": "start"}
{"ts": "2026-09-23T03:48:05.386051+00:00", "trace_id": null, "stage": "dense", "event": "finish", "duration_ms": 0.219, "candidates_out": 20}
{"ts": "2026-09-23T03:48:05.386073+00:00", "trace_id": null, "stage": "lexical", "event": "start"}
{"ts": "2026-09-23T03:48:05.386323+00:00", "trace_id": null, "stage": "lexical", "event": "finish", "duration_ms": 0.249, "candidates_out": 19}
{"ts": "2026-09-23T03:48:05.386359+00:00", "trace_id": null, "stage": "fuse", "event": "start", "candidates_in": 30}
{"ts": "2026-09-23T03:48:05.386425+00:00", "trace_id": null, "stage": "fuse", "event": "finish", "duration_ms": 0.066, "candidates_in": 30, "candidates_out": 22, "top_score": 0.03278688524590164}
{"ts": "2026-09-23T03:48:05.390185+00:00", "trace_id": null, "stage": "gate", "event": "start", "candidates_in": 5}
{"ts": "2026-09-23T03:48:05.390246+00:00", "trace_id": null, "stage": "gate", "event": "finish", "duration_ms": 0.061, "candidates_in": 5, "candidates_out": 5, "top_score": 0.036571428571428574}
{"ts": "2026-09-23T03:48:05.390278+00:00", "trace_id": null, "stage": "embed_query", "event": "start", "model": "Qwen/Qwen3-Embedding-0.6B"}
{"ts": "2026-09-23T03:48:05.557204+00:00", "trace_id": null, "stage": "embed_query", "event": "finish", "duration_ms": 166.923, "model": "Qwen/Qwen3-Embedding-0.6B"}
{"ts": "2026-09-23T03:48:05.557251+00:00", "trace_id": null, "stage": "dense", "event": "start"}
{"ts": "2026-09-23T03:48:05.557463+00:00", "trace_id": null, "stage": "dense", "event": "finish", "duration_ms": 0.211, "candidates_out": 20}
{"ts": "2026-09-23T03:48:05.557491+00:00", "trace_id": null, "stage": "lexical", "event": "start"}
{"ts": "2026-09-23T03:48:05.557731+00:00", "trace_id": null, "stage": "lexical", "event": "finish", "duration_ms": 0.24, "candidates_out": 16}
{"ts": "2026-09-23T03:48:05.557759+00:00", "trace_id": null, "stage": "fuse", "event": "start", "candidates_in": 28}
{"ts": "2026-09-23T03:48:05.557828+00:00", "trace_id": null, "stage": "fuse", "event": "finish", "duration_ms": 0.069, "candidates_in": 28, "candidates_out": 22, "top_score": 0.03278688524590164}
{"ts": "2026-09-23T03:48:05.562125+00:00", "trace_id": null, "stage": "gate", "event": "start", "candidates_in": 5}
{"ts": "2026-09-23T03:48:05.562183+00:00", "trace_id": null, "stage": "gate", "event": "finish", "duration_ms": 0.058, "candidates_in": 5, "candidates_out": 5, "top_score": 0.08256048387096775}
{"ts": "2026-09-23T03:48:05.562215+00:00", "trace_id": null, "stage": "embed_query", "event": "start", "model": "Qwen/Qwen3-Embedding-0.6B"}
{"ts": "2026-09-23T03:48:05.662273+00:00", "trace_id": null, "stage": "embed_query", "event": "finish", "duration_ms": 100.053, "model": "Qwen/Qwen3-Embedding-0.6B"}
{"ts": "2026-09-23T03:48:05.662330+00:00", "trace_id": null, "stage": "dense", "event": "start"}
{"ts": "2026-09-23T03:48:05.662568+00:00", "trace_id": null, "stage": "dense", "event": "finish", "duration_ms": 0.238, "candidates_out": 20}
{"ts": "2026-09-23T03:48:05.662588+00:00", "trace_id": null, "stage": "lexical", "event": "start"}
{"ts": "2026-09-23T03:48:05.662921+00:00", "trace_id": null, "stage": "lexical", "event": "finish", "duration_ms": 0.333, "candidates_out": 20}
{"ts": "2026-09-23T03:48:05.662951+00:00", "trace_id": null, "stage": "fuse", "event": "start", "candidates_in": 32}
{"ts": "2026-09-23T03:48:05.663065+00:00", "trace_id": null, "stage": "fuse", "event": "finish", "duration_ms": 0.114, "candidates_in": 32, "candidates_out": 20, "top_score": 0.032266458495966696}
{"ts": "2026-09-23T03:48:05.666289+00:00", "trace_id": null, "stage": "gate", "event": "start", "candidates_in": 5}
{"ts": "2026-09-23T03:48:05.666379+00:00", "trace_id": null, "stage": "gate", "event": "finish", "duration_ms": 0.09, "candidates_in": 5, "candidates_out": 5, "top_score": 0.05413839891451832}
{"ts": "2026-09-23T03:48:05.666409+00:00", "trace_id": null, "stage": "embed_query", "event": "start", "model": "Qwen/Qwen3-Embedding-0.6B"}
{"ts": "2026-09-23T03:48:05.930161+00:00", "trace_id": null, "stage": "embed_query", "event": "finish", "duration_ms": 263.746, "model": "Qwen/Qwen3-Embedding-0.6B"}
{"ts": "2026-09-23T03:48:05.930228+00:00", "trace_id": null, "stage": "dense", "event": "start"}
{"ts": "2026-09-23T03:48:05.930494+00:00", "trace_id": null, "stage": "dense", "event": "finish", "duration_ms": 0.264, "candidates_out": 20}
{"ts": "2026-09-23T03:48:05.930526+00:00", "trace_id": null, "stage": "lexical", "event": "start"}
{"ts": "2026-09-23T03:48:05.930903+00:00", "trace_id": null, "stage": "lexical", "event": "finish", "duration_ms": 0.376, "candidates_out": 20}
{"ts": "2026-09-23T03:48:05.930945+00:00", "trace_id": null, "stage": "fuse", "event": "start", "candidates_in": 33}
{"ts": "2026-09-23T03:48:05.931019+00:00", "trace_id": null, "stage": "fuse", "event": "finish", "duration_ms": 0.074, "candidates_in": 33, "candidates_out": 20, "top_score": 0.03278688524590164}
{"ts": "2026-09-23T03:48:05.938104+00:00", "trace_id": null, "stage": "gate", "event": "start", "candidates_in": 5}
{"ts": "2026-09-23T03:48:05.938187+00:00", "trace_id": null, "stage": "gate", "event": "finish", "duration_ms": 0.082, "candidates_in": 5, "candidates_out": 5, "top_score": 0.14063864272388057}
{"ts": "2026-09-23T03:48:05.938219+00:00", "trace_id": null, "stage": "embed_query", "event": "start", "model": "Qwen/Qwen3-Embedding-0.6B"}
{"ts": "2026-09-23T03:48:05.996483+00:00", "trace_id": null, "stage": "embed_query", "event": "finish", "duration_ms": 58.255, "model": "Qwen/Qwen3-Embedding-0.6B"}
{"ts": "2026-09-23T03:48:05.996571+00:00", "trace_id": null, "stage": "dense", "event": "start"}
{"ts": "2026-09-23T03:48:05.996830+00:00", "trace_id": null, "stage": "dense", "event": "finish", "duration_ms": 0.258, "candidates_out": 20}
{"ts": "2026-09-23T03:48:05.996859+00:00", "trace_id": null, "stage": "lexical", "event": "start"}
{"ts": "2026-09-23T03:48:05.997253+00:00", "trace_id": null, "stage": "lexical", "event": "finish", "duration_ms": 0.393, "candidates_out": 20}
{"ts": "2026-09-23T03:48:05.997300+00:00", "trace_id": null, "stage": "fuse", "event": "start", "candidates_in": 34}
{"ts": "2026-09-23T03:48:05.997393+00:00", "trace_id": null, "stage": "fuse", "event": "finish", "duration_ms": 0.092, "candidates_in": 34, "candidates_out": 22, "top_score": 0.03278688524590164}
{"ts": "2026-09-23T03:48:06.005609+00:00", "trace_id": null, "stage": "gate", "event": "start", "candidates_in": 5}
{"ts": "2026-09-23T03:48:06.005691+00:00", "trace_id": null, "stage": "gate", "event": "finish", "duration_ms": 0.084, "candidates_in": 5, "candidates_out": 5, "top_score": 0.20955000000000001}
{"ts": "2026-09-23T03:48:06.005720+00:00", "trace_id": null, "stage": "embed_query", "event": "start", "model": "Qwen/Qwen3-Embedding-0.6B"}
{"ts": "2026-09-23T03:48:06.063144+00:00", "trace_id": null, "stage": "embed_query", "event": "finish", "duration_ms": 57.418, "model": "Qwen/Qwen3-Embedding-0.6B"}
{"ts": "2026-09-23T03:48:06.063213+00:00", "trace_id": null, "stage": "dense", "event": "start"}
{"ts": "2026-09-23T03:48:06.063474+00:00", "trace_id": null, "stage": "dense", "event": "finish", "duration_ms": 0.261, "candidates_out": 20}
{"ts": "2026-09-23T03:48:06.063506+00:00", "trace_id": null, "stage": "lexical", "event": "start"}
{"ts": "2026-09-23T03:48:06.063883+00:00", "trace_id": null, "stage": "lexical", "event": "finish", "duration_ms": 0.377, "candidates_out": 20}
{"ts": "2026-09-23T03:48:06.063911+00:00", "trace_id": null, "stage": "fuse", "event": "start", "candidates_in": 34}
{"ts": "2026-09-23T03:48:06.063985+00:00", "trace_id": null, "stage": "fuse", "event": "finish", "duration_ms": 0.072, "candidates_in": 34, "candidates_out": 25, "top_score": 0.03252247488101534}
{"ts": "2026-09-23T03:48:06.073005+00:00", "trace_id": null, "stage": "gate", "event": "start", "candidates_in": 5}
{"ts": "2026-09-23T03:48:06.073077+00:00", "trace_id": null, "stage": "gate", "event": "finish", "duration_ms": 0.072, "candidates_in": 5, "candidates_out": 5, "top_score": 0.1919076923076923}
{"ts": "2026-09-23T03:48:06.073108+00:00", "trace_id": null, "stage": "embed_query", "event": "start", "model": "Qwen/Qwen3-Embedding-0.6B"}
{"ts": "2026-09-23T03:48:06.128792+00:00", "trace_id": null, "stage": "embed_query", "event": "finish", "duration_ms": 55.678, "model": "Qwen/Qwen3-Embedding-0.6B"}
{"ts": "2026-09-23T03:48:06.128860+00:00", "trace_id": null, "stage": "dense", "event": "start"}
{"ts": "2026-09-23T03:48:06.129117+00:00", "trace_id": null, "stage": "dense", "event": "finish", "duration_ms": 0.256, "candidates_out": 20}
{"ts": "2026-09-23T03:48:06.129143+00:00", "trace_id": null, "stage": "lexical", "event": "start"}
{"ts": "2026-09-23T03:48:06.129578+00:00", "trace_id": null, "stage": "lexical", "event": "finish", "duration_ms": 0.434, "candidates_out": 20}
{"ts": "2026-09-23T03:48:06.129617+00:00", "trace_id": null, "stage": "fuse", "event": "start", "candidates_in": 35}
{"ts": "2026-09-23T03:48:06.129700+00:00", "trace_id": null, "stage": "fuse", "event": "finish", "duration_ms": 0.083, "candidates_in": 35, "candidates_out": 25, "top_score": 0.03252247488101534}
{"ts": "2026-09-23T03:48:06.139144+00:00", "trace_id": null, "stage": "gate", "event": "start", "candidates_in": 5}
{"ts": "2026-09-23T03:48:06.139210+00:00", "trace_id": null, "stage": "gate", "event": "finish", "duration_ms": 0.065, "candidates_in": 5, "candidates_out": 5, "top_score": 0.11170405522001726}
{"ts": "2026-09-23T03:48:06.139255+00:00", "trace_id": null, "stage": "embed_query", "event": "start", "model": "Qwen/Qwen3-Embedding-0.6B"}
{"ts": "2026-09-23T03:48:06.164192+00:00", "trace_id": null, "stage": "embed_query", "event": "finish", "duration_ms": 24.934, "model": "Qwen/Qwen3-Embedding-0.6B"}
{"ts": "2026-09-23T03:48:06.164238+00:00", "trace_id": null, "stage": "dense", "event": "start"}
{"ts": "2026-09-23T03:48:06.164499+00:00", "trace_id": null, "stage": "dense", "event": "finish", "duration_ms": 0.261, "candidates_out": 20}
{"ts": "2026-09-23T03:48:06.164526+00:00", "trace_id": null, "stage": "lexical", "event": "start"}
{"ts": "2026-09-23T03:48:06.164775+00:00", "trace_id": null, "stage": "lexical", "event": "finish", "duration_ms": 0.249, "candidates_out": 20}
{"ts": "2026-09-23T03:48:06.164802+00:00", "trace_id": null, "stage": "fuse", "event": "start", "candidates_in": 33}
{"ts": "2026-09-23T03:48:06.164873+00:00", "trace_id": null, "stage": "fuse", "event": "finish", "duration_ms": 0.07, "candidates_in": 33, "candidates_out": 22, "top_score": 0.03278688524590164}
{"ts": "2026-09-23T03:48:06.170307+00:00", "trace_id": null, "stage": "gate", "event": "start", "candidates_in": 5}
{"ts": "2026-09-23T03:48:06.170375+00:00", "trace_id": null, "stage": "gate", "event": "finish", "duration_ms": 0.068, "candidates_in": 5, "candidates_out": 5, "top_score": 0.14065573770491804}
{"ts": "2026-09-23T03:48:06.170402+00:00", "trace_id": null, "stage": "embed_query", "event": "start", "model": "Qwen/Qwen3-Embedding-0.6B"}
{"ts": "2026-09-23T03:48:06.197895+00:00", "trace_id": null, "stage": "embed_query", "event": "finish", "duration_ms": 27.49, "model": "Qwen/Qwen3-Embedding-0.6B"}
{"ts": "2026-09-23T03:48:06.197939+00:00", "trace_id": null, "stage": "dense", "event": "start"}
{"ts": "2026-09-23T03:48:06.198156+00:00", "trace_id": null, "stage": "dense", "event": "finish", "duration_ms": 0.216, "candidates_out": 20}
{"ts": "2026-09-23T03:48:06.198188+00:00", "trace_id": null, "stage": "lexical", "event": "start"}
{"ts": "2026-09-23T03:48:06.198499+00:00", "trace_id": null, "stage": "lexical", "event": "finish", "duration_ms": 0.311, "candidates_out": 20}
{"ts": "2026-09-23T03:48:06.198528+00:00", "trace_id": null, "stage": "fuse", "event": "start", "candidates_in": 30}
{"ts": "2026-09-23T03:48:06.198604+00:00", "trace_id": null, "stage": "fuse", "event": "finish", "duration_ms": 0.075, "candidates_in": 30, "candidates_out": 18, "top_score": 0.03278688524590164}
{"ts": "2026-09-23T03:48:06.201374+00:00", "trace_id": null, "stage": "gate", "event": "start", "candidates_in": 5}
{"ts": "2026-09-23T03:48:06.201447+00:00", "trace_id": null, "stage": "gate", "event": "finish", "duration_ms": 0.073, "candidates_in": 5, "candidates_out": 5, "top_score": 0.11177419354838711}
{"ts": "2026-09-23T03:48:06.201476+00:00", "trace_id": null, "stage": "embed_query", "event": "start", "model": "Qwen/Qwen3-Embedding-0.6B"}
{"ts": "2026-09-23T03:48:06.225284+00:00", "trace_id": null, "stage": "embed_query", "event": "finish", "duration_ms": 23.805, "model": "Qwen/Qwen3-Embedding-0.6B"}
{"ts": "2026-09-23T03:48:06.225341+00:00", "trace_id": null, "stage": "dense", "event": "start"}
{"ts": "2026-09-23T03:48:06.225513+00:00", "trace_id": null, "stage": "dense", "event": "finish", "duration_ms": 0.171, "candidates_out": 20}
{"ts": "2026-09-23T03:48:06.225529+00:00", "trace_id": null, "stage": "lexical", "event": "start"}
{"ts": "2026-09-23T03:48:06.225806+00:00", "trace_id": null, "stage": "lexical", "event": "finish", "duration_ms": 0.277, "candidates_out": 20}
{"ts": "2026-09-23T03:48:06.225853+00:00", "trace_id": null, "stage": "fuse", "event": "start", "candidates_in": 32}
{"ts": "2026-09-23T03:48:06.225915+00:00", "trace_id": null, "stage": "fuse", "event": "finish", "duration_ms": 0.062, "candidates_in": 32, "candidates_out": 20, "top_score": 0.03278688524590164}
{"ts": "2026-09-23T03:48:06.229087+00:00", "trace_id": null, "stage": "gate", "event": "start", "candidates_in": 5}
{"ts": "2026-09-23T03:48:06.229155+00:00", "trace_id": null, "stage": "gate", "event": "finish", "duration_ms": 0.068, "candidates_in": 5, "candidates_out": 5, "top_score": 0.11177419354838711}
{"ts": "2026-09-23T03:48:06.229192+00:00", "trace_id": null, "stage": "embed_query", "event": "start", "model": "Qwen/Qwen3-Embedding-0.6B"}
{"ts": "2026-09-23T03:48:06.253712+00:00", "trace_id": null, "stage": "embed_query", "event": "finish", "duration_ms": 24.515, "model": "Qwen/Qwen3-Embedding-0.6B"}
{"ts": "2026-09-23T03:48:06.253831+00:00", "trace_id": null, "stage": "dense", "event": "start"}
{"ts": "2026-09-23T03:48:06.254248+00:00", "trace_id": null, "stage": "dense", "event": "finish", "duration_ms": 0.417, "candidates_out": 20}
{"ts": "2026-09-23T03:48:06.254288+00:00", "trace_id": null, "stage": "lexical", "event": "start"}
{"ts": "2026-09-23T03:48:06.254573+00:00", "trace_id": null, "stage": "lexical", "event": "finish", "duration_ms": 0.284, "candidates_out": 20}
{"ts": "2026-09-23T03:48:06.254601+00:00", "trace_id": null, "stage": "fuse", "event": "start", "candidates_in": 28}
{"ts": "2026-09-23T03:48:06.254674+00:00", "trace_id": null, "stage": "fuse", "event": "finish", "duration_ms": 0.072, "candidates_in": 28, "candidates_out": 18, "top_score": 0.031746031746031744}
{"ts": "2026-09-23T03:48:06.258034+00:00", "trace_id": null, "stage": "gate", "event": "start", "candidates_in": 5}
{"ts": "2026-09-23T03:48:06.258268+00:00", "trace_id": null, "stage": "gate", "event": "finish", "duration_ms": 0.234, "candidates_in": 5, "candidates_out": 6, "top_score": 0.05550284629981025}
{"ts": "2026-09-23T03:48:06.258295+00:00", "trace_id": null, "stage": "embed_query", "event": "start", "model": "Qwen/Qwen3-Embedding-0.6B"}
{"ts": "2026-09-23T03:48:06.283903+00:00", "trace_id": null, "stage": "embed_query", "event": "finish", "duration_ms": 25.605, "model": "Qwen/Qwen3-Embedding-0.6B"}
{"ts": "2026-09-23T03:48:06.283972+00:00", "trace_id": null, "stage": "dense", "event": "start"}
{"ts": "2026-09-23T03:48:06.284155+00:00", "trace_id": null, "stage": "dense", "event": "finish", "duration_ms": 0.183, "candidates_out": 20}
{"ts": "2026-09-23T03:48:06.284172+00:00", "trace_id": null, "stage": "lexical", "event": "start"}
{"ts": "2026-09-23T03:48:06.284460+00:00", "trace_id": null, "stage": "lexical", "event": "finish", "duration_ms": 0.288, "candidates_out": 20}
{"ts": "2026-09-23T03:48:06.284482+00:00", "trace_id": null, "stage": "fuse", "event": "start", "candidates_in": 27}
{"ts": "2026-09-23T03:48:06.284543+00:00", "trace_id": null, "stage": "fuse", "event": "finish", "duration_ms": 0.061, "candidates_in": 27, "candidates_out": 19, "top_score": 0.03278688524590164}
{"ts": "2026-09-23T03:48:06.288556+00:00", "trace_id": null, "stage": "gate", "event": "start", "candidates_in": 5}
{"ts": "2026-09-23T03:48:06.288789+00:00", "trace_id": null, "stage": "gate", "event": "finish", "duration_ms": 0.232, "candidates_in": 5, "candidates_out": 6, "top_score": 0.102265625}
{"ts": "2026-09-23T03:48:06.288822+00:00", "trace_id": null, "stage": "embed_query", "event": "start", "model": "Qwen/Qwen3-Embedding-0.6B"}
{"ts": "2026-09-23T03:48:06.312905+00:00", "trace_id": null, "stage": "embed_query", "event": "finish", "duration_ms": 24.077, "model": "Qwen/Qwen3-Embedding-0.6B"}
{"ts": "2026-09-23T03:48:06.312971+00:00", "trace_id": null, "stage": "dense", "event": "start"}
{"ts": "2026-09-23T03:48:06.313280+00:00", "trace_id": null, "stage": "dense", "event": "finish", "duration_ms": 0.309, "candidates_out": 20}
{"ts": "2026-09-23T03:48:06.313308+00:00", "trace_id": null, "stage": "lexical", "event": "start"}
{"ts": "2026-09-23T03:48:06.313623+00:00", "trace_id": null, "stage": "lexical", "event": "finish", "duration_ms": 0.315, "candidates_out": 20}
{"ts": "2026-09-23T03:48:06.313649+00:00", "trace_id": null, "stage": "fuse", "event": "start", "candidates_in": 30}
{"ts": "2026-09-23T03:48:06.313720+00:00", "trace_id": null, "stage": "fuse", "event": "finish", "duration_ms": 0.071, "candidates_in": 30, "candidates_out": 24, "top_score": 0.03278688524590164}
{"ts": "2026-09-23T03:48:06.319923+00:00", "trace_id": null, "stage": "gate", "event": "start", "candidates_in": 5}
{"ts": "2026-09-23T03:48:06.320052+00:00", "trace_id": null, "stage": "gate", "event": "finish", "duration_ms": 0.129, "candidates_in": 5, "candidates_out": 5, "top_score": 0.0725646217986897}
{"ts": "2026-09-23T03:48:06.320082+00:00", "trace_id": null, "stage": "embed_query", "event": "start", "model": "Qwen/Qwen3-Embedding-0.6B"}
{"ts": "2026-09-23T03:48:06.344871+00:00", "trace_id": null, "stage": "embed_query", "event": "finish", "duration_ms": 24.785, "model": "Qwen/Qwen3-Embedding-0.6B"}
{"ts": "2026-09-23T03:48:06.344936+00:00", "trace_id": null, "stage": "dense", "event": "start"}
{"ts": "2026-09-23T03:48:06.345118+00:00", "trace_id": null, "stage": "dense", "event": "finish", "duration_ms": 0.182, "candidates_out": 20}
{"ts": "2026-09-23T03:48:06.345144+00:00", "trace_id": null, "stage": "lexical", "event": "start"}
{"ts": "2026-09-23T03:48:06.345463+00:00", "trace_id": null, "stage": "lexical", "event": "finish", "duration_ms": 0.319, "candidates_out": 20}
{"ts": "2026-09-23T03:48:06.345493+00:00", "trace_id": null, "stage": "fuse", "event": "start", "candidates_in": 32}
{"ts": "2026-09-23T03:48:06.345558+00:00", "trace_id": null, "stage": "fuse", "event": "finish", "duration_ms": 0.065, "candidates_in": 32, "candidates_out": 21, "top_score": 0.03278688524590164}
{"ts": "2026-09-23T03:48:06.350130+00:00", "trace_id": null, "stage": "gate", "event": "start", "candidates_in": 5}
{"ts": "2026-09-23T03:48:06.350403+00:00", "trace_id": null, "stage": "gate", "event": "finish", "duration_ms": 0.273, "candidates_in": 5, "candidates_out": 6, "top_score": 0.18096774193548387}
{"ts": "2026-09-23T03:48:06.350436+00:00", "trace_id": null, "stage": "embed_query", "event": "start", "model": "Qwen/Qwen3-Embedding-0.6B"}
{"ts": "2026-09-23T03:48:06.375183+00:00", "trace_id": null, "stage": "embed_query", "event": "finish", "duration_ms": 24.744, "model": "Qwen/Qwen3-Embedding-0.6B"}
{"ts": "2026-09-23T03:48:06.375245+00:00", "trace_id": null, "stage": "dense", "event": "start"}
{"ts": "2026-09-23T03:48:06.375427+00:00", "trace_id": null, "stage": "dense", "event": "finish", "duration_ms": 0.183, "candidates_out": 20}
{"ts": "2026-09-23T03:48:06.375451+00:00", "trace_id": null, "stage": "lexical", "event": "start"}
{"ts": "2026-09-23T03:48:06.375763+00:00", "trace_id": null, "stage": "lexical", "event": "finish", "duration_ms": 0.312, "candidates_out": 20}
{"ts": "2026-09-23T03:48:06.375788+00:00", "trace_id": null, "stage": "fuse", "event": "start", "candidates_in": 33}
{"ts": "2026-09-23T03:48:06.375862+00:00", "trace_id": null, "stage": "fuse", "event": "finish", "duration_ms": 0.073, "candidates_in": 33, "candidates_out": 22, "top_score": 0.03252247488101534}
{"ts": "2026-09-23T03:48:06.380697+00:00", "trace_id": null, "stage": "gate", "event": "start", "candidates_in": 5}
{"ts": "2026-09-23T03:48:06.381023+00:00", "trace_id": null, "stage": "gate", "event": "finish", "duration_ms": 0.327, "candidates_in": 5, "candidates_out": 6, "top_score": 0.18245108408249608}
{"ts": "2026-09-23T03:48:06.381050+00:00", "trace_id": null, "stage": "embed_query", "event": "start", "model": "Qwen/Qwen3-Embedding-0.6B"}
{"ts": "2026-09-23T03:48:06.404136+00:00", "trace_id": null, "stage": "embed_query", "event": "finish", "duration_ms": 23.083, "model": "Qwen/Qwen3-Embedding-0.6B"}
{"ts": "2026-09-23T03:48:06.404194+00:00", "trace_id": null, "stage": "dense", "event": "start"}
{"ts": "2026-09-23T03:48:06.404361+00:00", "trace_id": null, "stage": "dense", "event": "finish", "duration_ms": 0.167, "candidates_out": 20}
{"ts": "2026-09-23T03:48:06.404384+00:00", "trace_id": null, "stage": "lexical", "event": "start"}
{"ts": "2026-09-23T03:48:06.404741+00:00", "trace_id": null, "stage": "lexical", "event": "finish", "duration_ms": 0.357, "candidates_out": 20}
{"ts": "2026-09-23T03:48:06.404765+00:00", "trace_id": null, "stage": "fuse", "event": "start", "candidates_in": 32}
{"ts": "2026-09-23T03:48:06.404831+00:00", "trace_id": null, "stage": "fuse", "event": "finish", "duration_ms": 0.065, "candidates_in": 32, "candidates_out": 22, "top_score": 0.030886196246139225}
{"ts": "2026-09-23T03:48:06.408560+00:00", "trace_id": null, "stage": "gate", "event": "start", "candidates_in": 5}
{"ts": "2026-09-23T03:48:06.408890+00:00", "trace_id": null, "stage": "gate", "event": "finish", "duration_ms": 0.329, "candidates_in": 5, "candidates_out": 7, "top_score": 0.10702066999287242}
{"ts": "2026-09-23T03:48:06.408928+00:00", "trace_id": null, "stage": "embed_query", "event": "start", "model": "Qwen/Qwen3-Embedding-0.6B"}
{"ts": "2026-09-23T03:48:06.463086+00:00", "trace_id": null, "stage": "embed_query", "event": "finish", "duration_ms": 54.154, "model": "Qwen/Qwen3-Embedding-0.6B"}
{"ts": "2026-09-23T03:48:06.463137+00:00", "trace_id": null, "stage": "dense", "event": "start"}
{"ts": "2026-09-23T03:48:06.463355+00:00", "trace_id": null, "stage": "dense", "event": "finish", "duration_ms": 0.217, "candidates_out": 20}
{"ts": "2026-09-23T03:48:06.463377+00:00", "trace_id": null, "stage": "lexical", "event": "start"}
{"ts": "2026-09-23T03:48:06.463673+00:00", "trace_id": null, "stage": "lexical", "event": "finish", "duration_ms": 0.296, "candidates_out": 20}
{"ts": "2026-09-23T03:48:06.463709+00:00", "trace_id": null, "stage": "fuse", "event": "start", "candidates_in": 33}
{"ts": "2026-09-23T03:48:06.463769+00:00", "trace_id": null, "stage": "fuse", "event": "finish", "duration_ms": 0.061, "candidates_in": 33, "candidates_out": 24, "top_score": 0.03278688524590164}
{"ts": "2026-09-23T03:48:06.470147+00:00", "trace_id": null, "stage": "gate", "event": "start", "candidates_in": 5}
{"ts": "2026-09-23T03:48:06.470215+00:00", "trace_id": null, "stage": "gate", "event": "finish", "duration_ms": 0.068, "candidates_in": 5, "candidates_out": 5, "top_score": 0.3727377049180329}
{"ts": "2026-09-23T03:48:06.470250+00:00", "trace_id": null, "stage": "embed_query", "event": "start", "model": "Qwen/Qwen3-Embedding-0.6B"}
{"ts": "2026-09-23T03:48:06.622278+00:00", "trace_id": null, "stage": "embed_query", "event": "finish", "duration_ms": 152.024, "model": "Qwen/Qwen3-Embedding-0.6B"}
{"ts": "2026-09-23T03:48:06.622370+00:00", "trace_id": null, "stage": "dense", "event": "start"}
{"ts": "2026-09-23T03:48:06.622583+00:00", "trace_id": null, "stage": "dense", "event": "finish", "duration_ms": 0.213, "candidates_out": 20}
{"ts": "2026-09-23T03:48:06.622604+00:00", "trace_id": null, "stage": "lexical", "event": "start"}
{"ts": "2026-09-23T03:48:06.622982+00:00", "trace_id": null, "stage": "lexical", "event": "finish", "duration_ms": 0.377, "candidates_out": 20}
{"ts": "2026-09-23T03:48:06.623024+00:00", "trace_id": null, "stage": "fuse", "event": "start", "candidates_in": 31}
{"ts": "2026-09-23T03:48:06.623155+00:00", "trace_id": null, "stage": "fuse", "event": "finish", "duration_ms": 0.127, "candidates_in": 31, "candidates_out": 19, "top_score": 0.03278688524590164}
{"ts": "2026-09-23T03:48:06.629746+00:00", "trace_id": null, "stage": "gate", "event": "start", "candidates_in": 5}
{"ts": "2026-09-23T03:48:06.629955+00:00", "trace_id": null, "stage": "gate", "event": "finish", "duration_ms": 0.208, "candidates_in": 5, "candidates_out": 5, "top_score": 0.08205882352941177}
{"ts": "2026-09-23T03:48:06.630039+00:00", "trace_id": null, "stage": "embed_query", "event": "start", "model": "Qwen/Qwen3-Embedding-0.6B"}
{"ts": "2026-09-23T03:48:06.767706+00:00", "trace_id": null, "stage": "embed_query", "event": "finish", "duration_ms": 137.663, "model": "Qwen/Qwen3-Embedding-0.6B"}
{"ts": "2026-09-23T03:48:06.767765+00:00", "trace_id": null, "stage": "dense", "event": "start"}
{"ts": "2026-09-23T03:48:06.768026+00:00", "trace_id": null, "stage": "dense", "event": "finish", "duration_ms": 0.259, "candidates_out": 20}
{"ts": "2026-09-23T03:48:06.768063+00:00", "trace_id": null, "stage": "lexical", "event": "start"}
{"ts": "2026-09-23T03:48:06.768370+00:00", "trace_id": null, "stage": "lexical", "event": "finish", "duration_ms": 0.307, "candidates_out": 20}
{"ts": "2026-09-23T03:48:06.768405+00:00", "trace_id": null, "stage": "fuse", "event": "start", "candidates_in": 32}
{"ts": "2026-09-23T03:48:06.768470+00:00", "trace_id": null, "stage": "fuse", "event": "finish", "duration_ms": 0.065, "candidates_in": 32, "candidates_out": 19, "top_score": 0.03278688524590164}
{"ts": "2026-09-23T03:48:06.775263+00:00", "trace_id": null, "stage": "gate", "event": "start", "candidates_in": 5}
{"ts": "2026-09-23T03:48:06.775327+00:00", "trace_id": null, "stage": "gate", "event": "finish", "duration_ms": 0.064, "candidates_in": 5, "candidates_out": 5, "top_score": 0.0812109375}
holdout_mrr=0.718 n=74 all_recall=0.918 n=122
