Loading weights:   0%|          | 0/310 [00:00<?, ?it/s]Loading weights: 100%|██████████| 310/310 [00:00<00:00, 8129.46it/s]
{"ts": "2026-09-23T03:50:11.574415+00:00", "trace_id": null, "stage": "embed_query", "event": "start", "model": "Qwen/Qwen3-Embedding-0.6B"}
{"ts": "2026-09-23T03:50:11.607336+00:00", "trace_id": null, "stage": "embed_query", "event": "finish", "duration_ms": 32.941, "model": "Qwen/Qwen3-Embedding-0.6B"}
{"ts": "2026-09-23T03:50:11.607436+00:00", "trace_id": null, "stage": "dense", "event": "start"}
{"ts": "2026-09-23T03:50:11.607820+00:00", "trace_id": null, "stage": "dense", "event": "finish", "duration_ms": 0.383, "candidates_out": 20}
{"ts": "2026-09-23T03:50:11.607860+00:00", "trace_id": null, "stage": "lexical", "event": "start"}
{"ts": "2026-09-23T03:50:11.608895+00:00", "trace_id": null, "stage": "lexical", "event": "finish", "duration_ms": 1.033, "candidates_out": 20}
{"ts": "2026-09-23T03:50:11.608966+00:00", "trace_id": null, "stage": "fuse", "event": "start", "candidates_in": 33}
{"ts": "2026-09-23T03:50:11.609074+00:00", "trace_id": null, "stage": "fuse", "event": "finish", "duration_ms": 0.106, "candidates_in": 33, "candidates_out": 22, "top_score": 0.03278688524590164}
{"ts": "2026-09-23T03:50:11.615434+00:00", "trace_id": null, "stage": "gate", "event": "start", "candidates_in": 5}
{"ts": "2026-09-23T03:50:11.615627+00:00", "trace_id": null, "stage": "gate", "event": "finish", "duration_ms": 0.198, "candidates_in": 5, "candidates_out": 5, "top_score": 0.15753442622950822}
{"ts": "2026-09-23T03:50:15.899227+00:00", "trace_id": null, "stage": "gate_form", "event": "start"}
{"ts": "2026-09-23T03:50:15.899335+00:00", "trace_id": null, "stage": "gate_form", "event": "finish", "duration_ms": 0.112}
{"ts": "2026-09-23T03:50:15.899394+00:00", "trace_id": null, "stage": "gate_literal", "event": "start"}
{"ts": "2026-09-23T03:50:15.899472+00:00", "trace_id": null, "stage": "gate_literal", "event": "finish", "duration_ms": 0.08}
{"ts": "2026-09-23T03:50:15.899518+00:00", "trace_id": null, "stage": "gate_entail", "event": "start", "skipped": true, "reason": "no_entailment_model"}
{"ts": "2026-09-23T03:50:15.899576+00:00", "trace_id": null, "stage": "gate_entail", "event": "finish", "duration_ms": 0.058, "degraded": true, "skipped": true, "reason": "no_entailment_model"}
{"ts": "2026-09-23T03:50:15.899612+00:00", "trace_id": null, "stage": "gate_coverage", "event": "start", "coverage": 1.0}
{"ts": "2026-09-23T03:50:15.899650+00:00", "trace_id": null, "stage": "gate_coverage", "event": "finish", "duration_ms": 0.037, "coverage": 1.0}
{"ts": "2026-09-23T03:50:15.899680+00:00", "trace_id": null, "stage": "gate_conflict", "event": "start"}
{"ts": "2026-09-23T03:50:15.899727+00:00", "trace_id": null, "stage": "gate_conflict", "event": "finish", "duration_ms": 0.047, "skipped": true, "reason": "no_conflict"}
{"ts": "2026-09-23T03:50:15.899761+00:00", "trace_id": null, "stage": "embed_query", "event": "start", "model": "Qwen/Qwen3-Embedding-0.6B"}
{"ts": "2026-09-23T03:50:15.978614+00:00", "trace_id": null, "stage": "embed_query", "event": "finish", "duration_ms": 78.847, "model": "Qwen/Qwen3-Embedding-0.6B"}
{"ts": "2026-09-23T03:50:15.978728+00:00", "trace_id": null, "stage": "dense", "event": "start"}
{"ts": "2026-09-23T03:50:15.979051+00:00", "trace_id": null, "stage": "dense", "event": "finish", "duration_ms": 0.321, "candidates_out": 20}
{"ts": "2026-09-23T03:50:15.979118+00:00", "trace_id": null, "stage": "lexical", "event": "start"}
{"ts": "2026-09-23T03:50:15.979677+00:00", "trace_id": null, "stage": "lexical", "event": "finish", "duration_ms": 0.557, "candidates_out": 20}
{"ts": "2026-09-23T03:50:15.979756+00:00", "trace_id": null, "stage": "fuse", "event": "start", "candidates_in": 33}
{"ts": "2026-09-23T03:50:15.979847+00:00", "trace_id": null, "stage": "fuse", "event": "finish", "duration_ms": 0.09, "candidates_in": 33, "candidates_out": 19, "top_score": 0.03278688524590164}
{"ts": "2026-09-23T03:50:15.984848+00:00", "trace_id": null, "stage": "gate", "event": "start", "candidates_in": 5}
{"ts": "2026-09-23T03:50:15.984961+00:00", "trace_id": null, "stage": "gate", "event": "finish", "duration_ms": 0.113, "candidates_in": 5, "candidates_out": 5, "top_score": 0.03672131147540984}
{"ts": "2026-09-23T03:50:18.044878+00:00", "trace_id": null, "stage": "gate_form", "event": "start"}
{"ts": "2026-09-23T03:50:18.045019+00:00", "trace_id": null, "stage": "gate_form", "event": "finish", "duration_ms": 0.146}
{"ts": "2026-09-23T03:50:18.045114+00:00", "trace_id": null, "stage": "gate_literal", "event": "start"}
{"ts": "2026-09-23T03:50:18.045314+00:00", "trace_id": null, "stage": "gate_literal", "event": "finish", "duration_ms": 0.202}
{"ts": "2026-09-23T03:50:18.045397+00:00", "trace_id": null, "stage": "gate_entail", "event": "start", "skipped": true, "reason": "no_entailment_model"}
{"ts": "2026-09-23T03:50:18.045518+00:00", "trace_id": null, "stage": "gate_entail", "event": "finish", "duration_ms": 0.121, "degraded": true, "skipped": true, "reason": "no_entailment_model"}
{"ts": "2026-09-23T03:50:18.045638+00:00", "trace_id": null, "stage": "gate_coverage", "event": "start", "coverage": 1.0}
{"ts": "2026-09-23T03:50:18.045807+00:00", "trace_id": null, "stage": "gate_coverage", "event": "finish", "duration_ms": 0.17, "coverage": 1.0}
{"ts": "2026-09-23T03:50:18.045904+00:00", "trace_id": null, "stage": "gate_conflict", "event": "start"}
{"ts": "2026-09-23T03:50:18.046025+00:00", "trace_id": null, "stage": "gate_conflict", "event": "finish", "duration_ms": 0.119, "skipped": true, "reason": "no_conflict"}
{"ts": "2026-09-23T03:50:18.046102+00:00", "trace_id": null, "stage": "embed_query", "event": "start", "model": "Qwen/Qwen3-Embedding-0.6B"}
{"ts": "2026-09-23T03:50:18.124354+00:00", "trace_id": null, "stage": "embed_query", "event": "finish", "duration_ms": 78.248, "model": "Qwen/Qwen3-Embedding-0.6B"}
{"ts": "2026-09-23T03:50:18.124521+00:00", "trace_id": null, "stage": "dense", "event": "start"}
{"ts": "2026-09-23T03:50:18.127748+00:00", "trace_id": null, "stage": "dense", "event": "finish", "duration_ms": 3.223, "candidates_out": 20}
{"ts": "2026-09-23T03:50:18.128002+00:00", "trace_id": null, "stage": "lexical", "event": "start"}
{"ts": "2026-09-23T03:50:18.130196+00:00", "trace_id": null, "stage": "lexical", "event": "finish", "duration_ms": 2.193, "candidates_out": 20}
{"ts": "2026-09-23T03:50:18.130374+00:00", "trace_id": null, "stage": "fuse", "event": "start", "candidates_in": 31}
{"ts": "2026-09-23T03:50:18.130448+00:00", "trace_id": null, "stage": "fuse", "event": "finish", "duration_ms": 0.074, "candidates_in": 31, "candidates_out": 19, "top_score": 0.03278688524590164}
{"ts": "2026-09-23T03:50:18.136643+00:00", "trace_id": null, "stage": "gate", "event": "start", "candidates_in": 5}
{"ts": "2026-09-23T03:50:18.136769+00:00", "trace_id": null, "stage": "gate", "event": "finish", "duration_ms": 0.13, "candidates_in": 5, "candidates_out": 5, "top_score": 0.06609836065573772}
{"ts": "2026-09-23T03:50:21.125095+00:00", "trace_id": null, "stage": "gate_form", "event": "start"}
{"ts": "2026-09-23T03:50:21.125194+00:00", "trace_id": null, "stage": "gate_form", "event": "finish", "duration_ms": 0.104}
{"ts": "2026-09-23T03:50:21.125225+00:00", "trace_id": null, "stage": "gate_literal", "event": "start"}
{"ts": "2026-09-23T03:50:21.125326+00:00", "trace_id": null, "stage": "gate_literal", "event": "finish", "duration_ms": 0.1}
{"ts": "2026-09-23T03:50:21.125386+00:00", "trace_id": null, "stage": "gate_entail", "event": "start", "skipped": true, "reason": "no_entailment_model"}
{"ts": "2026-09-23T03:50:21.125423+00:00", "trace_id": null, "stage": "gate_entail", "event": "finish", "duration_ms": 0.038, "degraded": true, "skipped": true, "reason": "no_entailment_model"}
{"ts": "2026-09-23T03:50:21.125440+00:00", "trace_id": null, "stage": "gate_coverage", "event": "start", "coverage": 1.0}
{"ts": "2026-09-23T03:50:21.125475+00:00", "trace_id": null, "stage": "gate_coverage", "event": "finish", "duration_ms": 0.034, "coverage": 1.0}
{"ts": "2026-09-23T03:50:21.125518+00:00", "trace_id": null, "stage": "gate_conflict", "event": "start"}
{"ts": "2026-09-23T03:50:21.125577+00:00", "trace_id": null, "stage": "gate_conflict", "event": "finish", "duration_ms": 0.059, "skipped": true, "reason": "no_conflict"}
{"ts": "2026-09-23T03:50:21.125607+00:00", "trace_id": null, "stage": "embed_query", "event": "start", "model": "Qwen/Qwen3-Embedding-0.6B"}
{"ts": "2026-09-23T03:50:21.214444+00:00", "trace_id": null, "stage": "embed_query", "event": "finish", "duration_ms": 88.832, "model": "Qwen/Qwen3-Embedding-0.6B"}
{"ts": "2026-09-23T03:50:21.214550+00:00", "trace_id": null, "stage": "dense", "event": "start"}
{"ts": "2026-09-23T03:50:21.214809+00:00", "trace_id": null, "stage": "dense", "event": "finish", "duration_ms": 0.259, "candidates_out": 20}
{"ts": "2026-09-23T03:50:21.214853+00:00", "trace_id": null, "stage": "lexical", "event": "start"}
{"ts": "2026-09-23T03:50:21.215366+00:00", "trace_id": null, "stage": "lexical", "event": "finish", "duration_ms": 0.513, "candidates_out": 20}
{"ts": "2026-09-23T03:50:21.215404+00:00", "trace_id": null, "stage": "fuse", "event": "start", "candidates_in": 33}
{"ts": "2026-09-23T03:50:21.215469+00:00", "trace_id": null, "stage": "fuse", "event": "finish", "duration_ms": 0.065, "candidates_in": 33, "candidates_out": 20, "top_score": 0.03252247488101534}
{"ts": "2026-09-23T03:50:21.221196+00:00", "trace_id": null, "stage": "gate", "event": "start", "candidates_in": 5}
{"ts": "2026-09-23T03:50:21.221309+00:00", "trace_id": null, "stage": "gate", "event": "finish", "duration_ms": 0.114, "candidates_in": 5, "candidates_out": 5, "top_score": 0.03642517186673718}
{"ts": "2026-09-23T03:50:22.822829+00:00", "trace_id": null, "stage": "gate_form", "event": "start"}
{"ts": "2026-09-23T03:50:22.824641+00:00", "trace_id": null, "stage": "gate_form", "event": "finish", "duration_ms": 1.864}
{"ts": "2026-09-23T03:50:22.824722+00:00", "trace_id": null, "stage": "gate_literal", "event": "start"}
{"ts": "2026-09-23T03:50:22.824819+00:00", "trace_id": null, "stage": "gate_literal", "event": "finish", "duration_ms": 0.098}
{"ts": "2026-09-23T03:50:22.824857+00:00", "trace_id": null, "stage": "gate_entail", "event": "start", "skipped": true, "reason": "no_entailment_model"}
{"ts": "2026-09-23T03:50:22.824928+00:00", "trace_id": null, "stage": "gate_entail", "event": "finish", "duration_ms": 0.073, "degraded": true, "skipped": true, "reason": "no_entailment_model"}
{"ts": "2026-09-23T03:50:22.824959+00:00", "trace_id": null, "stage": "gate_coverage", "event": "start", "coverage": 1.0}
{"ts": "2026-09-23T03:50:22.825018+00:00", "trace_id": null, "stage": "gate_coverage", "event": "finish", "duration_ms": 0.058, "coverage": 1.0}
{"ts": "2026-09-23T03:50:22.825044+00:00", "trace_id": null, "stage": "gate_conflict", "event": "start"}
{"ts": "2026-09-23T03:50:22.825148+00:00", "trace_id": null, "stage": "gate_conflict", "event": "finish", "duration_ms": 0.103, "skipped": true, "reason": "no_conflict"}
{"ts": "2026-09-23T03:50:22.825276+00:00", "trace_id": null, "stage": "embed_query", "event": "start", "model": "Qwen/Qwen3-Embedding-0.6B"}
{"ts": "2026-09-23T03:50:22.974921+00:00", "trace_id": null, "stage": "embed_query", "event": "finish", "duration_ms": 149.641, "model": "Qwen/Qwen3-Embedding-0.6B"}
{"ts": "2026-09-23T03:50:22.975103+00:00", "trace_id": null, "stage": "dense", "event": "start"}
{"ts": "2026-09-23T03:50:22.976523+00:00", "trace_id": null, "stage": "dense", "event": "finish", "duration_ms": 1.419, "candidates_out": 20}
{"ts": "2026-09-23T03:50:22.976631+00:00", "trace_id": null, "stage": "lexical", "event": "start"}
{"ts": "2026-09-23T03:50:22.977491+00:00", "trace_id": null, "stage": "lexical", "event": "finish", "duration_ms": 0.86, "candidates_out": 20}
{"ts": "2026-09-23T03:50:22.977535+00:00", "trace_id": null, "stage": "fuse", "event": "start", "candidates_in": 33}
{"ts": "2026-09-23T03:50:22.977632+00:00", "trace_id": null, "stage": "fuse", "event": "finish", "duration_ms": 0.097, "candidates_in": 33, "candidates_out": 20, "top_score": 0.03278688524590164}
{"ts": "2026-09-23T03:50:22.986513+00:00", "trace_id": null, "stage": "gate", "event": "start", "candidates_in": 5}
{"ts": "2026-09-23T03:50:22.986795+00:00", "trace_id": null, "stage": "gate", "event": "finish", "duration_ms": 0.269, "candidates_in": 5, "candidates_out": 5, "top_score": 0.03672131147540984}
{"ts": "2026-09-23T03:50:25.566080+00:00", "trace_id": null, "stage": "gate_form", "event": "start"}
{"ts": "2026-09-23T03:50:25.566196+00:00", "trace_id": null, "stage": "gate_form", "event": "finish", "duration_ms": 0.121}
{"ts": "2026-09-23T03:50:25.566240+00:00", "trace_id": null, "stage": "gate_literal", "event": "start"}
{"ts": "2026-09-23T03:50:25.566347+00:00", "trace_id": null, "stage": "gate_literal", "event": "finish", "duration_ms": 0.106}
{"ts": "2026-09-23T03:50:25.566396+00:00", "trace_id": null, "stage": "gate_entail", "event": "start", "skipped": true, "reason": "no_entailment_model"}
{"ts": "2026-09-23T03:50:25.566450+00:00", "trace_id": null, "stage": "gate_entail", "event": "finish", "duration_ms": 0.054, "degraded": true, "skipped": true, "reason": "no_entailment_model"}
{"ts": "2026-09-23T03:50:25.566472+00:00", "trace_id": null, "stage": "gate_coverage", "event": "start", "coverage": 1.0}
{"ts": "2026-09-23T03:50:25.566518+00:00", "trace_id": null, "stage": "gate_coverage", "event": "finish", "duration_ms": 0.046, "coverage": 1.0}
{"ts": "2026-09-23T03:50:25.566541+00:00", "trace_id": null, "stage": "gate_conflict", "event": "start"}
{"ts": "2026-09-23T03:50:25.566620+00:00", "trace_id": null, "stage": "gate_conflict", "event": "finish", "duration_ms": 0.079, "skipped": true, "reason": "no_conflict"}
{"ts": "2026-09-23T03:50:25.566653+00:00", "trace_id": null, "stage": "embed_query", "event": "start", "model": "Qwen/Qwen3-Embedding-0.6B"}
{"ts": "2026-09-23T03:50:25.638340+00:00", "trace_id": null, "stage": "embed_query", "event": "finish", "duration_ms": 71.683, "model": "Qwen/Qwen3-Embedding-0.6B"}
{"ts": "2026-09-23T03:50:25.638441+00:00", "trace_id": null, "stage": "dense", "event": "start"}
{"ts": "2026-09-23T03:50:25.638773+00:00", "trace_id": null, "stage": "dense", "event": "finish", "duration_ms": 0.332, "candidates_out": 20}
{"ts": "2026-09-23T03:50:25.638824+00:00", "trace_id": null, "stage": "lexical", "event": "start"}
{"ts": "2026-09-23T03:50:25.639278+00:00", "trace_id": null, "stage": "lexical", "event": "finish", "duration_ms": 0.454, "candidates_out": 20}
{"ts": "2026-09-23T03:50:25.639310+00:00", "trace_id": null, "stage": "fuse", "event": "start", "candidates_in": 31}
{"ts": "2026-09-23T03:50:25.639392+00:00", "trace_id": null, "stage": "fuse", "event": "finish", "duration_ms": 0.081, "candidates_in": 31, "candidates_out": 18, "top_score": 0.03252247488101534}
{"ts": "2026-09-23T03:50:25.645245+00:00", "trace_id": null, "stage": "gate", "event": "start", "candidates_in": 5}
{"ts": "2026-09-23T03:50:25.645343+00:00", "trace_id": null, "stage": "gate", "event": "finish", "duration_ms": 0.1, "candidates_in": 5, "candidates_out": 5, "top_score": 0.03642517186673718}
{"ts": "2026-09-23T03:50:30.371002+00:00", "trace_id": null, "stage": "gate_form", "event": "start"}
{"ts": "2026-09-23T03:50:30.371109+00:00", "trace_id": null, "stage": "gate_form", "event": "finish", "duration_ms": 0.112}
{"ts": "2026-09-23T03:50:30.371154+00:00", "trace_id": null, "stage": "gate_literal", "event": "start"}
{"ts": "2026-09-23T03:50:30.371255+00:00", "trace_id": null, "stage": "gate_literal", "event": "finish", "duration_ms": 0.101}
{"ts": "2026-09-23T03:50:30.371306+00:00", "trace_id": null, "stage": "gate_entail", "event": "start", "skipped": true, "reason": "no_entailment_model"}
{"ts": "2026-09-23T03:50:30.371355+00:00", "trace_id": null, "stage": "gate_entail", "event": "finish", "duration_ms": 0.048, "degraded": true, "skipped": true, "reason": "no_entailment_model"}
{"ts": "2026-09-23T03:50:30.371399+00:00", "trace_id": null, "stage": "gate_coverage", "event": "start", "coverage": 1.0}
{"ts": "2026-09-23T03:50:30.371458+00:00", "trace_id": null, "stage": "gate_coverage", "event": "finish", "duration_ms": 0.058, "coverage": 1.0}
{"ts": "2026-09-23T03:50:30.371510+00:00", "trace_id": null, "stage": "gate_conflict", "event": "start"}
{"ts": "2026-09-23T03:50:30.371566+00:00", "trace_id": null, "stage": "gate_conflict", "event": "finish", "duration_ms": 0.056, "skipped": true, "reason": "no_conflict"}
{"ts": "2026-09-23T03:50:30.371597+00:00", "trace_id": null, "stage": "embed_query", "event": "start", "model": "Qwen/Qwen3-Embedding-0.6B"}
{"ts": "2026-09-23T03:50:30.440468+00:00", "trace_id": null, "stage": "embed_query", "event": "finish", "duration_ms": 68.864, "model": "Qwen/Qwen3-Embedding-0.6B"}
{"ts": "2026-09-23T03:50:30.440580+00:00", "trace_id": null, "stage": "dense", "event": "start"}
{"ts": "2026-09-23T03:50:30.440982+00:00", "trace_id": null, "stage": "dense", "event": "finish", "duration_ms": 0.402, "candidates_out": 20}
{"ts": "2026-09-23T03:50:30.441034+00:00", "trace_id": null, "stage": "lexical", "event": "start"}
{"ts": "2026-09-23T03:50:30.441344+00:00", "trace_id": null, "stage": "lexical", "event": "finish", "duration_ms": 0.309, "candidates_out": 20}
{"ts": "2026-09-23T03:50:30.441394+00:00", "trace_id": null, "stage": "fuse", "event": "start", "candidates_in": 31}
{"ts": "2026-09-23T03:50:30.441460+00:00", "trace_id": null, "stage": "fuse", "event": "finish", "duration_ms": 0.065, "candidates_in": 31, "candidates_out": 19, "top_score": 0.03278688524590164}
{"ts": "2026-09-23T03:50:30.446970+00:00", "trace_id": null, "stage": "gate", "event": "start", "candidates_in": 5}
{"ts": "2026-09-23T03:50:30.447061+00:00", "trace_id": null, "stage": "gate", "event": "finish", "duration_ms": 0.092, "candidates_in": 5, "candidates_out": 5, "top_score": 0.06609836065573772}
{"ts": "2026-09-23T03:50:35.348473+00:00", "trace_id": null, "stage": "gate_form", "event": "start"}
{"ts": "2026-09-23T03:50:35.348589+00:00", "trace_id": null, "stage": "gate_form", "event": "finish", "duration_ms": 0.12}
{"ts": "2026-09-23T03:50:35.348642+00:00", "trace_id": null, "stage": "gate_literal", "event": "start"}
{"ts": "2026-09-23T03:50:35.348772+00:00", "trace_id": null, "stage": "gate_literal", "event": "finish", "duration_ms": 0.129}
{"ts": "2026-09-23T03:50:35.348831+00:00", "trace_id": null, "stage": "gate_entail", "event": "start", "skipped": true, "reason": "no_entailment_model"}
{"ts": "2026-09-23T03:50:35.348890+00:00", "trace_id": null, "stage": "gate_entail", "event": "finish", "duration_ms": 0.059, "degraded": true, "skipped": true, "reason": "no_entailment_model"}
{"ts": "2026-09-23T03:50:35.348920+00:00", "trace_id": null, "stage": "gate_coverage", "event": "start", "coverage": 1.0}
{"ts": "2026-09-23T03:50:35.348970+00:00", "trace_id": null, "stage": "gate_coverage", "event": "finish", "duration_ms": 0.05, "coverage": 1.0}
{"ts": "2026-09-23T03:50:35.349028+00:00", "trace_id": null, "stage": "gate_conflict", "event": "start"}
{"ts": "2026-09-23T03:50:35.349081+00:00", "trace_id": null, "stage": "gate_conflict", "event": "finish", "duration_ms": 0.053, "skipped": true, "reason": "no_conflict"}
{"ts": "2026-09-23T03:50:35.349118+00:00", "trace_id": null, "stage": "embed_query", "event": "start", "model": "Qwen/Qwen3-Embedding-0.6B"}
{"ts": "2026-09-23T03:50:35.435330+00:00", "trace_id": null, "stage": "embed_query", "event": "finish", "duration_ms": 86.2, "model": "Qwen/Qwen3-Embedding-0.6B"}
{"ts": "2026-09-23T03:50:35.435460+00:00", "trace_id": null, "stage": "dense", "event": "start"}
{"ts": "2026-09-23T03:50:35.435715+00:00", "trace_id": null, "stage": "dense", "event": "finish", "duration_ms": 0.256, "candidates_out": 20}
{"ts": "2026-09-23T03:50:35.435773+00:00", "trace_id": null, "stage": "lexical", "event": "start"}
{"ts": "2026-09-23T03:50:35.436138+00:00", "trace_id": null, "stage": "lexical", "event": "finish", "duration_ms": 0.365, "candidates_out": 20}
{"ts": "2026-09-23T03:50:35.436173+00:00", "trace_id": null, "stage": "fuse", "event": "start", "candidates_in": 32}
{"ts": "2026-09-23T03:50:35.436321+00:00", "trace_id": null, "stage": "fuse", "event": "finish", "duration_ms": 0.144, "candidates_in": 32, "candidates_out": 21, "top_score": 0.03278688524590164}
{"ts": "2026-09-23T03:50:35.443294+00:00", "trace_id": null, "stage": "gate", "event": "start", "candidates_in": 5}
{"ts": "2026-09-23T03:50:35.443502+00:00", "trace_id": null, "stage": "gate", "event": "finish", "duration_ms": 0.214, "candidates_in": 5, "candidates_out": 5, "top_score": 0.06609836065573772}
{"ts": "2026-09-23T03:50:40.306493+00:00", "trace_id": null, "stage": "gate_form", "event": "start"}
{"ts": "2026-09-23T03:50:40.306664+00:00", "trace_id": null, "stage": "gate_form", "event": "finish", "duration_ms": 0.174}
{"ts": "2026-09-23T03:50:40.306723+00:00", "trace_id": null, "stage": "gate_literal", "event": "start"}
{"ts": "2026-09-23T03:50:40.306844+00:00", "trace_id": null, "stage": "gate_literal", "event": "finish", "duration_ms": 0.12}
{"ts": "2026-09-23T03:50:40.306899+00:00", "trace_id": null, "stage": "gate_entail", "event": "start", "skipped": true, "reason": "no_entailment_model"}
{"ts": "2026-09-23T03:50:40.306964+00:00", "trace_id": null, "stage": "gate_entail", "event": "finish", "duration_ms": 0.065, "degraded": true, "skipped": true, "reason": "no_entailment_model"}
{"ts": "2026-09-23T03:50:40.307018+00:00", "trace_id": null, "stage": "gate_coverage", "event": "start", "coverage": 1.0}
{"ts": "2026-09-23T03:50:40.307132+00:00", "trace_id": null, "stage": "gate_coverage", "event": "finish", "duration_ms": 0.111, "coverage": 1.0}
{"ts": "2026-09-23T03:50:40.307223+00:00", "trace_id": null, "stage": "gate_conflict", "event": "start"}
{"ts": "2026-09-23T03:50:40.307337+00:00", "trace_id": null, "stage": "gate_conflict", "event": "finish", "duration_ms": 0.112, "skipped": true, "reason": "no_conflict"}
{"ts": "2026-09-23T03:50:40.307415+00:00", "trace_id": null, "stage": "embed_query", "event": "start", "model": "Qwen/Qwen3-Embedding-0.6B"}
{"ts": "2026-09-23T03:50:40.391390+00:00", "trace_id": null, "stage": "embed_query", "event": "finish", "duration_ms": 83.971, "model": "Qwen/Qwen3-Embedding-0.6B"}
{"ts": "2026-09-23T03:50:40.391481+00:00", "trace_id": null, "stage": "dense", "event": "start"}
{"ts": "2026-09-23T03:50:40.391722+00:00", "trace_id": null, "stage": "dense", "event": "finish", "duration_ms": 0.24, "candidates_out": 20}
{"ts": "2026-09-23T03:50:40.391759+00:00", "trace_id": null, "stage": "lexical", "event": "start"}
{"ts": "2026-09-23T03:50:40.392067+00:00", "trace_id": null, "stage": "lexical", "event": "finish", "duration_ms": 0.307, "candidates_out": 20}
{"ts": "2026-09-23T03:50:40.392131+00:00", "trace_id": null, "stage": "fuse", "event": "start", "candidates_in": 30}
{"ts": "2026-09-23T03:50:40.392204+00:00", "trace_id": null, "stage": "fuse", "event": "finish", "duration_ms": 0.073, "candidates_in": 30, "candidates_out": 19, "top_score": 0.03252247488101534}
{"ts": "2026-09-23T03:50:40.397636+00:00", "trace_id": null, "stage": "gate", "event": "start", "candidates_in": 5}
{"ts": "2026-09-23T03:50:40.397746+00:00", "trace_id": null, "stage": "gate", "event": "finish", "duration_ms": 0.111, "candidates_in": 5, "candidates_out": 5, "top_score": 0.03642517186673718}
{"ts": "2026-09-23T03:50:44.347806+00:00", "trace_id": null, "stage": "gate_form", "event": "start"}
{"ts": "2026-09-23T03:50:44.347910+00:00", "trace_id": null, "stage": "gate_form", "event": "finish", "duration_ms": 0.107}
{"ts": "2026-09-23T03:50:44.347951+00:00", "trace_id": null, "stage": "gate_literal", "event": "start"}
{"ts": "2026-09-23T03:50:44.348029+00:00", "trace_id": null, "stage": "gate_literal", "event": "finish", "duration_ms": 0.077}
{"ts": "2026-09-23T03:50:44.348076+00:00", "trace_id": null, "stage": "gate_entail", "event": "start", "skipped": true, "reason": "no_entailment_model"}
{"ts": "2026-09-23T03:50:44.348122+00:00", "trace_id": null, "stage": "gate_entail", "event": "finish", "duration_ms": 0.046, "degraded": true, "skipped": true, "reason": "no_entailment_model"}
{"ts": "2026-09-23T03:50:44.348141+00:00", "trace_id": null, "stage": "gate_coverage", "event": "start", "coverage": 1.0}
{"ts": "2026-09-23T03:50:44.348177+00:00", "trace_id": null, "stage": "gate_coverage", "event": "finish", "duration_ms": 0.036, "coverage": 1.0}
{"ts": "2026-09-23T03:50:44.348200+00:00", "trace_id": null, "stage": "gate_conflict", "event": "start"}
{"ts": "2026-09-23T03:50:44.348240+00:00", "trace_id": null, "stage": "gate_conflict", "event": "finish", "duration_ms": 0.039, "skipped": true, "reason": "no_conflict"}
{"ts": "2026-09-23T03:50:44.348272+00:00", "trace_id": null, "stage": "embed_query", "event": "start", "model": "Qwen/Qwen3-Embedding-0.6B"}
{"ts": "2026-09-23T03:50:44.423031+00:00", "trace_id": null, "stage": "embed_query", "event": "finish", "duration_ms": 74.754, "model": "Qwen/Qwen3-Embedding-0.6B"}
{"ts": "2026-09-23T03:50:44.423133+00:00", "trace_id": null, "stage": "dense", "event": "start"}
{"ts": "2026-09-23T03:50:44.423399+00:00", "trace_id": null, "stage": "dense", "event": "finish", "duration_ms": 0.265, "candidates_out": 20}
{"ts": "2026-09-23T03:50:44.423440+00:00", "trace_id": null, "stage": "lexical", "event": "start"}
{"ts": "2026-09-23T03:50:44.423766+00:00", "trace_id": null, "stage": "lexical", "event": "finish", "duration_ms": 0.324, "candidates_out": 20}
{"ts": "2026-09-23T03:50:44.423838+00:00", "trace_id": null, "stage": "fuse", "event": "start", "candidates_in": 30}
{"ts": "2026-09-23T03:50:44.423916+00:00", "trace_id": null, "stage": "fuse", "event": "finish", "duration_ms": 0.077, "candidates_in": 30, "candidates_out": 17, "top_score": 0.03252247488101534}
{"ts": "2026-09-23T03:50:44.429332+00:00", "trace_id": null, "stage": "gate", "event": "start", "candidates_in": 5}
{"ts": "2026-09-23T03:50:44.429449+00:00", "trace_id": null, "stage": "gate", "event": "finish", "duration_ms": 0.119, "candidates_in": 5, "candidates_out": 5, "top_score": 0.06556530936012693}
{"ts": "2026-09-23T03:50:45.838956+00:00", "trace_id": null, "stage": "gate_form", "event": "start"}
{"ts": "2026-09-23T03:50:45.839115+00:00", "trace_id": null, "stage": "gate_form", "event": "finish", "duration_ms": 0.161}
{"ts": "2026-09-23T03:50:45.839235+00:00", "trace_id": null, "stage": "gate_literal", "event": "start", "skipped": true, "reason": "declined"}
{"ts": "2026-09-23T03:50:45.839354+00:00", "trace_id": null, "stage": "gate_literal", "event": "finish", "duration_ms": 0.121, "skipped": true, "reason": "declined"}
{"ts": "2026-09-23T03:50:45.839429+00:00", "trace_id": null, "stage": "gate_conflict", "event": "start"}
{"ts": "2026-09-23T03:50:45.839541+00:00", "trace_id": null, "stage": "gate_conflict", "event": "finish", "duration_ms": 0.112, "skipped": true, "reason": "no_conflict"}
ABSTAIN lex-010 reason=declined raw='The documents do not say.'
{"ts": "2026-09-23T03:50:45.839648+00:00", "trace_id": null, "stage": "embed_query", "event": "start", "model": "Qwen/Qwen3-Embedding-0.6B"}
{"ts": "2026-09-23T03:50:45.914575+00:00", "trace_id": null, "stage": "embed_query", "event": "finish", "duration_ms": 74.922, "model": "Qwen/Qwen3-Embedding-0.6B"}
{"ts": "2026-09-23T03:50:45.914677+00:00", "trace_id": null, "stage": "dense", "event": "start"}
{"ts": "2026-09-23T03:50:45.915703+00:00", "trace_id": null, "stage": "dense", "event": "finish", "duration_ms": 1.024, "candidates_out": 20}
{"ts": "2026-09-23T03:50:45.915776+00:00", "trace_id": null, "stage": "lexical", "event": "start"}
{"ts": "2026-09-23T03:50:45.916134+00:00", "trace_id": null, "stage": "lexical", "event": "finish", "duration_ms": 0.357, "candidates_out": 20}
{"ts": "2026-09-23T03:50:45.916194+00:00", "trace_id": null, "stage": "fuse", "event": "start", "candidates_in": 30}
{"ts": "2026-09-23T03:50:45.916273+00:00", "trace_id": null, "stage": "fuse", "event": "finish", "duration_ms": 0.078, "candidates_in": 30, "candidates_out": 19, "top_score": 0.03252247488101534}
{"ts": "2026-09-23T03:50:45.921471+00:00", "trace_id": null, "stage": "gate", "event": "start", "candidates_in": 5}
{"ts": "2026-09-23T03:50:45.921547+00:00", "trace_id": null, "stage": "gate", "event": "finish", "duration_ms": 0.076, "candidates_in": 5, "candidates_out": 5, "top_score": 0.03642517186673718}
{"ts": "2026-09-23T03:50:48.891397+00:00", "trace_id": null, "stage": "gate_form", "event": "start"}
{"ts": "2026-09-23T03:50:48.891504+00:00", "trace_id": null, "stage": "gate_form", "event": "finish", "duration_ms": 0.111}
{"ts": "2026-09-23T03:50:48.891550+00:00", "trace_id": null, "stage": "gate_literal", "event": "start"}
{"ts": "2026-09-23T03:50:48.891639+00:00", "trace_id": null, "stage": "gate_literal", "event": "finish", "duration_ms": 0.089}
{"ts": "2026-09-23T03:50:48.891696+00:00", "trace_id": null, "stage": "gate_entail", "event": "start", "skipped": true, "reason": "no_entailment_model"}
{"ts": "2026-09-23T03:50:48.891754+00:00", "trace_id": null, "stage": "gate_entail", "event": "finish", "duration_ms": 0.056, "degraded": true, "skipped": true, "reason": "no_entailment_model"}
{"ts": "2026-09-23T03:50:48.891810+00:00", "trace_id": null, "stage": "gate_coverage", "event": "start", "coverage": 1.0}
{"ts": "2026-09-23T03:50:48.891861+00:00", "trace_id": null, "stage": "gate_coverage", "event": "finish", "duration_ms": 0.052, "coverage": 1.0}
{"ts": "2026-09-23T03:50:48.891884+00:00", "trace_id": null, "stage": "gate_conflict", "event": "start"}
{"ts": "2026-09-23T03:50:48.891938+00:00", "trace_id": null, "stage": "gate_conflict", "event": "finish", "duration_ms": 0.054, "skipped": true, "reason": "no_conflict"}
{"ts": "2026-09-23T03:50:48.891970+00:00", "trace_id": null, "stage": "embed_query", "event": "start", "model": "Qwen/Qwen3-Embedding-0.6B"}
{"ts": "2026-09-23T03:50:49.004847+00:00", "trace_id": null, "stage": "embed_query", "event": "finish", "duration_ms": 112.868, "model": "Qwen/Qwen3-Embedding-0.6B"}
{"ts": "2026-09-23T03:50:49.004980+00:00", "trace_id": null, "stage": "dense", "event": "start"}
{"ts": "2026-09-23T03:50:49.005298+00:00", "trace_id": null, "stage": "dense", "event": "finish", "duration_ms": 0.317, "candidates_out": 20}
{"ts": "2026-09-23T03:50:49.005355+00:00", "trace_id": null, "stage": "lexical", "event": "start"}
{"ts": "2026-09-23T03:50:49.005678+00:00", "trace_id": null, "stage": "lexical", "event": "finish", "duration_ms": 0.323, "candidates_out": 20}
{"ts": "2026-09-23T03:50:49.005743+00:00", "trace_id": null, "stage": "fuse", "event": "start", "candidates_in": 31}
{"ts": "2026-09-23T03:50:49.005817+00:00", "trace_id": null, "stage": "fuse", "event": "finish", "duration_ms": 0.075, "candidates_in": 31, "candidates_out": 21, "top_score": 0.03252247488101534}
{"ts": "2026-09-23T03:50:49.011492+00:00", "trace_id": null, "stage": "gate", "event": "start", "candidates_in": 5}
{"ts": "2026-09-23T03:50:49.011557+00:00", "trace_id": null, "stage": "gate", "event": "finish", "duration_ms": 0.066, "candidates_in": 5, "candidates_out": 5, "top_score": 0.03642517186673718}
{"ts": "2026-09-23T03:50:51.318405+00:00", "trace_id": null, "stage": "gate_form", "event": "start"}
{"ts": "2026-09-23T03:50:51.318525+00:00", "trace_id": null, "stage": "gate_form", "event": "finish", "duration_ms": 0.124}
{"ts": "2026-09-23T03:50:51.318590+00:00", "trace_id": null, "stage": "gate_literal", "event": "start"}
{"ts": "2026-09-23T03:50:51.318695+00:00", "trace_id": null, "stage": "gate_literal", "event": "finish", "duration_ms": 0.106}
{"ts": "2026-09-23T03:50:51.318742+00:00", "trace_id": null, "stage": "gate_entail", "event": "start", "skipped": true, "reason": "no_entailment_model"}
{"ts": "2026-09-23T03:50:51.318792+00:00", "trace_id": null, "stage": "gate_entail", "event": "finish", "duration_ms": 0.05, "degraded": true, "skipped": true, "reason": "no_entailment_model"}
{"ts": "2026-09-23T03:50:51.318820+00:00", "trace_id": null, "stage": "gate_coverage", "event": "start", "coverage": 1.0}
{"ts": "2026-09-23T03:50:51.318869+00:00", "trace_id": null, "stage": "gate_coverage", "event": "finish", "duration_ms": 0.049, "coverage": 1.0}
{"ts": "2026-09-23T03:50:51.318893+00:00", "trace_id": null, "stage": "gate_conflict", "event": "start"}
{"ts": "2026-09-23T03:50:51.318951+00:00", "trace_id": null, "stage": "gate_conflict", "event": "finish", "duration_ms": 0.057, "skipped": true, "reason": "no_conflict"}
{"ts": "2026-09-23T03:50:51.318982+00:00", "trace_id": null, "stage": "embed_query", "event": "start", "model": "Qwen/Qwen3-Embedding-0.6B"}
{"ts": "2026-09-23T03:50:51.395105+00:00", "trace_id": null, "stage": "embed_query", "event": "finish", "duration_ms": 76.117, "model": "Qwen/Qwen3-Embedding-0.6B"}
{"ts": "2026-09-23T03:50:51.395189+00:00", "trace_id": null, "stage": "dense", "event": "start"}
{"ts": "2026-09-23T03:50:51.395552+00:00", "trace_id": null, "stage": "dense", "event": "finish", "duration_ms": 0.359, "candidates_out": 20}
{"ts": "2026-09-23T03:50:51.395681+00:00", "trace_id": null, "stage": "lexical", "event": "start"}
{"ts": "2026-09-23T03:50:51.396094+00:00", "trace_id": null, "stage": "lexical", "event": "finish", "duration_ms": 0.414, "candidates_out": 20}
{"ts": "2026-09-23T03:50:51.396157+00:00", "trace_id": null, "stage": "fuse", "event": "start", "candidates_in": 31}
{"ts": "2026-09-23T03:50:51.396231+00:00", "trace_id": null, "stage": "fuse", "event": "finish", "duration_ms": 0.073, "candidates_in": 31, "candidates_out": 20, "top_score": 0.032266458495966696}
{"ts": "2026-09-23T03:50:51.401587+00:00", "trace_id": null, "stage": "gate", "event": "start", "candidates_in": 5}
{"ts": "2026-09-23T03:50:51.401670+00:00", "trace_id": null, "stage": "gate", "event": "finish", "duration_ms": 0.082, "candidates_in": 5, "candidates_out": 5, "top_score": 0.0361384335154827}
{"ts": "2026-09-23T03:50:52.954588+00:00", "trace_id": null, "stage": "gate_form", "event": "start"}
{"ts": "2026-09-23T03:50:52.954703+00:00", "trace_id": null, "stage": "gate_form", "event": "finish", "duration_ms": 0.12}
{"ts": "2026-09-23T03:50:52.954755+00:00", "trace_id": null, "stage": "gate_literal", "event": "start"}
{"ts": "2026-09-23T03:50:52.954855+00:00", "trace_id": null, "stage": "gate_literal", "event": "finish", "duration_ms": 0.099}
{"ts": "2026-09-23T03:50:52.954911+00:00", "trace_id": null, "stage": "gate_entail", "event": "start", "skipped": true, "reason": "no_entailment_model"}
{"ts": "2026-09-23T03:50:52.954971+00:00", "trace_id": null, "stage": "gate_entail", "event": "finish", "duration_ms": 0.059, "degraded": true, "skipped": true, "reason": "no_entailment_model"}
{"ts": "2026-09-23T03:50:52.955013+00:00", "trace_id": null, "stage": "gate_coverage", "event": "start", "coverage": 1.0}
{"ts": "2026-09-23T03:50:52.955061+00:00", "trace_id": null, "stage": "gate_coverage", "event": "finish", "duration_ms": 0.048, "coverage": 1.0}
{"ts": "2026-09-23T03:50:52.955103+00:00", "trace_id": null, "stage": "gate_conflict", "event": "start"}
{"ts": "2026-09-23T03:50:52.955161+00:00", "trace_id": null, "stage": "gate_conflict", "event": "finish", "duration_ms": 0.058, "skipped": true, "reason": "no_conflict"}
{"ts": "2026-09-23T03:50:52.955199+00:00", "trace_id": null, "stage": "embed_query", "event": "start", "model": "Qwen/Qwen3-Embedding-0.6B"}
{"ts": "2026-09-23T03:50:53.036096+00:00", "trace_id": null, "stage": "embed_query", "event": "finish", "duration_ms": 80.892, "model": "Qwen/Qwen3-Embedding-0.6B"}
{"ts": "2026-09-23T03:50:53.036182+00:00", "trace_id": null, "stage": "dense", "event": "start"}
{"ts": "2026-09-23T03:50:53.036406+00:00", "trace_id": null, "stage": "dense", "event": "finish", "duration_ms": 0.224, "candidates_out": 20}
{"ts": "2026-09-23T03:50:53.036431+00:00", "trace_id": null, "stage": "lexical", "event": "start"}
{"ts": "2026-09-23T03:50:53.036949+00:00", "trace_id": null, "stage": "lexical", "event": "finish", "duration_ms": 0.517, "candidates_out": 20}
{"ts": "2026-09-23T03:50:53.037088+00:00", "trace_id": null, "stage": "fuse", "event": "start", "candidates_in": 33}
{"ts": "2026-09-23T03:50:53.037250+00:00", "trace_id": null, "stage": "fuse", "event": "finish", "duration_ms": 0.161, "candidates_in": 33, "candidates_out": 23, "top_score": 0.03278688524590164}
{"ts": "2026-09-23T03:50:53.044143+00:00", "trace_id": null, "stage": "gate", "event": "start", "candidates_in": 5}
{"ts": "2026-09-23T03:50:53.044250+00:00", "trace_id": null, "stage": "gate", "event": "finish", "duration_ms": 0.109, "candidates_in": 5, "candidates_out": 5, "top_score": 0.09547540983606559}
{"ts": "2026-09-23T03:50:55.739992+00:00", "trace_id": null, "stage": "gate_form", "event": "start"}
{"ts": "2026-09-23T03:50:55.740164+00:00", "trace_id": null, "stage": "gate_form", "event": "finish", "duration_ms": 0.176}
{"ts": "2026-09-23T03:50:55.740219+00:00", "trace_id": null, "stage": "gate_literal", "event": "start"}
{"ts": "2026-09-23T03:50:55.740334+00:00", "trace_id": null, "stage": "gate_literal", "event": "finish", "duration_ms": 0.115}
{"ts": "2026-09-23T03:50:55.740378+00:00", "trace_id": null, "stage": "gate_entail", "event": "start", "skipped": true, "reason": "no_entailment_model"}
{"ts": "2026-09-23T03:50:55.740428+00:00", "trace_id": null, "stage": "gate_entail", "event": "finish", "duration_ms": 0.049, "degraded": true, "skipped": true, "reason": "no_entailment_model"}
{"ts": "2026-09-23T03:50:55.740466+00:00", "trace_id": null, "stage": "gate_coverage", "event": "start", "coverage": 1.0}
{"ts": "2026-09-23T03:50:55.740505+00:00", "trace_id": null, "stage": "gate_coverage", "event": "finish", "duration_ms": 0.039, "coverage": 1.0}
{"ts": "2026-09-23T03:50:55.740522+00:00", "trace_id": null, "stage": "gate_conflict", "event": "start"}
{"ts": "2026-09-23T03:50:55.740689+00:00", "trace_id": null, "stage": "gate_conflict", "event": "finish", "duration_ms": 0.161, "skipped": true, "reason": "no_conflict"}
{"ts": "2026-09-23T03:50:55.740789+00:00", "trace_id": null, "stage": "embed_query", "event": "start", "model": "Qwen/Qwen3-Embedding-0.6B"}
{"ts": "2026-09-23T03:50:55.833595+00:00", "trace_id": null, "stage": "embed_query", "event": "finish", "duration_ms": 92.8, "model": "Qwen/Qwen3-Embedding-0.6B"}
{"ts": "2026-09-23T03:50:55.833687+00:00", "trace_id": null, "stage": "dense", "event": "start"}
{"ts": "2026-09-23T03:50:55.834331+00:00", "trace_id": null, "stage": "dense", "event": "finish", "duration_ms": 0.643, "candidates_out": 20}
{"ts": "2026-09-23T03:50:55.834487+00:00", "trace_id": null, "stage": "lexical", "event": "start"}
{"ts": "2026-09-23T03:50:55.835570+00:00", "trace_id": null, "stage": "lexical", "event": "finish", "duration_ms": 1.077, "candidates_out": 20}
{"ts": "2026-09-23T03:50:55.835691+00:00", "trace_id": null, "stage": "fuse", "event": "start", "candidates_in": 28}
{"ts": "2026-09-23T03:50:55.836446+00:00", "trace_id": null, "stage": "fuse", "event": "finish", "duration_ms": 0.753, "candidates_in": 28, "candidates_out": 18, "top_score": 0.03278688524590164}
{"ts": "2026-09-23T03:50:55.851588+00:00", "trace_id": null, "stage": "gate", "event": "start", "candidates_in": 5}
{"ts": "2026-09-23T03:50:55.862827+00:00", "trace_id": null, "stage": "gate", "event": "finish", "duration_ms": 11.241, "candidates_in": 5, "candidates_out": 5, "top_score": 0.09737704918032787}
{"ts": "2026-09-23T03:51:00.763200+00:00", "trace_id": null, "stage": "gate_form", "event": "start"}
{"ts": "2026-09-23T03:51:00.763333+00:00", "trace_id": null, "stage": "gate_form", "event": "finish", "duration_ms": 0.138}
{"ts": "2026-09-23T03:51:00.763399+00:00", "trace_id": null, "stage": "gate_literal", "event": "start"}
{"ts": "2026-09-23T03:51:00.763503+00:00", "trace_id": null, "stage": "gate_literal", "event": "finish", "duration_ms": 0.103}
{"ts": "2026-09-23T03:51:00.763608+00:00", "trace_id": null, "stage": "gate_entail", "event": "start", "skipped": true, "reason": "no_entailment_model"}
{"ts": "2026-09-23T03:51:00.763699+00:00", "trace_id": null, "stage": "gate_entail", "event": "finish", "duration_ms": 0.093, "degraded": true, "skipped": true, "reason": "no_entailment_model"}
{"ts": "2026-09-23T03:51:00.763769+00:00", "trace_id": null, "stage": "gate_coverage", "event": "start", "coverage": 1.0}
{"ts": "2026-09-23T03:51:00.763816+00:00", "trace_id": null, "stage": "gate_coverage", "event": "finish", "duration_ms": 0.048, "coverage": 1.0}
{"ts": "2026-09-23T03:51:00.763863+00:00", "trace_id": null, "stage": "gate_conflict", "event": "start"}
{"ts": "2026-09-23T03:51:00.763901+00:00", "trace_id": null, "stage": "gate_conflict", "event": "finish", "duration_ms": 0.038, "skipped": true, "reason": "no_conflict"}
{"ts": "2026-09-23T03:51:00.763943+00:00", "trace_id": null, "stage": "embed_query", "event": "start", "model": "Qwen/Qwen3-Embedding-0.6B"}
{"ts": "2026-09-23T03:51:00.844833+00:00", "trace_id": null, "stage": "embed_query", "event": "finish", "duration_ms": 80.884, "model": "Qwen/Qwen3-Embedding-0.6B"}
{"ts": "2026-09-23T03:51:00.844944+00:00", "trace_id": null, "stage": "dense", "event": "start"}
{"ts": "2026-09-23T03:51:00.845263+00:00", "trace_id": null, "stage": "dense", "event": "finish", "duration_ms": 0.319, "candidates_out": 20}
{"ts": "2026-09-23T03:51:00.845304+00:00", "trace_id": null, "stage": "lexical", "event": "start"}
{"ts": "2026-09-23T03:51:00.845817+00:00", "trace_id": null, "stage": "lexical", "event": "finish", "duration_ms": 0.511, "candidates_out": 20}
{"ts": "2026-09-23T03:51:00.845913+00:00", "trace_id": null, "stage": "fuse", "event": "start", "candidates_in": 34}
{"ts": "2026-09-23T03:51:00.846040+00:00", "trace_id": null, "stage": "fuse", "event": "finish", "duration_ms": 0.129, "candidates_in": 34, "candidates_out": 21, "top_score": 0.03252247488101534}
{"ts": "2026-09-23T03:51:00.854417+00:00", "trace_id": null, "stage": "gate", "event": "start", "candidates_in": 5}
{"ts": "2026-09-23T03:51:00.854529+00:00", "trace_id": null, "stage": "gate", "event": "finish", "duration_ms": 0.113, "candidates_in": 5, "candidates_out": 5, "top_score": 0.05730576923076923}
{"ts": "2026-09-23T03:51:02.403019+00:00", "trace_id": null, "stage": "gate_form", "event": "start"}
{"ts": "2026-09-23T03:51:02.403123+00:00", "trace_id": null, "stage": "gate_form", "event": "finish", "duration_ms": 0.108}
{"ts": "2026-09-23T03:51:02.403150+00:00", "trace_id": null, "stage": "gate_literal", "event": "start", "skipped": true, "reason": "declined"}
{"ts": "2026-09-23T03:51:02.403196+00:00", "trace_id": null, "stage": "gate_literal", "event": "finish", "duration_ms": 0.045, "skipped": true, "reason": "declined"}
{"ts": "2026-09-23T03:51:02.403254+00:00", "trace_id": null, "stage": "gate_conflict", "event": "start"}
{"ts": "2026-09-23T03:51:02.403303+00:00", "trace_id": null, "stage": "gate_conflict", "event": "finish", "duration_ms": 0.048, "skipped": true, "reason": "no_conflict"}
ABSTAIN lex-016 reason=declined raw='The documents do not say.'
{"ts": "2026-09-23T03:51:02.403358+00:00", "trace_id": null, "stage": "embed_query", "event": "start", "model": "Qwen/Qwen3-Embedding-0.6B"}
{"ts": "2026-09-23T03:51:02.459355+00:00", "trace_id": null, "stage": "embed_query", "event": "finish", "duration_ms": 55.992, "model": "Qwen/Qwen3-Embedding-0.6B"}
{"ts": "2026-09-23T03:51:02.459445+00:00", "trace_id": null, "stage": "dense", "event": "start"}
{"ts": "2026-09-23T03:51:02.459660+00:00", "trace_id": null, "stage": "dense", "event": "finish", "duration_ms": 0.215, "candidates_out": 20}
{"ts": "2026-09-23T03:51:02.459704+00:00", "trace_id": null, "stage": "lexical", "event": "start"}
{"ts": "2026-09-23T03:51:02.460047+00:00", "trace_id": null, "stage": "lexical", "event": "finish", "duration_ms": 0.343, "candidates_out": 20}
{"ts": "2026-09-23T03:51:02.460097+00:00", "trace_id": null, "stage": "fuse", "event": "start", "candidates_in": 30}
{"ts": "2026-09-23T03:51:02.460170+00:00", "trace_id": null, "stage": "fuse", "event": "finish", "duration_ms": 0.073, "candidates_in": 30, "candidates_out": 19, "top_score": 0.03278688524590164}
{"ts": "2026-09-23T03:51:02.465232+00:00", "trace_id": null, "stage": "gate", "event": "start", "candidates_in": 5}
{"ts": "2026-09-23T03:51:02.465312+00:00", "trace_id": null, "stage": "gate", "event": "finish", "duration_ms": 0.081, "candidates_in": 5, "candidates_out": 5, "top_score": 0.10906229508196723}
{"ts": "2026-09-23T03:51:05.589744+00:00", "trace_id": null, "stage": "gate_form", "event": "start"}
{"ts": "2026-09-23T03:51:05.589881+00:00", "trace_id": null, "stage": "gate_form", "event": "finish", "duration_ms": 0.149}
{"ts": "2026-09-23T03:51:05.589914+00:00", "trace_id": null, "stage": "gate_literal", "event": "start"}
{"ts": "2026-09-23T03:51:05.590105+00:00", "trace_id": null, "stage": "gate_literal", "event": "finish", "duration_ms": 0.189}
{"ts": "2026-09-23T03:51:05.590205+00:00", "trace_id": null, "stage": "gate_entail", "event": "start", "skipped": true, "reason": "no_entailment_model"}
{"ts": "2026-09-23T03:51:05.590303+00:00", "trace_id": null, "stage": "gate_entail", "event": "finish", "duration_ms": 0.096, "degraded": true, "skipped": true, "reason": "no_entailment_model"}
{"ts": "2026-09-23T03:51:05.590359+00:00", "trace_id": null, "stage": "gate_coverage", "event": "start", "coverage": 1.0}
{"ts": "2026-09-23T03:51:05.590424+00:00", "trace_id": null, "stage": "gate_coverage", "event": "finish", "duration_ms": 0.066, "coverage": 1.0}
{"ts": "2026-09-23T03:51:05.590466+00:00", "trace_id": null, "stage": "gate_conflict", "event": "start"}
{"ts": "2026-09-23T03:51:05.590564+00:00", "trace_id": null, "stage": "gate_conflict", "event": "finish", "duration_ms": 0.096, "skipped": true, "reason": "no_conflict"}
{"ts": "2026-09-23T03:51:05.590685+00:00", "trace_id": null, "stage": "embed_query", "event": "start", "model": "Qwen/Qwen3-Embedding-0.6B"}
{"ts": "2026-09-23T03:51:05.658912+00:00", "trace_id": null, "stage": "embed_query", "event": "finish", "duration_ms": 68.225, "model": "Qwen/Qwen3-Embedding-0.6B"}
{"ts": "2026-09-23T03:51:05.658988+00:00", "trace_id": null, "stage": "dense", "event": "start"}
{"ts": "2026-09-23T03:51:05.659228+00:00", "trace_id": null, "stage": "dense", "event": "finish", "duration_ms": 0.241, "candidates_out": 20}
{"ts": "2026-09-23T03:51:05.659271+00:00", "trace_id": null, "stage": "lexical", "event": "start"}
{"ts": "2026-09-23T03:51:05.659618+00:00", "trace_id": null, "stage": "lexical", "event": "finish", "duration_ms": 0.345, "candidates_out": 20}
{"ts": "2026-09-23T03:51:05.659687+00:00", "trace_id": null, "stage": "fuse", "event": "start", "candidates_in": 31}
{"ts": "2026-09-23T03:51:05.659771+00:00", "trace_id": null, "stage": "fuse", "event": "finish", "duration_ms": 0.083, "candidates_in": 31, "candidates_out": 19, "top_score": 0.03278688524590164}
{"ts": "2026-09-23T03:51:05.670135+00:00", "trace_id": null, "stage": "gate", "event": "start", "candidates_in": 5}
{"ts": "2026-09-23T03:51:05.670333+00:00", "trace_id": null, "stage": "gate", "event": "finish", "duration_ms": 0.196, "candidates_in": 5, "candidates_out": 5, "top_score": 0.10906229508196723}
{"ts": "2026-09-23T03:51:08.926714+00:00", "trace_id": null, "stage": "gate_form", "event": "start"}
{"ts": "2026-09-23T03:51:08.926823+00:00", "trace_id": null, "stage": "gate_form", "event": "finish", "duration_ms": 0.111}
{"ts": "2026-09-23T03:51:08.926864+00:00", "trace_id": null, "stage": "gate_literal", "event": "start"}
{"ts": "2026-09-23T03:51:08.926945+00:00", "trace_id": null, "stage": "gate_literal", "event": "finish", "duration_ms": 0.081}
{"ts": "2026-09-23T03:51:08.927000+00:00", "trace_id": null, "stage": "gate_entail", "event": "start", "skipped": true, "reason": "no_entailment_model"}
{"ts": "2026-09-23T03:51:08.927053+00:00", "trace_id": null, "stage": "gate_entail", "event": "finish", "duration_ms": 0.051, "degraded": true, "skipped": true, "reason": "no_entailment_model"}
{"ts": "2026-09-23T03:51:08.927104+00:00", "trace_id": null, "stage": "gate_coverage", "event": "start", "coverage": 1.0}
{"ts": "2026-09-23T03:51:08.927172+00:00", "trace_id": null, "stage": "gate_coverage", "event": "finish", "duration_ms": 0.068, "coverage": 1.0}
{"ts": "2026-09-23T03:51:08.927189+00:00", "trace_id": null, "stage": "gate_conflict", "event": "start"}
{"ts": "2026-09-23T03:51:08.927278+00:00", "trace_id": null, "stage": "gate_conflict", "event": "finish", "duration_ms": 0.089, "skipped": true, "reason": "no_conflict"}
{"ts": "2026-09-23T03:51:08.927337+00:00", "trace_id": null, "stage": "embed_query", "event": "start", "model": "Qwen/Qwen3-Embedding-0.6B"}
{"ts": "2026-09-23T03:51:09.004726+00:00", "trace_id": null, "stage": "embed_query", "event": "finish", "duration_ms": 77.373, "model": "Qwen/Qwen3-Embedding-0.6B"}
{"ts": "2026-09-23T03:51:09.004831+00:00", "trace_id": null, "stage": "dense", "event": "start"}
{"ts": "2026-09-23T03:51:09.005120+00:00", "trace_id": null, "stage": "dense", "event": "finish", "duration_ms": 0.288, "candidates_out": 20}
{"ts": "2026-09-23T03:51:09.005169+00:00", "trace_id": null, "stage": "lexical", "event": "start"}
{"ts": "2026-09-23T03:51:09.005536+00:00", "trace_id": null, "stage": "lexical", "event": "finish", "duration_ms": 0.366, "candidates_out": 20}
{"ts": "2026-09-23T03:51:09.005608+00:00", "trace_id": null, "stage": "fuse", "event": "start", "candidates_in": 25}
{"ts": "2026-09-23T03:51:09.005699+00:00", "trace_id": null, "stage": "fuse", "event": "finish", "duration_ms": 0.091, "candidates_in": 25, "candidates_out": 18, "top_score": 0.032266458495966696}
{"ts": "2026-09-23T03:51:09.011777+00:00", "trace_id": null, "stage": "gate", "event": "start", "candidates_in": 5}
{"ts": "2026-09-23T03:51:09.011872+00:00", "trace_id": null, "stage": "gate", "event": "finish", "duration_ms": 0.094, "candidates_in": 5, "candidates_out": 5, "top_score": 0.03586065573770492}
{"ts": "2026-09-23T03:51:10.911420+00:00", "trace_id": null, "stage": "gate_form", "event": "start"}
{"ts": "2026-09-23T03:51:10.911524+00:00", "trace_id": null, "stage": "gate_form", "event": "finish", "duration_ms": 0.106}
{"ts": "2026-09-23T03:51:10.911635+00:00", "trace_id": null, "stage": "gate_literal", "event": "start", "skipped": true, "reason": "form_failed"}
{"ts": "2026-09-23T03:51:10.911751+00:00", "trace_id": null, "stage": "gate_literal", "event": "finish", "duration_ms": 0.118, "skipped": true, "reason": "form_failed"}
{"ts": "2026-09-23T03:51:10.911814+00:00", "trace_id": null, "stage": "gate_conflict", "event": "start"}
{"ts": "2026-09-23T03:51:10.911922+00:00", "trace_id": null, "stage": "gate_conflict", "event": "finish", "duration_ms": 0.106, "skipped": true, "reason": "no_conflict"}
ABSTAIN lex-019 reason=missing_citation raw='Carbon Footprint helps with carbon footprint management.'
{"ts": "2026-09-23T03:51:10.912031+00:00", "trace_id": null, "stage": "embed_query", "event": "start", "model": "Qwen/Qwen3-Embedding-0.6B"}
{"ts": "2026-09-23T03:51:10.981408+00:00", "trace_id": null, "stage": "embed_query", "event": "finish", "duration_ms": 69.374, "model": "Qwen/Qwen3-Embedding-0.6B"}
{"ts": "2026-09-23T03:51:10.981539+00:00", "trace_id": null, "stage": "dense", "event": "start"}
{"ts": "2026-09-23T03:51:10.981982+00:00", "trace_id": null, "stage": "dense", "event": "finish", "duration_ms": 0.444, "candidates_out": 20}
{"ts": "2026-09-23T03:51:10.982031+00:00", "trace_id": null, "stage": "lexical", "event": "start"}
{"ts": "2026-09-23T03:51:10.982519+00:00", "trace_id": null, "stage": "lexical", "event": "finish", "duration_ms": 0.486, "candidates_out": 20}
{"ts": "2026-09-23T03:51:10.982624+00:00", "trace_id": null, "stage": "fuse", "event": "start", "candidates_in": 31}
{"ts": "2026-09-23T03:51:10.982742+00:00", "trace_id": null, "stage": "fuse", "event": "finish", "duration_ms": 0.119, "candidates_in": 31, "candidates_out": 25, "top_score": 0.03252247488101534}
{"ts": "2026-09-23T03:51:10.995445+00:00", "trace_id": null, "stage": "gate", "event": "start", "candidates_in": 5}
{"ts": "2026-09-23T03:51:10.995589+00:00", "trace_id": null, "stage": "gate", "event": "finish", "duration_ms": 0.146, "candidates_in": 5, "candidates_out": 5, "top_score": 0.03642517186673718}
{"ts": "2026-09-23T03:51:16.426354+00:00", "trace_id": null, "stage": "gate_form", "event": "start"}
{"ts": "2026-09-23T03:51:16.426608+00:00", "trace_id": null, "stage": "gate_form", "event": "finish", "duration_ms": 0.256}
{"ts": "2026-09-23T03:51:16.426691+00:00", "trace_id": null, "stage": "gate_literal", "event": "start"}
{"ts": "2026-09-23T03:51:16.426865+00:00", "trace_id": null, "stage": "gate_literal", "event": "finish", "duration_ms": 0.175}
{"ts": "2026-09-23T03:51:16.426911+00:00", "trace_id": null, "stage": "gate_entail", "event": "start", "skipped": true, "reason": "no_entailment_model"}
{"ts": "2026-09-23T03:51:16.426966+00:00", "trace_id": null, "stage": "gate_entail", "event": "finish", "duration_ms": 0.056, "degraded": true, "skipped": true, "reason": "no_entailment_model"}
{"ts": "2026-09-23T03:51:16.427012+00:00", "trace_id": null, "stage": "gate_coverage", "event": "start", "coverage": 1.0}
{"ts": "2026-09-23T03:51:16.427062+00:00", "trace_id": null, "stage": "gate_coverage", "event": "finish", "duration_ms": 0.05, "coverage": 1.0}
{"ts": "2026-09-23T03:51:16.427097+00:00", "trace_id": null, "stage": "gate_conflict", "event": "start"}
{"ts": "2026-09-23T03:51:16.427166+00:00", "trace_id": null, "stage": "gate_conflict", "event": "finish", "duration_ms": 0.068, "skipped": true, "reason": "no_conflict"}
... 20/122 abstain=3
{"ts": "2026-09-23T03:51:16.427253+00:00", "trace_id": null, "stage": "embed_query", "event": "start", "model": "Qwen/Qwen3-Embedding-0.6B"}
{"ts": "2026-09-23T03:51:16.540171+00:00", "trace_id": null, "stage": "embed_query", "event": "finish", "duration_ms": 112.916, "model": "Qwen/Qwen3-Embedding-0.6B"}
{"ts": "2026-09-23T03:51:16.540271+00:00", "trace_id": null, "stage": "dense", "event": "start"}
{"ts": "2026-09-23T03:51:16.540624+00:00", "trace_id": null, "stage": "dense", "event": "finish", "duration_ms": 0.352, "candidates_out": 20}
{"ts": "2026-09-23T03:51:16.540692+00:00", "trace_id": null, "stage": "lexical", "event": "start"}
{"ts": "2026-09-23T03:51:16.541121+00:00", "trace_id": null, "stage": "lexical", "event": "finish", "duration_ms": 0.429, "candidates_out": 20}
{"ts": "2026-09-23T03:51:16.541151+00:00", "trace_id": null, "stage": "fuse", "event": "start", "candidates_in": 30}
{"ts": "2026-09-23T03:51:16.541252+00:00", "trace_id": null, "stage": "fuse", "event": "finish", "duration_ms": 0.1, "candidates_in": 30, "candidates_out": 21, "top_score": 0.03278688524590164}
{"ts": "2026-09-23T03:51:16.547688+00:00", "trace_id": null, "stage": "gate", "event": "start", "candidates_in": 5}
{"ts": "2026-09-23T03:51:16.547808+00:00", "trace_id": null, "stage": "gate", "event": "finish", "duration_ms": 0.123, "candidates_in": 5, "candidates_out": 5, "top_score": 0.05820833333333334}
{"ts": "2026-09-23T03:51:18.634975+00:00", "trace_id": null, "stage": "gate_form", "event": "start"}
{"ts": "2026-09-23T03:51:18.635197+00:00", "trace_id": null, "stage": "gate_form", "event": "finish", "duration_ms": 0.226}
{"ts": "2026-09-23T03:51:18.635274+00:00", "trace_id": null, "stage": "gate_literal", "event": "start"}
{"ts": "2026-09-23T03:51:18.635388+00:00", "trace_id": null, "stage": "gate_literal", "event": "finish", "duration_ms": 0.115}
{"ts": "2026-09-23T03:51:18.635446+00:00", "trace_id": null, "stage": "gate_entail", "event": "start", "skipped": true, "reason": "no_entailment_model"}
{"ts": "2026-09-23T03:51:18.635494+00:00", "trace_id": null, "stage": "gate_entail", "event": "finish", "duration_ms": 0.049, "degraded": true, "skipped": true, "reason": "no_entailment_model"}
{"ts": "2026-09-23T03:51:18.635544+00:00", "trace_id": null, "stage": "gate_coverage", "event": "start", "coverage": 1.0}
{"ts": "2026-09-23T03:51:18.635573+00:00", "trace_id": null, "stage": "gate_coverage", "event": "finish", "duration_ms": 0.029, "coverage": 1.0}
{"ts": "2026-09-23T03:51:18.635616+00:00", "trace_id": null, "stage": "gate_conflict", "event": "start"}
{"ts": "2026-09-23T03:51:18.635656+00:00", "trace_id": null, "stage": "gate_conflict", "event": "finish", "duration_ms": 0.04, "skipped": true, "reason": "no_conflict"}
{"ts": "2026-09-23T03:51:18.635689+00:00", "trace_id": null, "stage": "embed_query", "event": "start", "model": "Qwen/Qwen3-Embedding-0.6B"}
{"ts": "2026-09-23T03:51:18.756055+00:00", "trace_id": null, "stage": "embed_query", "event": "finish", "duration_ms": 120.363, "model": "Qwen/Qwen3-Embedding-0.6B"}
{"ts": "2026-09-23T03:51:18.756113+00:00", "trace_id": null, "stage": "dense", "event": "start"}
{"ts": "2026-09-23T03:51:18.756299+00:00", "trace_id": null, "stage": "dense", "event": "finish", "duration_ms": 0.186, "candidates_out": 20}
{"ts": "2026-09-23T03:51:18.756337+00:00", "trace_id": null, "stage": "lexical", "event": "start"}
{"ts": "2026-09-23T03:51:18.756588+00:00", "trace_id": null, "stage": "lexical", "event": "finish", "duration_ms": 0.251, "candidates_out": 20}
{"ts": "2026-09-23T03:51:18.756622+00:00", "trace_id": null, "stage": "fuse", "event": "start", "candidates_in": 30}
{"ts": "2026-09-23T03:51:18.756682+00:00", "trace_id": null, "stage": "fuse", "event": "finish", "duration_ms": 0.06, "candidates_in": 30, "candidates_out": 20, "top_score": 0.03278688524590164}
{"ts": "2026-09-23T03:51:18.762476+00:00", "trace_id": null, "stage": "gate", "event": "start", "candidates_in": 5}
{"ts": "2026-09-23T03:51:18.762599+00:00", "trace_id": null, "stage": "gate", "event": "finish", "duration_ms": 0.127, "candidates_in": 5, "candidates_out": 5, "top_score": 0.10559999999999999}
{"ts": "2026-09-23T03:51:23.195004+00:00", "trace_id": null, "stage": "gate_form", "event": "start"}
{"ts": "2026-09-23T03:51:23.195125+00:00", "trace_id": null, "stage": "gate_form", "event": "finish", "duration_ms": 0.126}
{"ts": "2026-09-23T03:51:23.195170+00:00", "trace_id": null, "stage": "gate_literal", "event": "start"}
{"ts": "2026-09-23T03:51:23.195289+00:00", "trace_id": null, "stage": "gate_literal", "event": "finish", "duration_ms": 0.119}
{"ts": "2026-09-23T03:51:23.195346+00:00", "trace_id": null, "stage": "gate_entail", "event": "start", "skipped": true, "reason": "no_entailment_model"}
{"ts": "2026-09-23T03:51:23.195396+00:00", "trace_id": null, "stage": "gate_entail", "event": "finish", "duration_ms": 0.051, "degraded": true, "skipped": true, "reason": "no_entailment_model"}
{"ts": "2026-09-23T03:51:23.195422+00:00", "trace_id": null, "stage": "gate_coverage", "event": "start", "coverage": 1.0}
{"ts": "2026-09-23T03:51:23.195474+00:00", "trace_id": null, "stage": "gate_coverage", "event": "finish", "duration_ms": 0.051, "coverage": 1.0}
{"ts": "2026-09-23T03:51:23.195556+00:00", "trace_id": null, "stage": "gate_conflict", "event": "start"}
{"ts": "2026-09-23T03:51:23.195631+00:00", "trace_id": null, "stage": "gate_conflict", "event": "finish", "duration_ms": 0.075, "skipped": true, "reason": "no_conflict"}
{"ts": "2026-09-23T03:51:23.195670+00:00", "trace_id": null, "stage": "embed_query", "event": "start", "model": "Qwen/Qwen3-Embedding-0.6B"}
{"ts": "2026-09-23T03:51:23.257146+00:00", "trace_id": null, "stage": "embed_query", "event": "finish", "duration_ms": 61.473, "model": "Qwen/Qwen3-Embedding-0.6B"}
{"ts": "2026-09-23T03:51:23.257268+00:00", "trace_id": null, "stage": "dense", "event": "start"}
{"ts": "2026-09-23T03:51:23.257503+00:00", "trace_id": null, "stage": "dense", "event": "finish", "duration_ms": 0.235, "candidates_out": 20}
{"ts": "2026-09-23T03:51:23.257527+00:00", "trace_id": null, "stage": "lexical", "event": "start"}
{"ts": "2026-09-23T03:51:23.257843+00:00", "trace_id": null, "stage": "lexical", "event": "finish", "duration_ms": 0.316, "candidates_out": 20}
{"ts": "2026-09-23T03:51:23.257874+00:00", "trace_id": null, "stage": "fuse", "event": "start", "candidates_in": 29}
{"ts": "2026-09-23T03:51:23.257979+00:00", "trace_id": null, "stage": "fuse", "event": "finish", "duration_ms": 0.103, "candidates_in": 29, "candidates_out": 20, "top_score": 0.03278688524590164}
{"ts": "2026-09-23T03:51:23.263725+00:00", "trace_id": null, "stage": "gate", "event": "start", "candidates_in": 5}
{"ts": "2026-09-23T03:51:23.263797+00:00", "trace_id": null, "stage": "gate", "event": "finish", "duration_ms": 0.074, "candidates_in": 5, "candidates_out": 5, "top_score": 0.06059016393442624}
{"ts": "2026-09-23T03:51:30.147408+00:00", "trace_id": null, "stage": "gate_form", "event": "start"}
{"ts": "2026-09-23T03:51:30.147478+00:00", "trace_id": null, "stage": "gate_form", "event": "finish", "duration_ms": 0.073}
{"ts": "2026-09-23T03:51:30.147500+00:00", "trace_id": null, "stage": "gate_literal", "event": "start"}
{"ts": "2026-09-23T03:51:30.147597+00:00", "trace_id": null, "stage": "gate_literal", "event": "finish", "duration_ms": 0.097}
{"ts": "2026-09-23T03:51:30.147613+00:00", "trace_id": null, "stage": "gate_entail", "event": "start", "skipped": true, "reason": "no_entailment_model"}
{"ts": "2026-09-23T03:51:30.147653+00:00", "trace_id": null, "stage": "gate_entail", "event": "finish", "duration_ms": 0.038, "degraded": true, "skipped": true, "reason": "no_entailment_model"}
{"ts": "2026-09-23T03:51:30.147733+00:00", "trace_id": null, "stage": "gate_coverage", "event": "start", "coverage": 1.0}
{"ts": "2026-09-23T03:51:30.147770+00:00", "trace_id": null, "stage": "gate_coverage", "event": "finish", "duration_ms": 0.038, "coverage": 1.0}
{"ts": "2026-09-23T03:51:30.147787+00:00", "trace_id": null, "stage": "gate_conflict", "event": "start"}
{"ts": "2026-09-23T03:51:30.147872+00:00", "trace_id": null, "stage": "gate_conflict", "event": "finish", "duration_ms": 0.081, "skipped": true, "reason": "no_conflict"}
{"ts": "2026-09-23T03:51:30.147972+00:00", "trace_id": null, "stage": "embed_query", "event": "start", "model": "Qwen/Qwen3-Embedding-0.6B"}
{"ts": "2026-09-23T03:51:30.228190+00:00", "trace_id": null, "stage": "embed_query", "event": "finish", "duration_ms": 80.214, "model": "Qwen/Qwen3-Embedding-0.6B"}
{"ts": "2026-09-23T03:51:30.228308+00:00", "trace_id": null, "stage": "dense", "event": "start"}
{"ts": "2026-09-23T03:51:30.228694+00:00", "trace_id": null, "stage": "dense", "event": "finish", "duration_ms": 0.384, "candidates_out": 20}
{"ts": "2026-09-23T03:51:30.228793+00:00", "trace_id": null, "stage": "lexical", "event": "start"}
{"ts": "2026-09-23T03:51:30.229201+00:00", "trace_id": null, "stage": "lexical", "event": "finish", "duration_ms": 0.409, "candidates_out": 20}
{"ts": "2026-09-23T03:51:30.229240+00:00", "trace_id": null, "stage": "fuse", "event": "start", "candidates_in": 31}
{"ts": "2026-09-23T03:51:30.229354+00:00", "trace_id": null, "stage": "fuse", "event": "finish", "duration_ms": 0.114, "candidates_in": 31, "candidates_out": 22, "top_score": 0.03278688524590164}
{"ts": "2026-09-23T03:51:30.235406+00:00", "trace_id": null, "stage": "gate", "event": "start", "candidates_in": 5}
{"ts": "2026-09-23T03:51:30.235488+00:00", "trace_id": null, "stage": "gate", "event": "finish", "duration_ms": 0.083, "candidates_in": 5, "candidates_out": 5, "top_score": 0.09547540983606559}
{"ts": "2026-09-23T03:51:34.633970+00:00", "trace_id": null, "stage": "gate_form", "event": "start"}
{"ts": "2026-09-23T03:51:34.634100+00:00", "trace_id": null, "stage": "gate_form", "event": "finish", "duration_ms": 0.134}
{"ts": "2026-09-23T03:51:34.634127+00:00", "trace_id": null, "stage": "gate_literal", "event": "start"}
{"ts": "2026-09-23T03:51:34.634259+00:00", "trace_id": null, "stage": "gate_literal", "event": "finish", "duration_ms": 0.133}
{"ts": "2026-09-23T03:51:34.634278+00:00", "trace_id": null, "stage": "gate_entail", "event": "start", "skipped": true, "reason": "no_entailment_model"}
{"ts": "2026-09-23T03:51:34.634322+00:00", "trace_id": null, "stage": "gate_entail", "event": "finish", "duration_ms": 0.044, "degraded": true, "skipped": true, "reason": "no_entailment_model"}
{"ts": "2026-09-23T03:51:34.634368+00:00", "trace_id": null, "stage": "gate_coverage", "event": "start", "coverage": 1.0}
{"ts": "2026-09-23T03:51:34.634482+00:00", "trace_id": null, "stage": "gate_coverage", "event": "finish", "duration_ms": 0.113, "coverage": 1.0}
{"ts": "2026-09-23T03:51:34.634520+00:00", "trace_id": null, "stage": "gate_conflict", "event": "start"}
{"ts": "2026-09-23T03:51:34.634593+00:00", "trace_id": null, "stage": "gate_conflict", "event": "finish", "duration_ms": 0.073, "skipped": true, "reason": "no_conflict"}
{"ts": "2026-09-23T03:51:34.634621+00:00", "trace_id": null, "stage": "embed_query", "event": "start", "model": "Qwen/Qwen3-Embedding-0.6B"}
{"ts": "2026-09-23T03:51:34.710251+00:00", "trace_id": null, "stage": "embed_query", "event": "finish", "duration_ms": 75.622, "model": "Qwen/Qwen3-Embedding-0.6B"}
{"ts": "2026-09-23T03:51:34.710364+00:00", "trace_id": null, "stage": "dense", "event": "start"}
{"ts": "2026-09-23T03:51:34.710670+00:00", "trace_id": null, "stage": "dense", "event": "finish", "duration_ms": 0.305, "candidates_out": 20}
{"ts": "2026-09-23T03:51:34.710725+00:00", "trace_id": null, "stage": "lexical", "event": "start"}
{"ts": "2026-09-23T03:51:34.711193+00:00", "trace_id": null, "stage": "lexical", "event": "finish", "duration_ms": 0.467, "candidates_out": 20}
{"ts": "2026-09-23T03:51:34.711272+00:00", "trace_id": null, "stage": "fuse", "event": "start", "candidates_in": 30}
{"ts": "2026-09-23T03:51:34.711376+00:00", "trace_id": null, "stage": "fuse", "event": "finish", "duration_ms": 0.105, "candidates_in": 30, "candidates_out": 20, "top_score": 0.03252247488101534}
{"ts": "2026-09-23T03:51:34.719392+00:00", "trace_id": null, "stage": "gate", "event": "start", "candidates_in": 5}
{"ts": "2026-09-23T03:51:34.719550+00:00", "trace_id": null, "stage": "gate", "event": "finish", "duration_ms": 0.162, "candidates_in": 5, "candidates_out": 5, "top_score": 0.10733114754098362}
{"ts": "2026-09-23T03:51:37.899210+00:00", "trace_id": null, "stage": "gate_form", "event": "start"}
{"ts": "2026-09-23T03:51:37.899402+00:00", "trace_id": null, "stage": "gate_form", "event": "finish", "duration_ms": 0.197}
{"ts": "2026-09-23T03:51:37.899478+00:00", "trace_id": null, "stage": "gate_literal", "event": "start"}
{"ts": "2026-09-23T03:51:37.899637+00:00", "trace_id": null, "stage": "gate_literal", "event": "finish", "duration_ms": 0.159}
{"ts": "2026-09-23T03:51:37.899684+00:00", "trace_id": null, "stage": "gate_entail", "event": "start", "skipped": true, "reason": "no_entailment_model"}
{"ts": "2026-09-23T03:51:37.899776+00:00", "trace_id": null, "stage": "gate_entail", "event": "finish", "duration_ms": 0.093, "degraded": true, "skipped": true, "reason": "no_entailment_model"}
{"ts": "2026-09-23T03:51:37.899797+00:00", "trace_id": null, "stage": "gate_coverage", "event": "start", "coverage": 1.0}
{"ts": "2026-09-23T03:51:37.899835+00:00", "trace_id": null, "stage": "gate_coverage", "event": "finish", "duration_ms": 0.038, "coverage": 1.0}
{"ts": "2026-09-23T03:51:37.899858+00:00", "trace_id": null, "stage": "gate_conflict", "event": "start"}
{"ts": "2026-09-23T03:51:37.899913+00:00", "trace_id": null, "stage": "gate_conflict", "event": "finish", "duration_ms": 0.055, "skipped": true, "reason": "no_conflict"}
{"ts": "2026-09-23T03:51:37.899940+00:00", "trace_id": null, "stage": "embed_query", "event": "start", "model": "Qwen/Qwen3-Embedding-0.6B"}
{"ts": "2026-09-23T03:51:37.975877+00:00", "trace_id": null, "stage": "embed_query", "event": "finish", "duration_ms": 75.928, "model": "Qwen/Qwen3-Embedding-0.6B"}
{"ts": "2026-09-23T03:51:37.976017+00:00", "trace_id": null, "stage": "dense", "event": "start"}
{"ts": "2026-09-23T03:51:37.976399+00:00", "trace_id": null, "stage": "dense", "event": "finish", "duration_ms": 0.38, "candidates_out": 20}
{"ts": "2026-09-23T03:51:37.976479+00:00", "trace_id": null, "stage": "lexical", "event": "start"}
{"ts": "2026-09-23T03:51:37.976954+00:00", "trace_id": null, "stage": "lexical", "event": "finish", "duration_ms": 0.475, "candidates_out": 20}
{"ts": "2026-09-23T03:51:37.977009+00:00", "trace_id": null, "stage": "fuse", "event": "start", "candidates_in": 32}
{"ts": "2026-09-23T03:51:37.977139+00:00", "trace_id": null, "stage": "fuse", "event": "finish", "duration_ms": 0.129, "candidates_in": 32, "candidates_out": 21, "top_score": 0.03278688524590164}
{"ts": "2026-09-23T03:51:37.984751+00:00", "trace_id": null, "stage": "gate", "event": "start", "candidates_in": 5}
{"ts": "2026-09-23T03:51:37.985191+00:00", "trace_id": null, "stage": "gate", "event": "finish", "duration_ms": 0.441, "candidates_in": 5, "candidates_out": 6, "top_score": 0.05961290322580645}
{"ts": "2026-09-23T03:51:40.084853+00:00", "trace_id": null, "stage": "gate_form", "event": "start"}
{"ts": "2026-09-23T03:51:40.084952+00:00", "trace_id": null, "stage": "gate_form", "event": "finish", "duration_ms": 0.103}
{"ts": "2026-09-23T03:51:40.084995+00:00", "trace_id": null, "stage": "gate_literal", "event": "start"}
{"ts": "2026-09-23T03:51:40.085062+00:00", "trace_id": null, "stage": "gate_literal", "event": "finish", "duration_ms": 0.066}
{"ts": "2026-09-23T03:51:40.085112+00:00", "trace_id": null, "stage": "gate_entail", "event": "start", "skipped": true, "reason": "no_entailment_model"}
{"ts": "2026-09-23T03:51:40.085164+00:00", "trace_id": null, "stage": "gate_entail", "event": "finish", "duration_ms": 0.052, "degraded": true, "skipped": true, "reason": "no_entailment_model"}
{"ts": "2026-09-23T03:51:40.085185+00:00", "trace_id": null, "stage": "gate_coverage", "event": "start", "coverage": 1.0}
{"ts": "2026-09-23T03:51:40.085227+00:00", "trace_id": null, "stage": "gate_coverage", "event": "finish", "duration_ms": 0.041, "coverage": 1.0}
{"ts": "2026-09-23T03:51:40.085248+00:00", "trace_id": null, "stage": "gate_conflict", "event": "start"}
{"ts": "2026-09-23T03:51:40.085511+00:00", "trace_id": null, "stage": "gate_conflict", "event": "finish", "duration_ms": 0.259, "reason": "version_conflict"}
{"ts": "2026-09-23T03:51:40.085594+00:00", "trace_id": null, "stage": "embed_query", "event": "start", "model": "Qwen/Qwen3-Embedding-0.6B"}
{"ts": "2026-09-23T03:51:40.156146+00:00", "trace_id": null, "stage": "embed_query", "event": "finish", "duration_ms": 70.547, "model": "Qwen/Qwen3-Embedding-0.6B"}
{"ts": "2026-09-23T03:51:40.156270+00:00", "trace_id": null, "stage": "dense", "event": "start"}
{"ts": "2026-09-23T03:51:40.156590+00:00", "trace_id": null, "stage": "dense", "event": "finish", "duration_ms": 0.321, "candidates_out": 20}
{"ts": "2026-09-23T03:51:40.156674+00:00", "trace_id": null, "stage": "lexical", "event": "start"}
{"ts": "2026-09-23T03:51:40.157103+00:00", "trace_id": null, "stage": "lexical", "event": "finish", "duration_ms": 0.429, "candidates_out": 20}
{"ts": "2026-09-23T03:51:40.157147+00:00", "trace_id": null, "stage": "fuse", "event": "start", "candidates_in": 30}
{"ts": "2026-09-23T03:51:40.157263+00:00", "trace_id": null, "stage": "fuse", "event": "finish", "duration_ms": 0.116, "candidates_in": 30, "candidates_out": 18, "top_score": 0.03278688524590164}
{"ts": "2026-09-23T03:51:40.164510+00:00", "trace_id": null, "stage": "gate", "event": "start", "candidates_in": 5}
{"ts": "2026-09-23T03:51:40.164879+00:00", "trace_id": null, "stage": "gate", "event": "finish", "duration_ms": 0.372, "candidates_in": 5, "candidates_out": 6, "top_score": 0.05961290322580645}
{"ts": "2026-09-23T03:51:42.043707+00:00", "trace_id": null, "stage": "gate_form", "event": "start"}
{"ts": "2026-09-23T03:51:42.043811+00:00", "trace_id": null, "stage": "gate_form", "event": "finish", "duration_ms": 0.108}
{"ts": "2026-09-23T03:51:42.043863+00:00", "trace_id": null, "stage": "gate_literal", "event": "start"}
{"ts": "2026-09-23T03:51:42.043939+00:00", "trace_id": null, "stage": "gate_literal", "event": "finish", "duration_ms": 0.076}
{"ts": "2026-09-23T03:51:42.043970+00:00", "trace_id": null, "stage": "gate_entail", "event": "start", "skipped": true, "reason": "no_entailment_model"}
{"ts": "2026-09-23T03:51:42.044021+00:00", "trace_id": null, "stage": "gate_entail", "event": "finish", "duration_ms": 0.049, "degraded": true, "skipped": true, "reason": "no_entailment_model"}
{"ts": "2026-09-23T03:51:42.044090+00:00", "trace_id": null, "stage": "gate_coverage", "event": "start", "coverage": 1.0}
{"ts": "2026-09-23T03:51:42.044142+00:00", "trace_id": null, "stage": "gate_coverage", "event": "finish", "duration_ms": 0.052, "coverage": 1.0}
{"ts": "2026-09-23T03:51:42.044162+00:00", "trace_id": null, "stage": "gate_conflict", "event": "start"}
{"ts": "2026-09-23T03:51:42.044268+00:00", "trace_id": null, "stage": "gate_conflict", "event": "finish", "duration_ms": 0.106, "reason": "version_conflict"}
{"ts": "2026-09-23T03:51:42.044297+00:00", "trace_id": null, "stage": "embed_query", "event": "start", "model": "Qwen/Qwen3-Embedding-0.6B"}
{"ts": "2026-09-23T03:51:42.086581+00:00", "trace_id": null, "stage": "embed_query", "event": "finish", "duration_ms": 42.281, "model": "Qwen/Qwen3-Embedding-0.6B"}
{"ts": "2026-09-23T03:51:42.086647+00:00", "trace_id": null, "stage": "dense", "event": "start"}
{"ts": "2026-09-23T03:51:42.086843+00:00", "trace_id": null, "stage": "dense", "event": "finish", "duration_ms": 0.195, "candidates_out": 20}
{"ts": "2026-09-23T03:51:42.086868+00:00", "trace_id": null, "stage": "lexical", "event": "start"}
{"ts": "2026-09-23T03:51:42.087133+00:00", "trace_id": null, "stage": "lexical", "event": "finish", "duration_ms": 0.263, "candidates_out": 20}
{"ts": "2026-09-23T03:51:42.087185+00:00", "trace_id": null, "stage": "fuse", "event": "start", "candidates_in": 27}
{"ts": "2026-09-23T03:51:42.087247+00:00", "trace_id": null, "stage": "fuse", "event": "finish", "duration_ms": 0.063, "candidates_in": 27, "candidates_out": 18, "top_score": 0.03252247488101534}
{"ts": "2026-09-23T03:51:42.092663+00:00", "trace_id": null, "stage": "gate", "event": "start", "candidates_in": 5}
{"ts": "2026-09-23T03:51:42.092733+00:00", "trace_id": null, "stage": "gate", "event": "finish", "duration_ms": 0.072, "candidates_in": 5, "candidates_out": 5, "top_score": 0.03642517186673718}
{"ts": "2026-09-23T03:51:43.880926+00:00", "trace_id": null, "stage": "gate_form", "event": "start"}
{"ts": "2026-09-23T03:51:43.881091+00:00", "trace_id": null, "stage": "gate_form", "event": "finish", "duration_ms": 0.18}
{"ts": "2026-09-23T03:51:43.881148+00:00", "trace_id": null, "stage": "gate_literal", "event": "start"}
{"ts": "2026-09-23T03:51:43.881252+00:00", "trace_id": null, "stage": "gate_literal", "event": "finish", "duration_ms": 0.104}
{"ts": "2026-09-23T03:51:43.881316+00:00", "trace_id": null, "stage": "gate_entail", "event": "start", "skipped": true, "reason": "no_entailment_model"}
{"ts": "2026-09-23T03:51:43.881389+00:00", "trace_id": null, "stage": "gate_entail", "event": "finish", "duration_ms": 0.071, "degraded": true, "skipped": true, "reason": "no_entailment_model"}
{"ts": "2026-09-23T03:51:43.881453+00:00", "trace_id": null, "stage": "gate_coverage", "event": "start", "coverage": 1.0}
{"ts": "2026-09-23T03:51:43.881519+00:00", "trace_id": null, "stage": "gate_coverage", "event": "finish", "duration_ms": 0.067, "coverage": 1.0}
{"ts": "2026-09-23T03:51:43.881567+00:00", "trace_id": null, "stage": "gate_conflict", "event": "start"}
{"ts": "2026-09-23T03:51:43.881642+00:00", "trace_id": null, "stage": "gate_conflict", "event": "finish", "duration_ms": 0.075, "skipped": true, "reason": "no_conflict"}
{"ts": "2026-09-23T03:51:43.881718+00:00", "trace_id": null, "stage": "embed_query", "event": "start", "model": "Qwen/Qwen3-Embedding-0.6B"}
{"ts": "2026-09-23T03:51:43.932235+00:00", "trace_id": null, "stage": "embed_query", "event": "finish", "duration_ms": 50.514, "model": "Qwen/Qwen3-Embedding-0.6B"}
{"ts": "2026-09-23T03:51:43.932314+00:00", "trace_id": null, "stage": "dense", "event": "start"}
{"ts": "2026-09-23T03:51:43.932533+00:00", "trace_id": null, "stage": "dense", "event": "finish", "duration_ms": 0.219, "candidates_out": 20}
{"ts": "2026-09-23T03:51:43.932558+00:00", "trace_id": null, "stage": "lexical", "event": "start"}
{"ts": "2026-09-23T03:51:43.933097+00:00", "trace_id": null, "stage": "lexical", "event": "finish", "duration_ms": 0.538, "candidates_out": 20}
{"ts": "2026-09-23T03:51:43.933151+00:00", "trace_id": null, "stage": "fuse", "event": "start", "candidates_in": 31}
{"ts": "2026-09-23T03:51:43.933228+00:00", "trace_id": null, "stage": "fuse", "event": "finish", "duration_ms": 0.076, "candidates_in": 31, "candidates_out": 22, "top_score": 0.03278688524590164}
{"ts": "2026-09-23T03:51:43.939660+00:00", "trace_id": null, "stage": "gate", "event": "start", "candidates_in": 5}
{"ts": "2026-09-23T03:51:43.939734+00:00", "trace_id": null, "stage": "gate", "event": "finish", "duration_ms": 0.075, "candidates_in": 5, "candidates_out": 5, "top_score": 0.10730322580645162}
{"ts": "2026-09-23T03:51:46.156705+00:00", "trace_id": null, "stage": "gate_form", "event": "start"}
{"ts": "2026-09-23T03:51:46.156810+00:00", "trace_id": null, "stage": "gate_form", "event": "finish", "duration_ms": 0.11}
{"ts": "2026-09-23T03:51:46.156859+00:00", "trace_id": null, "stage": "gate_literal", "event": "start"}
{"ts": "2026-09-23T03:51:46.156961+00:00", "trace_id": null, "stage": "gate_literal", "event": "finish", "duration_ms": 0.101}
{"ts": "2026-09-23T03:51:46.157018+00:00", "trace_id": null, "stage": "gate_entail", "event": "start", "skipped": true, "reason": "no_entailment_model"}
{"ts": "2026-09-23T03:51:46.157098+00:00", "trace_id": null, "stage": "gate_entail", "event": "finish", "duration_ms": 0.079, "degraded": true, "skipped": true, "reason": "no_entailment_model"}
{"ts": "2026-09-23T03:51:46.157160+00:00", "trace_id": null, "stage": "gate_coverage", "event": "start", "coverage": 1.0}
{"ts": "2026-09-23T03:51:46.157221+00:00", "trace_id": null, "stage": "gate_coverage", "event": "finish", "duration_ms": 0.062, "coverage": 1.0}
{"ts": "2026-09-23T03:51:46.157263+00:00", "trace_id": null, "stage": "gate_conflict", "event": "start"}
{"ts": "2026-09-23T03:51:46.157323+00:00", "trace_id": null, "stage": "gate_conflict", "event": "finish", "duration_ms": 0.059, "skipped": true, "reason": "no_conflict"}
{"ts": "2026-09-23T03:51:46.157371+00:00", "trace_id": null, "stage": "embed_query", "event": "start", "model": "Qwen/Qwen3-Embedding-0.6B"}
{"ts": "2026-09-23T03:51:46.201737+00:00", "trace_id": null, "stage": "embed_query", "event": "finish", "duration_ms": 44.363, "model": "Qwen/Qwen3-Embedding-0.6B"}
{"ts": "2026-09-23T03:51:46.201812+00:00", "trace_id": null, "stage": "dense", "event": "start"}
{"ts": "2026-09-23T03:51:46.202016+00:00", "trace_id": null, "stage": "dense", "event": "finish", "duration_ms": 0.203, "candidates_out": 20}
{"ts": "2026-09-23T03:51:46.202038+00:00", "trace_id": null, "stage": "lexical", "event": "start"}
{"ts": "2026-09-23T03:51:46.202383+00:00", "trace_id": null, "stage": "lexical", "event": "finish", "duration_ms": 0.343, "candidates_out": 20}
{"ts": "2026-09-23T03:51:46.202438+00:00", "trace_id": null, "stage": "fuse", "event": "start", "candidates_in": 29}
{"ts": "2026-09-23T03:51:46.202513+00:00", "trace_id": null, "stage": "fuse", "event": "finish", "duration_ms": 0.074, "candidates_in": 29, "candidates_out": 20, "top_score": 0.03131881575727918}
{"ts": "2026-09-23T03:51:46.208846+00:00", "trace_id": null, "stage": "gate", "event": "start", "candidates_in": 5}
{"ts": "2026-09-23T03:51:46.208924+00:00", "trace_id": null, "stage": "gate", "event": "finish", "duration_ms": 0.079, "candidates_in": 5, "candidates_out": 5, "top_score": 0.05776410256410257}
{"ts": "2026-09-23T03:51:48.622155+00:00", "trace_id": null, "stage": "gate_form", "event": "start"}
{"ts": "2026-09-23T03:51:48.622251+00:00", "trace_id": null, "stage": "gate_form", "event": "finish", "duration_ms": 0.1}
{"ts": "2026-09-23T03:51:48.622295+00:00", "trace_id": null, "stage": "gate_literal", "event": "start"}
{"ts": "2026-09-23T03:51:48.622389+00:00", "trace_id": null, "stage": "gate_literal", "event": "finish", "duration_ms": 0.095}
{"ts": "2026-09-23T03:51:48.622438+00:00", "trace_id": null, "stage": "gate_entail", "event": "start", "skipped": true, "reason": "no_entailment_model"}
{"ts": "2026-09-23T03:51:48.622483+00:00", "trace_id": null, "stage": "gate_entail", "event": "finish", "duration_ms": 0.044, "degraded": true, "skipped": true, "reason": "no_entailment_model"}
{"ts": "2026-09-23T03:51:48.622503+00:00", "trace_id": null, "stage": "gate_coverage", "event": "start", "coverage": 1.0}
{"ts": "2026-09-23T03:51:48.622540+00:00", "trace_id": null, "stage": "gate_coverage", "event": "finish", "duration_ms": 0.037, "coverage": 1.0}
{"ts": "2026-09-23T03:51:48.622554+00:00", "trace_id": null, "stage": "gate_conflict", "event": "start"}
{"ts": "2026-09-23T03:51:48.622598+00:00", "trace_id": null, "stage": "gate_conflict", "event": "finish", "duration_ms": 0.044, "skipped": true, "reason": "no_conflict"}
{"ts": "2026-09-23T03:51:48.622624+00:00", "trace_id": null, "stage": "embed_query", "event": "start", "model": "Qwen/Qwen3-Embedding-0.6B"}
{"ts": "2026-09-23T03:51:48.670985+00:00", "trace_id": null, "stage": "embed_query", "event": "finish", "duration_ms": 48.354, "model": "Qwen/Qwen3-Embedding-0.6B"}
{"ts": "2026-09-23T03:51:48.671126+00:00", "trace_id": null, "stage": "dense", "event": "start"}
{"ts": "2026-09-23T03:51:48.671354+00:00", "trace_id": null, "stage": "dense", "event": "finish", "duration_ms": 0.227, "candidates_out": 20}
{"ts": "2026-09-23T03:51:48.671399+00:00", "trace_id": null, "stage": "lexical", "event": "start"}
{"ts": "2026-09-23T03:51:48.671713+00:00", "trace_id": null, "stage": "lexical", "event": "finish", "duration_ms": 0.313, "candidates_out": 20}
{"ts": "2026-09-23T03:51:48.671767+00:00", "trace_id": null, "stage": "fuse", "event": "start", "candidates_in": 32}
{"ts": "2026-09-23T03:51:48.671838+00:00", "trace_id": null, "stage": "fuse", "event": "finish", "duration_ms": 0.071, "candidates_in": 32, "candidates_out": 26, "top_score": 0.03252247488101534}
{"ts": "2026-09-23T03:51:48.682236+00:00", "trace_id": null, "stage": "gate", "event": "start", "candidates_in": 5}
{"ts": "2026-09-23T03:51:48.682337+00:00", "trace_id": null, "stage": "gate", "event": "finish", "duration_ms": 0.104, "candidates_in": 5, "candidates_out": 5, "top_score": 0.05733333333333333}
{"ts": "2026-09-23T03:51:50.655125+00:00", "trace_id": null, "stage": "gate_form", "event": "start"}
{"ts": "2026-09-23T03:51:50.655224+00:00", "trace_id": null, "stage": "gate_form", "event": "finish", "duration_ms": 0.102}
{"ts": "2026-09-23T03:51:50.655283+00:00", "trace_id": null, "stage": "gate_literal", "event": "start"}
{"ts": "2026-09-23T03:51:50.655378+00:00", "trace_id": null, "stage": "gate_literal", "event": "finish", "duration_ms": 0.096}
{"ts": "2026-09-23T03:51:50.655429+00:00", "trace_id": null, "stage": "gate_entail", "event": "start", "skipped": true, "reason": "no_entailment_model"}
{"ts": "2026-09-23T03:51:50.655490+00:00", "trace_id": null, "stage": "gate_entail", "event": "finish", "duration_ms": 0.061, "degraded": true, "skipped": true, "reason": "no_entailment_model"}
{"ts": "2026-09-23T03:51:50.655553+00:00", "trace_id": null, "stage": "gate_coverage", "event": "start", "coverage": 1.0}
{"ts": "2026-09-23T03:51:50.655614+00:00", "trace_id": null, "stage": "gate_coverage", "event": "finish", "duration_ms": 0.063, "coverage": 1.0}
{"ts": "2026-09-23T03:51:50.655652+00:00", "trace_id": null, "stage": "gate_conflict", "event": "start"}
{"ts": "2026-09-23T03:51:50.655705+00:00", "trace_id": null, "stage": "gate_conflict", "event": "finish", "duration_ms": 0.053, "skipped": true, "reason": "no_conflict"}
{"ts": "2026-09-23T03:51:50.655750+00:00", "trace_id": null, "stage": "embed_query", "event": "start", "model": "Qwen/Qwen3-Embedding-0.6B"}
{"ts": "2026-09-23T03:51:50.704004+00:00", "trace_id": null, "stage": "embed_query", "event": "finish", "duration_ms": 48.25, "model": "Qwen/Qwen3-Embedding-0.6B"}
{"ts": "2026-09-23T03:51:50.704096+00:00", "trace_id": null, "stage": "dense", "event": "start"}
{"ts": "2026-09-23T03:51:50.704392+00:00", "trace_id": null, "stage": "dense", "event": "finish", "duration_ms": 0.296, "candidates_out": 20}
{"ts": "2026-09-23T03:51:50.704430+00:00", "trace_id": null, "stage": "lexical", "event": "start"}
{"ts": "2026-09-23T03:51:50.704733+00:00", "trace_id": null, "stage": "lexical", "event": "finish", "duration_ms": 0.303, "candidates_out": 20}
{"ts": "2026-09-23T03:51:50.704778+00:00", "trace_id": null, "stage": "fuse", "event": "start", "candidates_in": 29}
{"ts": "2026-09-23T03:51:50.704845+00:00", "trace_id": null, "stage": "fuse", "event": "finish", "duration_ms": 0.066, "candidates_in": 29, "candidates_out": 20, "top_score": 0.03252247488101534}
{"ts": "2026-09-23T03:51:50.709665+00:00", "trace_id": null, "stage": "gate", "event": "start", "candidates_in": 5}
{"ts": "2026-09-23T03:51:50.709807+00:00", "trace_id": null, "stage": "gate", "event": "finish", "duration_ms": 0.146, "candidates_in": 5, "candidates_out": 5, "top_score": 0.06451612903225808}
{"ts": "2026-09-23T03:51:52.446303+00:00", "trace_id": null, "stage": "gate_form", "event": "start"}
{"ts": "2026-09-23T03:51:52.446413+00:00", "trace_id": null, "stage": "gate_form", "event": "finish", "duration_ms": 0.114}
{"ts": "2026-09-23T03:51:52.446466+00:00", "trace_id": null, "stage": "gate_literal", "event": "start"}
{"ts": "2026-09-23T03:51:52.446576+00:00", "trace_id": null, "stage": "gate_literal", "event": "finish", "duration_ms": 0.11}
{"ts": "2026-09-23T03:51:52.446622+00:00", "trace_id": null, "stage": "gate_entail", "event": "start", "skipped": true, "reason": "no_entailment_model"}
{"ts": "2026-09-23T03:51:52.446710+00:00", "trace_id": null, "stage": "gate_entail", "event": "finish", "duration_ms": 0.083, "degraded": true, "skipped": true, "reason": "no_entailment_model"}
{"ts": "2026-09-23T03:51:52.446818+00:00", "trace_id": null, "stage": "gate_coverage", "event": "start", "coverage": 1.0}
{"ts": "2026-09-23T03:51:52.446928+00:00", "trace_id": null, "stage": "gate_coverage", "event": "finish", "duration_ms": 0.112, "coverage": 1.0}
{"ts": "2026-09-23T03:51:52.446988+00:00", "trace_id": null, "stage": "gate_conflict", "event": "start"}
{"ts": "2026-09-23T03:51:52.447044+00:00", "trace_id": null, "stage": "gate_conflict", "event": "finish", "duration_ms": 0.054, "skipped": true, "reason": "no_conflict"}
{"ts": "2026-09-23T03:51:52.447102+00:00", "trace_id": null, "stage": "embed_query", "event": "start", "model": "Qwen/Qwen3-Embedding-0.6B"}
{"ts": "2026-09-23T03:51:52.491110+00:00", "trace_id": null, "stage": "embed_query", "event": "finish", "duration_ms": 44.004, "model": "Qwen/Qwen3-Embedding-0.6B"}
{"ts": "2026-09-23T03:51:52.491239+00:00", "trace_id": null, "stage": "dense", "event": "start"}
{"ts": "2026-09-23T03:51:52.491491+00:00", "trace_id": null, "stage": "dense", "event": "finish", "duration_ms": 0.252, "candidates_out": 20}
{"ts": "2026-09-23T03:51:52.491541+00:00", "trace_id": null, "stage": "lexical", "event": "start"}
{"ts": "2026-09-23T03:51:52.491820+00:00", "trace_id": null, "stage": "lexical", "event": "finish", "duration_ms": 0.279, "candidates_out": 20}
{"ts": "2026-09-23T03:51:52.491869+00:00", "trace_id": null, "stage": "fuse", "event": "start", "candidates_in": 29}
{"ts": "2026-09-23T03:51:52.491935+00:00", "trace_id": null, "stage": "fuse", "event": "finish", "duration_ms": 0.065, "candidates_in": 29, "candidates_out": 19, "top_score": 0.03252247488101534}
{"ts": "2026-09-23T03:51:52.494745+00:00", "trace_id": null, "stage": "gate", "event": "start", "candidates_in": 5}
{"ts": "2026-09-23T03:51:52.494845+00:00", "trace_id": null, "stage": "gate", "event": "finish", "duration_ms": 0.101, "candidates_in": 5, "candidates_out": 5, "top_score": 0.05280337941628264}
{"ts": "2026-09-23T03:51:53.928622+00:00", "trace_id": null, "stage": "gate_form", "event": "start"}
{"ts": "2026-09-23T03:51:53.928831+00:00", "trace_id": null, "stage": "gate_form", "event": "finish", "duration_ms": 0.212}
{"ts": "2026-09-23T03:51:53.928887+00:00", "trace_id": null, "stage": "gate_literal", "event": "start", "skipped": true, "reason": "declined"}
{"ts": "2026-09-23T03:51:53.928963+00:00", "trace_id": null, "stage": "gate_literal", "event": "finish", "duration_ms": 0.076, "skipped": true, "reason": "declined"}
{"ts": "2026-09-23T03:51:53.929000+00:00", "trace_id": null, "stage": "gate_conflict", "event": "start"}
{"ts": "2026-09-23T03:51:53.929053+00:00", "trace_id": null, "stage": "gate_conflict", "event": "finish", "duration_ms": 0.053, "skipped": true, "reason": "no_conflict"}
ABSTAIN lex-033 reason=declined raw='Approved by: The documents do not say.'
{"ts": "2026-09-23T03:51:53.929113+00:00", "trace_id": null, "stage": "embed_query", "event": "start", "model": "Qwen/Qwen3-Embedding-0.6B"}
{"ts": "2026-09-23T03:51:53.974831+00:00", "trace_id": null, "stage": "embed_query", "event": "finish", "duration_ms": 45.714, "model": "Qwen/Qwen3-Embedding-0.6B"}
{"ts": "2026-09-23T03:51:53.974932+00:00", "trace_id": null, "stage": "dense", "event": "start"}
{"ts": "2026-09-23T03:51:53.975148+00:00", "trace_id": null, "stage": "dense", "event": "finish", "duration_ms": 0.215, "candidates_out": 20}
{"ts": "2026-09-23T03:51:53.975190+00:00", "trace_id": null, "stage": "lexical", "event": "start"}
{"ts": "2026-09-23T03:51:53.975485+00:00", "trace_id": null, "stage": "lexical", "event": "finish", "duration_ms": 0.294, "candidates_out": 20}
{"ts": "2026-09-23T03:51:53.975546+00:00", "trace_id": null, "stage": "fuse", "event": "start", "candidates_in": 32}
{"ts": "2026-09-23T03:51:53.975621+00:00", "trace_id": null, "stage": "fuse", "event": "finish", "duration_ms": 0.074, "candidates_in": 32, "candidates_out": 21, "top_score": 0.03252247488101534}
{"ts": "2026-09-23T03:51:53.980112+00:00", "trace_id": null, "stage": "gate", "event": "start", "candidates_in": 5}
{"ts": "2026-09-23T03:51:53.980192+00:00", "trace_id": null, "stage": "gate", "event": "finish", "duration_ms": 0.081, "candidates_in": 5, "candidates_out": 5, "top_score": 0.06002865671641792}
{"ts": "2026-09-23T03:51:55.577131+00:00", "trace_id": null, "stage": "gate_form", "event": "start"}
{"ts": "2026-09-23T03:51:55.577233+00:00", "trace_id": null, "stage": "gate_form", "event": "finish", "duration_ms": 0.106}
{"ts": "2026-09-23T03:51:55.577279+00:00", "trace_id": null, "stage": "gate_literal", "event": "start"}
{"ts": "2026-09-23T03:51:55.577339+00:00", "trace_id": null, "stage": "gate_literal", "event": "finish", "duration_ms": 0.061}
{"ts": "2026-09-23T03:51:55.577358+00:00", "trace_id": null, "stage": "gate_entail", "event": "start", "skipped": true, "reason": "no_entailment_model"}
{"ts": "2026-09-23T03:51:55.577443+00:00", "trace_id": null, "stage": "gate_entail", "event": "finish", "duration_ms": 0.083, "degraded": true, "skipped": true, "reason": "no_entailment_model"}
{"ts": "2026-09-23T03:51:55.577493+00:00", "trace_id": null, "stage": "gate_coverage", "event": "start", "coverage": 1.0}
{"ts": "2026-09-23T03:51:55.577580+00:00", "trace_id": null, "stage": "gate_coverage", "event": "finish", "duration_ms": 0.089, "coverage": 1.0}
{"ts": "2026-09-23T03:51:55.577613+00:00", "trace_id": null, "stage": "gate_conflict", "event": "start"}
{"ts": "2026-09-23T03:51:55.577666+00:00", "trace_id": null, "stage": "gate_conflict", "event": "finish", "duration_ms": 0.052, "skipped": true, "reason": "no_conflict"}
{"ts": "2026-09-23T03:51:55.577718+00:00", "trace_id": null, "stage": "embed_query", "event": "start", "model": "Qwen/Qwen3-Embedding-0.6B"}
{"ts": "2026-09-23T03:51:55.627557+00:00", "trace_id": null, "stage": "embed_query", "event": "finish", "duration_ms": 49.828, "model": "Qwen/Qwen3-Embedding-0.6B"}
{"ts": "2026-09-23T03:51:55.627654+00:00", "trace_id": null, "stage": "dense", "event": "start"}
{"ts": "2026-09-23T03:51:55.627882+00:00", "trace_id": null, "stage": "dense", "event": "finish", "duration_ms": 0.228, "candidates_out": 20}
{"ts": "2026-09-23T03:51:55.627939+00:00", "trace_id": null, "stage": "lexical", "event": "start"}
{"ts": "2026-09-23T03:51:55.628235+00:00", "trace_id": null, "stage": "lexical", "event": "finish", "duration_ms": 0.296, "candidates_out": 20}
{"ts": "2026-09-23T03:51:55.628282+00:00", "trace_id": null, "stage": "fuse", "event": "start", "candidates_in": 35}
{"ts": "2026-09-23T03:51:55.628351+00:00", "trace_id": null, "stage": "fuse", "event": "finish", "duration_ms": 0.069, "candidates_in": 35, "candidates_out": 26, "top_score": 0.03278688524590164}
{"ts": "2026-09-23T03:51:55.639161+00:00", "trace_id": null, "stage": "gate", "event": "start", "candidates_in": 5}
{"ts": "2026-09-23T03:51:55.639274+00:00", "trace_id": null, "stage": "gate", "event": "finish", "duration_ms": 0.117, "candidates_in": 5, "candidates_out": 5, "top_score": 0.03584229390681004}
{"ts": "2026-09-23T03:51:57.064796+00:00", "trace_id": null, "stage": "gate_form", "event": "start"}
{"ts": "2026-09-23T03:51:57.064908+00:00", "trace_id": null, "stage": "gate_form", "event": "finish", "duration_ms": 0.118}
{"ts": "2026-09-23T03:51:57.064961+00:00", "trace_id": null, "stage": "gate_literal", "event": "start"}
{"ts": "2026-09-23T03:51:57.065078+00:00", "trace_id": null, "stage": "gate_literal", "event": "finish", "duration_ms": 0.116}
{"ts": "2026-09-23T03:51:57.065138+00:00", "trace_id": null, "stage": "gate_entail", "event": "start", "skipped": true, "reason": "no_entailment_model"}
{"ts": "2026-09-23T03:51:57.065202+00:00", "trace_id": null, "stage": "gate_entail", "event": "finish", "duration_ms": 0.065, "degraded": true, "skipped": true, "reason": "no_entailment_model"}
{"ts": "2026-09-23T03:51:57.065243+00:00", "trace_id": null, "stage": "gate_coverage", "event": "start", "coverage": 1.0}
{"ts": "2026-09-23T03:51:57.065294+00:00", "trace_id": null, "stage": "gate_coverage", "event": "finish", "duration_ms": 0.05, "coverage": 1.0}
{"ts": "2026-09-23T03:51:57.065337+00:00", "trace_id": null, "stage": "gate_conflict", "event": "start"}
{"ts": "2026-09-23T03:51:57.065387+00:00", "trace_id": null, "stage": "gate_conflict", "event": "finish", "duration_ms": 0.05, "skipped": true, "reason": "no_conflict"}
{"ts": "2026-09-23T03:51:57.065418+00:00", "trace_id": null, "stage": "embed_query", "event": "start", "model": "Qwen/Qwen3-Embedding-0.6B"}
{"ts": "2026-09-23T03:51:57.112121+00:00", "trace_id": null, "stage": "embed_query", "event": "finish", "duration_ms": 46.698, "model": "Qwen/Qwen3-Embedding-0.6B"}
{"ts": "2026-09-23T03:51:57.112221+00:00", "trace_id": null, "stage": "dense", "event": "start"}
{"ts": "2026-09-23T03:51:57.112458+00:00", "trace_id": null, "stage": "dense", "event": "finish", "duration_ms": 0.237, "candidates_out": 20}
{"ts": "2026-09-23T03:51:57.112495+00:00", "trace_id": null, "stage": "lexical", "event": "start"}
{"ts": "2026-09-23T03:51:57.112782+00:00", "trace_id": null, "stage": "lexical", "event": "finish", "duration_ms": 0.287, "candidates_out": 20}
{"ts": "2026-09-23T03:51:57.112835+00:00", "trace_id": null, "stage": "fuse", "event": "start", "candidates_in": 32}
{"ts": "2026-09-23T03:51:57.112898+00:00", "trace_id": null, "stage": "fuse", "event": "finish", "duration_ms": 0.063, "candidates_in": 32, "candidates_out": 21, "top_score": 0.03252247488101534}
{"ts": "2026-09-23T03:51:57.119123+00:00", "trace_id": null, "stage": "gate", "event": "start", "candidates_in": 5}
{"ts": "2026-09-23T03:51:57.119200+00:00", "trace_id": null, "stage": "gate", "event": "finish", "duration_ms": 0.077, "candidates_in": 5, "candidates_out": 5, "top_score": 0.038729508196721316}
{"ts": "2026-09-23T03:51:58.656024+00:00", "trace_id": null, "stage": "gate_form", "event": "start"}
{"ts": "2026-09-23T03:51:58.656185+00:00", "trace_id": null, "stage": "gate_form", "event": "finish", "duration_ms": 0.166}
{"ts": "2026-09-23T03:51:58.656257+00:00", "trace_id": null, "stage": "gate_literal", "event": "start"}
{"ts": "2026-09-23T03:51:58.656421+00:00", "trace_id": null, "stage": "gate_literal", "event": "finish", "duration_ms": 0.163}
{"ts": "2026-09-23T03:51:58.656505+00:00", "trace_id": null, "stage": "gate_entail", "event": "start", "skipped": true, "reason": "no_entailment_model"}
{"ts": "2026-09-23T03:51:58.656595+00:00", "trace_id": null, "stage": "gate_entail", "event": "finish", "duration_ms": 0.091, "degraded": true, "skipped": true, "reason": "no_entailment_model"}
{"ts": "2026-09-23T03:51:58.656652+00:00", "trace_id": null, "stage": "gate_coverage", "event": "start", "coverage": 1.0}
{"ts": "2026-09-23T03:51:58.656722+00:00", "trace_id": null, "stage": "gate_coverage", "event": "finish", "duration_ms": 0.069, "coverage": 1.0}
{"ts": "2026-09-23T03:51:58.656780+00:00", "trace_id": null, "stage": "gate_conflict", "event": "start"}
{"ts": "2026-09-23T03:51:58.656858+00:00", "trace_id": null, "stage": "gate_conflict", "event": "finish", "duration_ms": 0.078, "skipped": true, "reason": "no_conflict"}
{"ts": "2026-09-23T03:51:58.656924+00:00", "trace_id": null, "stage": "embed_query", "event": "start", "model": "Qwen/Qwen3-Embedding-0.6B"}
{"ts": "2026-09-23T03:51:58.708470+00:00", "trace_id": null, "stage": "embed_query", "event": "finish", "duration_ms": 51.541, "model": "Qwen/Qwen3-Embedding-0.6B"}
{"ts": "2026-09-23T03:51:58.708585+00:00", "trace_id": null, "stage": "dense", "event": "start"}
{"ts": "2026-09-23T03:51:58.708873+00:00", "trace_id": null, "stage": "dense", "event": "finish", "duration_ms": 0.286, "candidates_out": 20}
{"ts": "2026-09-23T03:51:58.708932+00:00", "trace_id": null, "stage": "lexical", "event": "start"}
{"ts": "2026-09-23T03:51:58.709313+00:00", "trace_id": null, "stage": "lexical", "event": "finish", "duration_ms": 0.381, "candidates_out": 20}
{"ts": "2026-09-23T03:51:58.709368+00:00", "trace_id": null, "stage": "fuse", "event": "start", "candidates_in": 33}
{"ts": "2026-09-23T03:51:58.709453+00:00", "trace_id": null, "stage": "fuse", "event": "finish", "duration_ms": 0.085, "candidates_in": 33, "candidates_out": 22, "top_score": 0.03278688524590164}
{"ts": "2026-09-23T03:51:58.717244+00:00", "trace_id": null, "stage": "gate", "event": "start", "candidates_in": 5}
{"ts": "2026-09-23T03:51:58.717394+00:00", "trace_id": null, "stage": "gate", "event": "finish", "duration_ms": 0.153, "candidates_in": 5, "candidates_out": 5, "top_score": 0.06059016393442624}
{"ts": "2026-09-23T03:52:00.988080+00:00", "trace_id": null, "stage": "gate_form", "event": "start"}
{"ts": "2026-09-23T03:52:00.988365+00:00", "trace_id": null, "stage": "gate_form", "event": "finish", "duration_ms": 0.293}
{"ts": "2026-09-23T03:52:00.988423+00:00", "trace_id": null, "stage": "gate_literal", "event": "start"}
{"ts": "2026-09-23T03:52:00.988486+00:00", "trace_id": null, "stage": "gate_literal", "event": "finish", "duration_ms": 0.063}
{"ts": "2026-09-23T03:52:00.988528+00:00", "trace_id": null, "stage": "gate_entail", "event": "start", "skipped": true, "reason": "no_entailment_model"}
{"ts": "2026-09-23T03:52:00.988578+00:00", "trace_id": null, "stage": "gate_entail", "event": "finish", "duration_ms": 0.048, "degraded": true, "skipped": true, "reason": "no_entailment_model"}
{"ts": "2026-09-23T03:52:00.988631+00:00", "trace_id": null, "stage": "gate_coverage", "event": "start", "coverage": 1.0}
{"ts": "2026-09-23T03:52:00.988678+00:00", "trace_id": null, "stage": "gate_coverage", "event": "finish", "duration_ms": 0.047, "coverage": 1.0}
{"ts": "2026-09-23T03:52:00.988710+00:00", "trace_id": null, "stage": "gate_conflict", "event": "start"}
{"ts": "2026-09-23T03:52:00.988795+00:00", "trace_id": null, "stage": "gate_conflict", "event": "finish", "duration_ms": 0.086, "reason": "version_conflict"}
{"ts": "2026-09-23T03:52:00.988821+00:00", "trace_id": null, "stage": "embed_query", "event": "start", "model": "Qwen/Qwen3-Embedding-0.6B"}
{"ts": "2026-09-23T03:52:01.042588+00:00", "trace_id": null, "stage": "embed_query", "event": "finish", "duration_ms": 53.762, "model": "Qwen/Qwen3-Embedding-0.6B"}
{"ts": "2026-09-23T03:52:01.042661+00:00", "trace_id": null, "stage": "dense", "event": "start"}
{"ts": "2026-09-23T03:52:01.042931+00:00", "trace_id": null, "stage": "dense", "event": "finish", "duration_ms": 0.27, "candidates_out": 20}
{"ts": "2026-09-23T03:52:01.042972+00:00", "trace_id": null, "stage": "lexical", "event": "start"}
{"ts": "2026-09-23T03:52:01.043313+00:00", "trace_id": null, "stage": "lexical", "event": "finish", "duration_ms": 0.34, "candidates_out": 20}
{"ts": "2026-09-23T03:52:01.043377+00:00", "trace_id": null, "stage": "fuse", "event": "start", "candidates_in": 33}
{"ts": "2026-09-23T03:52:01.043484+00:00", "trace_id": null, "stage": "fuse", "event": "finish", "duration_ms": 0.106, "candidates_in": 33, "candidates_out": 22, "top_score": 0.03278688524590164}
{"ts": "2026-09-23T03:52:01.049383+00:00", "trace_id": null, "stage": "gate", "event": "start", "candidates_in": 5}
{"ts": "2026-09-23T03:52:01.049508+00:00", "trace_id": null, "stage": "gate", "event": "finish", "duration_ms": 0.126, "candidates_in": 5, "candidates_out": 5, "top_score": 0.06059016393442624}
{"ts": "2026-09-23T03:52:03.705667+00:00", "trace_id": null, "stage": "gate_form", "event": "start"}
{"ts": "2026-09-23T03:52:03.705781+00:00", "trace_id": null, "stage": "gate_form", "event": "finish", "duration_ms": 0.118}
{"ts": "2026-09-23T03:52:03.705821+00:00", "trace_id": null, "stage": "gate_literal", "event": "start"}
{"ts": "2026-09-23T03:52:03.705893+00:00", "trace_id": null, "stage": "gate_literal", "event": "finish", "duration_ms": 0.071}
{"ts": "2026-09-23T03:52:03.705937+00:00", "trace_id": null, "stage": "gate_entail", "event": "start", "skipped": true, "reason": "no_entailment_model"}
{"ts": "2026-09-23T03:52:03.705985+00:00", "trace_id": null, "stage": "gate_entail", "event": "finish", "duration_ms": 0.047, "degraded": true, "skipped": true, "reason": "no_entailment_model"}
{"ts": "2026-09-23T03:52:03.706041+00:00", "trace_id": null, "stage": "gate_coverage", "event": "start", "coverage": 1.0}
{"ts": "2026-09-23T03:52:03.706077+00:00", "trace_id": null, "stage": "gate_coverage", "event": "finish", "duration_ms": 0.037, "coverage": 1.0}
{"ts": "2026-09-23T03:52:03.706093+00:00", "trace_id": null, "stage": "gate_conflict", "event": "start"}
{"ts": "2026-09-23T03:52:03.706185+00:00", "trace_id": null, "stage": "gate_conflict", "event": "finish", "duration_ms": 0.092, "reason": "version_conflict"}
{"ts": "2026-09-23T03:52:03.706211+00:00", "trace_id": null, "stage": "embed_query", "event": "start", "model": "Qwen/Qwen3-Embedding-0.6B"}
{"ts": "2026-09-23T03:52:03.749290+00:00", "trace_id": null, "stage": "embed_query", "event": "finish", "duration_ms": 43.075, "model": "Qwen/Qwen3-Embedding-0.6B"}
{"ts": "2026-09-23T03:52:03.749360+00:00", "trace_id": null, "stage": "dense", "event": "start"}
{"ts": "2026-09-23T03:52:03.749591+00:00", "trace_id": null, "stage": "dense", "event": "finish", "duration_ms": 0.231, "candidates_out": 20}
{"ts": "2026-09-23T03:52:03.749628+00:00", "trace_id": null, "stage": "lexical", "event": "start"}
{"ts": "2026-09-23T03:52:03.749889+00:00", "trace_id": null, "stage": "lexical", "event": "finish", "duration_ms": 0.261, "candidates_out": 20}
{"ts": "2026-09-23T03:52:03.749916+00:00", "trace_id": null, "stage": "fuse", "event": "start", "candidates_in": 33}
{"ts": "2026-09-23T03:52:03.749993+00:00", "trace_id": null, "stage": "fuse", "event": "finish", "duration_ms": 0.076, "candidates_in": 33, "candidates_out": 22, "top_score": 0.03278688524590164}
{"ts": "2026-09-23T03:52:03.754602+00:00", "trace_id": null, "stage": "gate", "event": "start", "candidates_in": 5}
{"ts": "2026-09-23T03:52:03.754668+00:00", "trace_id": null, "stage": "gate", "event": "finish", "duration_ms": 0.065, "candidates_in": 5, "candidates_out": 5, "top_score": 0.06059016393442624}
{"ts": "2026-09-23T03:52:05.072748+00:00", "trace_id": null, "stage": "gate_form", "event": "start"}
{"ts": "2026-09-23T03:52:05.072851+00:00", "trace_id": null, "stage": "gate_form", "event": "finish", "duration_ms": 0.106}
{"ts": "2026-09-23T03:52:05.072893+00:00", "trace_id": null, "stage": "gate_literal", "event": "start"}
{"ts": "2026-09-23T03:52:05.072959+00:00", "trace_id": null, "stage": "gate_literal", "event": "finish", "duration_ms": 0.065}
{"ts": "2026-09-23T03:52:05.073003+00:00", "trace_id": null, "stage": "gate_entail", "event": "start", "skipped": true, "reason": "no_entailment_model"}
{"ts": "2026-09-23T03:52:05.073053+00:00", "trace_id": null, "stage": "gate_entail", "event": "finish", "duration_ms": 0.049, "degraded": true, "skipped": true, "reason": "no_entailment_model"}
{"ts": "2026-09-23T03:52:05.073099+00:00", "trace_id": null, "stage": "gate_coverage", "event": "start", "coverage": 1.0}
{"ts": "2026-09-23T03:52:05.073145+00:00", "trace_id": null, "stage": "gate_coverage", "event": "finish", "duration_ms": 0.046, "coverage": 1.0}
{"ts": "2026-09-23T03:52:05.073176+00:00", "trace_id": null, "stage": "gate_conflict", "event": "start"}
{"ts": "2026-09-23T03:52:05.073218+00:00", "trace_id": null, "stage": "gate_conflict", "event": "finish", "duration_ms": 0.042, "skipped": true, "reason": "no_conflict"}
{"ts": "2026-09-23T03:52:05.073244+00:00", "trace_id": null, "stage": "embed_query", "event": "start", "model": "Qwen/Qwen3-Embedding-0.6B"}
{"ts": "2026-09-23T03:52:05.111324+00:00", "trace_id": null, "stage": "embed_query", "event": "finish", "duration_ms": 38.076, "model": "Qwen/Qwen3-Embedding-0.6B"}
{"ts": "2026-09-23T03:52:05.111403+00:00", "trace_id": null, "stage": "dense", "event": "start"}
{"ts": "2026-09-23T03:52:05.111613+00:00", "trace_id": null, "stage": "dense", "event": "finish", "duration_ms": 0.21, "candidates_out": 20}
{"ts": "2026-09-23T03:52:05.111650+00:00", "trace_id": null, "stage": "lexical", "event": "start"}
{"ts": "2026-09-23T03:52:05.111971+00:00", "trace_id": null, "stage": "lexical", "event": "finish", "duration_ms": 0.319, "candidates_out": 20}
{"ts": "2026-09-23T03:52:05.112032+00:00", "trace_id": null, "stage": "fuse", "event": "start", "candidates_in": 32}
{"ts": "2026-09-23T03:52:05.112110+00:00", "trace_id": null, "stage": "fuse", "event": "finish", "duration_ms": 0.076, "candidates_in": 32, "candidates_out": 22, "top_score": 0.03278688524590164}
{"ts": "2026-09-23T03:52:05.115794+00:00", "trace_id": null, "stage": "gate", "event": "start", "candidates_in": 5}
{"ts": "2026-09-23T03:52:05.115851+00:00", "trace_id": null, "stage": "gate", "event": "finish", "duration_ms": 0.057, "candidates_in": 5, "candidates_out": 5, "top_score": 0.05901639344262295}
{"ts": "2026-09-23T03:52:07.048531+00:00", "trace_id": null, "stage": "gate_form", "event": "start"}
{"ts": "2026-09-23T03:52:07.048707+00:00", "trace_id": null, "stage": "gate_form", "event": "finish", "duration_ms": 0.179}
{"ts": "2026-09-23T03:52:07.048752+00:00", "trace_id": null, "stage": "gate_literal", "event": "start"}
{"ts": "2026-09-23T03:52:07.048833+00:00", "trace_id": null, "stage": "gate_literal", "event": "finish", "duration_ms": 0.081}
{"ts": "2026-09-23T03:52:07.048870+00:00", "trace_id": null, "stage": "gate_entail", "event": "start", "skipped": true, "reason": "no_entailment_model"}
{"ts": "2026-09-23T03:52:07.048911+00:00", "trace_id": null, "stage": "gate_entail", "event": "finish", "duration_ms": 0.041, "degraded": true, "skipped": true, "reason": "no_entailment_model"}
{"ts": "2026-09-23T03:52:07.048928+00:00", "trace_id": null, "stage": "gate_coverage", "event": "start", "coverage": 1.0}
{"ts": "2026-09-23T03:52:07.048965+00:00", "trace_id": null, "stage": "gate_coverage", "event": "finish", "duration_ms": 0.037, "coverage": 1.0}
{"ts": "2026-09-23T03:52:07.048987+00:00", "trace_id": null, "stage": "gate_conflict", "event": "start"}
{"ts": "2026-09-23T03:52:07.049035+00:00", "trace_id": null, "stage": "gate_conflict", "event": "finish", "duration_ms": 0.048, "skipped": true, "reason": "no_conflict"}
... 40/122 abstain=4
{"ts": "2026-09-23T03:52:07.049132+00:00", "trace_id": null, "stage": "embed_query", "event": "start", "model": "Qwen/Qwen3-Embedding-0.6B"}
{"ts": "2026-09-23T03:52:07.094250+00:00", "trace_id": null, "stage": "embed_query", "event": "finish", "duration_ms": 45.115, "model": "Qwen/Qwen3-Embedding-0.6B"}
{"ts": "2026-09-23T03:52:07.094330+00:00", "trace_id": null, "stage": "dense", "event": "start"}
{"ts": "2026-09-23T03:52:07.094548+00:00", "trace_id": null, "stage": "dense", "event": "finish", "duration_ms": 0.218, "candidates_out": 20}
{"ts": "2026-09-23T03:52:07.094586+00:00", "trace_id": null, "stage": "lexical", "event": "start"}
{"ts": "2026-09-23T03:52:07.094917+00:00", "trace_id": null, "stage": "lexical", "event": "finish", "duration_ms": 0.33, "candidates_out": 20}
{"ts": "2026-09-23T03:52:07.094973+00:00", "trace_id": null, "stage": "fuse", "event": "start", "candidates_in": 31}
{"ts": "2026-09-23T03:52:07.095047+00:00", "trace_id": null, "stage": "fuse", "event": "finish", "duration_ms": 0.073, "candidates_in": 31, "candidates_out": 22, "top_score": 0.03278688524590164}
{"ts": "2026-09-23T03:52:07.103298+00:00", "trace_id": null, "stage": "gate", "event": "start", "candidates_in": 5}
{"ts": "2026-09-23T03:52:07.103378+00:00", "trace_id": null, "stage": "gate", "event": "finish", "duration_ms": 0.081, "candidates_in": 5, "candidates_out": 5, "top_score": 0.14065573770491804}
{"ts": "2026-09-23T03:52:09.092085+00:00", "trace_id": null, "stage": "gate_form", "event": "start"}
{"ts": "2026-09-23T03:52:09.092206+00:00", "trace_id": null, "stage": "gate_form", "event": "finish", "duration_ms": 0.126}
{"ts": "2026-09-23T03:52:09.092239+00:00", "trace_id": null, "stage": "gate_literal", "event": "start"}
{"ts": "2026-09-23T03:52:09.092373+00:00", "trace_id": null, "stage": "gate_literal", "event": "finish", "duration_ms": 0.134}
{"ts": "2026-09-23T03:52:09.092412+00:00", "trace_id": null, "stage": "gate_entail", "event": "start", "skipped": true, "reason": "no_entailment_model"}
{"ts": "2026-09-23T03:52:09.092462+00:00", "trace_id": null, "stage": "gate_entail", "event": "finish", "duration_ms": 0.049, "degraded": true, "skipped": true, "reason": "no_entailment_model"}
{"ts": "2026-09-23T03:52:09.092516+00:00", "trace_id": null, "stage": "gate_coverage", "event": "start", "coverage": 1.0}
{"ts": "2026-09-23T03:52:09.092571+00:00", "trace_id": null, "stage": "gate_coverage", "event": "finish", "duration_ms": 0.056, "coverage": 1.0}
{"ts": "2026-09-23T03:52:09.092608+00:00", "trace_id": null, "stage": "gate_conflict", "event": "start"}
{"ts": "2026-09-23T03:52:09.092660+00:00", "trace_id": null, "stage": "gate_conflict", "event": "finish", "duration_ms": 0.051, "skipped": true, "reason": "no_conflict"}
{"ts": "2026-09-23T03:52:09.092717+00:00", "trace_id": null, "stage": "embed_query", "event": "start", "model": "Qwen/Qwen3-Embedding-0.6B"}
{"ts": "2026-09-23T03:52:09.135102+00:00", "trace_id": null, "stage": "embed_query", "event": "finish", "duration_ms": 42.383, "model": "Qwen/Qwen3-Embedding-0.6B"}
{"ts": "2026-09-23T03:52:09.135168+00:00", "trace_id": null, "stage": "dense", "event": "start"}
{"ts": "2026-09-23T03:52:09.135377+00:00", "trace_id": null, "stage": "dense", "event": "finish", "duration_ms": 0.209, "candidates_out": 20}
{"ts": "2026-09-23T03:52:09.135412+00:00", "trace_id": null, "stage": "lexical", "event": "start"}
{"ts": "2026-09-23T03:52:09.135690+00:00", "trace_id": null, "stage": "lexical", "event": "finish", "duration_ms": 0.278, "candidates_out": 20}
{"ts": "2026-09-23T03:52:09.135739+00:00", "trace_id": null, "stage": "fuse", "event": "start", "candidates_in": 34}
{"ts": "2026-09-23T03:52:09.135818+00:00", "trace_id": null, "stage": "fuse", "event": "finish", "duration_ms": 0.079, "candidates_in": 34, "candidates_out": 23, "top_score": 0.03252247488101534}
{"ts": "2026-09-23T03:52:09.141319+00:00", "trace_id": null, "stage": "gate", "event": "start", "candidates_in": 5}
{"ts": "2026-09-23T03:52:09.141413+00:00", "trace_id": null, "stage": "gate", "event": "finish", "duration_ms": 0.094, "candidates_in": 5, "candidates_out": 5, "top_score": 0.03642517186673718}
{"ts": "2026-09-23T03:52:11.062799+00:00", "trace_id": null, "stage": "gate_form", "event": "start"}
{"ts": "2026-09-23T03:52:11.062952+00:00", "trace_id": null, "stage": "gate_form", "event": "finish", "duration_ms": 0.157}
{"ts": "2026-09-23T03:52:11.063019+00:00", "trace_id": null, "stage": "gate_literal", "event": "start"}
{"ts": "2026-09-23T03:52:11.063159+00:00", "trace_id": null, "stage": "gate_literal", "event": "finish", "duration_ms": 0.141}
{"ts": "2026-09-23T03:52:11.063205+00:00", "trace_id": null, "stage": "gate_entail", "event": "start", "skipped": true, "reason": "no_entailment_model"}
{"ts": "2026-09-23T03:52:11.063264+00:00", "trace_id": null, "stage": "gate_entail", "event": "finish", "duration_ms": 0.059, "degraded": true, "skipped": true, "reason": "no_entailment_model"}
{"ts": "2026-09-23T03:52:11.063306+00:00", "trace_id": null, "stage": "gate_coverage", "event": "start", "coverage": 1.0}
{"ts": "2026-09-23T03:52:11.063361+00:00", "trace_id": null, "stage": "gate_coverage", "event": "finish", "duration_ms": 0.055, "coverage": 1.0}
{"ts": "2026-09-23T03:52:11.063412+00:00", "trace_id": null, "stage": "gate_conflict", "event": "start"}
{"ts": "2026-09-23T03:52:11.063504+00:00", "trace_id": null, "stage": "gate_conflict", "event": "finish", "duration_ms": 0.092, "skipped": true, "reason": "no_conflict"}
{"ts": "2026-09-23T03:52:11.063567+00:00", "trace_id": null, "stage": "embed_query", "event": "start", "model": "Qwen/Qwen3-Embedding-0.6B"}
{"ts": "2026-09-23T03:52:11.117179+00:00", "trace_id": null, "stage": "embed_query", "event": "finish", "duration_ms": 53.608, "model": "Qwen/Qwen3-Embedding-0.6B"}
{"ts": "2026-09-23T03:52:11.117280+00:00", "trace_id": null, "stage": "dense", "event": "start"}
{"ts": "2026-09-23T03:52:11.117569+00:00", "trace_id": null, "stage": "dense", "event": "finish", "duration_ms": 0.288, "candidates_out": 20}
{"ts": "2026-09-23T03:52:11.117633+00:00", "trace_id": null, "stage": "lexical", "event": "start"}
{"ts": "2026-09-23T03:52:11.118019+00:00", "trace_id": null, "stage": "lexical", "event": "finish", "duration_ms": 0.386, "candidates_out": 20}
{"ts": "2026-09-23T03:52:11.118078+00:00", "trace_id": null, "stage": "fuse", "event": "start", "candidates_in": 33}
{"ts": "2026-09-23T03:52:11.118166+00:00", "trace_id": null, "stage": "fuse", "event": "finish", "duration_ms": 0.087, "candidates_in": 33, "candidates_out": 20, "top_score": 0.03225806451612903}
{"ts": "2026-09-23T03:52:11.123331+00:00", "trace_id": null, "stage": "gate", "event": "start", "candidates_in": 5}
{"ts": "2026-09-23T03:52:11.123415+00:00", "trace_id": null, "stage": "gate", "event": "finish", "duration_ms": 0.083, "candidates_in": 5, "candidates_out": 5, "top_score": 0.05961290322580645}
{"ts": "2026-09-23T03:52:12.797034+00:00", "trace_id": null, "stage": "gate_form", "event": "start"}
{"ts": "2026-09-23T03:52:12.797185+00:00", "trace_id": null, "stage": "gate_form", "event": "finish", "duration_ms": 0.154}
{"ts": "2026-09-23T03:52:12.797258+00:00", "trace_id": null, "stage": "gate_literal", "event": "start"}
{"ts": "2026-09-23T03:52:12.797405+00:00", "trace_id": null, "stage": "gate_literal", "event": "finish", "duration_ms": 0.146}
{"ts": "2026-09-23T03:52:12.797492+00:00", "trace_id": null, "stage": "gate_entail", "event": "start", "skipped": true, "reason": "no_entailment_model"}
{"ts": "2026-09-23T03:52:12.797581+00:00", "trace_id": null, "stage": "gate_entail", "event": "finish", "duration_ms": 0.09, "degraded": true, "skipped": true, "reason": "no_entailment_model"}
{"ts": "2026-09-23T03:52:12.797638+00:00", "trace_id": null, "stage": "gate_coverage", "event": "start", "coverage": 1.0}
{"ts": "2026-09-23T03:52:12.797710+00:00", "trace_id": null, "stage": "gate_coverage", "event": "finish", "duration_ms": 0.071, "coverage": 1.0}
{"ts": "2026-09-23T03:52:12.797770+00:00", "trace_id": null, "stage": "gate_conflict", "event": "start"}
{"ts": "2026-09-23T03:52:12.797851+00:00", "trace_id": null, "stage": "gate_conflict", "event": "finish", "duration_ms": 0.081, "skipped": true, "reason": "no_conflict"}
{"ts": "2026-09-23T03:52:12.797919+00:00", "trace_id": null, "stage": "embed_query", "event": "start", "model": "Qwen/Qwen3-Embedding-0.6B"}
{"ts": "2026-09-23T03:52:12.851715+00:00", "trace_id": null, "stage": "embed_query", "event": "finish", "duration_ms": 53.793, "model": "Qwen/Qwen3-Embedding-0.6B"}
{"ts": "2026-09-23T03:52:12.851804+00:00", "trace_id": null, "stage": "dense", "event": "start"}
{"ts": "2026-09-23T03:52:12.852062+00:00", "trace_id": null, "stage": "dense", "event": "finish", "duration_ms": 0.257, "candidates_out": 20}
{"ts": "2026-09-23T03:52:12.852112+00:00", "trace_id": null, "stage": "lexical", "event": "start"}
{"ts": "2026-09-23T03:52:12.852499+00:00", "trace_id": null, "stage": "lexical", "event": "finish", "duration_ms": 0.386, "candidates_out": 20}
{"ts": "2026-09-23T03:52:12.852573+00:00", "trace_id": null, "stage": "fuse", "event": "start", "candidates_in": 34}
{"ts": "2026-09-23T03:52:12.852678+00:00", "trace_id": null, "stage": "fuse", "event": "finish", "duration_ms": 0.104, "candidates_in": 34, "candidates_out": 24, "top_score": 0.03278688524590164}
{"ts": "2026-09-23T03:52:12.861603+00:00", "trace_id": null, "stage": "gate", "event": "start", "candidates_in": 5}
{"ts": "2026-09-23T03:52:12.861711+00:00", "trace_id": null, "stage": "gate", "event": "finish", "duration_ms": 0.111, "candidates_in": 5, "candidates_out": 5, "top_score": 0.058380000000000015}
{"ts": "2026-09-23T03:52:15.059490+00:00", "trace_id": null, "stage": "gate_form", "event": "start"}
{"ts": "2026-09-23T03:52:15.059833+00:00", "trace_id": null, "stage": "gate_form", "event": "finish", "duration_ms": 0.347}
{"ts": "2026-09-23T03:52:15.059886+00:00", "trace_id": null, "stage": "gate_literal", "event": "start"}
{"ts": "2026-09-23T03:52:15.060017+00:00", "trace_id": null, "stage": "gate_literal", "event": "finish", "duration_ms": 0.131}
{"ts": "2026-09-23T03:52:15.060072+00:00", "trace_id": null, "stage": "gate_entail", "event": "start", "skipped": true, "reason": "no_entailment_model"}
{"ts": "2026-09-23T03:52:15.060139+00:00", "trace_id": null, "stage": "gate_entail", "event": "finish", "duration_ms": 0.066, "degraded": true, "skipped": true, "reason": "no_entailment_model"}
{"ts": "2026-09-23T03:52:15.060200+00:00", "trace_id": null, "stage": "gate_coverage", "event": "start", "coverage": 1.0}
{"ts": "2026-09-23T03:52:15.060263+00:00", "trace_id": null, "stage": "gate_coverage", "event": "finish", "duration_ms": 0.064, "coverage": 1.0}
{"ts": "2026-09-23T03:52:15.060303+00:00", "trace_id": null, "stage": "gate_conflict", "event": "start"}
{"ts": "2026-09-23T03:52:15.060365+00:00", "trace_id": null, "stage": "gate_conflict", "event": "finish", "duration_ms": 0.062, "skipped": true, "reason": "no_conflict"}
{"ts": "2026-09-23T03:52:15.060419+00:00", "trace_id": null, "stage": "embed_query", "event": "start", "model": "Qwen/Qwen3-Embedding-0.6B"}
{"ts": "2026-09-23T03:52:15.102857+00:00", "trace_id": null, "stage": "embed_query", "event": "finish", "duration_ms": 42.435, "model": "Qwen/Qwen3-Embedding-0.6B"}
{"ts": "2026-09-23T03:52:15.102930+00:00", "trace_id": null, "stage": "dense", "event": "start"}
{"ts": "2026-09-23T03:52:15.103135+00:00", "trace_id": null, "stage": "dense", "event": "finish", "duration_ms": 0.205, "candidates_out": 20}
{"ts": "2026-09-23T03:52:15.103171+00:00", "trace_id": null, "stage": "lexical", "event": "start"}
{"ts": "2026-09-23T03:52:15.103465+00:00", "trace_id": null, "stage": "lexical", "event": "finish", "duration_ms": 0.293, "candidates_out": 20}
{"ts": "2026-09-23T03:52:15.103519+00:00", "trace_id": null, "stage": "fuse", "event": "start", "candidates_in": 34}
{"ts": "2026-09-23T03:52:15.103588+00:00", "trace_id": null, "stage": "fuse", "event": "finish", "duration_ms": 0.068, "candidates_in": 34, "candidates_out": 26, "top_score": 0.03278688524590164}
{"ts": "2026-09-23T03:52:15.111699+00:00", "trace_id": null, "stage": "gate", "event": "start", "candidates_in": 5}
{"ts": "2026-09-23T03:52:15.111796+00:00", "trace_id": null, "stage": "gate", "event": "finish", "duration_ms": 0.098, "candidates_in": 5, "candidates_out": 5, "top_score": 0.09547540983606559}
{"ts": "2026-09-23T03:52:17.465508+00:00", "trace_id": null, "stage": "gate_form", "event": "start"}
{"ts": "2026-09-23T03:52:17.465656+00:00", "trace_id": null, "stage": "gate_form", "event": "finish", "duration_ms": 0.152}
{"ts": "2026-09-23T03:52:17.465740+00:00", "trace_id": null, "stage": "gate_literal", "event": "start"}
{"ts": "2026-09-23T03:52:17.465859+00:00", "trace_id": null, "stage": "gate_literal", "event": "finish", "duration_ms": 0.12}
{"ts": "2026-09-23T03:52:17.465910+00:00", "trace_id": null, "stage": "gate_entail", "event": "start", "skipped": true, "reason": "no_entailment_model"}
{"ts": "2026-09-23T03:52:17.465972+00:00", "trace_id": null, "stage": "gate_entail", "event": "finish", "duration_ms": 0.062, "degraded": true, "skipped": true, "reason": "no_entailment_model"}
{"ts": "2026-09-23T03:52:17.466001+00:00", "trace_id": null, "stage": "gate_coverage", "event": "start", "coverage": 1.0}
{"ts": "2026-09-23T03:52:17.466061+00:00", "trace_id": null, "stage": "gate_coverage", "event": "finish", "duration_ms": 0.054, "coverage": 1.0}
{"ts": "2026-09-23T03:52:17.466126+00:00", "trace_id": null, "stage": "gate_conflict", "event": "start"}
{"ts": "2026-09-23T03:52:17.466183+00:00", "trace_id": null, "stage": "gate_conflict", "event": "finish", "duration_ms": 0.057, "skipped": true, "reason": "no_conflict"}
{"ts": "2026-09-23T03:52:17.466220+00:00", "trace_id": null, "stage": "embed_query", "event": "start", "model": "Qwen/Qwen3-Embedding-0.6B"}
{"ts": "2026-09-23T03:52:17.510594+00:00", "trace_id": null, "stage": "embed_query", "event": "finish", "duration_ms": 44.371, "model": "Qwen/Qwen3-Embedding-0.6B"}
{"ts": "2026-09-23T03:52:17.510664+00:00", "trace_id": null, "stage": "dense", "event": "start"}
{"ts": "2026-09-23T03:52:17.510885+00:00", "trace_id": null, "stage": "dense", "event": "finish", "duration_ms": 0.22, "candidates_out": 20}
{"ts": "2026-09-23T03:52:17.510923+00:00", "trace_id": null, "stage": "lexical", "event": "start"}
{"ts": "2026-09-23T03:52:17.511206+00:00", "trace_id": null, "stage": "lexical", "event": "finish", "duration_ms": 0.282, "candidates_out": 20}
{"ts": "2026-09-23T03:52:17.511264+00:00", "trace_id": null, "stage": "fuse", "event": "start", "candidates_in": 34}
{"ts": "2026-09-23T03:52:17.511338+00:00", "trace_id": null, "stage": "fuse", "event": "finish", "duration_ms": 0.073, "candidates_in": 34, "candidates_out": 26, "top_score": 0.03278688524590164}
{"ts": "2026-09-23T03:52:17.519034+00:00", "trace_id": null, "stage": "gate", "event": "start", "candidates_in": 5}
{"ts": "2026-09-23T03:52:17.519128+00:00", "trace_id": null, "stage": "gate", "event": "finish", "duration_ms": 0.095, "candidates_in": 5, "candidates_out": 5, "top_score": 0.06609836065573772}
{"ts": "2026-09-23T03:52:19.088366+00:00", "trace_id": null, "stage": "gate_form", "event": "start"}
{"ts": "2026-09-23T03:52:19.088462+00:00", "trace_id": null, "stage": "gate_form", "event": "finish", "duration_ms": 0.1}
{"ts": "2026-09-23T03:52:19.088495+00:00", "trace_id": null, "stage": "gate_literal", "event": "start", "skipped": true, "reason": "declined"}
{"ts": "2026-09-23T03:52:19.088540+00:00", "trace_id": null, "stage": "gate_literal", "event": "finish", "duration_ms": 0.044, "skipped": true, "reason": "declined"}
{"ts": "2026-09-23T03:52:19.088598+00:00", "trace_id": null, "stage": "gate_conflict", "event": "start"}
{"ts": "2026-09-23T03:52:19.088643+00:00", "trace_id": null, "stage": "gate_conflict", "event": "finish", "duration_ms": 0.044, "skipped": true, "reason": "no_conflict"}
ABSTAIN lex-046 reason=declined raw='The documents do not say.'
{"ts": "2026-09-23T03:52:19.088687+00:00", "trace_id": null, "stage": "embed_query", "event": "start", "model": "Qwen/Qwen3-Embedding-0.6B"}
{"ts": "2026-09-23T03:52:19.127423+00:00", "trace_id": null, "stage": "embed_query", "event": "finish", "duration_ms": 38.732, "model": "Qwen/Qwen3-Embedding-0.6B"}
{"ts": "2026-09-23T03:52:19.127492+00:00", "trace_id": null, "stage": "dense", "event": "start"}
{"ts": "2026-09-23T03:52:19.127683+00:00", "trace_id": null, "stage": "dense", "event": "finish", "duration_ms": 0.19, "candidates_out": 20}
{"ts": "2026-09-23T03:52:19.127718+00:00", "trace_id": null, "stage": "lexical", "event": "start"}
{"ts": "2026-09-23T03:52:19.127983+00:00", "trace_id": null, "stage": "lexical", "event": "finish", "duration_ms": 0.264, "candidates_out": 20}
{"ts": "2026-09-23T03:52:19.128038+00:00", "trace_id": null, "stage": "fuse", "event": "start", "candidates_in": 32}
{"ts": "2026-09-23T03:52:19.128110+00:00", "trace_id": null, "stage": "fuse", "event": "finish", "duration_ms": 0.072, "candidates_in": 32, "candidates_out": 20, "top_score": 0.03278688524590164}
{"ts": "2026-09-23T03:52:19.132090+00:00", "trace_id": null, "stage": "gate", "event": "start", "candidates_in": 5}
{"ts": "2026-09-23T03:52:19.132156+00:00", "trace_id": null, "stage": "gate", "event": "finish", "duration_ms": 0.066, "candidates_in": 5, "candidates_out": 5, "top_score": 0.09737704918032787}
{"ts": "2026-09-23T03:52:20.878816+00:00", "trace_id": null, "stage": "gate_form", "event": "start"}
{"ts": "2026-09-23T03:52:20.878931+00:00", "trace_id": null, "stage": "gate_form", "event": "finish", "duration_ms": 0.118}
{"ts": "2026-09-23T03:52:20.878977+00:00", "trace_id": null, "stage": "gate_literal", "event": "start"}
{"ts": "2026-09-23T03:52:20.879061+00:00", "trace_id": null, "stage": "gate_literal", "event": "finish", "duration_ms": 0.084}
{"ts": "2026-09-23T03:52:20.879111+00:00", "trace_id": null, "stage": "gate_entail", "event": "start", "skipped": true, "reason": "no_entailment_model"}
{"ts": "2026-09-23T03:52:20.879165+00:00", "trace_id": null, "stage": "gate_entail", "event": "finish", "duration_ms": 0.054, "degraded": true, "skipped": true, "reason": "no_entailment_model"}
{"ts": "2026-09-23T03:52:20.879205+00:00", "trace_id": null, "stage": "gate_coverage", "event": "start", "coverage": 1.0}
{"ts": "2026-09-23T03:52:20.879268+00:00", "trace_id": null, "stage": "gate_coverage", "event": "finish", "duration_ms": 0.063, "coverage": 1.0}
{"ts": "2026-09-23T03:52:20.879305+00:00", "trace_id": null, "stage": "gate_conflict", "event": "start"}
{"ts": "2026-09-23T03:52:20.879368+00:00", "trace_id": null, "stage": "gate_conflict", "event": "finish", "duration_ms": 0.062, "skipped": true, "reason": "no_conflict"}
{"ts": "2026-09-23T03:52:20.879399+00:00", "trace_id": null, "stage": "embed_query", "event": "start", "model": "Qwen/Qwen3-Embedding-0.6B"}
{"ts": "2026-09-23T03:52:20.935919+00:00", "trace_id": null, "stage": "embed_query", "event": "finish", "duration_ms": 56.517, "model": "Qwen/Qwen3-Embedding-0.6B"}
{"ts": "2026-09-23T03:52:20.936041+00:00", "trace_id": null, "stage": "dense", "event": "start"}
{"ts": "2026-09-23T03:52:20.936241+00:00", "trace_id": null, "stage": "dense", "event": "finish", "duration_ms": 0.199, "candidates_out": 20}
{"ts": "2026-09-23T03:52:20.936275+00:00", "trace_id": null, "stage": "lexical", "event": "start"}
{"ts": "2026-09-23T03:52:20.936558+00:00", "trace_id": null, "stage": "lexical", "event": "finish", "duration_ms": 0.282, "candidates_out": 20}
{"ts": "2026-09-23T03:52:20.936615+00:00", "trace_id": null, "stage": "fuse", "event": "start", "candidates_in": 33}
{"ts": "2026-09-23T03:52:20.936683+00:00", "trace_id": null, "stage": "fuse", "event": "finish", "duration_ms": 0.068, "candidates_in": 33, "candidates_out": 25, "top_score": 0.032018442622950824}
{"ts": "2026-09-23T03:52:20.943757+00:00", "trace_id": null, "stage": "gate", "event": "start", "candidates_in": 5}
{"ts": "2026-09-23T03:52:20.943840+00:00", "trace_id": null, "stage": "gate", "event": "finish", "duration_ms": 0.084, "candidates_in": 5, "candidates_out": 5, "top_score": 0.10650614754098361}
{"ts": "2026-09-23T03:52:22.998251+00:00", "trace_id": null, "stage": "gate_form", "event": "start"}
{"ts": "2026-09-23T03:52:22.998365+00:00", "trace_id": null, "stage": "gate_form", "event": "finish", "duration_ms": 0.118}
{"ts": "2026-09-23T03:52:22.998412+00:00", "trace_id": null, "stage": "gate_literal", "event": "start"}
{"ts": "2026-09-23T03:52:22.998520+00:00", "trace_id": null, "stage": "gate_literal", "event": "finish", "duration_ms": 0.108}
{"ts": "2026-09-23T03:52:22.998572+00:00", "trace_id": null, "stage": "gate_entail", "event": "start", "skipped": true, "reason": "no_entailment_model"}
{"ts": "2026-09-23T03:52:22.998629+00:00", "trace_id": null, "stage": "gate_entail", "event": "finish", "duration_ms": 0.057, "degraded": true, "skipped": true, "reason": "no_entailment_model"}
{"ts": "2026-09-23T03:52:22.998669+00:00", "trace_id": null, "stage": "gate_coverage", "event": "start", "coverage": 1.0}
{"ts": "2026-09-23T03:52:22.998714+00:00", "trace_id": null, "stage": "gate_coverage", "event": "finish", "duration_ms": 0.045, "coverage": 1.0}
{"ts": "2026-09-23T03:52:22.998753+00:00", "trace_id": null, "stage": "gate_conflict", "event": "start"}
{"ts": "2026-09-23T03:52:22.998803+00:00", "trace_id": null, "stage": "gate_conflict", "event": "finish", "duration_ms": 0.049, "skipped": true, "reason": "no_conflict"}
{"ts": "2026-09-23T03:52:22.998837+00:00", "trace_id": null, "stage": "embed_query", "event": "start", "model": "Qwen/Qwen3-Embedding-0.6B"}
{"ts": "2026-09-23T03:52:23.049425+00:00", "trace_id": null, "stage": "embed_query", "event": "finish", "duration_ms": 50.584, "model": "Qwen/Qwen3-Embedding-0.6B"}
{"ts": "2026-09-23T03:52:23.049514+00:00", "trace_id": null, "stage": "dense", "event": "start"}
{"ts": "2026-09-23T03:52:23.049739+00:00", "trace_id": null, "stage": "dense", "event": "finish", "duration_ms": 0.224, "candidates_out": 20}
{"ts": "2026-09-23T03:52:23.049779+00:00", "trace_id": null, "stage": "lexical", "event": "start"}
{"ts": "2026-09-23T03:52:23.050099+00:00", "trace_id": null, "stage": "lexical", "event": "finish", "duration_ms": 0.319, "candidates_out": 20}
{"ts": "2026-09-23T03:52:23.050149+00:00", "trace_id": null, "stage": "fuse", "event": "start", "candidates_in": 34}
{"ts": "2026-09-23T03:52:23.050226+00:00", "trace_id": null, "stage": "fuse", "event": "finish", "duration_ms": 0.077, "candidates_in": 34, "candidates_out": 22, "top_score": 0.03278688524590164}
{"ts": "2026-09-23T03:52:23.058168+00:00", "trace_id": null, "stage": "gate", "event": "start", "candidates_in": 5}
{"ts": "2026-09-23T03:52:23.058267+00:00", "trace_id": null, "stage": "gate", "event": "finish", "duration_ms": 0.1, "candidates_in": 5, "candidates_out": 5, "top_score": 0.06059016393442624}
{"ts": "2026-09-23T03:52:24.478156+00:00", "trace_id": null, "stage": "gate_form", "event": "start"}
{"ts": "2026-09-23T03:52:24.478276+00:00", "trace_id": null, "stage": "gate_form", "event": "finish", "duration_ms": 0.124}
{"ts": "2026-09-23T03:52:24.478325+00:00", "trace_id": null, "stage": "gate_literal", "event": "start"}
{"ts": "2026-09-23T03:52:24.478409+00:00", "trace_id": null, "stage": "gate_literal", "event": "finish", "duration_ms": 0.084}
{"ts": "2026-09-23T03:52:24.478459+00:00", "trace_id": null, "stage": "gate_entail", "event": "start", "skipped": true, "reason": "no_entailment_model"}
{"ts": "2026-09-23T03:52:24.478514+00:00", "trace_id": null, "stage": "gate_entail", "event": "finish", "duration_ms": 0.055, "degraded": true, "skipped": true, "reason": "no_entailment_model"}
{"ts": "2026-09-23T03:52:24.478556+00:00", "trace_id": null, "stage": "gate_coverage", "event": "start", "coverage": 1.0}
{"ts": "2026-09-23T03:52:24.478602+00:00", "trace_id": null, "stage": "gate_coverage", "event": "finish", "duration_ms": 0.046, "coverage": 1.0}
{"ts": "2026-09-23T03:52:24.478642+00:00", "trace_id": null, "stage": "gate_conflict", "event": "start"}
{"ts": "2026-09-23T03:52:24.478698+00:00", "trace_id": null, "stage": "gate_conflict", "event": "finish", "duration_ms": 0.056, "skipped": true, "reason": "no_conflict"}
{"ts": "2026-09-23T03:52:24.478728+00:00", "trace_id": null, "stage": "embed_query", "event": "start", "model": "Qwen/Qwen3-Embedding-0.6B"}
{"ts": "2026-09-23T03:52:24.521105+00:00", "trace_id": null, "stage": "embed_query", "event": "finish", "duration_ms": 42.374, "model": "Qwen/Qwen3-Embedding-0.6B"}
{"ts": "2026-09-23T03:52:24.521170+00:00", "trace_id": null, "stage": "dense", "event": "start"}
{"ts": "2026-09-23T03:52:24.521406+00:00", "trace_id": null, "stage": "dense", "event": "finish", "duration_ms": 0.235, "candidates_out": 20}
{"ts": "2026-09-23T03:52:24.521441+00:00", "trace_id": null, "stage": "lexical", "event": "start"}
{"ts": "2026-09-23T03:52:24.521712+00:00", "trace_id": null, "stage": "lexical", "event": "finish", "duration_ms": 0.27, "candidates_out": 20}
{"ts": "2026-09-23T03:52:24.521760+00:00", "trace_id": null, "stage": "fuse", "event": "start", "candidates_in": 30}
{"ts": "2026-09-23T03:52:24.521827+00:00", "trace_id": null, "stage": "fuse", "event": "finish", "duration_ms": 0.067, "candidates_in": 30, "candidates_out": 25, "top_score": 0.03278688524590164}
{"ts": "2026-09-23T03:52:24.531236+00:00", "trace_id": null, "stage": "gate", "event": "start", "candidates_in": 5}
{"ts": "2026-09-23T03:52:24.531319+00:00", "trace_id": null, "stage": "gate", "event": "finish", "duration_ms": 0.085, "candidates_in": 5, "candidates_out": 5, "top_score": 0.12485245901639348}
{"ts": "2026-09-23T03:52:27.131497+00:00", "trace_id": null, "stage": "gate_form", "event": "start"}
{"ts": "2026-09-23T03:52:27.131699+00:00", "trace_id": null, "stage": "gate_form", "event": "finish", "duration_ms": 0.204}
{"ts": "2026-09-23T03:52:27.131745+00:00", "trace_id": null, "stage": "gate_literal", "event": "start"}
{"ts": "2026-09-23T03:52:27.131857+00:00", "trace_id": null, "stage": "gate_literal", "event": "finish", "duration_ms": 0.112}
{"ts": "2026-09-23T03:52:27.131908+00:00", "trace_id": null, "stage": "gate_entail", "event": "start", "skipped": true, "reason": "no_entailment_model"}
{"ts": "2026-09-23T03:52:27.131963+00:00", "trace_id": null, "stage": "gate_entail", "event": "finish", "duration_ms": 0.055, "degraded": true, "skipped": true, "reason": "no_entailment_model"}
{"ts": "2026-09-23T03:52:27.132001+00:00", "trace_id": null, "stage": "gate_coverage", "event": "start", "coverage": 1.0}
{"ts": "2026-09-23T03:52:27.132053+00:00", "trace_id": null, "stage": "gate_coverage", "event": "finish", "duration_ms": 0.053, "coverage": 1.0}
{"ts": "2026-09-23T03:52:27.132070+00:00", "trace_id": null, "stage": "gate_conflict", "event": "start"}
{"ts": "2026-09-23T03:52:27.132115+00:00", "trace_id": null, "stage": "gate_conflict", "event": "finish", "duration_ms": 0.044, "skipped": true, "reason": "no_conflict"}
{"ts": "2026-09-23T03:52:27.132139+00:00", "trace_id": null, "stage": "embed_query", "event": "start", "model": "Qwen/Qwen3-Embedding-0.6B"}
{"ts": "2026-09-23T03:52:27.180568+00:00", "trace_id": null, "stage": "embed_query", "event": "finish", "duration_ms": 48.424, "model": "Qwen/Qwen3-Embedding-0.6B"}
{"ts": "2026-09-23T03:52:27.180649+00:00", "trace_id": null, "stage": "dense", "event": "start"}
{"ts": "2026-09-23T03:52:27.180866+00:00", "trace_id": null, "stage": "dense", "event": "finish", "duration_ms": 0.216, "candidates_out": 20}
{"ts": "2026-09-23T03:52:27.180908+00:00", "trace_id": null, "stage": "lexical", "event": "start"}
{"ts": "2026-09-23T03:52:27.181240+00:00", "trace_id": null, "stage": "lexical", "event": "finish", "duration_ms": 0.332, "candidates_out": 20}
{"ts": "2026-09-23T03:52:27.181301+00:00", "trace_id": null, "stage": "fuse", "event": "start", "candidates_in": 30}
{"ts": "2026-09-23T03:52:27.181390+00:00", "trace_id": null, "stage": "fuse", "event": "finish", "duration_ms": 0.084, "candidates_in": 30, "candidates_out": 22, "top_score": 0.03278688524590164}
{"ts": "2026-09-23T03:52:27.189568+00:00", "trace_id": null, "stage": "gate", "event": "start", "candidates_in": 5}
{"ts": "2026-09-23T03:52:27.189667+00:00", "trace_id": null, "stage": "gate", "event": "finish", "duration_ms": 0.101, "candidates_in": 5, "candidates_out": 5, "top_score": 0.10559999999999999}
{"ts": "2026-09-23T03:52:29.028236+00:00", "trace_id": null, "stage": "gate_form", "event": "start"}
{"ts": "2026-09-23T03:52:29.028345+00:00", "trace_id": null, "stage": "gate_form", "event": "finish", "duration_ms": 0.113}
{"ts": "2026-09-23T03:52:29.028408+00:00", "trace_id": null, "stage": "gate_literal", "event": "start"}
{"ts": "2026-09-23T03:52:29.028543+00:00", "trace_id": null, "stage": "gate_literal", "event": "finish", "duration_ms": 0.136}
{"ts": "2026-09-23T03:52:29.028568+00:00", "trace_id": null, "stage": "gate_entail", "event": "start", "skipped": true, "reason": "no_entailment_model"}
{"ts": "2026-09-23T03:52:29.028633+00:00", "trace_id": null, "stage": "gate_entail", "event": "finish", "duration_ms": 0.066, "degraded": true, "skipped": true, "reason": "no_entailment_model"}
{"ts": "2026-09-23T03:52:29.028655+00:00", "trace_id": null, "stage": "gate_coverage", "event": "start", "coverage": 1.0}
{"ts": "2026-09-23T03:52:29.028722+00:00", "trace_id": null, "stage": "gate_coverage", "event": "finish", "duration_ms": 0.067, "coverage": 1.0}
{"ts": "2026-09-23T03:52:29.028740+00:00", "trace_id": null, "stage": "gate_conflict", "event": "start"}
{"ts": "2026-09-23T03:52:29.028803+00:00", "trace_id": null, "stage": "gate_conflict", "event": "finish", "duration_ms": 0.061, "skipped": true, "reason": "no_conflict"}
{"ts": "2026-09-23T03:52:29.028894+00:00", "trace_id": null, "stage": "embed_query", "event": "start", "model": "Qwen/Qwen3-Embedding-0.6B"}
{"ts": "2026-09-23T03:52:29.071872+00:00", "trace_id": null, "stage": "embed_query", "event": "finish", "duration_ms": 42.975, "model": "Qwen/Qwen3-Embedding-0.6B"}
{"ts": "2026-09-23T03:52:29.071952+00:00", "trace_id": null, "stage": "dense", "event": "start"}
{"ts": "2026-09-23T03:52:29.072160+00:00", "trace_id": null, "stage": "dense", "event": "finish", "duration_ms": 0.209, "candidates_out": 20}
{"ts": "2026-09-23T03:52:29.072185+00:00", "trace_id": null, "stage": "lexical", "event": "start"}
{"ts": "2026-09-23T03:52:29.072498+00:00", "trace_id": null, "stage": "lexical", "event": "finish", "duration_ms": 0.312, "candidates_out": 20}
{"ts": "2026-09-23T03:52:29.072552+00:00", "trace_id": null, "stage": "fuse", "event": "start", "candidates_in": 30}
{"ts": "2026-09-23T03:52:29.072622+00:00", "trace_id": null, "stage": "fuse", "event": "finish", "duration_ms": 0.069, "candidates_in": 30, "candidates_out": 21, "top_score": 0.03252247488101534}
{"ts": "2026-09-23T03:52:29.080230+00:00", "trace_id": null, "stage": "gate", "event": "start", "candidates_in": 5}
{"ts": "2026-09-23T03:52:29.080346+00:00", "trace_id": null, "stage": "gate", "event": "finish", "duration_ms": 0.119, "candidates_in": 5, "candidates_out": 5, "top_score": 0.1550338797814208}
{"ts": "2026-09-23T03:52:30.834540+00:00", "trace_id": null, "stage": "gate_form", "event": "start"}
{"ts": "2026-09-23T03:52:30.834651+00:00", "trace_id": null, "stage": "gate_form", "event": "finish", "duration_ms": 0.115}
{"ts": "2026-09-23T03:52:30.834700+00:00", "trace_id": null, "stage": "gate_literal", "event": "start"}
{"ts": "2026-09-23T03:52:30.834825+00:00", "trace_id": null, "stage": "gate_literal", "event": "finish", "duration_ms": 0.125}
{"ts": "2026-09-23T03:52:30.834875+00:00", "trace_id": null, "stage": "gate_entail", "event": "start", "skipped": true, "reason": "no_entailment_model"}
{"ts": "2026-09-23T03:52:30.834930+00:00", "trace_id": null, "stage": "gate_entail", "event": "finish", "duration_ms": 0.055, "degraded": true, "skipped": true, "reason": "no_entailment_model"}
{"ts": "2026-09-23T03:52:30.834955+00:00", "trace_id": null, "stage": "gate_coverage", "event": "start", "coverage": 1.0}
{"ts": "2026-09-23T03:52:30.835001+00:00", "trace_id": null, "stage": "gate_coverage", "event": "finish", "duration_ms": 0.046, "coverage": 1.0}
{"ts": "2026-09-23T03:52:30.835026+00:00", "trace_id": null, "stage": "gate_conflict", "event": "start"}
{"ts": "2026-09-23T03:52:30.835088+00:00", "trace_id": null, "stage": "gate_conflict", "event": "finish", "duration_ms": 0.062, "skipped": true, "reason": "no_conflict"}
{"ts": "2026-09-23T03:52:30.835118+00:00", "trace_id": null, "stage": "embed_query", "event": "start", "model": "Qwen/Qwen3-Embedding-0.6B"}
{"ts": "2026-09-23T03:52:30.877760+00:00", "trace_id": null, "stage": "embed_query", "event": "finish", "duration_ms": 42.639, "model": "Qwen/Qwen3-Embedding-0.6B"}
{"ts": "2026-09-23T03:52:30.877827+00:00", "trace_id": null, "stage": "dense", "event": "start"}
{"ts": "2026-09-23T03:52:30.878024+00:00", "trace_id": null, "stage": "dense", "event": "finish", "duration_ms": 0.197, "candidates_out": 20}
{"ts": "2026-09-23T03:52:30.878060+00:00", "trace_id": null, "stage": "lexical", "event": "start"}
{"ts": "2026-09-23T03:52:30.878326+00:00", "trace_id": null, "stage": "lexical", "event": "finish", "duration_ms": 0.265, "candidates_out": 19}
{"ts": "2026-09-23T03:52:30.878373+00:00", "trace_id": null, "stage": "fuse", "event": "start", "candidates_in": 26}
{"ts": "2026-09-23T03:52:30.878434+00:00", "trace_id": null, "stage": "fuse", "event": "finish", "duration_ms": 0.06, "candidates_in": 26, "candidates_out": 16, "top_score": 0.03278688524590164}
{"ts": "2026-09-23T03:52:30.883402+00:00", "trace_id": null, "stage": "gate", "event": "start", "candidates_in": 5}
{"ts": "2026-09-23T03:52:30.883471+00:00", "trace_id": null, "stage": "gate", "event": "finish", "duration_ms": 0.069, "candidates_in": 5, "candidates_out": 5, "top_score": 0.15753442622950822}
{"ts": "2026-09-23T03:52:32.376693+00:00", "trace_id": null, "stage": "gate_form", "event": "start"}
{"ts": "2026-09-23T03:52:32.376796+00:00", "trace_id": null, "stage": "gate_form", "event": "finish", "duration_ms": 0.107}
{"ts": "2026-09-23T03:52:32.376846+00:00", "trace_id": null, "stage": "gate_literal", "event": "start"}
{"ts": "2026-09-23T03:52:32.376968+00:00", "trace_id": null, "stage": "gate_literal", "event": "finish", "duration_ms": 0.121}
{"ts": "2026-09-23T03:52:32.377026+00:00", "trace_id": null, "stage": "gate_entail", "event": "start", "skipped": true, "reason": "no_entailment_model"}
{"ts": "2026-09-23T03:52:32.377089+00:00", "trace_id": null, "stage": "gate_entail", "event": "finish", "duration_ms": 0.064, "degraded": true, "skipped": true, "reason": "no_entailment_model"}
{"ts": "2026-09-23T03:52:32.377113+00:00", "trace_id": null, "stage": "gate_coverage", "event": "start", "coverage": 1.0}
{"ts": "2026-09-23T03:52:32.377172+00:00", "trace_id": null, "stage": "gate_coverage", "event": "finish", "duration_ms": 0.057, "coverage": 1.0}
{"ts": "2026-09-23T03:52:32.377242+00:00", "trace_id": null, "stage": "gate_conflict", "event": "start"}
{"ts": "2026-09-23T03:52:32.377295+00:00", "trace_id": null, "stage": "gate_conflict", "event": "finish", "duration_ms": 0.052, "skipped": true, "reason": "no_conflict"}
{"ts": "2026-09-23T03:52:32.377323+00:00", "trace_id": null, "stage": "embed_query", "event": "start", "model": "Qwen/Qwen3-Embedding-0.6B"}
{"ts": "2026-09-23T03:52:32.426865+00:00", "trace_id": null, "stage": "embed_query", "event": "finish", "duration_ms": 49.54, "model": "Qwen/Qwen3-Embedding-0.6B"}
{"ts": "2026-09-23T03:52:32.426940+00:00", "trace_id": null, "stage": "dense", "event": "start"}
{"ts": "2026-09-23T03:52:32.427146+00:00", "trace_id": null, "stage": "dense", "event": "finish", "duration_ms": 0.206, "candidates_out": 20}
{"ts": "2026-09-23T03:52:32.427168+00:00", "trace_id": null, "stage": "lexical", "event": "start"}
{"ts": "2026-09-23T03:52:32.427430+00:00", "trace_id": null, "stage": "lexical", "event": "finish", "duration_ms": 0.261, "candidates_out": 14}
{"ts": "2026-09-23T03:52:32.427479+00:00", "trace_id": null, "stage": "fuse", "event": "start", "candidates_in": 26}
{"ts": "2026-09-23T03:52:32.427552+00:00", "trace_id": null, "stage": "fuse", "event": "finish", "duration_ms": 0.072, "candidates_in": 26, "candidates_out": 16, "top_score": 0.03278688524590164}
{"ts": "2026-09-23T03:52:32.431316+00:00", "trace_id": null, "stage": "gate", "event": "start", "candidates_in": 5}
{"ts": "2026-09-23T03:52:32.431387+00:00", "trace_id": null, "stage": "gate", "event": "finish", "duration_ms": 0.071, "candidates_in": 5, "candidates_out": 5, "top_score": 0.12485245901639348}
{"ts": "2026-09-23T03:52:34.389215+00:00", "trace_id": null, "stage": "gate_form", "event": "start"}
{"ts": "2026-09-23T03:52:34.389521+00:00", "trace_id": null, "stage": "gate_form", "event": "finish", "duration_ms": 0.31}
{"ts": "2026-09-23T03:52:34.389564+00:00", "trace_id": null, "stage": "gate_literal", "event": "start"}
{"ts": "2026-09-23T03:52:34.389676+00:00", "trace_id": null, "stage": "gate_literal", "event": "finish", "duration_ms": 0.111}
{"ts": "2026-09-23T03:52:34.389721+00:00", "trace_id": null, "stage": "gate_entail", "event": "start", "skipped": true, "reason": "no_entailment_model"}
{"ts": "2026-09-23T03:52:34.389767+00:00", "trace_id": null, "stage": "gate_entail", "event": "finish", "duration_ms": 0.046, "degraded": true, "skipped": true, "reason": "no_entailment_model"}
{"ts": "2026-09-23T03:52:34.389789+00:00", "trace_id": null, "stage": "gate_coverage", "event": "start", "coverage": 1.0}
{"ts": "2026-09-23T03:52:34.389831+00:00", "trace_id": null, "stage": "gate_coverage", "event": "finish", "duration_ms": 0.042, "coverage": 1.0}
{"ts": "2026-09-23T03:52:34.389873+00:00", "trace_id": null, "stage": "gate_conflict", "event": "start"}
{"ts": "2026-09-23T03:52:34.389920+00:00", "trace_id": null, "stage": "gate_conflict", "event": "finish", "duration_ms": 0.046, "skipped": true, "reason": "no_conflict"}
{"ts": "2026-09-23T03:52:34.389944+00:00", "trace_id": null, "stage": "embed_query", "event": "start", "model": "Qwen/Qwen3-Embedding-0.6B"}
{"ts": "2026-09-23T03:52:34.435348+00:00", "trace_id": null, "stage": "embed_query", "event": "finish", "duration_ms": 45.4, "model": "Qwen/Qwen3-Embedding-0.6B"}
{"ts": "2026-09-23T03:52:34.435414+00:00", "trace_id": null, "stage": "dense", "event": "start"}
{"ts": "2026-09-23T03:52:34.435610+00:00", "trace_id": null, "stage": "dense", "event": "finish", "duration_ms": 0.195, "candidates_out": 20}
{"ts": "2026-09-23T03:52:34.435655+00:00", "trace_id": null, "stage": "lexical", "event": "start"}
{"ts": "2026-09-23T03:52:34.435939+00:00", "trace_id": null, "stage": "lexical", "event": "finish", "duration_ms": 0.283, "candidates_out": 20}
{"ts": "2026-09-23T03:52:34.435989+00:00", "trace_id": null, "stage": "fuse", "event": "start", "candidates_in": 28}
{"ts": "2026-09-23T03:52:34.436051+00:00", "trace_id": null, "stage": "fuse", "event": "finish", "duration_ms": 0.062, "candidates_in": 28, "candidates_out": 22, "top_score": 0.03252247488101534}
{"ts": "2026-09-23T03:52:34.442853+00:00", "trace_id": null, "stage": "gate", "event": "start", "candidates_in": 5}
{"ts": "2026-09-23T03:52:34.442926+00:00", "trace_id": null, "stage": "gate", "event": "finish", "duration_ms": 0.071, "candidates_in": 5, "candidates_out": 5, "top_score": 0.10818276044420942}
{"ts": "2026-09-23T03:52:36.342550+00:00", "trace_id": null, "stage": "gate_form", "event": "start"}
{"ts": "2026-09-23T03:52:36.342696+00:00", "trace_id": null, "stage": "gate_form", "event": "finish", "duration_ms": 0.151}
{"ts": "2026-09-23T03:52:36.342766+00:00", "trace_id": null, "stage": "gate_literal", "event": "start"}
{"ts": "2026-09-23T03:52:36.342949+00:00", "trace_id": null, "stage": "gate_literal", "event": "finish", "duration_ms": 0.183}
{"ts": "2026-09-23T03:52:36.343033+00:00", "trace_id": null, "stage": "gate_entail", "event": "start", "skipped": true, "reason": "no_entailment_model"}
{"ts": "2026-09-23T03:52:36.343111+00:00", "trace_id": null, "stage": "gate_entail", "event": "finish", "duration_ms": 0.079, "degraded": true, "skipped": true, "reason": "no_entailment_model"}
{"ts": "2026-09-23T03:52:36.343164+00:00", "trace_id": null, "stage": "gate_coverage", "event": "start", "coverage": 1.0}
{"ts": "2026-09-23T03:52:36.343227+00:00", "trace_id": null, "stage": "gate_coverage", "event": "finish", "duration_ms": 0.064, "coverage": 1.0}
{"ts": "2026-09-23T03:52:36.343274+00:00", "trace_id": null, "stage": "gate_conflict", "event": "start"}
{"ts": "2026-09-23T03:52:36.343358+00:00", "trace_id": null, "stage": "gate_conflict", "event": "finish", "duration_ms": 0.081, "skipped": true, "reason": "no_conflict"}
{"ts": "2026-09-23T03:52:36.343451+00:00", "trace_id": null, "stage": "embed_query", "event": "start", "model": "Qwen/Qwen3-Embedding-0.6B"}
{"ts": "2026-09-23T03:52:36.405240+00:00", "trace_id": null, "stage": "embed_query", "event": "finish", "duration_ms": 61.787, "model": "Qwen/Qwen3-Embedding-0.6B"}
{"ts": "2026-09-23T03:52:36.405322+00:00", "trace_id": null, "stage": "dense", "event": "start"}
{"ts": "2026-09-23T03:52:36.405549+00:00", "trace_id": null, "stage": "dense", "event": "finish", "duration_ms": 0.226, "candidates_out": 20}
{"ts": "2026-09-23T03:52:36.405590+00:00", "trace_id": null, "stage": "lexical", "event": "start"}
{"ts": "2026-09-23T03:52:36.405935+00:00", "trace_id": null, "stage": "lexical", "event": "finish", "duration_ms": 0.344, "candidates_out": 20}
{"ts": "2026-09-23T03:52:36.406010+00:00", "trace_id": null, "stage": "fuse", "event": "start", "candidates_in": 30}
{"ts": "2026-09-23T03:52:36.406094+00:00", "trace_id": null, "stage": "fuse", "event": "finish", "duration_ms": 0.083, "candidates_in": 30, "candidates_out": 21, "top_score": 0.032266458495966696}
{"ts": "2026-09-23T03:52:36.414620+00:00", "trace_id": null, "stage": "gate", "event": "start", "candidates_in": 5}
{"ts": "2026-09-23T03:52:36.414743+00:00", "trace_id": null, "stage": "gate", "event": "finish", "duration_ms": 0.128, "candidates_in": 5, "candidates_out": 5, "top_score": 0.05063963963963965}
{"ts": "2026-09-23T03:52:39.584272+00:00", "trace_id": null, "stage": "gate_form", "event": "start"}
{"ts": "2026-09-23T03:52:39.584397+00:00", "trace_id": null, "stage": "gate_form", "event": "finish", "duration_ms": 0.137}
{"ts": "2026-09-23T03:52:39.584451+00:00", "trace_id": null, "stage": "gate_literal", "event": "start"}
{"ts": "2026-09-23T03:52:39.584540+00:00", "trace_id": null, "stage": "gate_literal", "event": "finish", "duration_ms": 0.089}
{"ts": "2026-09-23T03:52:39.584581+00:00", "trace_id": null, "stage": "gate_entail", "event": "start", "skipped": true, "reason": "no_entailment_model"}
{"ts": "2026-09-23T03:52:39.584626+00:00", "trace_id": null, "stage": "gate_entail", "event": "finish", "duration_ms": 0.044, "degraded": true, "skipped": true, "reason": "no_entailment_model"}
{"ts": "2026-09-23T03:52:39.584663+00:00", "trace_id": null, "stage": "gate_coverage", "event": "start", "coverage": 1.0}
{"ts": "2026-09-23T03:52:39.584698+00:00", "trace_id": null, "stage": "gate_coverage", "event": "finish", "duration_ms": 0.036, "coverage": 1.0}
{"ts": "2026-09-23T03:52:39.584712+00:00", "trace_id": null, "stage": "gate_conflict", "event": "start"}
{"ts": "2026-09-23T03:52:39.584770+00:00", "trace_id": null, "stage": "gate_conflict", "event": "finish", "duration_ms": 0.057, "skipped": true, "reason": "no_conflict"}
{"ts": "2026-09-23T03:52:39.584813+00:00", "trace_id": null, "stage": "embed_query", "event": "start", "model": "Qwen/Qwen3-Embedding-0.6B"}
{"ts": "2026-09-23T03:52:39.625435+00:00", "trace_id": null, "stage": "embed_query", "event": "finish", "duration_ms": 40.618, "model": "Qwen/Qwen3-Embedding-0.6B"}
{"ts": "2026-09-23T03:52:39.625517+00:00", "trace_id": null, "stage": "dense", "event": "start"}
{"ts": "2026-09-23T03:52:39.625765+00:00", "trace_id": null, "stage": "dense", "event": "finish", "duration_ms": 0.247, "candidates_out": 20}
{"ts": "2026-09-23T03:52:39.625803+00:00", "trace_id": null, "stage": "lexical", "event": "start"}
{"ts": "2026-09-23T03:52:39.626102+00:00", "trace_id": null, "stage": "lexical", "event": "finish", "duration_ms": 0.298, "candidates_out": 20}
{"ts": "2026-09-23T03:52:39.626156+00:00", "trace_id": null, "stage": "fuse", "event": "start", "candidates_in": 27}
{"ts": "2026-09-23T03:52:39.626223+00:00", "trace_id": null, "stage": "fuse", "event": "finish", "duration_ms": 0.065, "candidates_in": 27, "candidates_out": 19, "top_score": 0.032266458495966696}
{"ts": "2026-09-23T03:52:39.632502+00:00", "trace_id": null, "stage": "gate", "event": "start", "candidates_in": 5}
{"ts": "2026-09-23T03:52:39.632775+00:00", "trace_id": null, "stage": "gate", "event": "finish", "duration_ms": 0.272, "candidates_in": 5, "candidates_out": 6, "top_score": 0.05395907928388746}
{"ts": "2026-09-23T03:52:43.130637+00:00", "trace_id": null, "stage": "gate_form", "event": "start"}
{"ts": "2026-09-23T03:52:43.133603+00:00", "trace_id": null, "stage": "gate_form", "event": "finish", "duration_ms": 2.969}
{"ts": "2026-09-23T03:52:43.133666+00:00", "trace_id": null, "stage": "gate_literal", "event": "start"}
{"ts": "2026-09-23T03:52:43.133795+00:00", "trace_id": null, "stage": "gate_literal", "event": "finish", "duration_ms": 0.129}
{"ts": "2026-09-23T03:52:43.133846+00:00", "trace_id": null, "stage": "gate_entail", "event": "start", "skipped": true, "reason": "no_entailment_model"}
{"ts": "2026-09-23T03:52:43.133901+00:00", "trace_id": null, "stage": "gate_entail", "event": "finish", "duration_ms": 0.055, "degraded": true, "skipped": true, "reason": "no_entailment_model"}
{"ts": "2026-09-23T03:52:43.133947+00:00", "trace_id": null, "stage": "gate_coverage", "event": "start", "coverage": 1.0}
{"ts": "2026-09-23T03:52:43.133999+00:00", "trace_id": null, "stage": "gate_coverage", "event": "finish", "duration_ms": 0.052, "coverage": 1.0}
{"ts": "2026-09-23T03:52:43.134038+00:00", "trace_id": null, "stage": "gate_conflict", "event": "start"}
{"ts": "2026-09-23T03:52:43.134145+00:00", "trace_id": null, "stage": "gate_conflict", "event": "finish", "duration_ms": 0.107, "reason": "version_conflict"}
{"ts": "2026-09-23T03:52:43.134174+00:00", "trace_id": null, "stage": "embed_query", "event": "start", "model": "Qwen/Qwen3-Embedding-0.6B"}
{"ts": "2026-09-23T03:52:43.206780+00:00", "trace_id": null, "stage": "embed_query", "event": "finish", "duration_ms": 72.603, "model": "Qwen/Qwen3-Embedding-0.6B"}
{"ts": "2026-09-23T03:52:43.206854+00:00", "trace_id": null, "stage": "dense", "event": "start"}
{"ts": "2026-09-23T03:52:43.207060+00:00", "trace_id": null, "stage": "dense", "event": "finish", "duration_ms": 0.206, "candidates_out": 20}
{"ts": "2026-09-23T03:52:43.207099+00:00", "trace_id": null, "stage": "lexical", "event": "start"}
{"ts": "2026-09-23T03:52:43.207429+00:00", "trace_id": null, "stage": "lexical", "event": "finish", "duration_ms": 0.331, "candidates_out": 20}
{"ts": "2026-09-23T03:52:43.207473+00:00", "trace_id": null, "stage": "fuse", "event": "start", "candidates_in": 25}
{"ts": "2026-09-23T03:52:43.207543+00:00", "trace_id": null, "stage": "fuse", "event": "finish", "duration_ms": 0.07, "candidates_in": 25, "candidates_out": 19, "top_score": 0.032018442622950824}
{"ts": "2026-09-23T03:52:43.213019+00:00", "trace_id": null, "stage": "gate", "event": "start", "candidates_in": 5}
{"ts": "2026-09-23T03:52:43.213200+00:00", "trace_id": null, "stage": "gate", "event": "finish", "duration_ms": 0.198, "candidates_in": 5, "candidates_out": 5, "top_score": 0.05658906030855541}
{"ts": "2026-09-23T03:52:47.261499+00:00", "trace_id": null, "stage": "gate_form", "event": "start"}
{"ts": "2026-09-23T03:52:47.261720+00:00", "trace_id": null, "stage": "gate_form", "event": "finish", "duration_ms": 0.226}
{"ts": "2026-09-23T03:52:47.261806+00:00", "trace_id": null, "stage": "gate_literal", "event": "start"}
{"ts": "2026-09-23T03:52:47.261985+00:00", "trace_id": null, "stage": "gate_literal", "event": "finish", "duration_ms": 0.179}
{"ts": "2026-09-23T03:52:47.262029+00:00", "trace_id": null, "stage": "gate_entail", "event": "start", "skipped": true, "reason": "no_entailment_model"}
{"ts": "2026-09-23T03:52:47.262089+00:00", "trace_id": null, "stage": "gate_entail", "event": "finish", "duration_ms": 0.06, "degraded": true, "skipped": true, "reason": "no_entailment_model"}
{"ts": "2026-09-23T03:52:47.262111+00:00", "trace_id": null, "stage": "gate_coverage", "event": "start", "coverage": 1.0}
{"ts": "2026-09-23T03:52:47.262194+00:00", "trace_id": null, "stage": "gate_coverage", "event": "finish", "duration_ms": 0.081, "coverage": 1.0}
{"ts": "2026-09-23T03:52:47.262261+00:00", "trace_id": null, "stage": "gate_conflict", "event": "start"}
{"ts": "2026-09-23T03:52:47.262332+00:00", "trace_id": null, "stage": "gate_conflict", "event": "finish", "duration_ms": 0.072, "skipped": true, "reason": "no_conflict"}
{"ts": "2026-09-23T03:52:47.262368+00:00", "trace_id": null, "stage": "embed_query", "event": "start", "model": "Qwen/Qwen3-Embedding-0.6B"}
{"ts": "2026-09-23T03:52:47.317005+00:00", "trace_id": null, "stage": "embed_query", "event": "finish", "duration_ms": 54.634, "model": "Qwen/Qwen3-Embedding-0.6B"}
{"ts": "2026-09-23T03:52:47.317085+00:00", "trace_id": null, "stage": "dense", "event": "start"}
{"ts": "2026-09-23T03:52:47.317289+00:00", "trace_id": null, "stage": "dense", "event": "finish", "duration_ms": 0.204, "candidates_out": 20}
{"ts": "2026-09-23T03:52:47.317324+00:00", "trace_id": null, "stage": "lexical", "event": "start"}
{"ts": "2026-09-23T03:52:47.317635+00:00", "trace_id": null, "stage": "lexical", "event": "finish", "duration_ms": 0.31, "candidates_out": 20}
{"ts": "2026-09-23T03:52:47.317683+00:00", "trace_id": null, "stage": "fuse", "event": "start", "candidates_in": 21}
{"ts": "2026-09-23T03:52:47.317740+00:00", "trace_id": null, "stage": "fuse", "event": "finish", "duration_ms": 0.057, "candidates_in": 21, "candidates_out": 15, "top_score": 0.032018442622950824}
{"ts": "2026-09-23T03:52:47.322463+00:00", "trace_id": null, "stage": "gate", "event": "start", "candidates_in": 5}
{"ts": "2026-09-23T03:52:47.322569+00:00", "trace_id": null, "stage": "gate", "event": "finish", "duration_ms": 0.108, "candidates_in": 5, "candidates_out": 5, "top_score": 0.05913978494623656}
{"ts": "2026-09-23T03:52:50.854929+00:00", "trace_id": null, "stage": "gate_form", "event": "start"}
{"ts": "2026-09-23T03:52:50.855110+00:00", "trace_id": null, "stage": "gate_form", "event": "finish", "duration_ms": 0.185}
{"ts": "2026-09-23T03:52:50.855217+00:00", "trace_id": null, "stage": "gate_literal", "event": "start"}
{"ts": "2026-09-23T03:52:50.855381+00:00", "trace_id": null, "stage": "gate_literal", "event": "finish", "duration_ms": 0.165}
{"ts": "2026-09-23T03:52:50.855426+00:00", "trace_id": null, "stage": "gate_entail", "event": "start", "skipped": true, "reason": "no_entailment_model"}
{"ts": "2026-09-23T03:52:50.855465+00:00", "trace_id": null, "stage": "gate_entail", "event": "finish", "duration_ms": 0.04, "degraded": true, "skipped": true, "reason": "no_entailment_model"}
{"ts": "2026-09-23T03:52:50.855498+00:00", "trace_id": null, "stage": "gate_coverage", "event": "start", "coverage": 1.0}
{"ts": "2026-09-23T03:52:50.855589+00:00", "trace_id": null, "stage": "gate_coverage", "event": "finish", "duration_ms": 0.086, "coverage": 1.0}
{"ts": "2026-09-23T03:52:50.855621+00:00", "trace_id": null, "stage": "gate_conflict", "event": "start"}
{"ts": "2026-09-23T03:52:50.855683+00:00", "trace_id": null, "stage": "gate_conflict", "event": "finish", "duration_ms": 0.062, "skipped": true, "reason": "no_conflict"}
{"ts": "2026-09-23T03:52:50.855722+00:00", "trace_id": null, "stage": "embed_query", "event": "start", "model": "Qwen/Qwen3-Embedding-0.6B"}
{"ts": "2026-09-23T03:52:50.912271+00:00", "trace_id": null, "stage": "embed_query", "event": "finish", "duration_ms": 56.544, "model": "Qwen/Qwen3-Embedding-0.6B"}
{"ts": "2026-09-23T03:52:50.912352+00:00", "trace_id": null, "stage": "dense", "event": "start"}
{"ts": "2026-09-23T03:52:50.912561+00:00", "trace_id": null, "stage": "dense", "event": "finish", "duration_ms": 0.209, "candidates_out": 20}
{"ts": "2026-09-23T03:52:50.912602+00:00", "trace_id": null, "stage": "lexical", "event": "start"}
{"ts": "2026-09-23T03:52:50.912883+00:00", "trace_id": null, "stage": "lexical", "event": "finish", "duration_ms": 0.279, "candidates_out": 20}
{"ts": "2026-09-23T03:52:50.912964+00:00", "trace_id": null, "stage": "fuse", "event": "start", "candidates_in": 24}
{"ts": "2026-09-23T03:52:50.913047+00:00", "trace_id": null, "stage": "fuse", "event": "finish", "duration_ms": 0.083, "candidates_in": 24, "candidates_out": 18, "top_score": 0.032018442622950824}
{"ts": "2026-09-23T03:52:50.918345+00:00", "trace_id": null, "stage": "gate", "event": "start", "candidates_in": 5}
{"ts": "2026-09-23T03:52:50.918415+00:00", "trace_id": null, "stage": "gate", "event": "finish", "duration_ms": 0.069, "candidates_in": 5, "candidates_out": 5, "top_score": 0.05913978494623656}
{"ts": "2026-09-23T03:52:54.986177+00:00", "trace_id": null, "stage": "gate_form", "event": "start"}
{"ts": "2026-09-23T03:52:54.986322+00:00", "trace_id": null, "stage": "gate_form", "event": "finish", "duration_ms": 0.15}
{"ts": "2026-09-23T03:52:54.986393+00:00", "trace_id": null, "stage": "gate_literal", "event": "start"}
{"ts": "2026-09-23T03:52:54.986712+00:00", "trace_id": null, "stage": "gate_literal", "event": "finish", "duration_ms": 0.318}
{"ts": "2026-09-23T03:52:54.986777+00:00", "trace_id": null, "stage": "gate_entail", "event": "start", "skipped": true, "reason": "no_entailment_model"}
{"ts": "2026-09-23T03:52:54.986846+00:00", "trace_id": null, "stage": "gate_entail", "event": "finish", "duration_ms": 0.069, "degraded": true, "skipped": true, "reason": "no_entailment_model"}
{"ts": "2026-09-23T03:52:54.986890+00:00", "trace_id": null, "stage": "gate_coverage", "event": "start", "coverage": 1.0}
{"ts": "2026-09-23T03:52:54.986952+00:00", "trace_id": null, "stage": "gate_coverage", "event": "finish", "duration_ms": 0.061, "coverage": 1.0}
{"ts": "2026-09-23T03:52:54.986990+00:00", "trace_id": null, "stage": "gate_conflict", "event": "start"}
{"ts": "2026-09-23T03:52:54.987086+00:00", "trace_id": null, "stage": "gate_conflict", "event": "finish", "duration_ms": 0.095, "skipped": true, "reason": "no_conflict"}
... 60/122 abstain=5
{"ts": "2026-09-23T03:52:54.987168+00:00", "trace_id": null, "stage": "embed_query", "event": "start", "model": "Qwen/Qwen3-Embedding-0.6B"}
{"ts": "2026-09-23T03:52:55.060479+00:00", "trace_id": null, "stage": "embed_query", "event": "finish", "duration_ms": 73.308, "model": "Qwen/Qwen3-Embedding-0.6B"}
{"ts": "2026-09-23T03:52:55.060557+00:00", "trace_id": null, "stage": "dense", "event": "start"}
{"ts": "2026-09-23T03:52:55.060762+00:00", "trace_id": null, "stage": "dense", "event": "finish", "duration_ms": 0.206, "candidates_out": 20}
{"ts": "2026-09-23T03:52:55.060802+00:00", "trace_id": null, "stage": "lexical", "event": "start"}
{"ts": "2026-09-23T03:52:55.061108+00:00", "trace_id": null, "stage": "lexical", "event": "finish", "duration_ms": 0.305, "candidates_out": 20}
{"ts": "2026-09-23T03:52:55.061160+00:00", "trace_id": null, "stage": "fuse", "event": "start", "candidates_in": 36}
{"ts": "2026-09-23T03:52:55.061233+00:00", "trace_id": null, "stage": "fuse", "event": "finish", "duration_ms": 0.073, "candidates_in": 36, "candidates_out": 27, "top_score": 0.03278688524590164}
{"ts": "2026-09-23T03:52:55.069612+00:00", "trace_id": null, "stage": "gate", "event": "start", "candidates_in": 5}
{"ts": "2026-09-23T03:52:55.069735+00:00", "trace_id": null, "stage": "gate", "event": "finish", "duration_ms": 0.125, "candidates_in": 5, "candidates_out": 5, "top_score": 0.05565760869565218}
{"ts": "2026-09-23T03:52:57.711708+00:00", "trace_id": null, "stage": "gate_form", "event": "start"}
{"ts": "2026-09-23T03:52:57.712023+00:00", "trace_id": null, "stage": "gate_form", "event": "finish", "duration_ms": 0.319}
{"ts": "2026-09-23T03:52:57.712082+00:00", "trace_id": null, "stage": "gate_literal", "event": "start", "skipped": true, "reason": "form_failed"}
{"ts": "2026-09-23T03:52:57.712126+00:00", "trace_id": null, "stage": "gate_literal", "event": "finish", "duration_ms": 0.045, "skipped": true, "reason": "form_failed"}
{"ts": "2026-09-23T03:52:57.712145+00:00", "trace_id": null, "stage": "gate_conflict", "event": "start"}
{"ts": "2026-09-23T03:52:57.712199+00:00", "trace_id": null, "stage": "gate_conflict", "event": "finish", "duration_ms": 0.054, "skipped": true, "reason": "no_conflict"}
ABSTAIN sem-013 reason=missing_citation raw='The Environmental Sustainability Policy 2026.pdf sets the ambition to become "Water Positive" by 2040.'
{"ts": "2026-09-23T03:52:57.712291+00:00", "trace_id": null, "stage": "embed_query", "event": "start", "model": "Qwen/Qwen3-Embedding-0.6B"}
{"ts": "2026-09-23T03:52:57.783362+00:00", "trace_id": null, "stage": "embed_query", "event": "finish", "duration_ms": 71.068, "model": "Qwen/Qwen3-Embedding-0.6B"}
{"ts": "2026-09-23T03:52:57.783448+00:00", "trace_id": null, "stage": "dense", "event": "start"}
{"ts": "2026-09-23T03:52:57.783675+00:00", "trace_id": null, "stage": "dense", "event": "finish", "duration_ms": 0.227, "candidates_out": 20}
{"ts": "2026-09-23T03:52:57.783720+00:00", "trace_id": null, "stage": "lexical", "event": "start"}
{"ts": "2026-09-23T03:52:57.784046+00:00", "trace_id": null, "stage": "lexical", "event": "finish", "duration_ms": 0.325, "candidates_out": 20}
{"ts": "2026-09-23T03:52:57.784099+00:00", "trace_id": null, "stage": "fuse", "event": "start", "candidates_in": 29}
{"ts": "2026-09-23T03:52:57.784173+00:00", "trace_id": null, "stage": "fuse", "event": "finish", "duration_ms": 0.073, "candidates_in": 29, "candidates_out": 19, "top_score": 0.03278688524590164}
{"ts": "2026-09-23T03:52:57.790288+00:00", "trace_id": null, "stage": "gate", "event": "start", "candidates_in": 5}
{"ts": "2026-09-23T03:52:57.790364+00:00", "trace_id": null, "stage": "gate", "event": "finish", "duration_ms": 0.076, "candidates_in": 5, "candidates_out": 5, "top_score": 0.058666666666666666}
{"ts": "2026-09-23T03:52:59.778313+00:00", "trace_id": null, "stage": "gate_form", "event": "start"}
{"ts": "2026-09-23T03:52:59.778467+00:00", "trace_id": null, "stage": "gate_form", "event": "finish", "duration_ms": 0.173}
{"ts": "2026-09-23T03:52:59.778518+00:00", "trace_id": null, "stage": "gate_literal", "event": "start"}
{"ts": "2026-09-23T03:52:59.778645+00:00", "trace_id": null, "stage": "gate_literal", "event": "finish", "duration_ms": 0.126}
{"ts": "2026-09-23T03:52:59.778704+00:00", "trace_id": null, "stage": "gate_entail", "event": "start", "skipped": true, "reason": "no_entailment_model"}
{"ts": "2026-09-23T03:52:59.778771+00:00", "trace_id": null, "stage": "gate_entail", "event": "finish", "duration_ms": 0.066, "degraded": true, "skipped": true, "reason": "no_entailment_model"}
{"ts": "2026-09-23T03:52:59.778833+00:00", "trace_id": null, "stage": "gate_coverage", "event": "start", "coverage": 1.0}
{"ts": "2026-09-23T03:52:59.778887+00:00", "trace_id": null, "stage": "gate_coverage", "event": "finish", "duration_ms": 0.054, "coverage": 1.0}
{"ts": "2026-09-23T03:52:59.778932+00:00", "trace_id": null, "stage": "gate_conflict", "event": "start"}
{"ts": "2026-09-23T03:52:59.779001+00:00", "trace_id": null, "stage": "gate_conflict", "event": "finish", "duration_ms": 0.069, "skipped": true, "reason": "no_conflict"}
{"ts": "2026-09-23T03:52:59.779050+00:00", "trace_id": null, "stage": "embed_query", "event": "start", "model": "Qwen/Qwen3-Embedding-0.6B"}
{"ts": "2026-09-23T03:52:59.823971+00:00", "trace_id": null, "stage": "embed_query", "event": "finish", "duration_ms": 44.919, "model": "Qwen/Qwen3-Embedding-0.6B"}
{"ts": "2026-09-23T03:52:59.824039+00:00", "trace_id": null, "stage": "dense", "event": "start"}
{"ts": "2026-09-23T03:52:59.824249+00:00", "trace_id": null, "stage": "dense", "event": "finish", "duration_ms": 0.21, "candidates_out": 20}
{"ts": "2026-09-23T03:52:59.824285+00:00", "trace_id": null, "stage": "lexical", "event": "start"}
{"ts": "2026-09-23T03:52:59.824591+00:00", "trace_id": null, "stage": "lexical", "event": "finish", "duration_ms": 0.305, "candidates_out": 20}
{"ts": "2026-09-23T03:52:59.824641+00:00", "trace_id": null, "stage": "fuse", "event": "start", "candidates_in": 31}
{"ts": "2026-09-23T03:52:59.824715+00:00", "trace_id": null, "stage": "fuse", "event": "finish", "duration_ms": 0.074, "candidates_in": 31, "candidates_out": 20, "top_score": 0.03278688524590164}
{"ts": "2026-09-23T03:52:59.829858+00:00", "trace_id": null, "stage": "gate", "event": "start", "candidates_in": 5}
{"ts": "2026-09-23T03:52:59.829990+00:00", "trace_id": null, "stage": "gate", "event": "finish", "duration_ms": 0.133, "candidates_in": 5, "candidates_out": 5, "top_score": 0.09649846541938197}
{"ts": "2026-09-23T03:53:01.758763+00:00", "trace_id": null, "stage": "gate_form", "event": "start"}
{"ts": "2026-09-23T03:53:01.758884+00:00", "trace_id": null, "stage": "gate_form", "event": "finish", "duration_ms": 0.126}
{"ts": "2026-09-23T03:53:01.758936+00:00", "trace_id": null, "stage": "gate_literal", "event": "start"}
{"ts": "2026-09-23T03:53:01.759069+00:00", "trace_id": null, "stage": "gate_literal", "event": "finish", "duration_ms": 0.133}
{"ts": "2026-09-23T03:53:01.759124+00:00", "trace_id": null, "stage": "gate_entail", "event": "start", "skipped": true, "reason": "no_entailment_model"}
{"ts": "2026-09-23T03:53:01.759188+00:00", "trace_id": null, "stage": "gate_entail", "event": "finish", "duration_ms": 0.062, "degraded": true, "skipped": true, "reason": "no_entailment_model"}
{"ts": "2026-09-23T03:53:01.759249+00:00", "trace_id": null, "stage": "gate_coverage", "event": "start", "coverage": 1.0}
{"ts": "2026-09-23T03:53:01.759295+00:00", "trace_id": null, "stage": "gate_coverage", "event": "finish", "duration_ms": 0.046, "coverage": 1.0}
{"ts": "2026-09-23T03:53:01.759334+00:00", "trace_id": null, "stage": "gate_conflict", "event": "start"}
{"ts": "2026-09-23T03:53:01.759395+00:00", "trace_id": null, "stage": "gate_conflict", "event": "finish", "duration_ms": 0.06, "skipped": true, "reason": "no_conflict"}
{"ts": "2026-09-23T03:53:01.759454+00:00", "trace_id": null, "stage": "embed_query", "event": "start", "model": "Qwen/Qwen3-Embedding-0.6B"}
{"ts": "2026-09-23T03:53:01.802831+00:00", "trace_id": null, "stage": "embed_query", "event": "finish", "duration_ms": 43.375, "model": "Qwen/Qwen3-Embedding-0.6B"}
{"ts": "2026-09-23T03:53:01.802896+00:00", "trace_id": null, "stage": "dense", "event": "start"}
{"ts": "2026-09-23T03:53:01.803210+00:00", "trace_id": null, "stage": "dense", "event": "finish", "duration_ms": 0.312, "candidates_out": 20}
{"ts": "2026-09-23T03:53:01.803269+00:00", "trace_id": null, "stage": "lexical", "event": "start"}
{"ts": "2026-09-23T03:53:01.803610+00:00", "trace_id": null, "stage": "lexical", "event": "finish", "duration_ms": 0.34, "candidates_out": 20}
{"ts": "2026-09-23T03:53:01.803657+00:00", "trace_id": null, "stage": "fuse", "event": "start", "candidates_in": 27}
{"ts": "2026-09-23T03:53:01.803728+00:00", "trace_id": null, "stage": "fuse", "event": "finish", "duration_ms": 0.07, "candidates_in": 27, "candidates_out": 20, "top_score": 0.03252247488101534}
{"ts": "2026-09-23T03:53:01.810493+00:00", "trace_id": null, "stage": "gate", "event": "start", "candidates_in": 5}
{"ts": "2026-09-23T03:53:01.810585+00:00", "trace_id": null, "stage": "gate", "event": "finish", "duration_ms": 0.093, "candidates_in": 5, "candidates_out": 5, "top_score": 0.12661458333333334}
{"ts": "2026-09-23T03:53:03.416833+00:00", "trace_id": null, "stage": "gate_form", "event": "start"}
{"ts": "2026-09-23T03:53:03.417160+00:00", "trace_id": null, "stage": "gate_form", "event": "finish", "duration_ms": 0.33}
{"ts": "2026-09-23T03:53:03.417215+00:00", "trace_id": null, "stage": "gate_literal", "event": "start"}
{"ts": "2026-09-23T03:53:03.417317+00:00", "trace_id": null, "stage": "gate_literal", "event": "finish", "duration_ms": 0.102}
{"ts": "2026-09-23T03:53:03.417358+00:00", "trace_id": null, "stage": "gate_entail", "event": "start", "skipped": true, "reason": "no_entailment_model"}
{"ts": "2026-09-23T03:53:03.417398+00:00", "trace_id": null, "stage": "gate_entail", "event": "finish", "duration_ms": 0.04, "degraded": true, "skipped": true, "reason": "no_entailment_model"}
{"ts": "2026-09-23T03:53:03.417417+00:00", "trace_id": null, "stage": "gate_coverage", "event": "start", "coverage": 1.0}
{"ts": "2026-09-23T03:53:03.417460+00:00", "trace_id": null, "stage": "gate_coverage", "event": "finish", "duration_ms": 0.042, "coverage": 1.0}
{"ts": "2026-09-23T03:53:03.417508+00:00", "trace_id": null, "stage": "gate_conflict", "event": "start"}
{"ts": "2026-09-23T03:53:03.417555+00:00", "trace_id": null, "stage": "gate_conflict", "event": "finish", "duration_ms": 0.046, "skipped": true, "reason": "no_conflict"}
{"ts": "2026-09-23T03:53:03.417582+00:00", "trace_id": null, "stage": "embed_query", "event": "start", "model": "Qwen/Qwen3-Embedding-0.6B"}
{"ts": "2026-09-23T03:53:03.487140+00:00", "trace_id": null, "stage": "embed_query", "event": "finish", "duration_ms": 69.554, "model": "Qwen/Qwen3-Embedding-0.6B"}
{"ts": "2026-09-23T03:53:03.487217+00:00", "trace_id": null, "stage": "dense", "event": "start"}
{"ts": "2026-09-23T03:53:03.487436+00:00", "trace_id": null, "stage": "dense", "event": "finish", "duration_ms": 0.219, "candidates_out": 20}
{"ts": "2026-09-23T03:53:03.487473+00:00", "trace_id": null, "stage": "lexical", "event": "start"}
{"ts": "2026-09-23T03:53:03.487773+00:00", "trace_id": null, "stage": "lexical", "event": "finish", "duration_ms": 0.299, "candidates_out": 20}
{"ts": "2026-09-23T03:53:03.487827+00:00", "trace_id": null, "stage": "fuse", "event": "start", "candidates_in": 31}
{"ts": "2026-09-23T03:53:03.487892+00:00", "trace_id": null, "stage": "fuse", "event": "finish", "duration_ms": 0.065, "candidates_in": 31, "candidates_out": 23, "top_score": 0.03278688524590164}
{"ts": "2026-09-23T03:53:03.494192+00:00", "trace_id": null, "stage": "gate", "event": "start", "candidates_in": 5}
{"ts": "2026-09-23T03:53:03.494278+00:00", "trace_id": null, "stage": "gate", "event": "finish", "duration_ms": 0.087, "candidates_in": 5, "candidates_out": 5, "top_score": 0.060300000000000006}
{"ts": "2026-09-23T03:53:05.727454+00:00", "trace_id": null, "stage": "gate_form", "event": "start"}
{"ts": "2026-09-23T03:53:05.727570+00:00", "trace_id": null, "stage": "gate_form", "event": "finish", "duration_ms": 0.119}
{"ts": "2026-09-23T03:53:05.727628+00:00", "trace_id": null, "stage": "gate_literal", "event": "start"}
{"ts": "2026-09-23T03:53:05.727754+00:00", "trace_id": null, "stage": "gate_literal", "event": "finish", "duration_ms": 0.128}
{"ts": "2026-09-23T03:53:05.727790+00:00", "trace_id": null, "stage": "gate_entail", "event": "start", "skipped": true, "reason": "no_entailment_model"}
{"ts": "2026-09-23T03:53:05.727837+00:00", "trace_id": null, "stage": "gate_entail", "event": "finish", "duration_ms": 0.046, "degraded": true, "skipped": true, "reason": "no_entailment_model"}
{"ts": "2026-09-23T03:53:05.727890+00:00", "trace_id": null, "stage": "gate_coverage", "event": "start", "coverage": 1.0}
{"ts": "2026-09-23T03:53:05.727946+00:00", "trace_id": null, "stage": "gate_coverage", "event": "finish", "duration_ms": 0.056, "coverage": 1.0}
{"ts": "2026-09-23T03:53:05.727998+00:00", "trace_id": null, "stage": "gate_conflict", "event": "start"}
{"ts": "2026-09-23T03:53:05.728053+00:00", "trace_id": null, "stage": "gate_conflict", "event": "finish", "duration_ms": 0.055, "skipped": true, "reason": "no_conflict"}
{"ts": "2026-09-23T03:53:05.728084+00:00", "trace_id": null, "stage": "embed_query", "event": "start", "model": "Qwen/Qwen3-Embedding-0.6B"}
{"ts": "2026-09-23T03:53:05.778968+00:00", "trace_id": null, "stage": "embed_query", "event": "finish", "duration_ms": 50.88, "model": "Qwen/Qwen3-Embedding-0.6B"}
{"ts": "2026-09-23T03:53:05.779051+00:00", "trace_id": null, "stage": "dense", "event": "start"}
{"ts": "2026-09-23T03:53:05.779268+00:00", "trace_id": null, "stage": "dense", "event": "finish", "duration_ms": 0.217, "candidates_out": 20}
{"ts": "2026-09-23T03:53:05.779291+00:00", "trace_id": null, "stage": "lexical", "event": "start"}
{"ts": "2026-09-23T03:53:05.779688+00:00", "trace_id": null, "stage": "lexical", "event": "finish", "duration_ms": 0.396, "candidates_out": 20}
{"ts": "2026-09-23T03:53:05.779755+00:00", "trace_id": null, "stage": "fuse", "event": "start", "candidates_in": 30}
{"ts": "2026-09-23T03:53:05.779837+00:00", "trace_id": null, "stage": "fuse", "event": "finish", "duration_ms": 0.082, "candidates_in": 30, "candidates_out": 20, "top_score": 0.03252247488101534}
{"ts": "2026-09-23T03:53:05.784867+00:00", "trace_id": null, "stage": "gate", "event": "start", "candidates_in": 5}
{"ts": "2026-09-23T03:53:05.784942+00:00", "trace_id": null, "stage": "gate", "event": "finish", "duration_ms": 0.074, "candidates_in": 5, "candidates_out": 5, "top_score": 0.0559787849566056}
{"ts": "2026-09-23T03:53:07.848790+00:00", "trace_id": null, "stage": "gate_form", "event": "start"}
{"ts": "2026-09-23T03:53:07.848903+00:00", "trace_id": null, "stage": "gate_form", "event": "finish", "duration_ms": 0.116}
{"ts": "2026-09-23T03:53:07.848943+00:00", "trace_id": null, "stage": "gate_literal", "event": "start"}
{"ts": "2026-09-23T03:53:07.849049+00:00", "trace_id": null, "stage": "gate_literal", "event": "finish", "duration_ms": 0.106}
{"ts": "2026-09-23T03:53:07.849094+00:00", "trace_id": null, "stage": "gate_entail", "event": "start", "skipped": true, "reason": "no_entailment_model"}
{"ts": "2026-09-23T03:53:07.849142+00:00", "trace_id": null, "stage": "gate_entail", "event": "finish", "duration_ms": 0.049, "degraded": true, "skipped": true, "reason": "no_entailment_model"}
{"ts": "2026-09-23T03:53:07.849164+00:00", "trace_id": null, "stage": "gate_coverage", "event": "start", "coverage": 1.0}
{"ts": "2026-09-23T03:53:07.849202+00:00", "trace_id": null, "stage": "gate_coverage", "event": "finish", "duration_ms": 0.038, "coverage": 1.0}
{"ts": "2026-09-23T03:53:07.849244+00:00", "trace_id": null, "stage": "gate_conflict", "event": "start"}
{"ts": "2026-09-23T03:53:07.849288+00:00", "trace_id": null, "stage": "gate_conflict", "event": "finish", "duration_ms": 0.043, "skipped": true, "reason": "no_conflict"}
{"ts": "2026-09-23T03:53:07.849312+00:00", "trace_id": null, "stage": "embed_query", "event": "start", "model": "Qwen/Qwen3-Embedding-0.6B"}
{"ts": "2026-09-23T03:53:07.894117+00:00", "trace_id": null, "stage": "embed_query", "event": "finish", "duration_ms": 44.801, "model": "Qwen/Qwen3-Embedding-0.6B"}
{"ts": "2026-09-23T03:53:07.894202+00:00", "trace_id": null, "stage": "dense", "event": "start"}
{"ts": "2026-09-23T03:53:07.894523+00:00", "trace_id": null, "stage": "dense", "event": "finish", "duration_ms": 0.32, "candidates_out": 20}
{"ts": "2026-09-23T03:53:07.894620+00:00", "trace_id": null, "stage": "lexical", "event": "start"}
{"ts": "2026-09-23T03:53:07.894957+00:00", "trace_id": null, "stage": "lexical", "event": "finish", "duration_ms": 0.337, "candidates_out": 20}
{"ts": "2026-09-23T03:53:07.895007+00:00", "trace_id": null, "stage": "fuse", "event": "start", "candidates_in": 32}
{"ts": "2026-09-23T03:53:07.895077+00:00", "trace_id": null, "stage": "fuse", "event": "finish", "duration_ms": 0.069, "candidates_in": 32, "candidates_out": 22, "top_score": 0.03252247488101534}
{"ts": "2026-09-23T03:53:07.901963+00:00", "trace_id": null, "stage": "gate", "event": "start", "candidates_in": 5}
{"ts": "2026-09-23T03:53:07.902086+00:00", "trace_id": null, "stage": "gate", "event": "finish", "duration_ms": 0.125, "candidates_in": 5, "candidates_out": 5, "top_score": 0.08455843469063988}
{"ts": "2026-09-23T03:53:09.742814+00:00", "trace_id": null, "stage": "gate_form", "event": "start"}
{"ts": "2026-09-23T03:53:09.742978+00:00", "trace_id": null, "stage": "gate_form", "event": "finish", "duration_ms": 0.168}
{"ts": "2026-09-23T03:53:09.743020+00:00", "trace_id": null, "stage": "gate_literal", "event": "start"}
{"ts": "2026-09-23T03:53:09.743116+00:00", "trace_id": null, "stage": "gate_literal", "event": "finish", "duration_ms": 0.096}
{"ts": "2026-09-23T03:53:09.743160+00:00", "trace_id": null, "stage": "gate_entail", "event": "start", "skipped": true, "reason": "no_entailment_model"}
{"ts": "2026-09-23T03:53:09.743207+00:00", "trace_id": null, "stage": "gate_entail", "event": "finish", "duration_ms": 0.047, "degraded": true, "skipped": true, "reason": "no_entailment_model"}
{"ts": "2026-09-23T03:53:09.743229+00:00", "trace_id": null, "stage": "gate_coverage", "event": "start", "coverage": 1.0}
{"ts": "2026-09-23T03:53:09.743271+00:00", "trace_id": null, "stage": "gate_coverage", "event": "finish", "duration_ms": 0.042, "coverage": 1.0}
{"ts": "2026-09-23T03:53:09.743314+00:00", "trace_id": null, "stage": "gate_conflict", "event": "start"}
{"ts": "2026-09-23T03:53:09.743359+00:00", "trace_id": null, "stage": "gate_conflict", "event": "finish", "duration_ms": 0.044, "skipped": true, "reason": "no_conflict"}
{"ts": "2026-09-23T03:53:09.743384+00:00", "trace_id": null, "stage": "embed_query", "event": "start", "model": "Qwen/Qwen3-Embedding-0.6B"}
{"ts": "2026-09-23T03:53:09.805775+00:00", "trace_id": null, "stage": "embed_query", "event": "finish", "duration_ms": 62.386, "model": "Qwen/Qwen3-Embedding-0.6B"}
{"ts": "2026-09-23T03:53:09.805856+00:00", "trace_id": null, "stage": "dense", "event": "start"}
{"ts": "2026-09-23T03:53:09.806077+00:00", "trace_id": null, "stage": "dense", "event": "finish", "duration_ms": 0.219, "candidates_out": 20}
{"ts": "2026-09-23T03:53:09.806121+00:00", "trace_id": null, "stage": "lexical", "event": "start"}
{"ts": "2026-09-23T03:53:09.806425+00:00", "trace_id": null, "stage": "lexical", "event": "finish", "duration_ms": 0.302, "candidates_out": 20}
{"ts": "2026-09-23T03:53:09.806479+00:00", "trace_id": null, "stage": "fuse", "event": "start", "candidates_in": 29}
{"ts": "2026-09-23T03:53:09.806545+00:00", "trace_id": null, "stage": "fuse", "event": "finish", "duration_ms": 0.066, "candidates_in": 29, "candidates_out": 19, "top_score": 0.032266458495966696}
{"ts": "2026-09-23T03:53:09.811181+00:00", "trace_id": null, "stage": "gate", "event": "start", "candidates_in": 5}
{"ts": "2026-09-23T03:53:09.811241+00:00", "trace_id": null, "stage": "gate", "event": "finish", "duration_ms": 0.06, "candidates_in": 5, "candidates_out": 5, "top_score": 0.09283516483516482}
{"ts": "2026-09-23T03:53:11.806402+00:00", "trace_id": null, "stage": "gate_form", "event": "start"}
{"ts": "2026-09-23T03:53:11.806525+00:00", "trace_id": null, "stage": "gate_form", "event": "finish", "duration_ms": 0.127}
{"ts": "2026-09-23T03:53:11.806576+00:00", "trace_id": null, "stage": "gate_literal", "event": "start"}
{"ts": "2026-09-23T03:53:11.806774+00:00", "trace_id": null, "stage": "gate_literal", "event": "finish", "duration_ms": 0.198}
{"ts": "2026-09-23T03:53:11.806826+00:00", "trace_id": null, "stage": "gate_entail", "event": "start", "skipped": true, "reason": "no_entailment_model"}
{"ts": "2026-09-23T03:53:11.806892+00:00", "trace_id": null, "stage": "gate_entail", "event": "finish", "duration_ms": 0.064, "degraded": true, "skipped": true, "reason": "no_entailment_model"}
{"ts": "2026-09-23T03:53:11.806945+00:00", "trace_id": null, "stage": "gate_coverage", "event": "start", "coverage": 1.0}
{"ts": "2026-09-23T03:53:11.807006+00:00", "trace_id": null, "stage": "gate_coverage", "event": "finish", "duration_ms": 0.062, "coverage": 1.0}
{"ts": "2026-09-23T03:53:11.807043+00:00", "trace_id": null, "stage": "gate_conflict", "event": "start"}
{"ts": "2026-09-23T03:53:11.807102+00:00", "trace_id": null, "stage": "gate_conflict", "event": "finish", "duration_ms": 0.059, "skipped": true, "reason": "no_conflict"}
{"ts": "2026-09-23T03:53:11.807155+00:00", "trace_id": null, "stage": "embed_query", "event": "start", "model": "Qwen/Qwen3-Embedding-0.6B"}
{"ts": "2026-09-23T03:53:11.855073+00:00", "trace_id": null, "stage": "embed_query", "event": "finish", "duration_ms": 47.915, "model": "Qwen/Qwen3-Embedding-0.6B"}
{"ts": "2026-09-23T03:53:11.855151+00:00", "trace_id": null, "stage": "dense", "event": "start"}
{"ts": "2026-09-23T03:53:11.855355+00:00", "trace_id": null, "stage": "dense", "event": "finish", "duration_ms": 0.204, "candidates_out": 20}
{"ts": "2026-09-23T03:53:11.855390+00:00", "trace_id": null, "stage": "lexical", "event": "start"}
{"ts": "2026-09-23T03:53:11.855692+00:00", "trace_id": null, "stage": "lexical", "event": "finish", "duration_ms": 0.3, "candidates_out": 20}
{"ts": "2026-09-23T03:53:11.855747+00:00", "trace_id": null, "stage": "fuse", "event": "start", "candidates_in": 32}
{"ts": "2026-09-23T03:53:11.855815+00:00", "trace_id": null, "stage": "fuse", "event": "finish", "duration_ms": 0.068, "candidates_in": 32, "candidates_out": 18, "top_score": 0.03278688524590164}
{"ts": "2026-09-23T03:53:11.861864+00:00", "trace_id": null, "stage": "gate", "event": "start", "candidates_in": 5}
{"ts": "2026-09-23T03:53:11.861962+00:00", "trace_id": null, "stage": "gate", "event": "finish", "duration_ms": 0.099, "candidates_in": 5, "candidates_out": 5, "top_score": 0.15753442622950822}
{"ts": "2026-09-23T03:53:13.827852+00:00", "trace_id": null, "stage": "gate_form", "event": "start"}
{"ts": "2026-09-23T03:53:13.827959+00:00", "trace_id": null, "stage": "gate_form", "event": "finish", "duration_ms": 0.111}
{"ts": "2026-09-23T03:53:13.828003+00:00", "trace_id": null, "stage": "gate_literal", "event": "start"}
{"ts": "2026-09-23T03:53:13.828109+00:00", "trace_id": null, "stage": "gate_literal", "event": "finish", "duration_ms": 0.105}
{"ts": "2026-09-23T03:53:13.828163+00:00", "trace_id": null, "stage": "gate_entail", "event": "start", "skipped": true, "reason": "no_entailment_model"}
{"ts": "2026-09-23T03:53:13.828213+00:00", "trace_id": null, "stage": "gate_entail", "event": "finish", "duration_ms": 0.05, "degraded": true, "skipped": true, "reason": "no_entailment_model"}
{"ts": "2026-09-23T03:53:13.828237+00:00", "trace_id": null, "stage": "gate_coverage", "event": "start", "coverage": 1.0}
{"ts": "2026-09-23T03:53:13.828274+00:00", "trace_id": null, "stage": "gate_coverage", "event": "finish", "duration_ms": 0.038, "coverage": 1.0}
{"ts": "2026-09-23T03:53:13.828289+00:00", "trace_id": null, "stage": "gate_conflict", "event": "start"}
{"ts": "2026-09-23T03:53:13.828344+00:00", "trace_id": null, "stage": "gate_conflict", "event": "finish", "duration_ms": 0.05, "skipped": true, "reason": "no_conflict"}
{"ts": "2026-09-23T03:53:13.828425+00:00", "trace_id": null, "stage": "embed_query", "event": "start", "model": "Qwen/Qwen3-Embedding-0.6B"}
{"ts": "2026-09-23T03:53:13.882745+00:00", "trace_id": null, "stage": "embed_query", "event": "finish", "duration_ms": 54.318, "model": "Qwen/Qwen3-Embedding-0.6B"}
{"ts": "2026-09-23T03:53:13.882823+00:00", "trace_id": null, "stage": "dense", "event": "start"}
{"ts": "2026-09-23T03:53:13.883028+00:00", "trace_id": null, "stage": "dense", "event": "finish", "duration_ms": 0.205, "candidates_out": 20}
{"ts": "2026-09-23T03:53:13.883063+00:00", "trace_id": null, "stage": "lexical", "event": "start"}
{"ts": "2026-09-23T03:53:13.883383+00:00", "trace_id": null, "stage": "lexical", "event": "finish", "duration_ms": 0.319, "candidates_out": 20}
{"ts": "2026-09-23T03:53:13.883436+00:00", "trace_id": null, "stage": "fuse", "event": "start", "candidates_in": 33}
{"ts": "2026-09-23T03:53:13.883495+00:00", "trace_id": null, "stage": "fuse", "event": "finish", "duration_ms": 0.06, "candidates_in": 33, "candidates_out": 20, "top_score": 0.03278688524590164}
{"ts": "2026-09-23T03:53:13.890708+00:00", "trace_id": null, "stage": "gate", "event": "start", "candidates_in": 5}
{"ts": "2026-09-23T03:53:13.890816+00:00", "trace_id": null, "stage": "gate", "event": "finish", "duration_ms": 0.11, "candidates_in": 5, "candidates_out": 5, "top_score": 0.15753442622950822}
{"ts": "2026-09-23T03:53:16.263039+00:00", "trace_id": null, "stage": "gate_form", "event": "start"}
{"ts": "2026-09-23T03:53:16.263182+00:00", "trace_id": null, "stage": "gate_form", "event": "finish", "duration_ms": 0.148}
{"ts": "2026-09-23T03:53:16.263252+00:00", "trace_id": null, "stage": "gate_literal", "event": "start"}
{"ts": "2026-09-23T03:53:16.263394+00:00", "trace_id": null, "stage": "gate_literal", "event": "finish", "duration_ms": 0.142}
{"ts": "2026-09-23T03:53:16.263448+00:00", "trace_id": null, "stage": "gate_entail", "event": "start", "skipped": true, "reason": "no_entailment_model"}
{"ts": "2026-09-23T03:53:16.263506+00:00", "trace_id": null, "stage": "gate_entail", "event": "finish", "duration_ms": 0.058, "degraded": true, "skipped": true, "reason": "no_entailment_model"}
{"ts": "2026-09-23T03:53:16.263550+00:00", "trace_id": null, "stage": "gate_coverage", "event": "start", "coverage": 1.0}
{"ts": "2026-09-23T03:53:16.263592+00:00", "trace_id": null, "stage": "gate_coverage", "event": "finish", "duration_ms": 0.043, "coverage": 1.0}
{"ts": "2026-09-23T03:53:16.263612+00:00", "trace_id": null, "stage": "gate_conflict", "event": "start"}
{"ts": "2026-09-23T03:53:16.263666+00:00", "trace_id": null, "stage": "gate_conflict", "event": "finish", "duration_ms": 0.053, "skipped": true, "reason": "no_conflict"}
{"ts": "2026-09-23T03:53:16.263729+00:00", "trace_id": null, "stage": "embed_query", "event": "start", "model": "Qwen/Qwen3-Embedding-0.6B"}
{"ts": "2026-09-23T03:53:16.306431+00:00", "trace_id": null, "stage": "embed_query", "event": "finish", "duration_ms": 42.698, "model": "Qwen/Qwen3-Embedding-0.6B"}
{"ts": "2026-09-23T03:53:16.306496+00:00", "trace_id": null, "stage": "dense", "event": "start"}
{"ts": "2026-09-23T03:53:16.306695+00:00", "trace_id": null, "stage": "dense", "event": "finish", "duration_ms": 0.198, "candidates_out": 20}
{"ts": "2026-09-23T03:53:16.306729+00:00", "trace_id": null, "stage": "lexical", "event": "start"}
{"ts": "2026-09-23T03:53:16.306971+00:00", "trace_id": null, "stage": "lexical", "event": "finish", "duration_ms": 0.242, "candidates_out": 13}
{"ts": "2026-09-23T03:53:16.307002+00:00", "trace_id": null, "stage": "fuse", "event": "start", "candidates_in": 25}
{"ts": "2026-09-23T03:53:16.307060+00:00", "trace_id": null, "stage": "fuse", "event": "finish", "duration_ms": 0.058, "candidates_in": 25, "candidates_out": 19, "top_score": 0.03278688524590164}
{"ts": "2026-09-23T03:53:16.313139+00:00", "trace_id": null, "stage": "gate", "event": "start", "candidates_in": 5}
{"ts": "2026-09-23T03:53:16.313256+00:00", "trace_id": null, "stage": "gate", "event": "finish", "duration_ms": 0.12, "candidates_in": 5, "candidates_out": 5, "top_score": 0.06609836065573772}
{"ts": "2026-09-23T03:53:18.070638+00:00", "trace_id": null, "stage": "gate_form", "event": "start"}
{"ts": "2026-09-23T03:53:18.070805+00:00", "trace_id": null, "stage": "gate_form", "event": "finish", "duration_ms": 0.184}
{"ts": "2026-09-23T03:53:18.070861+00:00", "trace_id": null, "stage": "gate_literal", "event": "start"}
{"ts": "2026-09-23T03:53:18.070997+00:00", "trace_id": null, "stage": "gate_literal", "event": "finish", "duration_ms": 0.136}
{"ts": "2026-09-23T03:53:18.071056+00:00", "trace_id": null, "stage": "gate_entail", "event": "start", "skipped": true, "reason": "no_entailment_model"}
{"ts": "2026-09-23T03:53:18.071120+00:00", "trace_id": null, "stage": "gate_entail", "event": "finish", "duration_ms": 0.065, "degraded": true, "skipped": true, "reason": "no_entailment_model"}
{"ts": "2026-09-23T03:53:18.071156+00:00", "trace_id": null, "stage": "gate_coverage", "event": "start", "coverage": 1.0}
{"ts": "2026-09-23T03:53:18.071214+00:00", "trace_id": null, "stage": "gate_coverage", "event": "finish", "duration_ms": 0.059, "coverage": 1.0}
{"ts": "2026-09-23T03:53:18.071289+00:00", "trace_id": null, "stage": "gate_conflict", "event": "start"}
{"ts": "2026-09-23T03:53:18.071401+00:00", "trace_id": null, "stage": "gate_conflict", "event": "finish", "duration_ms": 0.111, "skipped": true, "reason": "no_conflict"}
{"ts": "2026-09-23T03:53:18.071489+00:00", "trace_id": null, "stage": "embed_query", "event": "start", "model": "Qwen/Qwen3-Embedding-0.6B"}
{"ts": "2026-09-23T03:53:18.131228+00:00", "trace_id": null, "stage": "embed_query", "event": "finish", "duration_ms": 59.736, "model": "Qwen/Qwen3-Embedding-0.6B"}
{"ts": "2026-09-23T03:53:18.131304+00:00", "trace_id": null, "stage": "dense", "event": "start"}
{"ts": "2026-09-23T03:53:18.131674+00:00", "trace_id": null, "stage": "dense", "event": "finish", "duration_ms": 0.37, "candidates_out": 20}
{"ts": "2026-09-23T03:53:18.131716+00:00", "trace_id": null, "stage": "lexical", "event": "start"}
{"ts": "2026-09-23T03:53:18.132030+00:00", "trace_id": null, "stage": "lexical", "event": "finish", "duration_ms": 0.313, "candidates_out": 20}
{"ts": "2026-09-23T03:53:18.132079+00:00", "trace_id": null, "stage": "fuse", "event": "start", "candidates_in": 32}
{"ts": "2026-09-23T03:53:18.132152+00:00", "trace_id": null, "stage": "fuse", "event": "finish", "duration_ms": 0.072, "candidates_in": 32, "candidates_out": 20, "top_score": 0.03278688524590164}
{"ts": "2026-09-23T03:53:18.137707+00:00", "trace_id": null, "stage": "gate", "event": "start", "candidates_in": 5}
{"ts": "2026-09-23T03:53:18.137817+00:00", "trace_id": null, "stage": "gate", "event": "finish", "duration_ms": 0.11, "candidates_in": 5, "candidates_out": 5, "top_score": 0.09737704918032787}
{"ts": "2026-09-23T03:53:19.739362+00:00", "trace_id": null, "stage": "gate_form", "event": "start"}
{"ts": "2026-09-23T03:53:19.739451+00:00", "trace_id": null, "stage": "gate_form", "event": "finish", "duration_ms": 0.093}
{"ts": "2026-09-23T03:53:19.739482+00:00", "trace_id": null, "stage": "gate_literal", "event": "start"}
{"ts": "2026-09-23T03:53:19.739546+00:00", "trace_id": null, "stage": "gate_literal", "event": "finish", "duration_ms": 0.064}
{"ts": "2026-09-23T03:53:19.739567+00:00", "trace_id": null, "stage": "gate_entail", "event": "start", "skipped": true, "reason": "no_entailment_model"}
{"ts": "2026-09-23T03:53:19.739598+00:00", "trace_id": null, "stage": "gate_entail", "event": "finish", "duration_ms": 0.032, "degraded": true, "skipped": true, "reason": "no_entailment_model"}
{"ts": "2026-09-23T03:53:19.739626+00:00", "trace_id": null, "stage": "gate_coverage", "event": "start", "coverage": 1.0}
{"ts": "2026-09-23T03:53:19.739656+00:00", "trace_id": null, "stage": "gate_coverage", "event": "finish", "duration_ms": 0.03, "coverage": 1.0}
{"ts": "2026-09-23T03:53:19.739675+00:00", "trace_id": null, "stage": "gate_conflict", "event": "start"}
{"ts": "2026-09-23T03:53:19.739711+00:00", "trace_id": null, "stage": "gate_conflict", "event": "finish", "duration_ms": 0.036, "skipped": true, "reason": "no_conflict"}
{"ts": "2026-09-23T03:53:19.739736+00:00", "trace_id": null, "stage": "embed_query", "event": "start", "model": "Qwen/Qwen3-Embedding-0.6B"}
{"ts": "2026-09-23T03:53:19.780021+00:00", "trace_id": null, "stage": "embed_query", "event": "finish", "duration_ms": 40.282, "model": "Qwen/Qwen3-Embedding-0.6B"}
{"ts": "2026-09-23T03:53:19.780092+00:00", "trace_id": null, "stage": "dense", "event": "start"}
{"ts": "2026-09-23T03:53:19.780293+00:00", "trace_id": null, "stage": "dense", "event": "finish", "duration_ms": 0.201, "candidates_out": 20}
{"ts": "2026-09-23T03:53:19.780339+00:00", "trace_id": null, "stage": "lexical", "event": "start"}
{"ts": "2026-09-23T03:53:19.780633+00:00", "trace_id": null, "stage": "lexical", "event": "finish", "duration_ms": 0.294, "candidates_out": 20}
{"ts": "2026-09-23T03:53:19.780680+00:00", "trace_id": null, "stage": "fuse", "event": "start", "candidates_in": 33}
{"ts": "2026-09-23T03:53:19.780747+00:00", "trace_id": null, "stage": "fuse", "event": "finish", "duration_ms": 0.066, "candidates_in": 33, "candidates_out": 22, "top_score": 0.03278688524590164}
{"ts": "2026-09-23T03:53:19.784650+00:00", "trace_id": null, "stage": "gate", "event": "start", "candidates_in": 5}
{"ts": "2026-09-23T03:53:19.784750+00:00", "trace_id": null, "stage": "gate", "event": "finish", "duration_ms": 0.1, "candidates_in": 5, "candidates_out": 5, "top_score": 0.05901639344262295}
{"ts": "2026-09-23T03:53:21.777568+00:00", "trace_id": null, "stage": "gate_form", "event": "start"}
{"ts": "2026-09-23T03:53:21.777661+00:00", "trace_id": null, "stage": "gate_form", "event": "finish", "duration_ms": 0.097}
{"ts": "2026-09-23T03:53:21.777701+00:00", "trace_id": null, "stage": "gate_literal", "event": "start"}
{"ts": "2026-09-23T03:53:21.777805+00:00", "trace_id": null, "stage": "gate_literal", "event": "finish", "duration_ms": 0.103}
{"ts": "2026-09-23T03:53:21.777850+00:00", "trace_id": null, "stage": "gate_entail", "event": "start", "skipped": true, "reason": "no_entailment_model"}
{"ts": "2026-09-23T03:53:21.777893+00:00", "trace_id": null, "stage": "gate_entail", "event": "finish", "duration_ms": 0.042, "degraded": true, "skipped": true, "reason": "no_entailment_model"}
{"ts": "2026-09-23T03:53:21.777917+00:00", "trace_id": null, "stage": "gate_coverage", "event": "start", "coverage": 1.0}
{"ts": "2026-09-23T03:53:21.778033+00:00", "trace_id": null, "stage": "gate_coverage", "event": "finish", "duration_ms": 0.111, "coverage": 1.0}
{"ts": "2026-09-23T03:53:21.778109+00:00", "trace_id": null, "stage": "gate_conflict", "event": "start"}
{"ts": "2026-09-23T03:53:21.778241+00:00", "trace_id": null, "stage": "gate_conflict", "event": "finish", "duration_ms": 0.131, "skipped": true, "reason": "no_conflict"}
{"ts": "2026-09-23T03:53:21.778302+00:00", "trace_id": null, "stage": "embed_query", "event": "start", "model": "Qwen/Qwen3-Embedding-0.6B"}
{"ts": "2026-09-23T03:53:21.853913+00:00", "trace_id": null, "stage": "embed_query", "event": "finish", "duration_ms": 75.61, "model": "Qwen/Qwen3-Embedding-0.6B"}
{"ts": "2026-09-23T03:53:21.853974+00:00", "trace_id": null, "stage": "dense", "event": "start"}
{"ts": "2026-09-23T03:53:21.854197+00:00", "trace_id": null, "stage": "dense", "event": "finish", "duration_ms": 0.222, "candidates_out": 20}
{"ts": "2026-09-23T03:53:21.854238+00:00", "trace_id": null, "stage": "lexical", "event": "start"}
{"ts": "2026-09-23T03:53:21.854507+00:00", "trace_id": null, "stage": "lexical", "event": "finish", "duration_ms": 0.269, "candidates_out": 20}
{"ts": "2026-09-23T03:53:21.854545+00:00", "trace_id": null, "stage": "fuse", "event": "start", "candidates_in": 35}
{"ts": "2026-09-23T03:53:21.854608+00:00", "trace_id": null, "stage": "fuse", "event": "finish", "duration_ms": 0.063, "candidates_in": 35, "candidates_out": 22, "top_score": 0.032266458495966696}
{"ts": "2026-09-23T03:53:21.858087+00:00", "trace_id": null, "stage": "gate", "event": "start", "candidates_in": 5}
{"ts": "2026-09-23T03:53:21.858165+00:00", "trace_id": null, "stage": "gate", "event": "finish", "duration_ms": 0.077, "candidates_in": 5, "candidates_out": 5, "top_score": 0.09583138173302108}
{"ts": "2026-09-23T03:53:23.422506+00:00", "trace_id": null, "stage": "gate_form", "event": "start"}
{"ts": "2026-09-23T03:53:23.422615+00:00", "trace_id": null, "stage": "gate_form", "event": "finish", "duration_ms": 0.112}
{"ts": "2026-09-23T03:53:23.422671+00:00", "trace_id": null, "stage": "gate_literal", "event": "start"}
{"ts": "2026-09-23T03:53:23.422771+00:00", "trace_id": null, "stage": "gate_literal", "event": "finish", "duration_ms": 0.1}
{"ts": "2026-09-23T03:53:23.422816+00:00", "trace_id": null, "stage": "gate_entail", "event": "start", "skipped": true, "reason": "no_entailment_model"}
{"ts": "2026-09-23T03:53:23.422857+00:00", "trace_id": null, "stage": "gate_entail", "event": "finish", "duration_ms": 0.041, "degraded": true, "skipped": true, "reason": "no_entailment_model"}
{"ts": "2026-09-23T03:53:23.422884+00:00", "trace_id": null, "stage": "gate_coverage", "event": "start", "coverage": 1.0}
{"ts": "2026-09-23T03:53:23.422911+00:00", "trace_id": null, "stage": "gate_coverage", "event": "finish", "duration_ms": 0.027, "coverage": 1.0}
{"ts": "2026-09-23T03:53:23.422924+00:00", "trace_id": null, "stage": "gate_conflict", "event": "start"}
{"ts": "2026-09-23T03:53:23.422978+00:00", "trace_id": null, "stage": "gate_conflict", "event": "finish", "duration_ms": 0.053, "skipped": true, "reason": "no_conflict"}
{"ts": "2026-09-23T03:53:23.423019+00:00", "trace_id": null, "stage": "embed_query", "event": "start", "model": "Qwen/Qwen3-Embedding-0.6B"}
{"ts": "2026-09-23T03:53:23.478816+00:00", "trace_id": null, "stage": "embed_query", "event": "finish", "duration_ms": 55.794, "model": "Qwen/Qwen3-Embedding-0.6B"}
{"ts": "2026-09-23T03:53:23.478891+00:00", "trace_id": null, "stage": "dense", "event": "start"}
{"ts": "2026-09-23T03:53:23.479190+00:00", "trace_id": null, "stage": "dense", "event": "finish", "duration_ms": 0.299, "candidates_out": 20}
{"ts": "2026-09-23T03:53:23.479233+00:00", "trace_id": null, "stage": "lexical", "event": "start"}
{"ts": "2026-09-23T03:53:23.479603+00:00", "trace_id": null, "stage": "lexical", "event": "finish", "duration_ms": 0.37, "candidates_out": 20}
{"ts": "2026-09-23T03:53:23.479642+00:00", "trace_id": null, "stage": "fuse", "event": "start", "candidates_in": 36}
{"ts": "2026-09-23T03:53:23.479719+00:00", "trace_id": null, "stage": "fuse", "event": "finish", "duration_ms": 0.076, "candidates_in": 36, "candidates_out": 25, "top_score": 0.03252247488101534}
{"ts": "2026-09-23T03:53:23.489905+00:00", "trace_id": null, "stage": "gate", "event": "start", "candidates_in": 5}
{"ts": "2026-09-23T03:53:23.489990+00:00", "trace_id": null, "stage": "gate", "event": "finish", "duration_ms": 0.087, "candidates_in": 5, "candidates_out": 5, "top_score": 0.05854045478582761}
{"ts": "2026-09-23T03:53:25.705832+00:00", "trace_id": null, "stage": "gate_form", "event": "start"}
{"ts": "2026-09-23T03:53:25.705957+00:00", "trace_id": null, "stage": "gate_form", "event": "finish", "duration_ms": 0.129}
{"ts": "2026-09-23T03:53:25.706014+00:00", "trace_id": null, "stage": "gate_literal", "event": "start"}
{"ts": "2026-09-23T03:53:25.706135+00:00", "trace_id": null, "stage": "gate_literal", "event": "finish", "duration_ms": 0.121}
{"ts": "2026-09-23T03:53:25.706172+00:00", "trace_id": null, "stage": "gate_entail", "event": "start", "skipped": true, "reason": "no_entailment_model"}
{"ts": "2026-09-23T03:53:25.706221+00:00", "trace_id": null, "stage": "gate_entail", "event": "finish", "duration_ms": 0.048, "degraded": true, "skipped": true, "reason": "no_entailment_model"}
{"ts": "2026-09-23T03:53:25.706247+00:00", "trace_id": null, "stage": "gate_coverage", "event": "start", "coverage": 1.0}
{"ts": "2026-09-23T03:53:25.706292+00:00", "trace_id": null, "stage": "gate_coverage", "event": "finish", "duration_ms": 0.045, "coverage": 1.0}
{"ts": "2026-09-23T03:53:25.706312+00:00", "trace_id": null, "stage": "gate_conflict", "event": "start"}
{"ts": "2026-09-23T03:53:25.706371+00:00", "trace_id": null, "stage": "gate_conflict", "event": "finish", "duration_ms": 0.058, "skipped": true, "reason": "no_conflict"}
{"ts": "2026-09-23T03:53:25.706403+00:00", "trace_id": null, "stage": "embed_query", "event": "start", "model": "Qwen/Qwen3-Embedding-0.6B"}
{"ts": "2026-09-23T03:53:25.750917+00:00", "trace_id": null, "stage": "embed_query", "event": "finish", "duration_ms": 44.512, "model": "Qwen/Qwen3-Embedding-0.6B"}
{"ts": "2026-09-23T03:53:25.750991+00:00", "trace_id": null, "stage": "dense", "event": "start"}
{"ts": "2026-09-23T03:53:25.751203+00:00", "trace_id": null, "stage": "dense", "event": "finish", "duration_ms": 0.212, "candidates_out": 20}
{"ts": "2026-09-23T03:53:25.751224+00:00", "trace_id": null, "stage": "lexical", "event": "start"}
{"ts": "2026-09-23T03:53:25.751505+00:00", "trace_id": null, "stage": "lexical", "event": "finish", "duration_ms": 0.28, "candidates_out": 20}
{"ts": "2026-09-23T03:53:25.751555+00:00", "trace_id": null, "stage": "fuse", "event": "start", "candidates_in": 32}
{"ts": "2026-09-23T03:53:25.751621+00:00", "trace_id": null, "stage": "fuse", "event": "finish", "duration_ms": 0.066, "candidates_in": 32, "candidates_out": 22, "top_score": 0.03278688524590164}
{"ts": "2026-09-23T03:53:25.756921+00:00", "trace_id": null, "stage": "gate", "event": "start", "candidates_in": 5}
{"ts": "2026-09-23T03:53:25.756996+00:00", "trace_id": null, "stage": "gate", "event": "finish", "duration_ms": 0.075, "candidates_in": 5, "candidates_out": 5, "top_score": 0.09737704918032787}
{"ts": "2026-09-23T03:53:28.856154+00:00", "trace_id": null, "stage": "gate_form", "event": "start"}
{"ts": "2026-09-23T03:53:28.856256+00:00", "trace_id": null, "stage": "gate_form", "event": "finish", "duration_ms": 0.103}
{"ts": "2026-09-23T03:53:28.856279+00:00", "trace_id": null, "stage": "gate_literal", "event": "start"}
{"ts": "2026-09-23T03:53:28.856404+00:00", "trace_id": null, "stage": "gate_literal", "event": "finish", "duration_ms": 0.125}
{"ts": "2026-09-23T03:53:28.856460+00:00", "trace_id": null, "stage": "gate_entail", "event": "start", "skipped": true, "reason": "no_entailment_model"}
{"ts": "2026-09-23T03:53:28.856492+00:00", "trace_id": null, "stage": "gate_entail", "event": "finish", "duration_ms": 0.033, "degraded": true, "skipped": true, "reason": "no_entailment_model"}
{"ts": "2026-09-23T03:53:28.856507+00:00", "trace_id": null, "stage": "gate_coverage", "event": "start", "coverage": 1.0}
{"ts": "2026-09-23T03:53:28.856542+00:00", "trace_id": null, "stage": "gate_coverage", "event": "finish", "duration_ms": 0.033, "coverage": 1.0}
{"ts": "2026-09-23T03:53:28.856600+00:00", "trace_id": null, "stage": "gate_conflict", "event": "start"}
{"ts": "2026-09-23T03:53:28.856653+00:00", "trace_id": null, "stage": "gate_conflict", "event": "finish", "duration_ms": 0.053, "skipped": true, "reason": "no_conflict"}
{"ts": "2026-09-23T03:53:28.856693+00:00", "trace_id": null, "stage": "embed_query", "event": "start", "model": "Qwen/Qwen3-Embedding-0.6B"}
{"ts": "2026-09-23T03:53:28.909760+00:00", "trace_id": null, "stage": "embed_query", "event": "finish", "duration_ms": 53.065, "model": "Qwen/Qwen3-Embedding-0.6B"}
{"ts": "2026-09-23T03:53:28.909830+00:00", "trace_id": null, "stage": "dense", "event": "start"}
{"ts": "2026-09-23T03:53:28.910019+00:00", "trace_id": null, "stage": "dense", "event": "finish", "duration_ms": 0.188, "candidates_out": 20}
{"ts": "2026-09-23T03:53:28.910043+00:00", "trace_id": null, "stage": "lexical", "event": "start"}
{"ts": "2026-09-23T03:53:28.910324+00:00", "trace_id": null, "stage": "lexical", "event": "finish", "duration_ms": 0.279, "candidates_out": 20}
{"ts": "2026-09-23T03:53:28.910380+00:00", "trace_id": null, "stage": "fuse", "event": "start", "candidates_in": 32}
{"ts": "2026-09-23T03:53:28.910448+00:00", "trace_id": null, "stage": "fuse", "event": "finish", "duration_ms": 0.067, "candidates_in": 32, "candidates_out": 22, "top_score": 0.03252247488101534}
{"ts": "2026-09-23T03:53:28.916876+00:00", "trace_id": null, "stage": "gate", "event": "start", "candidates_in": 5}
{"ts": "2026-09-23T03:53:28.916990+00:00", "trace_id": null, "stage": "gate", "event": "finish", "duration_ms": 0.117, "candidates_in": 5, "candidates_out": 5, "top_score": 0.09659175039661555}
{"ts": "2026-09-23T03:53:30.955482+00:00", "trace_id": null, "stage": "gate_form", "event": "start"}
{"ts": "2026-09-23T03:53:30.955573+00:00", "trace_id": null, "stage": "gate_form", "event": "finish", "duration_ms": 0.092}
{"ts": "2026-09-23T03:53:30.955627+00:00", "trace_id": null, "stage": "gate_literal", "event": "start", "skipped": true, "reason": "form_failed"}
{"ts": "2026-09-23T03:53:30.955681+00:00", "trace_id": null, "stage": "gate_literal", "event": "finish", "duration_ms": 0.055, "skipped": true, "reason": "form_failed"}
{"ts": "2026-09-23T03:53:30.955702+00:00", "trace_id": null, "stage": "gate_conflict", "event": "start"}
{"ts": "2026-09-23T03:53:30.955754+00:00", "trace_id": null, "stage": "gate_conflict", "event": "finish", "duration_ms": 0.051, "skipped": true, "reason": "no_conflict"}
ABSTAIN sem-029 reason=missing_citation raw='The water policy lists that employees are to report leaks as part of their duties.'
{"ts": "2026-09-23T03:53:30.955824+00:00", "trace_id": null, "stage": "embed_query", "event": "start", "model": "Qwen/Qwen3-Embedding-0.6B"}
{"ts": "2026-09-23T03:53:31.008069+00:00", "trace_id": null, "stage": "embed_query", "event": "finish", "duration_ms": 52.24, "model": "Qwen/Qwen3-Embedding-0.6B"}
{"ts": "2026-09-23T03:53:31.008151+00:00", "trace_id": null, "stage": "dense", "event": "start"}
{"ts": "2026-09-23T03:53:31.008395+00:00", "trace_id": null, "stage": "dense", "event": "finish", "duration_ms": 0.243, "candidates_out": 20}
{"ts": "2026-09-23T03:53:31.008418+00:00", "trace_id": null, "stage": "lexical", "event": "start"}
{"ts": "2026-09-23T03:53:31.008751+00:00", "trace_id": null, "stage": "lexical", "event": "finish", "duration_ms": 0.332, "candidates_out": 20}
{"ts": "2026-09-23T03:53:31.008792+00:00", "trace_id": null, "stage": "fuse", "event": "start", "candidates_in": 23}
{"ts": "2026-09-23T03:53:31.008873+00:00", "trace_id": null, "stage": "fuse", "event": "finish", "duration_ms": 0.085, "candidates_in": 23, "candidates_out": 18, "top_score": 0.032266458495966696}
{"ts": "2026-09-23T03:53:31.014561+00:00", "trace_id": null, "stage": "gate", "event": "start", "candidates_in": 5}
{"ts": "2026-09-23T03:53:31.014639+00:00", "trace_id": null, "stage": "gate", "event": "finish", "duration_ms": 0.079, "candidates_in": 5, "candidates_out": 5, "top_score": 0.05868145161290323}
{"ts": "2026-09-23T03:53:34.589525+00:00", "trace_id": null, "stage": "gate_form", "event": "start"}
{"ts": "2026-09-23T03:53:34.589842+00:00", "trace_id": null, "stage": "gate_form", "event": "finish", "duration_ms": 0.318}
{"ts": "2026-09-23T03:53:34.589900+00:00", "trace_id": null, "stage": "gate_literal", "event": "start"}
{"ts": "2026-09-23T03:53:34.590138+00:00", "trace_id": null, "stage": "gate_literal", "event": "finish", "duration_ms": 0.238}
{"ts": "2026-09-23T03:53:34.590189+00:00", "trace_id": null, "stage": "gate_entail", "event": "start", "skipped": true, "reason": "no_entailment_model"}
{"ts": "2026-09-23T03:53:34.590242+00:00", "trace_id": null, "stage": "gate_entail", "event": "finish", "duration_ms": 0.054, "degraded": true, "skipped": true, "reason": "no_entailment_model"}
{"ts": "2026-09-23T03:53:34.590272+00:00", "trace_id": null, "stage": "gate_coverage", "event": "start", "coverage": 1.0}
{"ts": "2026-09-23T03:53:34.590316+00:00", "trace_id": null, "stage": "gate_coverage", "event": "finish", "duration_ms": 0.043, "coverage": 1.0}
{"ts": "2026-09-23T03:53:34.590343+00:00", "trace_id": null, "stage": "gate_conflict", "event": "start"}
{"ts": "2026-09-23T03:53:34.590409+00:00", "trace_id": null, "stage": "gate_conflict", "event": "finish", "duration_ms": 0.065, "skipped": true, "reason": "no_conflict"}
{"ts": "2026-09-23T03:53:34.590439+00:00", "trace_id": null, "stage": "embed_query", "event": "start", "model": "Qwen/Qwen3-Embedding-0.6B"}
{"ts": "2026-09-23T03:53:34.640003+00:00", "trace_id": null, "stage": "embed_query", "event": "finish", "duration_ms": 49.561, "model": "Qwen/Qwen3-Embedding-0.6B"}
{"ts": "2026-09-23T03:53:34.640082+00:00", "trace_id": null, "stage": "dense", "event": "start"}
{"ts": "2026-09-23T03:53:34.640306+00:00", "trace_id": null, "stage": "dense", "event": "finish", "duration_ms": 0.223, "candidates_out": 20}
{"ts": "2026-09-23T03:53:34.640343+00:00", "trace_id": null, "stage": "lexical", "event": "start"}
{"ts": "2026-09-23T03:53:34.640655+00:00", "trace_id": null, "stage": "lexical", "event": "finish", "duration_ms": 0.311, "candidates_out": 20}
{"ts": "2026-09-23T03:53:34.640709+00:00", "trace_id": null, "stage": "fuse", "event": "start", "candidates_in": 31}
{"ts": "2026-09-23T03:53:34.640778+00:00", "trace_id": null, "stage": "fuse", "event": "finish", "duration_ms": 0.07, "candidates_in": 31, "candidates_out": 22, "top_score": 0.03177805800756621}
{"ts": "2026-09-23T03:53:34.647802+00:00", "trace_id": null, "stage": "gate", "event": "start", "candidates_in": 5}
{"ts": "2026-09-23T03:53:34.647911+00:00", "trace_id": null, "stage": "gate", "event": "finish", "duration_ms": 0.11, "candidates_in": 5, "candidates_out": 5, "top_score": 0.03393939393939394}
{"ts": "2026-09-23T03:53:37.272242+00:00", "trace_id": null, "stage": "gate_form", "event": "start"}
{"ts": "2026-09-23T03:53:37.272370+00:00", "trace_id": null, "stage": "gate_form", "event": "finish", "duration_ms": 0.132}
{"ts": "2026-09-23T03:53:37.272421+00:00", "trace_id": null, "stage": "gate_literal", "event": "start"}
{"ts": "2026-09-23T03:53:37.272536+00:00", "trace_id": null, "stage": "gate_literal", "event": "finish", "duration_ms": 0.115}
{"ts": "2026-09-23T03:53:37.272590+00:00", "trace_id": null, "stage": "gate_entail", "event": "start", "skipped": true, "reason": "no_entailment_model"}
{"ts": "2026-09-23T03:53:37.272648+00:00", "trace_id": null, "stage": "gate_entail", "event": "finish", "duration_ms": 0.059, "degraded": true, "skipped": true, "reason": "no_entailment_model"}
{"ts": "2026-09-23T03:53:37.272686+00:00", "trace_id": null, "stage": "gate_coverage", "event": "start", "coverage": 1.0}
{"ts": "2026-09-23T03:53:37.272724+00:00", "trace_id": null, "stage": "gate_coverage", "event": "finish", "duration_ms": 0.038, "coverage": 1.0}
{"ts": "2026-09-23T03:53:37.272740+00:00", "trace_id": null, "stage": "gate_conflict", "event": "start"}
{"ts": "2026-09-23T03:53:37.272793+00:00", "trace_id": null, "stage": "gate_conflict", "event": "finish", "duration_ms": 0.052, "skipped": true, "reason": "no_conflict"}
{"ts": "2026-09-23T03:53:37.272859+00:00", "trace_id": null, "stage": "embed_query", "event": "start", "model": "Qwen/Qwen3-Embedding-0.6B"}
{"ts": "2026-09-23T03:53:37.315743+00:00", "trace_id": null, "stage": "embed_query", "event": "finish", "duration_ms": 42.88, "model": "Qwen/Qwen3-Embedding-0.6B"}
{"ts": "2026-09-23T03:53:37.315826+00:00", "trace_id": null, "stage": "dense", "event": "start"}
{"ts": "2026-09-23T03:53:37.316045+00:00", "trace_id": null, "stage": "dense", "event": "finish", "duration_ms": 0.218, "candidates_out": 20}
{"ts": "2026-09-23T03:53:37.316091+00:00", "trace_id": null, "stage": "lexical", "event": "start"}
{"ts": "2026-09-23T03:53:37.316399+00:00", "trace_id": null, "stage": "lexical", "event": "finish", "duration_ms": 0.307, "candidates_out": 20}
{"ts": "2026-09-23T03:53:37.316433+00:00", "trace_id": null, "stage": "fuse", "event": "start", "candidates_in": 34}
{"ts": "2026-09-23T03:53:37.316504+00:00", "trace_id": null, "stage": "fuse", "event": "finish", "duration_ms": 0.07, "candidates_in": 34, "candidates_out": 24, "top_score": 0.03252247488101534}
{"ts": "2026-09-23T03:53:37.323940+00:00", "trace_id": null, "stage": "gate", "event": "start", "candidates_in": 5}
{"ts": "2026-09-23T03:53:37.324022+00:00", "trace_id": null, "stage": "gate", "event": "finish", "duration_ms": 0.083, "candidates_in": 5, "candidates_out": 5, "top_score": 0.05868145161290323}
{"ts": "2026-09-23T03:53:39.314996+00:00", "trace_id": null, "stage": "gate_form", "event": "start"}
{"ts": "2026-09-23T03:53:39.315106+00:00", "trace_id": null, "stage": "gate_form", "event": "finish", "duration_ms": 0.113}
{"ts": "2026-09-23T03:53:39.315145+00:00", "trace_id": null, "stage": "gate_literal", "event": "start"}
{"ts": "2026-09-23T03:53:39.315252+00:00", "trace_id": null, "stage": "gate_literal", "event": "finish", "duration_ms": 0.106}
{"ts": "2026-09-23T03:53:39.315294+00:00", "trace_id": null, "stage": "gate_entail", "event": "start", "skipped": true, "reason": "no_entailment_model"}
{"ts": "2026-09-23T03:53:39.315341+00:00", "trace_id": null, "stage": "gate_entail", "event": "finish", "duration_ms": 0.047, "degraded": true, "skipped": true, "reason": "no_entailment_model"}
{"ts": "2026-09-23T03:53:39.315374+00:00", "trace_id": null, "stage": "gate_coverage", "event": "start", "coverage": 1.0}
{"ts": "2026-09-23T03:53:39.315407+00:00", "trace_id": null, "stage": "gate_coverage", "event": "finish", "duration_ms": 0.034, "coverage": 1.0}
{"ts": "2026-09-23T03:53:39.315422+00:00", "trace_id": null, "stage": "gate_conflict", "event": "start"}
{"ts": "2026-09-23T03:53:39.315488+00:00", "trace_id": null, "stage": "gate_conflict", "event": "finish", "duration_ms": 0.065, "skipped": true, "reason": "no_conflict"}
... 80/122 abstain=7
{"ts": "2026-09-23T03:53:39.315545+00:00", "trace_id": null, "stage": "embed_query", "event": "start", "model": "Qwen/Qwen3-Embedding-0.6B"}
{"ts": "2026-09-23T03:53:39.359299+00:00", "trace_id": null, "stage": "embed_query", "event": "finish", "duration_ms": 43.751, "model": "Qwen/Qwen3-Embedding-0.6B"}
{"ts": "2026-09-23T03:53:39.359380+00:00", "trace_id": null, "stage": "dense", "event": "start"}
{"ts": "2026-09-23T03:53:39.359577+00:00", "trace_id": null, "stage": "dense", "event": "finish", "duration_ms": 0.196, "candidates_out": 20}
{"ts": "2026-09-23T03:53:39.359616+00:00", "trace_id": null, "stage": "lexical", "event": "start"}
{"ts": "2026-09-23T03:53:39.359874+00:00", "trace_id": null, "stage": "lexical", "event": "finish", "duration_ms": 0.257, "candidates_out": 20}
{"ts": "2026-09-23T03:53:39.359924+00:00", "trace_id": null, "stage": "fuse", "event": "start", "candidates_in": 32}
{"ts": "2026-09-23T03:53:39.359985+00:00", "trace_id": null, "stage": "fuse", "event": "finish", "duration_ms": 0.06, "candidates_in": 32, "candidates_out": 25, "top_score": 0.03252247488101534}
{"ts": "2026-09-23T03:53:39.366068+00:00", "trace_id": null, "stage": "gate", "event": "start", "candidates_in": 5}
{"ts": "2026-09-23T03:53:39.366139+00:00", "trace_id": null, "stage": "gate", "event": "finish", "duration_ms": 0.072, "candidates_in": 5, "candidates_out": 5, "top_score": 0.06079999999999999}
{"ts": "2026-09-23T03:53:41.398132+00:00", "trace_id": null, "stage": "gate_form", "event": "start"}
{"ts": "2026-09-23T03:53:41.398264+00:00", "trace_id": null, "stage": "gate_form", "event": "finish", "duration_ms": 0.134}
{"ts": "2026-09-23T03:53:41.398317+00:00", "trace_id": null, "stage": "gate_literal", "event": "start"}
{"ts": "2026-09-23T03:53:41.398451+00:00", "trace_id": null, "stage": "gate_literal", "event": "finish", "duration_ms": 0.133}
{"ts": "2026-09-23T03:53:41.398511+00:00", "trace_id": null, "stage": "gate_entail", "event": "start", "skipped": true, "reason": "no_entailment_model"}
{"ts": "2026-09-23T03:53:41.398581+00:00", "trace_id": null, "stage": "gate_entail", "event": "finish", "duration_ms": 0.067, "degraded": true, "skipped": true, "reason": "no_entailment_model"}
{"ts": "2026-09-23T03:53:41.398645+00:00", "trace_id": null, "stage": "gate_coverage", "event": "start", "coverage": 1.0}
{"ts": "2026-09-23T03:53:41.398709+00:00", "trace_id": null, "stage": "gate_coverage", "event": "finish", "duration_ms": 0.065, "coverage": 1.0}
{"ts": "2026-09-23T03:53:41.398748+00:00", "trace_id": null, "stage": "gate_conflict", "event": "start"}
{"ts": "2026-09-23T03:53:41.398811+00:00", "trace_id": null, "stage": "gate_conflict", "event": "finish", "duration_ms": 0.062, "skipped": true, "reason": "no_conflict"}
{"ts": "2026-09-23T03:53:41.398865+00:00", "trace_id": null, "stage": "embed_query", "event": "start", "model": "Qwen/Qwen3-Embedding-0.6B"}
{"ts": "2026-09-23T03:53:41.442598+00:00", "trace_id": null, "stage": "embed_query", "event": "finish", "duration_ms": 43.73, "model": "Qwen/Qwen3-Embedding-0.6B"}
{"ts": "2026-09-23T03:53:41.442667+00:00", "trace_id": null, "stage": "dense", "event": "start"}
{"ts": "2026-09-23T03:53:41.442889+00:00", "trace_id": null, "stage": "dense", "event": "finish", "duration_ms": 0.222, "candidates_out": 20}
{"ts": "2026-09-23T03:53:41.442926+00:00", "trace_id": null, "stage": "lexical", "event": "start"}
{"ts": "2026-09-23T03:53:41.443280+00:00", "trace_id": null, "stage": "lexical", "event": "finish", "duration_ms": 0.353, "candidates_out": 20}
{"ts": "2026-09-23T03:53:41.443334+00:00", "trace_id": null, "stage": "fuse", "event": "start", "candidates_in": 30}
{"ts": "2026-09-23T03:53:41.443407+00:00", "trace_id": null, "stage": "fuse", "event": "finish", "duration_ms": 0.072, "candidates_in": 30, "candidates_out": 20, "top_score": 0.03252247488101534}
{"ts": "2026-09-23T03:53:41.451135+00:00", "trace_id": null, "stage": "gate", "event": "start", "candidates_in": 5}
{"ts": "2026-09-23T03:53:41.451215+00:00", "trace_id": null, "stage": "gate", "event": "finish", "duration_ms": 0.08, "candidates_in": 5, "candidates_out": 5, "top_score": 0.1434588235294118}
{"ts": "2026-09-23T03:53:42.760391+00:00", "trace_id": null, "stage": "gate_form", "event": "start"}
{"ts": "2026-09-23T03:53:42.760498+00:00", "trace_id": null, "stage": "gate_form", "event": "finish", "duration_ms": 0.109}
{"ts": "2026-09-23T03:53:42.760539+00:00", "trace_id": null, "stage": "gate_literal", "event": "start", "skipped": true, "reason": "declined"}
{"ts": "2026-09-23T03:53:42.760584+00:00", "trace_id": null, "stage": "gate_literal", "event": "finish", "duration_ms": 0.044, "skipped": true, "reason": "declined"}
{"ts": "2026-09-23T03:53:42.760627+00:00", "trace_id": null, "stage": "gate_conflict", "event": "start"}
{"ts": "2026-09-23T03:53:42.760682+00:00", "trace_id": null, "stage": "gate_conflict", "event": "finish", "duration_ms": 0.055, "skipped": true, "reason": "no_conflict"}
ABSTAIN multi-001 reason=declined raw='The documents do not say.'
{"ts": "2026-09-23T03:53:42.760730+00:00", "trace_id": null, "stage": "embed_query", "event": "start", "model": "Qwen/Qwen3-Embedding-0.6B"}
{"ts": "2026-09-23T03:53:42.804922+00:00", "trace_id": null, "stage": "embed_query", "event": "finish", "duration_ms": 44.188, "model": "Qwen/Qwen3-Embedding-0.6B"}
{"ts": "2026-09-23T03:53:42.805002+00:00", "trace_id": null, "stage": "dense", "event": "start"}
{"ts": "2026-09-23T03:53:42.805200+00:00", "trace_id": null, "stage": "dense", "event": "finish", "duration_ms": 0.198, "candidates_out": 20}
{"ts": "2026-09-23T03:53:42.805239+00:00", "trace_id": null, "stage": "lexical", "event": "start"}
{"ts": "2026-09-23T03:53:42.805583+00:00", "trace_id": null, "stage": "lexical", "event": "finish", "duration_ms": 0.342, "candidates_out": 20}
{"ts": "2026-09-23T03:53:42.805636+00:00", "trace_id": null, "stage": "fuse", "event": "start", "candidates_in": 30}
{"ts": "2026-09-23T03:53:42.805702+00:00", "trace_id": null, "stage": "fuse", "event": "finish", "duration_ms": 0.066, "candidates_in": 30, "candidates_out": 21, "top_score": 0.03131881575727918}
{"ts": "2026-09-23T03:53:42.809859+00:00", "trace_id": null, "stage": "gate", "event": "start", "candidates_in": 5}
{"ts": "2026-09-23T03:53:42.809919+00:00", "trace_id": null, "stage": "gate", "event": "finish", "duration_ms": 0.06, "candidates_in": 5, "candidates_out": 5, "top_score": 0.08142892096892586}
{"ts": "2026-09-23T03:53:43.945699+00:00", "trace_id": null, "stage": "gate_form", "event": "start"}
{"ts": "2026-09-23T03:53:43.945809+00:00", "trace_id": null, "stage": "gate_form", "event": "finish", "duration_ms": 0.114}
{"ts": "2026-09-23T03:53:43.945859+00:00", "trace_id": null, "stage": "gate_literal", "event": "start", "skipped": true, "reason": "declined"}
{"ts": "2026-09-23T03:53:43.945902+00:00", "trace_id": null, "stage": "gate_literal", "event": "finish", "duration_ms": 0.042, "skipped": true, "reason": "declined"}
{"ts": "2026-09-23T03:53:43.945946+00:00", "trace_id": null, "stage": "gate_conflict", "event": "start"}
{"ts": "2026-09-23T03:53:43.946008+00:00", "trace_id": null, "stage": "gate_conflict", "event": "finish", "duration_ms": 0.062, "skipped": true, "reason": "no_conflict"}
ABSTAIN multi-002 reason=declined raw='The documents do not say.'
{"ts": "2026-09-23T03:53:43.946063+00:00", "trace_id": null, "stage": "embed_query", "event": "start", "model": "Qwen/Qwen3-Embedding-0.6B"}
{"ts": "2026-09-23T03:53:43.984254+00:00", "trace_id": null, "stage": "embed_query", "event": "finish", "duration_ms": 38.188, "model": "Qwen/Qwen3-Embedding-0.6B"}
{"ts": "2026-09-23T03:53:43.984331+00:00", "trace_id": null, "stage": "dense", "event": "start"}
{"ts": "2026-09-23T03:53:43.984515+00:00", "trace_id": null, "stage": "dense", "event": "finish", "duration_ms": 0.184, "candidates_out": 20}
{"ts": "2026-09-23T03:53:43.984552+00:00", "trace_id": null, "stage": "lexical", "event": "start"}
{"ts": "2026-09-23T03:53:43.984829+00:00", "trace_id": null, "stage": "lexical", "event": "finish", "duration_ms": 0.276, "candidates_out": 20}
{"ts": "2026-09-23T03:53:43.984880+00:00", "trace_id": null, "stage": "fuse", "event": "start", "candidates_in": 30}
{"ts": "2026-09-23T03:53:43.984947+00:00", "trace_id": null, "stage": "fuse", "event": "finish", "duration_ms": 0.066, "candidates_in": 30, "candidates_out": 24, "top_score": 0.03278688524590164}
{"ts": "2026-09-23T03:53:43.991004+00:00", "trace_id": null, "stage": "gate", "event": "start", "candidates_in": 5}
{"ts": "2026-09-23T03:53:43.991071+00:00", "trace_id": null, "stage": "gate", "event": "finish", "duration_ms": 0.067, "candidates_in": 5, "candidates_out": 5, "top_score": 0.06609836065573772}
{"ts": "2026-09-23T03:53:45.928213+00:00", "trace_id": null, "stage": "gate_form", "event": "start"}
{"ts": "2026-09-23T03:53:45.928319+00:00", "trace_id": null, "stage": "gate_form", "event": "finish", "duration_ms": 0.111}
{"ts": "2026-09-23T03:53:45.928375+00:00", "trace_id": null, "stage": "gate_literal", "event": "start", "skipped": true, "reason": "declined"}
{"ts": "2026-09-23T03:53:45.928422+00:00", "trace_id": null, "stage": "gate_literal", "event": "finish", "duration_ms": 0.046, "skipped": true, "reason": "declined"}
{"ts": "2026-09-23T03:53:45.928465+00:00", "trace_id": null, "stage": "gate_conflict", "event": "start"}
{"ts": "2026-09-23T03:53:45.928521+00:00", "trace_id": null, "stage": "gate_conflict", "event": "finish", "duration_ms": 0.056, "skipped": true, "reason": "no_conflict"}
ABSTAIN multi-003 reason=declined raw='The documents do not say.'
{"ts": "2026-09-23T03:53:45.928569+00:00", "trace_id": null, "stage": "embed_query", "event": "start", "model": "Qwen/Qwen3-Embedding-0.6B"}
{"ts": "2026-09-23T03:53:45.975128+00:00", "trace_id": null, "stage": "embed_query", "event": "finish", "duration_ms": 46.556, "model": "Qwen/Qwen3-Embedding-0.6B"}
{"ts": "2026-09-23T03:53:45.975199+00:00", "trace_id": null, "stage": "dense", "event": "start"}
{"ts": "2026-09-23T03:53:45.975391+00:00", "trace_id": null, "stage": "dense", "event": "finish", "duration_ms": 0.192, "candidates_out": 20}
{"ts": "2026-09-23T03:53:45.975431+00:00", "trace_id": null, "stage": "lexical", "event": "start"}
{"ts": "2026-09-23T03:53:45.975700+00:00", "trace_id": null, "stage": "lexical", "event": "finish", "duration_ms": 0.267, "candidates_out": 19}
{"ts": "2026-09-23T03:53:45.975758+00:00", "trace_id": null, "stage": "fuse", "event": "start", "candidates_in": 33}
{"ts": "2026-09-23T03:53:45.975829+00:00", "trace_id": null, "stage": "fuse", "event": "finish", "duration_ms": 0.071, "candidates_in": 33, "candidates_out": 29, "top_score": 0.03278688524590164}
{"ts": "2026-09-23T03:53:45.985070+00:00", "trace_id": null, "stage": "gate", "event": "start", "candidates_in": 5}
{"ts": "2026-09-23T03:53:45.985148+00:00", "trace_id": null, "stage": "gate", "event": "finish", "duration_ms": 0.08, "candidates_in": 5, "candidates_out": 5, "top_score": 0.11147540983606559}
{"ts": "2026-09-23T03:53:48.683583+00:00", "trace_id": null, "stage": "gate_form", "event": "start"}
{"ts": "2026-09-23T03:53:48.683721+00:00", "trace_id": null, "stage": "gate_form", "event": "finish", "duration_ms": 0.141}
{"ts": "2026-09-23T03:53:48.683788+00:00", "trace_id": null, "stage": "gate_literal", "event": "start"}
{"ts": "2026-09-23T03:53:48.683952+00:00", "trace_id": null, "stage": "gate_literal", "event": "finish", "duration_ms": 0.165}
{"ts": "2026-09-23T03:53:48.683987+00:00", "trace_id": null, "stage": "gate_conflict", "event": "start"}
{"ts": "2026-09-23T03:53:48.684103+00:00", "trace_id": null, "stage": "gate_conflict", "event": "finish", "duration_ms": 0.113, "skipped": true, "reason": "no_conflict"}
ABSTAIN multi-004 reason=unsupported_figure raw='The Carbon Reduction Plan.pdf [3] mentions the rooftop solar capacity of 75 KWp. This document cites PPN 06/21, indicating that the rooftop solar capacity is me'
{"ts": "2026-09-23T03:53:48.684244+00:00", "trace_id": null, "stage": "embed_query", "event": "start", "model": "Qwen/Qwen3-Embedding-0.6B"}
{"ts": "2026-09-23T03:53:48.730010+00:00", "trace_id": null, "stage": "embed_query", "event": "finish", "duration_ms": 45.762, "model": "Qwen/Qwen3-Embedding-0.6B"}
{"ts": "2026-09-23T03:53:48.730116+00:00", "trace_id": null, "stage": "dense", "event": "start"}
{"ts": "2026-09-23T03:53:48.730359+00:00", "trace_id": null, "stage": "dense", "event": "finish", "duration_ms": 0.243, "candidates_out": 20}
{"ts": "2026-09-23T03:53:48.730399+00:00", "trace_id": null, "stage": "lexical", "event": "start"}
{"ts": "2026-09-23T03:53:48.730768+00:00", "trace_id": null, "stage": "lexical", "event": "finish", "duration_ms": 0.369, "candidates_out": 20}
{"ts": "2026-09-23T03:53:48.730824+00:00", "trace_id": null, "stage": "fuse", "event": "start", "candidates_in": 34}
{"ts": "2026-09-23T03:53:48.730900+00:00", "trace_id": null, "stage": "fuse", "event": "finish", "duration_ms": 0.076, "candidates_in": 34, "candidates_out": 25, "top_score": 0.032266458495966696}
{"ts": "2026-09-23T03:53:48.739933+00:00", "trace_id": null, "stage": "gate", "event": "start", "candidates_in": 5}
{"ts": "2026-09-23T03:53:48.740035+00:00", "trace_id": null, "stage": "gate", "event": "finish", "duration_ms": 0.103, "candidates_in": 5, "candidates_out": 5, "top_score": 0.0361384335154827}
{"ts": "2026-09-23T03:53:51.221459+00:00", "trace_id": null, "stage": "gate_form", "event": "start"}
{"ts": "2026-09-23T03:53:51.221578+00:00", "trace_id": null, "stage": "gate_form", "event": "finish", "duration_ms": 0.122}
{"ts": "2026-09-23T03:53:51.221628+00:00", "trace_id": null, "stage": "gate_literal", "event": "start"}
{"ts": "2026-09-23T03:53:51.221761+00:00", "trace_id": null, "stage": "gate_literal", "event": "finish", "duration_ms": 0.132}
{"ts": "2026-09-23T03:53:51.221818+00:00", "trace_id": null, "stage": "gate_entail", "event": "start", "skipped": true, "reason": "no_entailment_model"}
{"ts": "2026-09-23T03:53:51.221881+00:00", "trace_id": null, "stage": "gate_entail", "event": "finish", "duration_ms": 0.062, "degraded": true, "skipped": true, "reason": "no_entailment_model"}
{"ts": "2026-09-23T03:53:51.221941+00:00", "trace_id": null, "stage": "gate_coverage", "event": "start", "coverage": 1.0}
{"ts": "2026-09-23T03:53:51.222001+00:00", "trace_id": null, "stage": "gate_coverage", "event": "finish", "duration_ms": 0.061, "coverage": 1.0}
{"ts": "2026-09-23T03:53:51.222024+00:00", "trace_id": null, "stage": "gate_conflict", "event": "start"}
{"ts": "2026-09-23T03:53:51.222086+00:00", "trace_id": null, "stage": "gate_conflict", "event": "finish", "duration_ms": 0.061, "skipped": true, "reason": "no_conflict"}
{"ts": "2026-09-23T03:53:51.222152+00:00", "trace_id": null, "stage": "embed_query", "event": "start", "model": "Qwen/Qwen3-Embedding-0.6B"}
{"ts": "2026-09-23T03:53:51.270789+00:00", "trace_id": null, "stage": "embed_query", "event": "finish", "duration_ms": 48.633, "model": "Qwen/Qwen3-Embedding-0.6B"}
{"ts": "2026-09-23T03:53:51.270870+00:00", "trace_id": null, "stage": "dense", "event": "start"}
{"ts": "2026-09-23T03:53:51.271093+00:00", "trace_id": null, "stage": "dense", "event": "finish", "duration_ms": 0.222, "candidates_out": 20}
{"ts": "2026-09-23T03:53:51.271131+00:00", "trace_id": null, "stage": "lexical", "event": "start"}
{"ts": "2026-09-23T03:53:51.271533+00:00", "trace_id": null, "stage": "lexical", "event": "finish", "duration_ms": 0.401, "candidates_out": 20}
{"ts": "2026-09-23T03:53:51.271589+00:00", "trace_id": null, "stage": "fuse", "event": "start", "candidates_in": 33}
{"ts": "2026-09-23T03:53:51.271666+00:00", "trace_id": null, "stage": "fuse", "event": "finish", "duration_ms": 0.077, "candidates_in": 33, "candidates_out": 23, "top_score": 0.03252247488101534}
{"ts": "2026-09-23T03:53:51.280366+00:00", "trace_id": null, "stage": "gate", "event": "start", "candidates_in": 5}
{"ts": "2026-09-23T03:53:51.280461+00:00", "trace_id": null, "stage": "gate", "event": "finish", "duration_ms": 0.098, "candidates_in": 5, "candidates_out": 5, "top_score": 0.06071739130434784}
{"ts": "2026-09-23T03:53:53.598843+00:00", "trace_id": null, "stage": "gate_form", "event": "start"}
{"ts": "2026-09-23T03:53:53.598958+00:00", "trace_id": null, "stage": "gate_form", "event": "finish", "duration_ms": 0.119}
{"ts": "2026-09-23T03:53:53.599006+00:00", "trace_id": null, "stage": "gate_literal", "event": "start"}
{"ts": "2026-09-23T03:53:53.599122+00:00", "trace_id": null, "stage": "gate_literal", "event": "finish", "duration_ms": 0.116}
{"ts": "2026-09-23T03:53:53.599177+00:00", "trace_id": null, "stage": "gate_entail", "event": "start", "skipped": true, "reason": "no_entailment_model"}
{"ts": "2026-09-23T03:53:53.599234+00:00", "trace_id": null, "stage": "gate_entail", "event": "finish", "duration_ms": 0.057, "degraded": true, "skipped": true, "reason": "no_entailment_model"}
{"ts": "2026-09-23T03:53:53.599274+00:00", "trace_id": null, "stage": "gate_coverage", "event": "start", "coverage": 1.0}
{"ts": "2026-09-23T03:53:53.599321+00:00", "trace_id": null, "stage": "gate_coverage", "event": "finish", "duration_ms": 0.047, "coverage": 1.0}
{"ts": "2026-09-23T03:53:53.599360+00:00", "trace_id": null, "stage": "gate_conflict", "event": "start"}
{"ts": "2026-09-23T03:53:53.599416+00:00", "trace_id": null, "stage": "gate_conflict", "event": "finish", "duration_ms": 0.055, "skipped": true, "reason": "no_conflict"}
{"ts": "2026-09-23T03:53:53.599456+00:00", "trace_id": null, "stage": "embed_query", "event": "start", "model": "Qwen/Qwen3-Embedding-0.6B"}
{"ts": "2026-09-23T03:53:53.651885+00:00", "trace_id": null, "stage": "embed_query", "event": "finish", "duration_ms": 52.426, "model": "Qwen/Qwen3-Embedding-0.6B"}
{"ts": "2026-09-23T03:53:53.651957+00:00", "trace_id": null, "stage": "dense", "event": "start"}
{"ts": "2026-09-23T03:53:53.652159+00:00", "trace_id": null, "stage": "dense", "event": "finish", "duration_ms": 0.201, "candidates_out": 20}
{"ts": "2026-09-23T03:53:53.652181+00:00", "trace_id": null, "stage": "lexical", "event": "start"}
{"ts": "2026-09-23T03:53:53.652514+00:00", "trace_id": null, "stage": "lexical", "event": "finish", "duration_ms": 0.332, "candidates_out": 20}
{"ts": "2026-09-23T03:53:53.652561+00:00", "trace_id": null, "stage": "fuse", "event": "start", "candidates_in": 31}
{"ts": "2026-09-23T03:53:53.652623+00:00", "trace_id": null, "stage": "fuse", "event": "finish", "duration_ms": 0.061, "candidates_in": 31, "candidates_out": 18, "top_score": 0.03278688524590164}
{"ts": "2026-09-23T03:53:53.657419+00:00", "trace_id": null, "stage": "gate", "event": "start", "candidates_in": 5}
{"ts": "2026-09-23T03:53:53.657484+00:00", "trace_id": null, "stage": "gate", "event": "finish", "duration_ms": 0.065, "candidates_in": 5, "candidates_out": 5, "top_score": 0.06609836065573772}
{"ts": "2026-09-23T03:53:55.198860+00:00", "trace_id": null, "stage": "gate_form", "event": "start"}
{"ts": "2026-09-23T03:53:55.199025+00:00", "trace_id": null, "stage": "gate_form", "event": "finish", "duration_ms": 0.18}
{"ts": "2026-09-23T03:53:55.199088+00:00", "trace_id": null, "stage": "gate_literal", "event": "start"}
{"ts": "2026-09-23T03:53:55.199209+00:00", "trace_id": null, "stage": "gate_literal", "event": "finish", "duration_ms": 0.12}
{"ts": "2026-09-23T03:53:55.199275+00:00", "trace_id": null, "stage": "gate_entail", "event": "start", "skipped": true, "reason": "no_entailment_model"}
{"ts": "2026-09-23T03:53:55.199346+00:00", "trace_id": null, "stage": "gate_entail", "event": "finish", "duration_ms": 0.072, "degraded": true, "skipped": true, "reason": "no_entailment_model"}
{"ts": "2026-09-23T03:53:55.199393+00:00", "trace_id": null, "stage": "gate_coverage", "event": "start", "coverage": 1.0}
{"ts": "2026-09-23T03:53:55.199449+00:00", "trace_id": null, "stage": "gate_coverage", "event": "finish", "duration_ms": 0.056, "coverage": 1.0}
{"ts": "2026-09-23T03:53:55.199497+00:00", "trace_id": null, "stage": "gate_conflict", "event": "start"}
{"ts": "2026-09-23T03:53:55.199571+00:00", "trace_id": null, "stage": "gate_conflict", "event": "finish", "duration_ms": 0.073, "skipped": true, "reason": "no_conflict"}
{"ts": "2026-09-23T03:53:55.199622+00:00", "trace_id": null, "stage": "embed_query", "event": "start", "model": "Qwen/Qwen3-Embedding-0.6B"}
{"ts": "2026-09-23T03:53:55.255506+00:00", "trace_id": null, "stage": "embed_query", "event": "finish", "duration_ms": 55.879, "model": "Qwen/Qwen3-Embedding-0.6B"}
{"ts": "2026-09-23T03:53:55.255596+00:00", "trace_id": null, "stage": "dense", "event": "start"}
{"ts": "2026-09-23T03:53:55.255850+00:00", "trace_id": null, "stage": "dense", "event": "finish", "duration_ms": 0.253, "candidates_out": 20}
{"ts": "2026-09-23T03:53:55.255896+00:00", "trace_id": null, "stage": "lexical", "event": "start"}
{"ts": "2026-09-23T03:53:55.256305+00:00", "trace_id": null, "stage": "lexical", "event": "finish", "duration_ms": 0.407, "candidates_out": 20}
{"ts": "2026-09-23T03:53:55.256367+00:00", "trace_id": null, "stage": "fuse", "event": "start", "candidates_in": 28}
{"ts": "2026-09-23T03:53:55.256448+00:00", "trace_id": null, "stage": "fuse", "event": "finish", "duration_ms": 0.08, "candidates_in": 28, "candidates_out": 19, "top_score": 0.03278688524590164}
{"ts": "2026-09-23T03:53:55.265046+00:00", "trace_id": null, "stage": "gate", "event": "start", "candidates_in": 5}
{"ts": "2026-09-23T03:53:55.265176+00:00", "trace_id": null, "stage": "gate", "event": "finish", "duration_ms": 0.132, "candidates_in": 5, "candidates_out": 5, "top_score": 0.050910810810810815}
{"ts": "2026-09-23T03:53:57.321834+00:00", "trace_id": null, "stage": "gate_form", "event": "start"}
{"ts": "2026-09-23T03:53:57.321937+00:00", "trace_id": null, "stage": "gate_form", "event": "finish", "duration_ms": 0.107}
{"ts": "2026-09-23T03:53:57.321979+00:00", "trace_id": null, "stage": "gate_literal", "event": "start"}
{"ts": "2026-09-23T03:53:57.322074+00:00", "trace_id": null, "stage": "gate_literal", "event": "finish", "duration_ms": 0.095}
{"ts": "2026-09-23T03:53:57.322123+00:00", "trace_id": null, "stage": "gate_entail", "event": "start", "skipped": true, "reason": "no_entailment_model"}
{"ts": "2026-09-23T03:53:57.322174+00:00", "trace_id": null, "stage": "gate_entail", "event": "finish", "duration_ms": 0.05, "degraded": true, "skipped": true, "reason": "no_entailment_model"}
{"ts": "2026-09-23T03:53:57.322223+00:00", "trace_id": null, "stage": "gate_coverage", "event": "start", "coverage": 1.0}
{"ts": "2026-09-23T03:53:57.322270+00:00", "trace_id": null, "stage": "gate_coverage", "event": "finish", "duration_ms": 0.047, "coverage": 1.0}
{"ts": "2026-09-23T03:53:57.322303+00:00", "trace_id": null, "stage": "gate_conflict", "event": "start"}
{"ts": "2026-09-23T03:53:57.322353+00:00", "trace_id": null, "stage": "gate_conflict", "event": "finish", "duration_ms": 0.049, "skipped": true, "reason": "no_conflict"}
{"ts": "2026-09-23T03:53:57.324943+00:00", "trace_id": null, "stage": "embed_query", "event": "start", "model": "Qwen/Qwen3-Embedding-0.6B"}
{"ts": "2026-09-23T03:53:57.372066+00:00", "trace_id": null, "stage": "embed_query", "event": "finish", "duration_ms": 47.118, "model": "Qwen/Qwen3-Embedding-0.6B"}
{"ts": "2026-09-23T03:53:57.372141+00:00", "trace_id": null, "stage": "dense", "event": "start"}
{"ts": "2026-09-23T03:53:57.372354+00:00", "trace_id": null, "stage": "dense", "event": "finish", "duration_ms": 0.213, "candidates_out": 20}
{"ts": "2026-09-23T03:53:57.372375+00:00", "trace_id": null, "stage": "lexical", "event": "start"}
{"ts": "2026-09-23T03:53:57.372709+00:00", "trace_id": null, "stage": "lexical", "event": "finish", "duration_ms": 0.332, "candidates_out": 20}
{"ts": "2026-09-23T03:53:57.372765+00:00", "trace_id": null, "stage": "fuse", "event": "start", "candidates_in": 34}
{"ts": "2026-09-23T03:53:57.372839+00:00", "trace_id": null, "stage": "fuse", "event": "finish", "duration_ms": 0.073, "candidates_in": 34, "candidates_out": 23, "top_score": 0.032266458495966696}
{"ts": "2026-09-23T03:53:57.382560+00:00", "trace_id": null, "stage": "gate", "event": "start", "candidates_in": 5}
{"ts": "2026-09-23T03:53:57.382638+00:00", "trace_id": null, "stage": "gate", "event": "finish", "duration_ms": 0.079, "candidates_in": 5, "candidates_out": 5, "top_score": 0.0617335203366059}
{"ts": "2026-09-23T03:53:59.683706+00:00", "trace_id": null, "stage": "gate_form", "event": "start"}
{"ts": "2026-09-23T03:53:59.684029+00:00", "trace_id": null, "stage": "gate_form", "event": "finish", "duration_ms": 0.327}
{"ts": "2026-09-23T03:53:59.684078+00:00", "trace_id": null, "stage": "gate_literal", "event": "start"}
{"ts": "2026-09-23T03:53:59.684160+00:00", "trace_id": null, "stage": "gate_literal", "event": "finish", "duration_ms": 0.082}
{"ts": "2026-09-23T03:53:59.684200+00:00", "trace_id": null, "stage": "gate_conflict", "event": "start"}
{"ts": "2026-09-23T03:53:59.684254+00:00", "trace_id": null, "stage": "gate_conflict", "event": "finish", "duration_ms": 0.052, "skipped": true, "reason": "no_conflict"}
ABSTAIN multi-009 reason=unsupported_figure raw='10 October 2025 [1]'
{"ts": "2026-09-23T03:53:59.684307+00:00", "trace_id": null, "stage": "embed_query", "event": "start", "model": "Qwen/Qwen3-Embedding-0.6B"}
{"ts": "2026-09-23T03:53:59.730776+00:00", "trace_id": null, "stage": "embed_query", "event": "finish", "duration_ms": 46.465, "model": "Qwen/Qwen3-Embedding-0.6B"}
{"ts": "2026-09-23T03:53:59.730849+00:00", "trace_id": null, "stage": "dense", "event": "start"}
{"ts": "2026-09-23T03:53:59.731104+00:00", "trace_id": null, "stage": "dense", "event": "finish", "duration_ms": 0.254, "candidates_out": 20}
{"ts": "2026-09-23T03:53:59.731146+00:00", "trace_id": null, "stage": "lexical", "event": "start"}
{"ts": "2026-09-23T03:53:59.731487+00:00", "trace_id": null, "stage": "lexical", "event": "finish", "duration_ms": 0.339, "candidates_out": 20}
{"ts": "2026-09-23T03:53:59.731546+00:00", "trace_id": null, "stage": "fuse", "event": "start", "candidates_in": 30}
{"ts": "2026-09-23T03:53:59.731617+00:00", "trace_id": null, "stage": "fuse", "event": "finish", "duration_ms": 0.071, "candidates_in": 30, "candidates_out": 21, "top_score": 0.03252247488101534}
{"ts": "2026-09-23T03:53:59.738869+00:00", "trace_id": null, "stage": "gate", "event": "start", "candidates_in": 5}
{"ts": "2026-09-23T03:53:59.738952+00:00", "trace_id": null, "stage": "gate", "event": "finish", "duration_ms": 0.082, "candidates_in": 5, "candidates_out": 5, "top_score": 0.06313873256667484}
{"ts": "2026-09-23T03:54:02.171797+00:00", "trace_id": null, "stage": "gate_form", "event": "start"}
{"ts": "2026-09-23T03:54:02.171923+00:00", "trace_id": null, "stage": "gate_form", "event": "finish", "duration_ms": 0.13}
{"ts": "2026-09-23T03:54:02.171975+00:00", "trace_id": null, "stage": "gate_literal", "event": "start", "skipped": true, "reason": "form_failed"}
{"ts": "2026-09-23T03:54:02.172031+00:00", "trace_id": null, "stage": "gate_literal", "event": "finish", "duration_ms": 0.054, "skipped": true, "reason": "form_failed"}
{"ts": "2026-09-23T03:54:02.172088+00:00", "trace_id": null, "stage": "gate_conflict", "event": "start"}
{"ts": "2026-09-23T03:54:02.172166+00:00", "trace_id": null, "stage": "gate_conflict", "event": "finish", "duration_ms": 0.077, "skipped": true, "reason": "no_conflict"}
ABSTAIN multi-010 reason=missing_citation raw='The Carbon Reduction Plan targets 10% integration of electric vehicle fleets by 2028 and ~50% by 2032. In contrast, the Environmental Sustainability Policy 2026'
{"ts": "2026-09-23T03:54:02.172240+00:00", "trace_id": null, "stage": "embed_query", "event": "start", "model": "Qwen/Qwen3-Embedding-0.6B"}
{"ts": "2026-09-23T03:54:02.224917+00:00", "trace_id": null, "stage": "embed_query", "event": "finish", "duration_ms": 52.67, "model": "Qwen/Qwen3-Embedding-0.6B"}
{"ts": "2026-09-23T03:54:02.224993+00:00", "trace_id": null, "stage": "dense", "event": "start"}
{"ts": "2026-09-23T03:54:02.225193+00:00", "trace_id": null, "stage": "dense", "event": "finish", "duration_ms": 0.2, "candidates_out": 20}
{"ts": "2026-09-23T03:54:02.225228+00:00", "trace_id": null, "stage": "lexical", "event": "start"}
{"ts": "2026-09-23T03:54:02.225597+00:00", "trace_id": null, "stage": "lexical", "event": "finish", "duration_ms": 0.368, "candidates_out": 20}
{"ts": "2026-09-23T03:54:02.225651+00:00", "trace_id": null, "stage": "fuse", "event": "start", "candidates_in": 32}
{"ts": "2026-09-23T03:54:02.225723+00:00", "trace_id": null, "stage": "fuse", "event": "finish", "duration_ms": 0.072, "candidates_in": 32, "candidates_out": 22, "top_score": 0.03278688524590164}
{"ts": "2026-09-23T03:54:02.235317+00:00", "trace_id": null, "stage": "gate", "event": "start", "candidates_in": 5}
{"ts": "2026-09-23T03:54:02.235442+00:00", "trace_id": null, "stage": "gate", "event": "finish", "duration_ms": 0.126, "candidates_in": 5, "candidates_out": 5, "top_score": 0.12620376378974693}
{"ts": "2026-09-23T03:54:05.174996+00:00", "trace_id": null, "stage": "gate_form", "event": "start"}
{"ts": "2026-09-23T03:54:05.175136+00:00", "trace_id": null, "stage": "gate_form", "event": "finish", "duration_ms": 0.145}
{"ts": "2026-09-23T03:54:05.175188+00:00", "trace_id": null, "stage": "gate_literal", "event": "start"}
{"ts": "2026-09-23T03:54:05.175296+00:00", "trace_id": null, "stage": "gate_literal", "event": "finish", "duration_ms": 0.108}
{"ts": "2026-09-23T03:54:05.175354+00:00", "trace_id": null, "stage": "gate_entail", "event": "start", "skipped": true, "reason": "no_entailment_model"}
{"ts": "2026-09-23T03:54:05.175424+00:00", "trace_id": null, "stage": "gate_entail", "event": "finish", "duration_ms": 0.07, "degraded": true, "skipped": true, "reason": "no_entailment_model"}
{"ts": "2026-09-23T03:54:05.175453+00:00", "trace_id": null, "stage": "gate_coverage", "event": "start", "coverage": 1.0}
{"ts": "2026-09-23T03:54:05.175563+00:00", "trace_id": null, "stage": "gate_coverage", "event": "finish", "duration_ms": 0.091, "coverage": 1.0}
{"ts": "2026-09-23T03:54:05.175610+00:00", "trace_id": null, "stage": "gate_conflict", "event": "start"}
{"ts": "2026-09-23T03:54:05.175769+00:00", "trace_id": null, "stage": "gate_conflict", "event": "finish", "duration_ms": 0.158, "reason": "version_conflict"}
{"ts": "2026-09-23T03:54:05.175874+00:00", "trace_id": null, "stage": "embed_query", "event": "start", "model": "Qwen/Qwen3-Embedding-0.6B"}
{"ts": "2026-09-23T03:54:05.229220+00:00", "trace_id": null, "stage": "embed_query", "event": "finish", "duration_ms": 53.345, "model": "Qwen/Qwen3-Embedding-0.6B"}
{"ts": "2026-09-23T03:54:05.229294+00:00", "trace_id": null, "stage": "dense", "event": "start"}
{"ts": "2026-09-23T03:54:05.229498+00:00", "trace_id": null, "stage": "dense", "event": "finish", "duration_ms": 0.204, "candidates_out": 20}
{"ts": "2026-09-23T03:54:05.229534+00:00", "trace_id": null, "stage": "lexical", "event": "start"}
{"ts": "2026-09-23T03:54:05.229877+00:00", "trace_id": null, "stage": "lexical", "event": "finish", "duration_ms": 0.342, "candidates_out": 20}
{"ts": "2026-09-23T03:54:05.229928+00:00", "trace_id": null, "stage": "fuse", "event": "start", "candidates_in": 33}
{"ts": "2026-09-23T03:54:05.229993+00:00", "trace_id": null, "stage": "fuse", "event": "finish", "duration_ms": 0.065, "candidates_in": 33, "candidates_out": 23, "top_score": 0.03278688524590164}
{"ts": "2026-09-23T03:54:05.237320+00:00", "trace_id": null, "stage": "gate", "event": "start", "candidates_in": 5}
{"ts": "2026-09-23T03:54:05.237423+00:00", "trace_id": null, "stage": "gate", "event": "finish", "duration_ms": 0.105, "candidates_in": 5, "candidates_out": 5, "top_score": 0.16229508196721312}
{"ts": "2026-09-23T03:54:07.196349+00:00", "trace_id": null, "stage": "gate_form", "event": "start"}
{"ts": "2026-09-23T03:54:07.196504+00:00", "trace_id": null, "stage": "gate_form", "event": "finish", "duration_ms": 0.158}
{"ts": "2026-09-23T03:54:07.196581+00:00", "trace_id": null, "stage": "gate_literal", "event": "start"}
{"ts": "2026-09-23T03:54:07.196710+00:00", "trace_id": null, "stage": "gate_literal", "event": "finish", "duration_ms": 0.129}
{"ts": "2026-09-23T03:54:07.196771+00:00", "trace_id": null, "stage": "gate_entail", "event": "start", "skipped": true, "reason": "no_entailment_model"}
{"ts": "2026-09-23T03:54:07.196838+00:00", "trace_id": null, "stage": "gate_entail", "event": "finish", "duration_ms": 0.068, "degraded": true, "skipped": true, "reason": "no_entailment_model"}
{"ts": "2026-09-23T03:54:07.196880+00:00", "trace_id": null, "stage": "gate_coverage", "event": "start", "coverage": 1.0}
{"ts": "2026-09-23T03:54:07.196933+00:00", "trace_id": null, "stage": "gate_coverage", "event": "finish", "duration_ms": 0.053, "coverage": 1.0}
{"ts": "2026-09-23T03:54:07.196979+00:00", "trace_id": null, "stage": "gate_conflict", "event": "start"}
{"ts": "2026-09-23T03:54:07.197042+00:00", "trace_id": null, "stage": "gate_conflict", "event": "finish", "duration_ms": 0.063, "skipped": true, "reason": "no_conflict"}
{"ts": "2026-09-23T03:54:07.197077+00:00", "trace_id": null, "stage": "embed_query", "event": "start", "model": "Qwen/Qwen3-Embedding-0.6B"}
{"ts": "2026-09-23T03:54:07.245520+00:00", "trace_id": null, "stage": "embed_query", "event": "finish", "duration_ms": 48.44, "model": "Qwen/Qwen3-Embedding-0.6B"}
{"ts": "2026-09-23T03:54:07.245589+00:00", "trace_id": null, "stage": "dense", "event": "start"}
{"ts": "2026-09-23T03:54:07.245791+00:00", "trace_id": null, "stage": "dense", "event": "finish", "duration_ms": 0.202, "candidates_out": 20}
{"ts": "2026-09-23T03:54:07.245814+00:00", "trace_id": null, "stage": "lexical", "event": "start"}
{"ts": "2026-09-23T03:54:07.246173+00:00", "trace_id": null, "stage": "lexical", "event": "finish", "duration_ms": 0.358, "candidates_out": 20}
{"ts": "2026-09-23T03:54:07.246219+00:00", "trace_id": null, "stage": "fuse", "event": "start", "candidates_in": 34}
{"ts": "2026-09-23T03:54:07.246281+00:00", "trace_id": null, "stage": "fuse", "event": "finish", "duration_ms": 0.062, "candidates_in": 34, "candidates_out": 20, "top_score": 0.03278688524590164}
{"ts": "2026-09-23T03:54:07.254256+00:00", "trace_id": null, "stage": "gate", "event": "start", "candidates_in": 5}
{"ts": "2026-09-23T03:54:07.254338+00:00", "trace_id": null, "stage": "gate", "event": "finish", "duration_ms": 0.082, "candidates_in": 5, "candidates_out": 5, "top_score": 0.15753442622950822}
{"ts": "2026-09-23T03:54:09.230519+00:00", "trace_id": null, "stage": "gate_form", "event": "start"}
{"ts": "2026-09-23T03:54:09.230632+00:00", "trace_id": null, "stage": "gate_form", "event": "finish", "duration_ms": 0.116}
{"ts": "2026-09-23T03:54:09.230677+00:00", "trace_id": null, "stage": "gate_literal", "event": "start"}
{"ts": "2026-09-23T03:54:09.230790+00:00", "trace_id": null, "stage": "gate_literal", "event": "finish", "duration_ms": 0.113}
{"ts": "2026-09-23T03:54:09.230853+00:00", "trace_id": null, "stage": "gate_entail", "event": "start", "skipped": true, "reason": "no_entailment_model"}
{"ts": "2026-09-23T03:54:09.230923+00:00", "trace_id": null, "stage": "gate_entail", "event": "finish", "duration_ms": 0.072, "degraded": true, "skipped": true, "reason": "no_entailment_model"}
{"ts": "2026-09-23T03:54:09.230960+00:00", "trace_id": null, "stage": "gate_coverage", "event": "start", "coverage": 1.0}
{"ts": "2026-09-23T03:54:09.231006+00:00", "trace_id": null, "stage": "gate_coverage", "event": "finish", "duration_ms": 0.046, "coverage": 1.0}
{"ts": "2026-09-23T03:54:09.231043+00:00", "trace_id": null, "stage": "gate_conflict", "event": "start"}
{"ts": "2026-09-23T03:54:09.231112+00:00", "trace_id": null, "stage": "gate_conflict", "event": "finish", "duration_ms": 0.067, "skipped": true, "reason": "no_conflict"}
{"ts": "2026-09-23T03:54:09.231172+00:00", "trace_id": null, "stage": "embed_query", "event": "start", "model": "Qwen/Qwen3-Embedding-0.6B"}
{"ts": "2026-09-23T03:54:09.273891+00:00", "trace_id": null, "stage": "embed_query", "event": "finish", "duration_ms": 42.717, "model": "Qwen/Qwen3-Embedding-0.6B"}
{"ts": "2026-09-23T03:54:09.273969+00:00", "trace_id": null, "stage": "dense", "event": "start"}
{"ts": "2026-09-23T03:54:09.274200+00:00", "trace_id": null, "stage": "dense", "event": "finish", "duration_ms": 0.23, "candidates_out": 20}
{"ts": "2026-09-23T03:54:09.274240+00:00", "trace_id": null, "stage": "lexical", "event": "start"}
{"ts": "2026-09-23T03:54:09.274564+00:00", "trace_id": null, "stage": "lexical", "event": "finish", "duration_ms": 0.323, "candidates_out": 20}
{"ts": "2026-09-23T03:54:09.274610+00:00", "trace_id": null, "stage": "fuse", "event": "start", "candidates_in": 33}
{"ts": "2026-09-23T03:54:09.274682+00:00", "trace_id": null, "stage": "fuse", "event": "finish", "duration_ms": 0.071, "candidates_in": 33, "candidates_out": 24, "top_score": 0.03278688524590164}
{"ts": "2026-09-23T03:54:09.282850+00:00", "trace_id": null, "stage": "gate", "event": "start", "candidates_in": 5}
{"ts": "2026-09-23T03:54:09.282910+00:00", "trace_id": null, "stage": "gate", "event": "finish", "duration_ms": 0.061, "candidates_in": 5, "candidates_out": 5, "top_score": 0.03672131147540984}
{"ts": "2026-09-23T03:54:11.042622+00:00", "trace_id": null, "stage": "gate_form", "event": "start"}
{"ts": "2026-09-23T03:54:11.042723+00:00", "trace_id": null, "stage": "gate_form", "event": "finish", "duration_ms": 0.104}
{"ts": "2026-09-23T03:54:11.042765+00:00", "trace_id": null, "stage": "gate_literal", "event": "start"}
{"ts": "2026-09-23T03:54:11.042832+00:00", "trace_id": null, "stage": "gate_literal", "event": "finish", "duration_ms": 0.066}
{"ts": "2026-09-23T03:54:11.042875+00:00", "trace_id": null, "stage": "gate_entail", "event": "start", "skipped": true, "reason": "no_entailment_model"}
{"ts": "2026-09-23T03:54:11.042920+00:00", "trace_id": null, "stage": "gate_entail", "event": "finish", "duration_ms": 0.044, "degraded": true, "skipped": true, "reason": "no_entailment_model"}
{"ts": "2026-09-23T03:54:11.042942+00:00", "trace_id": null, "stage": "gate_coverage", "event": "start", "coverage": 1.0}
{"ts": "2026-09-23T03:54:11.042983+00:00", "trace_id": null, "stage": "gate_coverage", "event": "finish", "duration_ms": 0.042, "coverage": 1.0}
{"ts": "2026-09-23T03:54:11.043006+00:00", "trace_id": null, "stage": "gate_conflict", "event": "start"}
{"ts": "2026-09-23T03:54:11.043057+00:00", "trace_id": null, "stage": "gate_conflict", "event": "finish", "duration_ms": 0.051, "skipped": true, "reason": "no_conflict"}
{"ts": "2026-09-23T03:54:11.043081+00:00", "trace_id": null, "stage": "embed_query", "event": "start", "model": "Qwen/Qwen3-Embedding-0.6B"}
{"ts": "2026-09-23T03:54:11.082903+00:00", "trace_id": null, "stage": "embed_query", "event": "finish", "duration_ms": 39.819, "model": "Qwen/Qwen3-Embedding-0.6B"}
{"ts": "2026-09-23T03:54:11.082969+00:00", "trace_id": null, "stage": "dense", "event": "start"}
{"ts": "2026-09-23T03:54:11.083161+00:00", "trace_id": null, "stage": "dense", "event": "finish", "duration_ms": 0.191, "candidates_out": 20}
{"ts": "2026-09-23T03:54:11.083197+00:00", "trace_id": null, "stage": "lexical", "event": "start"}
{"ts": "2026-09-23T03:54:11.083524+00:00", "trace_id": null, "stage": "lexical", "event": "finish", "duration_ms": 0.325, "candidates_out": 20}
{"ts": "2026-09-23T03:54:11.083581+00:00", "trace_id": null, "stage": "fuse", "event": "start", "candidates_in": 33}
{"ts": "2026-09-23T03:54:11.083664+00:00", "trace_id": null, "stage": "fuse", "event": "finish", "duration_ms": 0.081, "candidates_in": 33, "candidates_out": 24, "top_score": 0.03278688524590164}
{"ts": "2026-09-23T03:54:11.092438+00:00", "trace_id": null, "stage": "gate", "event": "start", "candidates_in": 5}
{"ts": "2026-09-23T03:54:11.092513+00:00", "trace_id": null, "stage": "gate", "event": "finish", "duration_ms": 0.075, "candidates_in": 5, "candidates_out": 5, "top_score": 0.09393548387096776}
{"ts": "2026-09-23T03:54:13.841057+00:00", "trace_id": null, "stage": "gate_form", "event": "start"}
{"ts": "2026-09-23T03:54:13.841213+00:00", "trace_id": null, "stage": "gate_form", "event": "finish", "duration_ms": 0.161}
{"ts": "2026-09-23T03:54:13.841254+00:00", "trace_id": null, "stage": "gate_literal", "event": "start"}
{"ts": "2026-09-23T03:54:13.841355+00:00", "trace_id": null, "stage": "gate_literal", "event": "finish", "duration_ms": 0.101}
{"ts": "2026-09-23T03:54:13.841425+00:00", "trace_id": null, "stage": "gate_entail", "event": "start", "skipped": true, "reason": "no_entailment_model"}
{"ts": "2026-09-23T03:54:13.841481+00:00", "trace_id": null, "stage": "gate_entail", "event": "finish", "duration_ms": 0.056, "degraded": true, "skipped": true, "reason": "no_entailment_model"}
{"ts": "2026-09-23T03:54:13.841546+00:00", "trace_id": null, "stage": "gate_coverage", "event": "start", "coverage": 1.0}
{"ts": "2026-09-23T03:54:13.841581+00:00", "trace_id": null, "stage": "gate_coverage", "event": "finish", "duration_ms": 0.035, "coverage": 1.0}
{"ts": "2026-09-23T03:54:13.841597+00:00", "trace_id": null, "stage": "gate_conflict", "event": "start"}
{"ts": "2026-09-23T03:54:13.841657+00:00", "trace_id": null, "stage": "gate_conflict", "event": "finish", "duration_ms": 0.06, "skipped": true, "reason": "no_conflict"}
{"ts": "2026-09-23T03:54:13.841682+00:00", "trace_id": null, "stage": "embed_query", "event": "start", "model": "Qwen/Qwen3-Embedding-0.6B"}
{"ts": "2026-09-23T03:54:13.841752+00:00", "trace_id": null, "stage": "embed_query", "event": "finish", "duration_ms": 0.07, "model": "Qwen/Qwen3-Embedding-0.6B"}
{"ts": "2026-09-23T03:54:13.841767+00:00", "trace_id": null, "stage": "dense", "event": "start"}
{"ts": "2026-09-23T03:54:13.841994+00:00", "trace_id": null, "stage": "dense", "event": "finish", "duration_ms": 0.227, "candidates_out": 20}
{"ts": "2026-09-23T03:54:13.842012+00:00", "trace_id": null, "stage": "lexical", "event": "start"}
{"ts": "2026-09-23T03:54:13.842343+00:00", "trace_id": null, "stage": "lexical", "event": "finish", "duration_ms": 0.331, "candidates_out": 20}
{"ts": "2026-09-23T03:54:13.842389+00:00", "trace_id": null, "stage": "fuse", "event": "start", "candidates_in": 31}
{"ts": "2026-09-23T03:54:13.842444+00:00", "trace_id": null, "stage": "fuse", "event": "finish", "duration_ms": 0.055, "candidates_in": 31, "candidates_out": 19, "top_score": 0.03278688524590164}
{"ts": "2026-09-23T03:54:13.847868+00:00", "trace_id": null, "stage": "gate", "event": "start", "candidates_in": 5}
{"ts": "2026-09-23T03:54:13.847928+00:00", "trace_id": null, "stage": "gate", "event": "finish", "duration_ms": 0.06, "candidates_in": 5, "candidates_out": 5, "top_score": 0.06609836065573772}
{"ts": "2026-09-23T03:54:15.395348+00:00", "trace_id": null, "stage": "gate_form", "event": "start"}
{"ts": "2026-09-23T03:54:15.395474+00:00", "trace_id": null, "stage": "gate_form", "event": "finish", "duration_ms": 0.131}
{"ts": "2026-09-23T03:54:15.395519+00:00", "trace_id": null, "stage": "gate_literal", "event": "start"}
{"ts": "2026-09-23T03:54:15.395639+00:00", "trace_id": null, "stage": "gate_literal", "event": "finish", "duration_ms": 0.12}
{"ts": "2026-09-23T03:54:15.395693+00:00", "trace_id": null, "stage": "gate_entail", "event": "start", "skipped": true, "reason": "no_entailment_model"}
{"ts": "2026-09-23T03:54:15.395751+00:00", "trace_id": null, "stage": "gate_entail", "event": "finish", "duration_ms": 0.057, "degraded": true, "skipped": true, "reason": "no_entailment_model"}
{"ts": "2026-09-23T03:54:15.395792+00:00", "trace_id": null, "stage": "gate_coverage", "event": "start", "coverage": 1.0}
{"ts": "2026-09-23T03:54:15.395833+00:00", "trace_id": null, "stage": "gate_coverage", "event": "finish", "duration_ms": 0.041, "coverage": 1.0}
{"ts": "2026-09-23T03:54:15.395851+00:00", "trace_id": null, "stage": "gate_conflict", "event": "start"}
{"ts": "2026-09-23T03:54:15.395905+00:00", "trace_id": null, "stage": "gate_conflict", "event": "finish", "duration_ms": 0.053, "skipped": true, "reason": "no_conflict"}
{"ts": "2026-09-23T03:54:15.395968+00:00", "trace_id": null, "stage": "embed_query", "event": "start", "model": "Qwen/Qwen3-Embedding-0.6B"}
{"ts": "2026-09-23T03:54:15.439182+00:00", "trace_id": null, "stage": "embed_query", "event": "finish", "duration_ms": 43.212, "model": "Qwen/Qwen3-Embedding-0.6B"}
{"ts": "2026-09-23T03:54:15.439249+00:00", "trace_id": null, "stage": "dense", "event": "start"}
{"ts": "2026-09-23T03:54:15.439439+00:00", "trace_id": null, "stage": "dense", "event": "finish", "duration_ms": 0.19, "candidates_out": 20}
{"ts": "2026-09-23T03:54:15.439475+00:00", "trace_id": null, "stage": "lexical", "event": "start"}
{"ts": "2026-09-23T03:54:15.439733+00:00", "trace_id": null, "stage": "lexical", "event": "finish", "duration_ms": 0.257, "candidates_out": 20}
{"ts": "2026-09-23T03:54:15.439784+00:00", "trace_id": null, "stage": "fuse", "event": "start", "candidates_in": 33}
{"ts": "2026-09-23T03:54:15.439855+00:00", "trace_id": null, "stage": "fuse", "event": "finish", "duration_ms": 0.068, "candidates_in": 33, "candidates_out": 19, "top_score": 0.03252247488101534}
{"ts": "2026-09-23T03:54:15.444505+00:00", "trace_id": null, "stage": "gate", "event": "start", "candidates_in": 5}
{"ts": "2026-09-23T03:54:15.444572+00:00", "trace_id": null, "stage": "gate", "event": "finish", "duration_ms": 0.068, "candidates_in": 5, "candidates_out": 5, "top_score": 0.08824242424242426}
{"ts": "2026-09-23T03:54:16.835347+00:00", "trace_id": null, "stage": "gate_form", "event": "start"}
{"ts": "2026-09-23T03:54:16.835455+00:00", "trace_id": null, "stage": "gate_form", "event": "finish", "duration_ms": 0.112}
{"ts": "2026-09-23T03:54:16.835501+00:00", "trace_id": null, "stage": "gate_literal", "event": "start", "skipped": true, "reason": "declined"}
{"ts": "2026-09-23T03:54:16.835552+00:00", "trace_id": null, "stage": "gate_literal", "event": "finish", "duration_ms": 0.049, "skipped": true, "reason": "declined"}
{"ts": "2026-09-23T03:54:16.835606+00:00", "trace_id": null, "stage": "gate_conflict", "event": "start"}
{"ts": "2026-09-23T03:54:16.835675+00:00", "trace_id": null, "stage": "gate_conflict", "event": "finish", "duration_ms": 0.068, "skipped": true, "reason": "no_conflict"}
ABSTAIN adv-002 reason=declined raw='The documents do not say.'
{"ts": "2026-09-23T03:54:16.835752+00:00", "trace_id": null, "stage": "embed_query", "event": "start", "model": "Qwen/Qwen3-Embedding-0.6B"}
{"ts": "2026-09-23T03:54:16.882415+00:00", "trace_id": null, "stage": "embed_query", "event": "finish", "duration_ms": 46.66, "model": "Qwen/Qwen3-Embedding-0.6B"}
{"ts": "2026-09-23T03:54:16.882484+00:00", "trace_id": null, "stage": "dense", "event": "start"}
{"ts": "2026-09-23T03:54:16.882678+00:00", "trace_id": null, "stage": "dense", "event": "finish", "duration_ms": 0.193, "candidates_out": 20}
{"ts": "2026-09-23T03:54:16.882719+00:00", "trace_id": null, "stage": "lexical", "event": "start"}
{"ts": "2026-09-23T03:54:16.883065+00:00", "trace_id": null, "stage": "lexical", "event": "finish", "duration_ms": 0.346, "candidates_out": 20}
{"ts": "2026-09-23T03:54:16.883101+00:00", "trace_id": null, "stage": "fuse", "event": "start", "candidates_in": 32}
{"ts": "2026-09-23T03:54:16.883168+00:00", "trace_id": null, "stage": "fuse", "event": "finish", "duration_ms": 0.066, "candidates_in": 32, "candidates_out": 24, "top_score": 0.03278688524590164}
{"ts": "2026-09-23T03:54:16.892248+00:00", "trace_id": null, "stage": "gate", "event": "start", "candidates_in": 5}
{"ts": "2026-09-23T03:54:16.892341+00:00", "trace_id": null, "stage": "gate", "event": "finish", "duration_ms": 0.094, "candidates_in": 5, "candidates_out": 5, "top_score": 0.03672131147540984}
{"ts": "2026-09-23T03:54:18.810424+00:00", "trace_id": null, "stage": "gate_form", "event": "start"}
{"ts": "2026-09-23T03:54:18.810547+00:00", "trace_id": null, "stage": "gate_form", "event": "finish", "duration_ms": 0.128}
{"ts": "2026-09-23T03:54:18.810595+00:00", "trace_id": null, "stage": "gate_literal", "event": "start"}
{"ts": "2026-09-23T03:54:18.810736+00:00", "trace_id": null, "stage": "gate_literal", "event": "finish", "duration_ms": 0.14}
{"ts": "2026-09-23T03:54:18.810790+00:00", "trace_id": null, "stage": "gate_entail", "event": "start", "skipped": true, "reason": "no_entailment_model"}
{"ts": "2026-09-23T03:54:18.810848+00:00", "trace_id": null, "stage": "gate_entail", "event": "finish", "duration_ms": 0.058, "degraded": true, "skipped": true, "reason": "no_entailment_model"}
{"ts": "2026-09-23T03:54:18.810889+00:00", "trace_id": null, "stage": "gate_coverage", "event": "start", "coverage": 1.0}
{"ts": "2026-09-23T03:54:18.810946+00:00", "trace_id": null, "stage": "gate_coverage", "event": "finish", "duration_ms": 0.057, "coverage": 1.0}
{"ts": "2026-09-23T03:54:18.810970+00:00", "trace_id": null, "stage": "gate_conflict", "event": "start"}
{"ts": "2026-09-23T03:54:18.811028+00:00", "trace_id": null, "stage": "gate_conflict", "event": "finish", "duration_ms": 0.057, "skipped": true, "reason": "no_conflict"}
{"ts": "2026-09-23T03:54:18.811057+00:00", "trace_id": null, "stage": "embed_query", "event": "start", "model": "Qwen/Qwen3-Embedding-0.6B"}
{"ts": "2026-09-23T03:54:18.866720+00:00", "trace_id": null, "stage": "embed_query", "event": "finish", "duration_ms": 55.659, "model": "Qwen/Qwen3-Embedding-0.6B"}
{"ts": "2026-09-23T03:54:18.866827+00:00", "trace_id": null, "stage": "dense", "event": "start"}
{"ts": "2026-09-23T03:54:18.867047+00:00", "trace_id": null, "stage": "dense", "event": "finish", "duration_ms": 0.219, "candidates_out": 20}
{"ts": "2026-09-23T03:54:18.867088+00:00", "trace_id": null, "stage": "lexical", "event": "start"}
{"ts": "2026-09-23T03:54:18.867394+00:00", "trace_id": null, "stage": "lexical", "event": "finish", "duration_ms": 0.306, "candidates_out": 20}
{"ts": "2026-09-23T03:54:18.867460+00:00", "trace_id": null, "stage": "fuse", "event": "start", "candidates_in": 32}
{"ts": "2026-09-23T03:54:18.867520+00:00", "trace_id": null, "stage": "fuse", "event": "finish", "duration_ms": 0.06, "candidates_in": 32, "candidates_out": 22, "top_score": 0.03278688524590164}
{"ts": "2026-09-23T03:54:18.873192+00:00", "trace_id": null, "stage": "gate", "event": "start", "candidates_in": 5}
{"ts": "2026-09-23T03:54:18.873299+00:00", "trace_id": null, "stage": "gate", "event": "finish", "duration_ms": 0.109, "candidates_in": 5, "candidates_out": 5, "top_score": 0.10162276119402985}
{"ts": "2026-09-23T03:54:20.595746+00:00", "trace_id": null, "stage": "gate_form", "event": "start"}
{"ts": "2026-09-23T03:54:20.595864+00:00", "trace_id": null, "stage": "gate_form", "event": "finish", "duration_ms": 0.123}
{"ts": "2026-09-23T03:54:20.595914+00:00", "trace_id": null, "stage": "gate_literal", "event": "start"}
{"ts": "2026-09-23T03:54:20.596053+00:00", "trace_id": null, "stage": "gate_literal", "event": "finish", "duration_ms": 0.138}
{"ts": "2026-09-23T03:54:20.596110+00:00", "trace_id": null, "stage": "gate_entail", "event": "start", "skipped": true, "reason": "no_entailment_model"}
{"ts": "2026-09-23T03:54:20.596175+00:00", "trace_id": null, "stage": "gate_entail", "event": "finish", "duration_ms": 0.063, "degraded": true, "skipped": true, "reason": "no_entailment_model"}
{"ts": "2026-09-23T03:54:20.596230+00:00", "trace_id": null, "stage": "gate_coverage", "event": "start", "coverage": 1.0}
{"ts": "2026-09-23T03:54:20.596285+00:00", "trace_id": null, "stage": "gate_coverage", "event": "finish", "duration_ms": 0.055, "coverage": 1.0}
{"ts": "2026-09-23T03:54:20.596310+00:00", "trace_id": null, "stage": "gate_conflict", "event": "start"}
{"ts": "2026-09-23T03:54:20.596368+00:00", "trace_id": null, "stage": "gate_conflict", "event": "finish", "duration_ms": 0.058, "skipped": true, "reason": "no_conflict"}
... 100/122 abstain=14
{"ts": "2026-09-23T03:54:20.596427+00:00", "trace_id": null, "stage": "embed_query", "event": "start", "model": "Qwen/Qwen3-Embedding-0.6B"}
{"ts": "2026-09-23T03:54:20.647059+00:00", "trace_id": null, "stage": "embed_query", "event": "finish", "duration_ms": 50.63, "model": "Qwen/Qwen3-Embedding-0.6B"}
{"ts": "2026-09-23T03:54:20.647138+00:00", "trace_id": null, "stage": "dense", "event": "start"}
{"ts": "2026-09-23T03:54:20.647350+00:00", "trace_id": null, "stage": "dense", "event": "finish", "duration_ms": 0.212, "candidates_out": 20}
{"ts": "2026-09-23T03:54:20.647390+00:00", "trace_id": null, "stage": "lexical", "event": "start"}
{"ts": "2026-09-23T03:54:20.647718+00:00", "trace_id": null, "stage": "lexical", "event": "finish", "duration_ms": 0.327, "candidates_out": 20}
{"ts": "2026-09-23T03:54:20.647770+00:00", "trace_id": null, "stage": "fuse", "event": "start", "candidates_in": 34}
{"ts": "2026-09-23T03:54:20.647841+00:00", "trace_id": null, "stage": "fuse", "event": "finish", "duration_ms": 0.071, "candidates_in": 34, "candidates_out": 24, "top_score": 0.03278688524590164}
{"ts": "2026-09-23T03:54:20.656914+00:00", "trace_id": null, "stage": "gate", "event": "start", "candidates_in": 5}
{"ts": "2026-09-23T03:54:20.657016+00:00", "trace_id": null, "stage": "gate", "event": "finish", "duration_ms": 0.101, "candidates_in": 5, "candidates_out": 5, "top_score": 0.10906229508196723}
{"ts": "2026-09-23T03:54:23.963676+00:00", "trace_id": null, "stage": "gate_form", "event": "start"}
{"ts": "2026-09-23T03:54:23.963792+00:00", "trace_id": null, "stage": "gate_form", "event": "finish", "duration_ms": 0.118}
{"ts": "2026-09-23T03:54:23.963821+00:00", "trace_id": null, "stage": "gate_literal", "event": "start"}
{"ts": "2026-09-23T03:54:23.963890+00:00", "trace_id": null, "stage": "gate_literal", "event": "finish", "duration_ms": 0.07}
{"ts": "2026-09-23T03:54:23.963911+00:00", "trace_id": null, "stage": "gate_entail", "event": "start", "skipped": true, "reason": "no_entailment_model"}
{"ts": "2026-09-23T03:54:23.963942+00:00", "trace_id": null, "stage": "gate_entail", "event": "finish", "duration_ms": 0.031, "degraded": true, "skipped": true, "reason": "no_entailment_model"}
{"ts": "2026-09-23T03:54:23.963961+00:00", "trace_id": null, "stage": "gate_coverage", "event": "start", "coverage": 1.0}
{"ts": "2026-09-23T03:54:23.963999+00:00", "trace_id": null, "stage": "gate_coverage", "event": "finish", "duration_ms": 0.037, "coverage": 1.0}
{"ts": "2026-09-23T03:54:23.964040+00:00", "trace_id": null, "stage": "gate_conflict", "event": "start"}
{"ts": "2026-09-23T03:54:23.964138+00:00", "trace_id": null, "stage": "gate_conflict", "event": "finish", "duration_ms": 0.099, "reason": "version_conflict"}
{"ts": "2026-09-23T03:54:23.964175+00:00", "trace_id": null, "stage": "embed_query", "event": "start", "model": "Qwen/Qwen3-Embedding-0.6B"}
{"ts": "2026-09-23T03:54:24.008206+00:00", "trace_id": null, "stage": "embed_query", "event": "finish", "duration_ms": 44.029, "model": "Qwen/Qwen3-Embedding-0.6B"}
{"ts": "2026-09-23T03:54:24.008270+00:00", "trace_id": null, "stage": "dense", "event": "start"}
{"ts": "2026-09-23T03:54:24.008506+00:00", "trace_id": null, "stage": "dense", "event": "finish", "duration_ms": 0.235, "candidates_out": 20}
{"ts": "2026-09-23T03:54:24.008535+00:00", "trace_id": null, "stage": "lexical", "event": "start"}
{"ts": "2026-09-23T03:54:24.008871+00:00", "trace_id": null, "stage": "lexical", "event": "finish", "duration_ms": 0.335, "candidates_out": 20}
{"ts": "2026-09-23T03:54:24.008914+00:00", "trace_id": null, "stage": "fuse", "event": "start", "candidates_in": 31}
{"ts": "2026-09-23T03:54:24.008977+00:00", "trace_id": null, "stage": "fuse", "event": "finish", "duration_ms": 0.063, "candidates_in": 31, "candidates_out": 22, "top_score": 0.03278688524590164}
{"ts": "2026-09-23T03:54:24.015847+00:00", "trace_id": null, "stage": "gate", "event": "start", "candidates_in": 5}
{"ts": "2026-09-23T03:54:24.016127+00:00", "trace_id": null, "stage": "gate", "event": "finish", "duration_ms": 0.282, "candidates_in": 5, "candidates_out": 6, "top_score": 0.05418}
{"ts": "2026-09-23T03:54:26.021593+00:00", "trace_id": null, "stage": "gate_form", "event": "start"}
{"ts": "2026-09-23T03:54:26.021717+00:00", "trace_id": null, "stage": "gate_form", "event": "finish", "duration_ms": 0.128}
{"ts": "2026-09-23T03:54:26.022283+00:00", "trace_id": null, "stage": "gate_literal", "event": "start"}
{"ts": "2026-09-23T03:54:26.022360+00:00", "trace_id": null, "stage": "gate_literal", "event": "finish", "duration_ms": 0.079}
{"ts": "2026-09-23T03:54:26.022416+00:00", "trace_id": null, "stage": "gate_entail", "event": "start", "skipped": true, "reason": "no_entailment_model"}
{"ts": "2026-09-23T03:54:26.022458+00:00", "trace_id": null, "stage": "gate_entail", "event": "finish", "duration_ms": 0.041, "degraded": true, "skipped": true, "reason": "no_entailment_model"}
{"ts": "2026-09-23T03:54:26.022522+00:00", "trace_id": null, "stage": "gate_coverage", "event": "start", "coverage": 1.0}
{"ts": "2026-09-23T03:54:26.022555+00:00", "trace_id": null, "stage": "gate_coverage", "event": "finish", "duration_ms": 0.034, "coverage": 1.0}
{"ts": "2026-09-23T03:54:26.022571+00:00", "trace_id": null, "stage": "gate_conflict", "event": "start"}
{"ts": "2026-09-23T03:54:26.022680+00:00", "trace_id": null, "stage": "gate_conflict", "event": "finish", "duration_ms": 0.108, "reason": "version_conflict"}
{"ts": "2026-09-23T03:54:26.022741+00:00", "trace_id": null, "stage": "embed_query", "event": "start", "model": "Qwen/Qwen3-Embedding-0.6B"}
{"ts": "2026-09-23T03:54:26.098711+00:00", "trace_id": null, "stage": "embed_query", "event": "finish", "duration_ms": 75.959, "model": "Qwen/Qwen3-Embedding-0.6B"}
{"ts": "2026-09-23T03:54:26.098906+00:00", "trace_id": null, "stage": "dense", "event": "start"}
{"ts": "2026-09-23T03:54:26.099186+00:00", "trace_id": null, "stage": "dense", "event": "finish", "duration_ms": 0.28, "candidates_out": 20}
{"ts": "2026-09-23T03:54:26.099237+00:00", "trace_id": null, "stage": "lexical", "event": "start"}
{"ts": "2026-09-23T03:54:26.099550+00:00", "trace_id": null, "stage": "lexical", "event": "finish", "duration_ms": 0.312, "candidates_out": 11}
{"ts": "2026-09-23T03:54:26.099601+00:00", "trace_id": null, "stage": "fuse", "event": "start", "candidates_in": 25}
{"ts": "2026-09-23T03:54:26.099670+00:00", "trace_id": null, "stage": "fuse", "event": "finish", "duration_ms": 0.068, "candidates_in": 25, "candidates_out": 19, "top_score": 0.03252247488101534}
{"ts": "2026-09-23T03:54:26.106504+00:00", "trace_id": null, "stage": "gate", "event": "start", "candidates_in": 5}
{"ts": "2026-09-23T03:54:26.106627+00:00", "trace_id": null, "stage": "gate", "event": "finish", "duration_ms": 0.124, "candidates_in": 5, "candidates_out": 5, "top_score": 0.09470544685351667}
{"ts": "2026-09-23T03:54:27.595846+00:00", "trace_id": null, "stage": "gate_form", "event": "start"}
{"ts": "2026-09-23T03:54:27.595965+00:00", "trace_id": null, "stage": "gate_form", "event": "finish", "duration_ms": 0.122}
{"ts": "2026-09-23T03:54:27.596022+00:00", "trace_id": null, "stage": "gate_literal", "event": "start"}
{"ts": "2026-09-23T03:54:27.596097+00:00", "trace_id": null, "stage": "gate_literal", "event": "finish", "duration_ms": 0.075}
{"ts": "2026-09-23T03:54:27.596135+00:00", "trace_id": null, "stage": "gate_entail", "event": "start", "skipped": true, "reason": "no_entailment_model"}
{"ts": "2026-09-23T03:54:27.596181+00:00", "trace_id": null, "stage": "gate_entail", "event": "finish", "duration_ms": 0.046, "degraded": true, "skipped": true, "reason": "no_entailment_model"}
{"ts": "2026-09-23T03:54:27.596205+00:00", "trace_id": null, "stage": "gate_coverage", "event": "start", "coverage": 1.0}
{"ts": "2026-09-23T03:54:27.596249+00:00", "trace_id": null, "stage": "gate_coverage", "event": "finish", "duration_ms": 0.043, "coverage": 1.0}
{"ts": "2026-09-23T03:54:27.596274+00:00", "trace_id": null, "stage": "gate_conflict", "event": "start"}
{"ts": "2026-09-23T03:54:27.596333+00:00", "trace_id": null, "stage": "gate_conflict", "event": "finish", "duration_ms": 0.058, "skipped": true, "reason": "no_conflict"}
{"ts": "2026-09-23T03:54:27.596379+00:00", "trace_id": null, "stage": "embed_query", "event": "start", "model": "Qwen/Qwen3-Embedding-0.6B"}
{"ts": "2026-09-23T03:54:27.696375+00:00", "trace_id": null, "stage": "embed_query", "event": "finish", "duration_ms": 99.99, "model": "Qwen/Qwen3-Embedding-0.6B"}
{"ts": "2026-09-23T03:54:27.696454+00:00", "trace_id": null, "stage": "dense", "event": "start"}
{"ts": "2026-09-23T03:54:27.696704+00:00", "trace_id": null, "stage": "dense", "event": "finish", "duration_ms": 0.249, "candidates_out": 20}
{"ts": "2026-09-23T03:54:27.696743+00:00", "trace_id": null, "stage": "lexical", "event": "start"}
{"ts": "2026-09-23T03:54:27.697050+00:00", "trace_id": null, "stage": "lexical", "event": "finish", "duration_ms": 0.307, "candidates_out": 19}
{"ts": "2026-09-23T03:54:27.697128+00:00", "trace_id": null, "stage": "fuse", "event": "start", "candidates_in": 30}
{"ts": "2026-09-23T03:54:27.697197+00:00", "trace_id": null, "stage": "fuse", "event": "finish", "duration_ms": 0.068, "candidates_in": 30, "candidates_out": 22, "top_score": 0.03278688524590164}
{"ts": "2026-09-23T03:54:27.705294+00:00", "trace_id": null, "stage": "gate", "event": "start", "candidates_in": 5}
{"ts": "2026-09-23T03:54:27.705419+00:00", "trace_id": null, "stage": "gate", "event": "finish", "duration_ms": 0.128, "candidates_in": 5, "candidates_out": 5, "top_score": 0.04096000000000001}
{"ts": "2026-09-23T03:54:29.235334+00:00", "trace_id": null, "stage": "gate_form", "event": "start"}
{"ts": "2026-09-23T03:54:29.235455+00:00", "trace_id": null, "stage": "gate_form", "event": "finish", "duration_ms": 0.125}
{"ts": "2026-09-23T03:54:29.235501+00:00", "trace_id": null, "stage": "gate_literal", "event": "start"}
{"ts": "2026-09-23T03:54:29.235589+00:00", "trace_id": null, "stage": "gate_literal", "event": "finish", "duration_ms": 0.088}
{"ts": "2026-09-23T03:54:29.235640+00:00", "trace_id": null, "stage": "gate_entail", "event": "start", "skipped": true, "reason": "no_entailment_model"}
{"ts": "2026-09-23T03:54:29.235691+00:00", "trace_id": null, "stage": "gate_entail", "event": "finish", "duration_ms": 0.05, "degraded": true, "skipped": true, "reason": "no_entailment_model"}
{"ts": "2026-09-23T03:54:29.235714+00:00", "trace_id": null, "stage": "gate_coverage", "event": "start", "coverage": 1.0}
{"ts": "2026-09-23T03:54:29.235756+00:00", "trace_id": null, "stage": "gate_coverage", "event": "finish", "duration_ms": 0.042, "coverage": 1.0}
{"ts": "2026-09-23T03:54:29.235803+00:00", "trace_id": null, "stage": "gate_conflict", "event": "start"}
{"ts": "2026-09-23T03:54:29.235849+00:00", "trace_id": null, "stage": "gate_conflict", "event": "finish", "duration_ms": 0.045, "skipped": true, "reason": "no_conflict"}
{"ts": "2026-09-23T03:54:29.235878+00:00", "trace_id": null, "stage": "embed_query", "event": "start", "model": "Qwen/Qwen3-Embedding-0.6B"}
{"ts": "2026-09-23T03:54:29.287208+00:00", "trace_id": null, "stage": "embed_query", "event": "finish", "duration_ms": 51.326, "model": "Qwen/Qwen3-Embedding-0.6B"}
{"ts": "2026-09-23T03:54:29.287311+00:00", "trace_id": null, "stage": "dense", "event": "start"}
{"ts": "2026-09-23T03:54:29.287537+00:00", "trace_id": null, "stage": "dense", "event": "finish", "duration_ms": 0.226, "candidates_out": 20}
{"ts": "2026-09-23T03:54:29.287578+00:00", "trace_id": null, "stage": "lexical", "event": "start"}
{"ts": "2026-09-23T03:54:29.287863+00:00", "trace_id": null, "stage": "lexical", "event": "finish", "duration_ms": 0.284, "candidates_out": 16}
{"ts": "2026-09-23T03:54:29.287916+00:00", "trace_id": null, "stage": "fuse", "event": "start", "candidates_in": 28}
{"ts": "2026-09-23T03:54:29.287974+00:00", "trace_id": null, "stage": "fuse", "event": "finish", "duration_ms": 0.057, "candidates_in": 28, "candidates_out": 22, "top_score": 0.03278688524590164}
{"ts": "2026-09-23T03:54:29.293725+00:00", "trace_id": null, "stage": "gate", "event": "start", "candidates_in": 5}
{"ts": "2026-09-23T03:54:29.293837+00:00", "trace_id": null, "stage": "gate", "event": "finish", "duration_ms": 0.113, "candidates_in": 5, "candidates_out": 5, "top_score": 0.09246774193548388}
{"ts": "2026-09-23T03:54:30.852809+00:00", "trace_id": null, "stage": "gate_form", "event": "start"}
{"ts": "2026-09-23T03:54:30.852912+00:00", "trace_id": null, "stage": "gate_form", "event": "finish", "duration_ms": 0.106}
{"ts": "2026-09-23T03:54:30.852977+00:00", "trace_id": null, "stage": "gate_literal", "event": "start"}
{"ts": "2026-09-23T03:54:30.853105+00:00", "trace_id": null, "stage": "gate_literal", "event": "finish", "duration_ms": 0.129}
{"ts": "2026-09-23T03:54:30.853155+00:00", "trace_id": null, "stage": "gate_entail", "event": "start", "skipped": true, "reason": "no_entailment_model"}
{"ts": "2026-09-23T03:54:30.853206+00:00", "trace_id": null, "stage": "gate_entail", "event": "finish", "duration_ms": 0.051, "degraded": true, "skipped": true, "reason": "no_entailment_model"}
{"ts": "2026-09-23T03:54:30.853607+00:00", "trace_id": null, "stage": "gate_coverage", "event": "start", "coverage": 1.0}
{"ts": "2026-09-23T03:54:30.853658+00:00", "trace_id": null, "stage": "gate_coverage", "event": "finish", "duration_ms": 0.051, "coverage": 1.0}
{"ts": "2026-09-23T03:54:30.853699+00:00", "trace_id": null, "stage": "gate_conflict", "event": "start"}
{"ts": "2026-09-23T03:54:30.853758+00:00", "trace_id": null, "stage": "gate_conflict", "event": "finish", "duration_ms": 0.058, "skipped": true, "reason": "no_conflict"}
{"ts": "2026-09-23T03:54:30.853790+00:00", "trace_id": null, "stage": "embed_query", "event": "start", "model": "Qwen/Qwen3-Embedding-0.6B"}
{"ts": "2026-09-23T03:54:30.901146+00:00", "trace_id": null, "stage": "embed_query", "event": "finish", "duration_ms": 47.351, "model": "Qwen/Qwen3-Embedding-0.6B"}
{"ts": "2026-09-23T03:54:30.901222+00:00", "trace_id": null, "stage": "dense", "event": "start"}
{"ts": "2026-09-23T03:54:30.901445+00:00", "trace_id": null, "stage": "dense", "event": "finish", "duration_ms": 0.222, "candidates_out": 20}
{"ts": "2026-09-23T03:54:30.901483+00:00", "trace_id": null, "stage": "lexical", "event": "start"}
{"ts": "2026-09-23T03:54:30.901838+00:00", "trace_id": null, "stage": "lexical", "event": "finish", "duration_ms": 0.355, "candidates_out": 20}
{"ts": "2026-09-23T03:54:30.901890+00:00", "trace_id": null, "stage": "fuse", "event": "start", "candidates_in": 32}
{"ts": "2026-09-23T03:54:30.901954+00:00", "trace_id": null, "stage": "fuse", "event": "finish", "duration_ms": 0.064, "candidates_in": 32, "candidates_out": 20, "top_score": 0.032266458495966696}
{"ts": "2026-09-23T03:54:30.906511+00:00", "trace_id": null, "stage": "gate", "event": "start", "candidates_in": 5}
{"ts": "2026-09-23T03:54:30.906571+00:00", "trace_id": null, "stage": "gate", "event": "finish", "duration_ms": 0.06, "candidates_in": 5, "candidates_out": 5, "top_score": 0.06063500678426053}
{"ts": "2026-09-23T03:54:32.759200+00:00", "trace_id": null, "stage": "gate_form", "event": "start"}
{"ts": "2026-09-23T03:54:32.759334+00:00", "trace_id": null, "stage": "gate_form", "event": "finish", "duration_ms": 0.14}
{"ts": "2026-09-23T03:54:32.759376+00:00", "trace_id": null, "stage": "gate_literal", "event": "start"}
{"ts": "2026-09-23T03:54:32.759532+00:00", "trace_id": null, "stage": "gate_literal", "event": "finish", "duration_ms": 0.156}
{"ts": "2026-09-23T03:54:32.759575+00:00", "trace_id": null, "stage": "gate_entail", "event": "start", "skipped": true, "reason": "no_entailment_model"}
{"ts": "2026-09-23T03:54:32.759614+00:00", "trace_id": null, "stage": "gate_entail", "event": "finish", "duration_ms": 0.04, "degraded": true, "skipped": true, "reason": "no_entailment_model"}
{"ts": "2026-09-23T03:54:32.759632+00:00", "trace_id": null, "stage": "gate_coverage", "event": "start", "coverage": 1.0}
{"ts": "2026-09-23T03:54:32.759673+00:00", "trace_id": null, "stage": "gate_coverage", "event": "finish", "duration_ms": 0.04, "coverage": 1.0}
{"ts": "2026-09-23T03:54:32.759716+00:00", "trace_id": null, "stage": "gate_conflict", "event": "start"}
{"ts": "2026-09-23T03:54:32.759765+00:00", "trace_id": null, "stage": "gate_conflict", "event": "finish", "duration_ms": 0.049, "skipped": true, "reason": "no_conflict"}
{"ts": "2026-09-23T03:54:32.760090+00:00", "trace_id": null, "stage": "embed_query", "event": "start", "model": "Qwen/Qwen3-Embedding-0.6B"}
{"ts": "2026-09-23T03:54:32.816021+00:00", "trace_id": null, "stage": "embed_query", "event": "finish", "duration_ms": 55.926, "model": "Qwen/Qwen3-Embedding-0.6B"}
{"ts": "2026-09-23T03:54:32.816105+00:00", "trace_id": null, "stage": "dense", "event": "start"}
{"ts": "2026-09-23T03:54:32.816337+00:00", "trace_id": null, "stage": "dense", "event": "finish", "duration_ms": 0.231, "candidates_out": 20}
{"ts": "2026-09-23T03:54:32.816376+00:00", "trace_id": null, "stage": "lexical", "event": "start"}
{"ts": "2026-09-23T03:54:32.816721+00:00", "trace_id": null, "stage": "lexical", "event": "finish", "duration_ms": 0.344, "candidates_out": 20}
{"ts": "2026-09-23T03:54:32.816780+00:00", "trace_id": null, "stage": "fuse", "event": "start", "candidates_in": 33}
{"ts": "2026-09-23T03:54:32.816861+00:00", "trace_id": null, "stage": "fuse", "event": "finish", "duration_ms": 0.08, "candidates_in": 33, "candidates_out": 20, "top_score": 0.03278688524590164}
{"ts": "2026-09-23T03:54:32.825167+00:00", "trace_id": null, "stage": "gate", "event": "start", "candidates_in": 5}
{"ts": "2026-09-23T03:54:32.825291+00:00", "trace_id": null, "stage": "gate", "event": "finish", "duration_ms": 0.126, "candidates_in": 5, "candidates_out": 5, "top_score": 0.06059016393442624}
{"ts": "2026-09-23T03:54:34.089677+00:00", "trace_id": null, "stage": "gate_form", "event": "start"}
{"ts": "2026-09-23T03:54:34.089832+00:00", "trace_id": null, "stage": "gate_form", "event": "finish", "duration_ms": 0.17}
{"ts": "2026-09-23T03:54:34.089895+00:00", "trace_id": null, "stage": "gate_literal", "event": "start", "skipped": true, "reason": "declined"}
{"ts": "2026-09-23T03:54:34.089948+00:00", "trace_id": null, "stage": "gate_literal", "event": "finish", "duration_ms": 0.053, "skipped": true, "reason": "declined"}
{"ts": "2026-09-23T03:54:34.089994+00:00", "trace_id": null, "stage": "gate_conflict", "event": "start"}
{"ts": "2026-09-23T03:54:34.090057+00:00", "trace_id": null, "stage": "gate_conflict", "event": "finish", "duration_ms": 0.063, "skipped": true, "reason": "no_conflict"}
ABSTAIN adv-011 reason=declined raw='The documents do not say.'
{"ts": "2026-09-23T03:54:34.090154+00:00", "trace_id": null, "stage": "embed_query", "event": "start", "model": "Qwen/Qwen3-Embedding-0.6B"}
{"ts": "2026-09-23T03:54:34.138957+00:00", "trace_id": null, "stage": "embed_query", "event": "finish", "duration_ms": 48.799, "model": "Qwen/Qwen3-Embedding-0.6B"}
{"ts": "2026-09-23T03:54:34.139041+00:00", "trace_id": null, "stage": "dense", "event": "start"}
{"ts": "2026-09-23T03:54:34.139251+00:00", "trace_id": null, "stage": "dense", "event": "finish", "duration_ms": 0.21, "candidates_out": 20}
{"ts": "2026-09-23T03:54:34.139294+00:00", "trace_id": null, "stage": "lexical", "event": "start"}
{"ts": "2026-09-23T03:54:34.139620+00:00", "trace_id": null, "stage": "lexical", "event": "finish", "duration_ms": 0.325, "candidates_out": 20}
{"ts": "2026-09-23T03:54:34.139676+00:00", "trace_id": null, "stage": "fuse", "event": "start", "candidates_in": 34}
{"ts": "2026-09-23T03:54:34.139748+00:00", "trace_id": null, "stage": "fuse", "event": "finish", "duration_ms": 0.071, "candidates_in": 34, "candidates_out": 22, "top_score": 0.03278688524590164}
{"ts": "2026-09-23T03:54:34.148797+00:00", "trace_id": null, "stage": "gate", "event": "start", "candidates_in": 5}
{"ts": "2026-09-23T03:54:34.148905+00:00", "trace_id": null, "stage": "gate", "event": "finish", "duration_ms": 0.109, "candidates_in": 5, "candidates_out": 5, "top_score": 0.1514167741935484}
{"ts": "2026-09-23T03:54:36.268901+00:00", "trace_id": null, "stage": "gate_form", "event": "start"}
{"ts": "2026-09-23T03:54:36.269034+00:00", "trace_id": null, "stage": "gate_form", "event": "finish", "duration_ms": 0.138}
{"ts": "2026-09-23T03:54:36.269075+00:00", "trace_id": null, "stage": "gate_literal", "event": "start"}
{"ts": "2026-09-23T03:54:36.269172+00:00", "trace_id": null, "stage": "gate_literal", "event": "finish", "duration_ms": 0.097}
{"ts": "2026-09-23T03:54:36.269241+00:00", "trace_id": null, "stage": "gate_entail", "event": "start", "skipped": true, "reason": "no_entailment_model"}
{"ts": "2026-09-23T03:54:36.269296+00:00", "trace_id": null, "stage": "gate_entail", "event": "finish", "duration_ms": 0.056, "degraded": true, "skipped": true, "reason": "no_entailment_model"}
{"ts": "2026-09-23T03:54:36.269350+00:00", "trace_id": null, "stage": "gate_coverage", "event": "start", "coverage": 1.0}
{"ts": "2026-09-23T03:54:36.269389+00:00", "trace_id": null, "stage": "gate_coverage", "event": "finish", "duration_ms": 0.04, "coverage": 1.0}
{"ts": "2026-09-23T03:54:36.269406+00:00", "trace_id": null, "stage": "gate_conflict", "event": "start"}
{"ts": "2026-09-23T03:54:36.269465+00:00", "trace_id": null, "stage": "gate_conflict", "event": "finish", "duration_ms": 0.058, "skipped": true, "reason": "no_conflict"}
{"ts": "2026-09-23T03:54:36.269515+00:00", "trace_id": null, "stage": "embed_query", "event": "start", "model": "Qwen/Qwen3-Embedding-0.6B"}
{"ts": "2026-09-23T03:54:36.328646+00:00", "trace_id": null, "stage": "embed_query", "event": "finish", "duration_ms": 59.128, "model": "Qwen/Qwen3-Embedding-0.6B"}
{"ts": "2026-09-23T03:54:36.328712+00:00", "trace_id": null, "stage": "dense", "event": "start"}
{"ts": "2026-09-23T03:54:36.328892+00:00", "trace_id": null, "stage": "dense", "event": "finish", "duration_ms": 0.18, "candidates_out": 20}
{"ts": "2026-09-23T03:54:36.328918+00:00", "trace_id": null, "stage": "lexical", "event": "start"}
{"ts": "2026-09-23T03:54:36.329230+00:00", "trace_id": null, "stage": "lexical", "event": "finish", "duration_ms": 0.311, "candidates_out": 20}
{"ts": "2026-09-23T03:54:36.329291+00:00", "trace_id": null, "stage": "fuse", "event": "start", "candidates_in": 34}
{"ts": "2026-09-23T03:54:36.329365+00:00", "trace_id": null, "stage": "fuse", "event": "finish", "duration_ms": 0.073, "candidates_in": 34, "candidates_out": 25, "top_score": 0.03252247488101534}
{"ts": "2026-09-23T03:54:36.339620+00:00", "trace_id": null, "stage": "gate", "event": "start", "candidates_in": 5}
{"ts": "2026-09-23T03:54:36.339750+00:00", "trace_id": null, "stage": "gate", "event": "finish", "duration_ms": 0.133, "candidates_in": 5, "candidates_out": 5, "top_score": 0.1340625}
{"ts": "2026-09-23T03:54:37.695665+00:00", "trace_id": null, "stage": "gate_form", "event": "start"}
{"ts": "2026-09-23T03:54:37.695775+00:00", "trace_id": null, "stage": "gate_form", "event": "finish", "duration_ms": 0.113}
{"ts": "2026-09-23T03:54:37.695819+00:00", "trace_id": null, "stage": "gate_literal", "event": "start"}
{"ts": "2026-09-23T03:54:37.695887+00:00", "trace_id": null, "stage": "gate_literal", "event": "finish", "duration_ms": 0.067}
{"ts": "2026-09-23T03:54:37.695934+00:00", "trace_id": null, "stage": "gate_entail", "event": "start", "skipped": true, "reason": "no_entailment_model"}
{"ts": "2026-09-23T03:54:37.695984+00:00", "trace_id": null, "stage": "gate_entail", "event": "finish", "duration_ms": 0.05, "degraded": true, "skipped": true, "reason": "no_entailment_model"}
{"ts": "2026-09-23T03:54:37.696020+00:00", "trace_id": null, "stage": "gate_coverage", "event": "start", "coverage": 1.0}
{"ts": "2026-09-23T03:54:37.696063+00:00", "trace_id": null, "stage": "gate_coverage", "event": "finish", "duration_ms": 0.042, "coverage": 1.0}
{"ts": "2026-09-23T03:54:37.696111+00:00", "trace_id": null, "stage": "gate_conflict", "event": "start"}
{"ts": "2026-09-23T03:54:37.696168+00:00", "trace_id": null, "stage": "gate_conflict", "event": "finish", "duration_ms": 0.056, "skipped": true, "reason": "no_conflict"}
{"ts": "2026-09-23T03:54:37.696195+00:00", "trace_id": null, "stage": "embed_query", "event": "start", "model": "Qwen/Qwen3-Embedding-0.6B"}
{"ts": "2026-09-23T03:54:37.744944+00:00", "trace_id": null, "stage": "embed_query", "event": "finish", "duration_ms": 48.745, "model": "Qwen/Qwen3-Embedding-0.6B"}
{"ts": "2026-09-23T03:54:37.745024+00:00", "trace_id": null, "stage": "dense", "event": "start"}
{"ts": "2026-09-23T03:54:37.745251+00:00", "trace_id": null, "stage": "dense", "event": "finish", "duration_ms": 0.226, "candidates_out": 20}
{"ts": "2026-09-23T03:54:37.745312+00:00", "trace_id": null, "stage": "lexical", "event": "start"}
{"ts": "2026-09-23T03:54:37.745691+00:00", "trace_id": null, "stage": "lexical", "event": "finish", "duration_ms": 0.379, "candidates_out": 20}
{"ts": "2026-09-23T03:54:37.745748+00:00", "trace_id": null, "stage": "fuse", "event": "start", "candidates_in": 35}
{"ts": "2026-09-23T03:54:37.745825+00:00", "trace_id": null, "stage": "fuse", "event": "finish", "duration_ms": 0.073, "candidates_in": 35, "candidates_out": 25, "top_score": 0.03252247488101534}
{"ts": "2026-09-23T03:54:37.756455+00:00", "trace_id": null, "stage": "gate", "event": "start", "candidates_in": 5}
{"ts": "2026-09-23T03:54:37.756630+00:00", "trace_id": null, "stage": "gate", "event": "finish", "duration_ms": 0.136, "candidates_in": 5, "candidates_out": 5, "top_score": 0.06490965626652564}
{"ts": "2026-09-23T03:54:39.933312+00:00", "trace_id": null, "stage": "gate_form", "event": "start"}
{"ts": "2026-09-23T03:54:39.933525+00:00", "trace_id": null, "stage": "gate_form", "event": "finish", "duration_ms": 0.218}
{"ts": "2026-09-23T03:54:39.933588+00:00", "trace_id": null, "stage": "gate_literal", "event": "start"}
{"ts": "2026-09-23T03:54:39.933801+00:00", "trace_id": null, "stage": "gate_literal", "event": "finish", "duration_ms": 0.213}
{"ts": "2026-09-23T03:54:39.933850+00:00", "trace_id": null, "stage": "gate_entail", "event": "start", "skipped": true, "reason": "no_entailment_model"}
{"ts": "2026-09-23T03:54:39.933909+00:00", "trace_id": null, "stage": "gate_entail", "event": "finish", "duration_ms": 0.058, "degraded": true, "skipped": true, "reason": "no_entailment_model"}
{"ts": "2026-09-23T03:54:39.933954+00:00", "trace_id": null, "stage": "gate_coverage", "event": "start", "coverage": 1.0}
{"ts": "2026-09-23T03:54:39.933997+00:00", "trace_id": null, "stage": "gate_coverage", "event": "finish", "duration_ms": 0.044, "coverage": 1.0}
{"ts": "2026-09-23T03:54:39.934017+00:00", "trace_id": null, "stage": "gate_conflict", "event": "start"}
{"ts": "2026-09-23T03:54:39.934112+00:00", "trace_id": null, "stage": "gate_conflict", "event": "finish", "duration_ms": 0.092, "skipped": true, "reason": "no_conflict"}
{"ts": "2026-09-23T03:54:39.934179+00:00", "trace_id": null, "stage": "embed_query", "event": "start", "model": "Qwen/Qwen3-Embedding-0.6B"}
{"ts": "2026-09-23T03:54:39.977707+00:00", "trace_id": null, "stage": "embed_query", "event": "finish", "duration_ms": 43.525, "model": "Qwen/Qwen3-Embedding-0.6B"}
{"ts": "2026-09-23T03:54:39.977772+00:00", "trace_id": null, "stage": "dense", "event": "start"}
{"ts": "2026-09-23T03:54:39.977985+00:00", "trace_id": null, "stage": "dense", "event": "finish", "duration_ms": 0.213, "candidates_out": 20}
{"ts": "2026-09-23T03:54:39.978022+00:00", "trace_id": null, "stage": "lexical", "event": "start"}
{"ts": "2026-09-23T03:54:39.978306+00:00", "trace_id": null, "stage": "lexical", "event": "finish", "duration_ms": 0.284, "candidates_out": 20}
{"ts": "2026-09-23T03:54:39.978358+00:00", "trace_id": null, "stage": "fuse", "event": "start", "candidates_in": 33}
{"ts": "2026-09-23T03:54:39.978428+00:00", "trace_id": null, "stage": "fuse", "event": "finish", "duration_ms": 0.07, "candidates_in": 33, "candidates_out": 22, "top_score": 0.03278688524590164}
{"ts": "2026-09-23T03:54:39.986601+00:00", "trace_id": null, "stage": "gate", "event": "start", "candidates_in": 5}
{"ts": "2026-09-23T03:54:39.986683+00:00", "trace_id": null, "stage": "gate", "event": "finish", "duration_ms": 0.082, "candidates_in": 5, "candidates_out": 5, "top_score": 0.15753442622950822}
{"ts": "2026-09-23T03:54:41.541463+00:00", "trace_id": null, "stage": "gate_form", "event": "start"}
{"ts": "2026-09-23T03:54:41.541593+00:00", "trace_id": null, "stage": "gate_form", "event": "finish", "duration_ms": 0.135}
{"ts": "2026-09-23T03:54:41.541649+00:00", "trace_id": null, "stage": "gate_literal", "event": "start"}
{"ts": "2026-09-23T03:54:41.541765+00:00", "trace_id": null, "stage": "gate_literal", "event": "finish", "duration_ms": 0.116}
{"ts": "2026-09-23T03:54:41.541821+00:00", "trace_id": null, "stage": "gate_entail", "event": "start", "skipped": true, "reason": "no_entailment_model"}
{"ts": "2026-09-23T03:54:41.541885+00:00", "trace_id": null, "stage": "gate_entail", "event": "finish", "duration_ms": 0.063, "degraded": true, "skipped": true, "reason": "no_entailment_model"}
{"ts": "2026-09-23T03:54:41.541938+00:00", "trace_id": null, "stage": "gate_coverage", "event": "start", "coverage": 1.0}
{"ts": "2026-09-23T03:54:41.542000+00:00", "trace_id": null, "stage": "gate_coverage", "event": "finish", "duration_ms": 0.063, "coverage": 1.0}
{"ts": "2026-09-23T03:54:41.542043+00:00", "trace_id": null, "stage": "gate_conflict", "event": "start"}
{"ts": "2026-09-23T03:54:41.542103+00:00", "trace_id": null, "stage": "gate_conflict", "event": "finish", "duration_ms": 0.059, "skipped": true, "reason": "no_conflict"}
{"ts": "2026-09-23T03:54:41.542152+00:00", "trace_id": null, "stage": "embed_query", "event": "start", "model": "Qwen/Qwen3-Embedding-0.6B"}
{"ts": "2026-09-23T03:54:41.591197+00:00", "trace_id": null, "stage": "embed_query", "event": "finish", "duration_ms": 49.042, "model": "Qwen/Qwen3-Embedding-0.6B"}
{"ts": "2026-09-23T03:54:41.591277+00:00", "trace_id": null, "stage": "dense", "event": "start"}
{"ts": "2026-09-23T03:54:41.591483+00:00", "trace_id": null, "stage": "dense", "event": "finish", "duration_ms": 0.206, "candidates_out": 20}
{"ts": "2026-09-23T03:54:41.591523+00:00", "trace_id": null, "stage": "lexical", "event": "start"}
{"ts": "2026-09-23T03:54:41.591897+00:00", "trace_id": null, "stage": "lexical", "event": "finish", "duration_ms": 0.372, "candidates_out": 20}
{"ts": "2026-09-23T03:54:41.591955+00:00", "trace_id": null, "stage": "fuse", "event": "start", "candidates_in": 30}
{"ts": "2026-09-23T03:54:41.592037+00:00", "trace_id": null, "stage": "fuse", "event": "finish", "duration_ms": 0.082, "candidates_in": 30, "candidates_out": 18, "top_score": 0.03278688524590164}
{"ts": "2026-09-23T03:54:41.596360+00:00", "trace_id": null, "stage": "gate", "event": "start", "candidates_in": 5}
{"ts": "2026-09-23T03:54:41.596619+00:00", "trace_id": null, "stage": "gate", "event": "finish", "duration_ms": 0.259, "candidates_in": 5, "candidates_out": 6, "top_score": 0.05961290322580645}
{"ts": "2026-09-23T03:54:43.242933+00:00", "trace_id": null, "stage": "gate_form", "event": "start"}
{"ts": "2026-09-23T03:54:43.243106+00:00", "trace_id": null, "stage": "gate_form", "event": "finish", "duration_ms": 0.178}
{"ts": "2026-09-23T03:54:43.243183+00:00", "trace_id": null, "stage": "gate_literal", "event": "start"}
{"ts": "2026-09-23T03:54:43.243309+00:00", "trace_id": null, "stage": "gate_literal", "event": "finish", "duration_ms": 0.128}
{"ts": "2026-09-23T03:54:43.243394+00:00", "trace_id": null, "stage": "gate_entail", "event": "start", "skipped": true, "reason": "no_entailment_model"}
{"ts": "2026-09-23T03:54:43.243518+00:00", "trace_id": null, "stage": "gate_entail", "event": "finish", "duration_ms": 0.124, "degraded": true, "skipped": true, "reason": "no_entailment_model"}
{"ts": "2026-09-23T03:54:43.243591+00:00", "trace_id": null, "stage": "gate_coverage", "event": "start", "coverage": 1.0}
{"ts": "2026-09-23T03:54:43.243698+00:00", "trace_id": null, "stage": "gate_coverage", "event": "finish", "duration_ms": 0.107, "coverage": 1.0}
{"ts": "2026-09-23T03:54:43.243751+00:00", "trace_id": null, "stage": "gate_conflict", "event": "start"}
{"ts": "2026-09-23T03:54:43.243920+00:00", "trace_id": null, "stage": "gate_conflict", "event": "finish", "duration_ms": 0.167, "reason": "version_conflict"}
{"ts": "2026-09-23T03:54:43.243999+00:00", "trace_id": null, "stage": "embed_query", "event": "start", "model": "Qwen/Qwen3-Embedding-0.6B"}
{"ts": "2026-09-23T03:54:43.295509+00:00", "trace_id": null, "stage": "embed_query", "event": "finish", "duration_ms": 51.508, "model": "Qwen/Qwen3-Embedding-0.6B"}
{"ts": "2026-09-23T03:54:43.295592+00:00", "trace_id": null, "stage": "dense", "event": "start"}
{"ts": "2026-09-23T03:54:43.295826+00:00", "trace_id": null, "stage": "dense", "event": "finish", "duration_ms": 0.234, "candidates_out": 20}
{"ts": "2026-09-23T03:54:43.295870+00:00", "trace_id": null, "stage": "lexical", "event": "start"}
{"ts": "2026-09-23T03:54:43.296222+00:00", "trace_id": null, "stage": "lexical", "event": "finish", "duration_ms": 0.351, "candidates_out": 20}
{"ts": "2026-09-23T03:54:43.296285+00:00", "trace_id": null, "stage": "fuse", "event": "start", "candidates_in": 32}
{"ts": "2026-09-23T03:54:43.296375+00:00", "trace_id": null, "stage": "fuse", "event": "finish", "duration_ms": 0.089, "candidates_in": 32, "candidates_out": 20, "top_score": 0.03278688524590164}
{"ts": "2026-09-23T03:54:43.302896+00:00", "trace_id": null, "stage": "gate", "event": "start", "candidates_in": 5}
{"ts": "2026-09-23T03:54:43.303200+00:00", "trace_id": null, "stage": "gate", "event": "finish", "duration_ms": 0.307, "candidates_in": 5, "candidates_out": 6, "top_score": 0.05961290322580645}
{"ts": "2026-09-23T03:54:45.499190+00:00", "trace_id": null, "stage": "gate_form", "event": "start"}
{"ts": "2026-09-23T03:54:45.499311+00:00", "trace_id": null, "stage": "gate_form", "event": "finish", "duration_ms": 0.125}
{"ts": "2026-09-23T03:54:45.499356+00:00", "trace_id": null, "stage": "gate_literal", "event": "start"}
{"ts": "2026-09-23T03:54:45.499464+00:00", "trace_id": null, "stage": "gate_literal", "event": "finish", "duration_ms": 0.106}
{"ts": "2026-09-23T03:54:45.499520+00:00", "trace_id": null, "stage": "gate_entail", "event": "start", "skipped": true, "reason": "no_entailment_model"}
{"ts": "2026-09-23T03:54:45.499588+00:00", "trace_id": null, "stage": "gate_entail", "event": "finish", "duration_ms": 0.068, "degraded": true, "skipped": true, "reason": "no_entailment_model"}
{"ts": "2026-09-23T03:54:45.499632+00:00", "trace_id": null, "stage": "gate_coverage", "event": "start", "coverage": 1.0}
{"ts": "2026-09-23T03:54:45.499686+00:00", "trace_id": null, "stage": "gate_coverage", "event": "finish", "duration_ms": 0.053, "coverage": 1.0}
{"ts": "2026-09-23T03:54:45.499728+00:00", "trace_id": null, "stage": "gate_conflict", "event": "start"}
{"ts": "2026-09-23T03:54:45.499833+00:00", "trace_id": null, "stage": "gate_conflict", "event": "finish", "duration_ms": 0.105, "reason": "version_conflict"}
{"ts": "2026-09-23T03:54:45.499864+00:00", "trace_id": null, "stage": "embed_query", "event": "start", "model": "Qwen/Qwen3-Embedding-0.6B"}
{"ts": "2026-09-23T03:54:45.549185+00:00", "trace_id": null, "stage": "embed_query", "event": "finish", "duration_ms": 49.318, "model": "Qwen/Qwen3-Embedding-0.6B"}
{"ts": "2026-09-23T03:54:45.549265+00:00", "trace_id": null, "stage": "dense", "event": "start"}
{"ts": "2026-09-23T03:54:45.549482+00:00", "trace_id": null, "stage": "dense", "event": "finish", "duration_ms": 0.217, "candidates_out": 20}
{"ts": "2026-09-23T03:54:45.549527+00:00", "trace_id": null, "stage": "lexical", "event": "start"}
{"ts": "2026-09-23T03:54:45.549853+00:00", "trace_id": null, "stage": "lexical", "event": "finish", "duration_ms": 0.326, "candidates_out": 20}
{"ts": "2026-09-23T03:54:45.549898+00:00", "trace_id": null, "stage": "fuse", "event": "start", "candidates_in": 28}
{"ts": "2026-09-23T03:54:45.549963+00:00", "trace_id": null, "stage": "fuse", "event": "finish", "duration_ms": 0.063, "candidates_in": 28, "candidates_out": 18, "top_score": 0.031746031746031744}
{"ts": "2026-09-23T03:54:45.555123+00:00", "trace_id": null, "stage": "gate", "event": "start", "candidates_in": 5}
{"ts": "2026-09-23T03:54:45.555380+00:00", "trace_id": null, "stage": "gate", "event": "finish", "duration_ms": 0.257, "candidates_in": 5, "candidates_out": 6, "top_score": 0.062163187855787484}
{"ts": "2026-09-23T03:54:47.243131+00:00", "trace_id": null, "stage": "gate_form", "event": "start"}
{"ts": "2026-09-23T03:54:47.243251+00:00", "trace_id": null, "stage": "gate_form", "event": "finish", "duration_ms": 0.124}
{"ts": "2026-09-23T03:54:47.243304+00:00", "trace_id": null, "stage": "gate_literal", "event": "start"}
{"ts": "2026-09-23T03:54:47.243440+00:00", "trace_id": null, "stage": "gate_literal", "event": "finish", "duration_ms": 0.135}
{"ts": "2026-09-23T03:54:47.243504+00:00", "trace_id": null, "stage": "gate_entail", "event": "start", "skipped": true, "reason": "no_entailment_model"}
{"ts": "2026-09-23T03:54:47.243566+00:00", "trace_id": null, "stage": "gate_entail", "event": "finish", "duration_ms": 0.062, "degraded": true, "skipped": true, "reason": "no_entailment_model"}
{"ts": "2026-09-23T03:54:47.243595+00:00", "trace_id": null, "stage": "gate_coverage", "event": "start", "coverage": 1.0}
{"ts": "2026-09-23T03:54:47.243646+00:00", "trace_id": null, "stage": "gate_coverage", "event": "finish", "duration_ms": 0.051, "coverage": 1.0}
{"ts": "2026-09-23T03:54:47.243703+00:00", "trace_id": null, "stage": "gate_conflict", "event": "start"}
{"ts": "2026-09-23T03:54:47.243774+00:00", "trace_id": null, "stage": "gate_conflict", "event": "finish", "duration_ms": 0.072, "reason": "version_conflict"}
{"ts": "2026-09-23T03:54:47.243827+00:00", "trace_id": null, "stage": "embed_query", "event": "start", "model": "Qwen/Qwen3-Embedding-0.6B"}
{"ts": "2026-09-23T03:54:47.290160+00:00", "trace_id": null, "stage": "embed_query", "event": "finish", "duration_ms": 46.331, "model": "Qwen/Qwen3-Embedding-0.6B"}
{"ts": "2026-09-23T03:54:47.290242+00:00", "trace_id": null, "stage": "dense", "event": "start"}
{"ts": "2026-09-23T03:54:47.290468+00:00", "trace_id": null, "stage": "dense", "event": "finish", "duration_ms": 0.225, "candidates_out": 20}
{"ts": "2026-09-23T03:54:47.290507+00:00", "trace_id": null, "stage": "lexical", "event": "start"}
{"ts": "2026-09-23T03:54:47.290860+00:00", "trace_id": null, "stage": "lexical", "event": "finish", "duration_ms": 0.351, "candidates_out": 20}
{"ts": "2026-09-23T03:54:47.290923+00:00", "trace_id": null, "stage": "fuse", "event": "start", "candidates_in": 27}
{"ts": "2026-09-23T03:54:47.291009+00:00", "trace_id": null, "stage": "fuse", "event": "finish", "duration_ms": 0.085, "candidates_in": 27, "candidates_out": 19, "top_score": 0.03278688524590164}
{"ts": "2026-09-23T03:54:47.297979+00:00", "trace_id": null, "stage": "gate", "event": "start", "candidates_in": 5}
{"ts": "2026-09-23T03:54:47.298117+00:00", "trace_id": null, "stage": "gate", "event": "finish", "duration_ms": 0.139, "candidates_in": 5, "candidates_out": 5, "top_score": 0.058666666666666666}
{"ts": "2026-09-23T03:54:49.681883+00:00", "trace_id": null, "stage": "gate_form", "event": "start"}
{"ts": "2026-09-23T03:54:49.681985+00:00", "trace_id": null, "stage": "gate_form", "event": "finish", "duration_ms": 0.105}
{"ts": "2026-09-23T03:54:49.682039+00:00", "trace_id": null, "stage": "gate_literal", "event": "start"}
{"ts": "2026-09-23T03:54:49.682135+00:00", "trace_id": null, "stage": "gate_literal", "event": "finish", "duration_ms": 0.096}
{"ts": "2026-09-23T03:54:49.682172+00:00", "trace_id": null, "stage": "gate_entail", "event": "start", "skipped": true, "reason": "no_entailment_model"}
{"ts": "2026-09-23T03:54:49.682217+00:00", "trace_id": null, "stage": "gate_entail", "event": "finish", "duration_ms": 0.043, "degraded": true, "skipped": true, "reason": "no_entailment_model"}
{"ts": "2026-09-23T03:54:49.682259+00:00", "trace_id": null, "stage": "gate_coverage", "event": "start", "coverage": 1.0}
{"ts": "2026-09-23T03:54:49.682308+00:00", "trace_id": null, "stage": "gate_coverage", "event": "finish", "duration_ms": 0.049, "coverage": 1.0}
{"ts": "2026-09-23T03:54:49.682336+00:00", "trace_id": null, "stage": "gate_conflict", "event": "start"}
{"ts": "2026-09-23T03:54:49.682413+00:00", "trace_id": null, "stage": "gate_conflict", "event": "finish", "duration_ms": 0.077, "reason": "version_conflict"}
{"ts": "2026-09-23T03:54:49.682439+00:00", "trace_id": null, "stage": "embed_query", "event": "start", "model": "Qwen/Qwen3-Embedding-0.6B"}
{"ts": "2026-09-23T03:54:49.724856+00:00", "trace_id": null, "stage": "embed_query", "event": "finish", "duration_ms": 42.414, "model": "Qwen/Qwen3-Embedding-0.6B"}
{"ts": "2026-09-23T03:54:49.724934+00:00", "trace_id": null, "stage": "dense", "event": "start"}
{"ts": "2026-09-23T03:54:49.725172+00:00", "trace_id": null, "stage": "dense", "event": "finish", "duration_ms": 0.237, "candidates_out": 20}
{"ts": "2026-09-23T03:54:49.725219+00:00", "trace_id": null, "stage": "lexical", "event": "start"}
{"ts": "2026-09-23T03:54:49.725550+00:00", "trace_id": null, "stage": "lexical", "event": "finish", "duration_ms": 0.33, "candidates_out": 20}
{"ts": "2026-09-23T03:54:49.725606+00:00", "trace_id": null, "stage": "fuse", "event": "start", "candidates_in": 30}
{"ts": "2026-09-23T03:54:49.725676+00:00", "trace_id": null, "stage": "fuse", "event": "finish", "duration_ms": 0.069, "candidates_in": 30, "candidates_out": 24, "top_score": 0.03278688524590164}
{"ts": "2026-09-23T03:54:49.734228+00:00", "trace_id": null, "stage": "gate", "event": "start", "candidates_in": 5}
{"ts": "2026-09-23T03:54:49.734348+00:00", "trace_id": null, "stage": "gate", "event": "finish", "duration_ms": 0.12, "candidates_in": 5, "candidates_out": 5, "top_score": 0.05961290322580645}
{"ts": "2026-09-23T03:54:52.465699+00:00", "trace_id": null, "stage": "gate_form", "event": "start"}
{"ts": "2026-09-23T03:54:52.466117+00:00", "trace_id": null, "stage": "gate_form", "event": "finish", "duration_ms": 0.471}
{"ts": "2026-09-23T03:54:52.466179+00:00", "trace_id": null, "stage": "gate_literal", "event": "start"}
{"ts": "2026-09-23T03:54:52.466293+00:00", "trace_id": null, "stage": "gate_literal", "event": "finish", "duration_ms": 0.113}
{"ts": "2026-09-23T03:54:52.466339+00:00", "trace_id": null, "stage": "gate_entail", "event": "start", "skipped": true, "reason": "no_entailment_model"}
{"ts": "2026-09-23T03:54:52.466402+00:00", "trace_id": null, "stage": "gate_entail", "event": "finish", "duration_ms": 0.061, "degraded": true, "skipped": true, "reason": "no_entailment_model"}
{"ts": "2026-09-23T03:54:52.466453+00:00", "trace_id": null, "stage": "gate_coverage", "event": "start", "coverage": 1.0}
{"ts": "2026-09-23T03:54:52.466511+00:00", "trace_id": null, "stage": "gate_coverage", "event": "finish", "duration_ms": 0.058, "coverage": 1.0}
{"ts": "2026-09-23T03:54:52.466531+00:00", "trace_id": null, "stage": "gate_conflict", "event": "start"}
{"ts": "2026-09-23T03:54:52.466732+00:00", "trace_id": null, "stage": "gate_conflict", "event": "finish", "duration_ms": 0.202, "reason": "version_conflict"}
{"ts": "2026-09-23T03:54:52.466836+00:00", "trace_id": null, "stage": "embed_query", "event": "start", "model": "Qwen/Qwen3-Embedding-0.6B"}
{"ts": "2026-09-23T03:54:52.643221+00:00", "trace_id": null, "stage": "embed_query", "event": "finish", "duration_ms": 176.382, "model": "Qwen/Qwen3-Embedding-0.6B"}
{"ts": "2026-09-23T03:54:52.643286+00:00", "trace_id": null, "stage": "dense", "event": "start"}
{"ts": "2026-09-23T03:54:52.643705+00:00", "trace_id": null, "stage": "dense", "event": "finish", "duration_ms": 0.419, "candidates_out": 20}
{"ts": "2026-09-23T03:54:52.643746+00:00", "trace_id": null, "stage": "lexical", "event": "start"}
{"ts": "2026-09-23T03:54:52.644203+00:00", "trace_id": null, "stage": "lexical", "event": "finish", "duration_ms": 0.455, "candidates_out": 20}
{"ts": "2026-09-23T03:54:52.644259+00:00", "trace_id": null, "stage": "fuse", "event": "start", "candidates_in": 32}
{"ts": "2026-09-23T03:54:52.644335+00:00", "trace_id": null, "stage": "fuse", "event": "finish", "duration_ms": 0.075, "candidates_in": 32, "candidates_out": 21, "top_score": 0.03278688524590164}
{"ts": "2026-09-23T03:54:52.650483+00:00", "trace_id": null, "stage": "gate", "event": "start", "candidates_in": 5}
{"ts": "2026-09-23T03:54:52.650807+00:00", "trace_id": null, "stage": "gate", "event": "finish", "duration_ms": 0.325, "candidates_in": 5, "candidates_out": 6, "top_score": 0.15499354838709678}
{"ts": "2026-09-23T03:54:55.520864+00:00", "trace_id": null, "stage": "gate_form", "event": "start"}
{"ts": "2026-09-23T03:54:55.520954+00:00", "trace_id": null, "stage": "gate_form", "event": "finish", "duration_ms": 0.093}
{"ts": "2026-09-23T03:54:55.520999+00:00", "trace_id": null, "stage": "gate_literal", "event": "start"}
{"ts": "2026-09-23T03:54:55.521116+00:00", "trace_id": null, "stage": "gate_literal", "event": "finish", "duration_ms": 0.116}
{"ts": "2026-09-23T03:54:55.521167+00:00", "trace_id": null, "stage": "gate_entail", "event": "start", "skipped": true, "reason": "no_entailment_model"}
{"ts": "2026-09-23T03:54:55.521210+00:00", "trace_id": null, "stage": "gate_entail", "event": "finish", "duration_ms": 0.044, "degraded": true, "skipped": true, "reason": "no_entailment_model"}
{"ts": "2026-09-23T03:54:55.521231+00:00", "trace_id": null, "stage": "gate_coverage", "event": "start", "coverage": 1.0}
{"ts": "2026-09-23T03:54:55.521271+00:00", "trace_id": null, "stage": "gate_coverage", "event": "finish", "duration_ms": 0.04, "coverage": 1.0}
{"ts": "2026-09-23T03:54:55.521296+00:00", "trace_id": null, "stage": "gate_conflict", "event": "start"}
{"ts": "2026-09-23T03:54:55.521436+00:00", "trace_id": null, "stage": "gate_conflict", "event": "finish", "duration_ms": 0.14, "reason": "version_conflict"}
{"ts": "2026-09-23T03:54:55.521466+00:00", "trace_id": null, "stage": "embed_query", "event": "start", "model": "Qwen/Qwen3-Embedding-0.6B"}
{"ts": "2026-09-23T03:54:55.567602+00:00", "trace_id": null, "stage": "embed_query", "event": "finish", "duration_ms": 46.132, "model": "Qwen/Qwen3-Embedding-0.6B"}
{"ts": "2026-09-23T03:54:55.567687+00:00", "trace_id": null, "stage": "dense", "event": "start"}
{"ts": "2026-09-23T03:54:55.567895+00:00", "trace_id": null, "stage": "dense", "event": "finish", "duration_ms": 0.208, "candidates_out": 20}
{"ts": "2026-09-23T03:54:55.567934+00:00", "trace_id": null, "stage": "lexical", "event": "start"}
{"ts": "2026-09-23T03:54:55.568292+00:00", "trace_id": null, "stage": "lexical", "event": "finish", "duration_ms": 0.357, "candidates_out": 20}
{"ts": "2026-09-23T03:54:55.568362+00:00", "trace_id": null, "stage": "fuse", "event": "start", "candidates_in": 33}
{"ts": "2026-09-23T03:54:55.568433+00:00", "trace_id": null, "stage": "fuse", "event": "finish", "duration_ms": 0.071, "candidates_in": 33, "candidates_out": 22, "top_score": 0.03252247488101534}
{"ts": "2026-09-23T03:54:55.574828+00:00", "trace_id": null, "stage": "gate", "event": "start", "candidates_in": 5}
{"ts": "2026-09-23T03:54:55.575083+00:00", "trace_id": null, "stage": "gate", "event": "finish", "duration_ms": 0.254, "candidates_in": 5, "candidates_out": 6, "top_score": 0.15626398730830252}
{"ts": "2026-09-23T03:54:58.503610+00:00", "trace_id": null, "stage": "gate_form", "event": "start"}
{"ts": "2026-09-23T03:54:58.503739+00:00", "trace_id": null, "stage": "gate_form", "event": "finish", "duration_ms": 0.134}
{"ts": "2026-09-23T03:54:58.503788+00:00", "trace_id": null, "stage": "gate_literal", "event": "start"}
{"ts": "2026-09-23T03:54:58.503906+00:00", "trace_id": null, "stage": "gate_literal", "event": "finish", "duration_ms": 0.118}
{"ts": "2026-09-23T03:54:58.503955+00:00", "trace_id": null, "stage": "gate_entail", "event": "start", "skipped": true, "reason": "no_entailment_model"}
{"ts": "2026-09-23T03:54:58.504006+00:00", "trace_id": null, "stage": "gate_entail", "event": "finish", "duration_ms": 0.051, "degraded": true, "skipped": true, "reason": "no_entailment_model"}
{"ts": "2026-09-23T03:54:58.504045+00:00", "trace_id": null, "stage": "gate_coverage", "event": "start", "coverage": 1.0}
{"ts": "2026-09-23T03:54:58.504088+00:00", "trace_id": null, "stage": "gate_coverage", "event": "finish", "duration_ms": 0.043, "coverage": 1.0}
{"ts": "2026-09-23T03:54:58.504125+00:00", "trace_id": null, "stage": "gate_conflict", "event": "start"}
{"ts": "2026-09-23T03:54:58.504224+00:00", "trace_id": null, "stage": "gate_conflict", "event": "finish", "duration_ms": 0.099, "reason": "version_conflict"}
{"ts": "2026-09-23T03:54:58.504256+00:00", "trace_id": null, "stage": "embed_query", "event": "start", "model": "Qwen/Qwen3-Embedding-0.6B"}
{"ts": "2026-09-23T03:54:58.554468+00:00", "trace_id": null, "stage": "embed_query", "event": "finish", "duration_ms": 50.21, "model": "Qwen/Qwen3-Embedding-0.6B"}
{"ts": "2026-09-23T03:54:58.554535+00:00", "trace_id": null, "stage": "dense", "event": "start"}
{"ts": "2026-09-23T03:54:58.554712+00:00", "trace_id": null, "stage": "dense", "event": "finish", "duration_ms": 0.177, "candidates_out": 20}
{"ts": "2026-09-23T03:54:58.554734+00:00", "trace_id": null, "stage": "lexical", "event": "start"}
{"ts": "2026-09-23T03:54:58.555031+00:00", "trace_id": null, "stage": "lexical", "event": "finish", "duration_ms": 0.295, "candidates_out": 20}
{"ts": "2026-09-23T03:54:58.555085+00:00", "trace_id": null, "stage": "fuse", "event": "start", "candidates_in": 32}
{"ts": "2026-09-23T03:54:58.555158+00:00", "trace_id": null, "stage": "fuse", "event": "finish", "duration_ms": 0.073, "candidates_in": 32, "candidates_out": 22, "top_score": 0.030886196246139225}
{"ts": "2026-09-23T03:54:58.560853+00:00", "trace_id": null, "stage": "gate", "event": "start", "candidates_in": 5}
{"ts": "2026-09-23T03:54:58.561223+00:00", "trace_id": null, "stage": "gate", "event": "finish", "duration_ms": 0.372, "candidates_in": 5, "candidates_out": 7, "top_score": 0.05888000000000001}
{"ts": "2026-09-23T03:55:00.381357+00:00", "trace_id": null, "stage": "gate_form", "event": "start"}
{"ts": "2026-09-23T03:55:00.381465+00:00", "trace_id": null, "stage": "gate_form", "event": "finish", "duration_ms": 0.113}
{"ts": "2026-09-23T03:55:00.381505+00:00", "trace_id": null, "stage": "gate_literal", "event": "start"}
{"ts": "2026-09-23T03:55:00.381571+00:00", "trace_id": null, "stage": "gate_literal", "event": "finish", "duration_ms": 0.066}
{"ts": "2026-09-23T03:55:00.381711+00:00", "trace_id": null, "stage": "gate_entail", "event": "start", "skipped": true, "reason": "no_entailment_model"}
{"ts": "2026-09-23T03:55:00.381788+00:00", "trace_id": null, "stage": "gate_entail", "event": "finish", "duration_ms": 0.075, "degraded": true, "skipped": true, "reason": "no_entailment_model"}
{"ts": "2026-09-23T03:55:00.381896+00:00", "trace_id": null, "stage": "gate_coverage", "event": "start", "coverage": 1.0}
{"ts": "2026-09-23T03:55:00.381966+00:00", "trace_id": null, "stage": "gate_coverage", "event": "finish", "duration_ms": 0.07, "coverage": 1.0}
{"ts": "2026-09-23T03:55:00.382005+00:00", "trace_id": null, "stage": "gate_conflict", "event": "start"}
{"ts": "2026-09-23T03:55:00.382095+00:00", "trace_id": null, "stage": "gate_conflict", "event": "finish", "duration_ms": 0.09, "reason": "version_conflict"}
{"ts": "2026-09-23T03:55:00.382192+00:00", "trace_id": null, "stage": "embed_query", "event": "start", "model": "Qwen/Qwen3-Embedding-0.6B"}
{"ts": "2026-09-23T03:55:00.425423+00:00", "trace_id": null, "stage": "embed_query", "event": "finish", "duration_ms": 43.228, "model": "Qwen/Qwen3-Embedding-0.6B"}
{"ts": "2026-09-23T03:55:00.425497+00:00", "trace_id": null, "stage": "dense", "event": "start"}
{"ts": "2026-09-23T03:55:00.425689+00:00", "trace_id": null, "stage": "dense", "event": "finish", "duration_ms": 0.192, "candidates_out": 20}
{"ts": "2026-09-23T03:55:00.425731+00:00", "trace_id": null, "stage": "lexical", "event": "start"}
{"ts": "2026-09-23T03:55:00.426046+00:00", "trace_id": null, "stage": "lexical", "event": "finish", "duration_ms": 0.315, "candidates_out": 20}
{"ts": "2026-09-23T03:55:00.426091+00:00", "trace_id": null, "stage": "fuse", "event": "start", "candidates_in": 33}
{"ts": "2026-09-23T03:55:00.426171+00:00", "trace_id": null, "stage": "fuse", "event": "finish", "duration_ms": 0.08, "candidates_in": 33, "candidates_out": 24, "top_score": 0.03278688524590164}
{"ts": "2026-09-23T03:55:00.435348+00:00", "trace_id": null, "stage": "gate", "event": "start", "candidates_in": 5}
{"ts": "2026-09-23T03:55:00.435446+00:00", "trace_id": null, "stage": "gate", "event": "finish", "duration_ms": 0.1, "candidates_in": 5, "candidates_out": 5, "top_score": 0.15753442622950822}
{"ts": "2026-09-23T03:55:02.023742+00:00", "trace_id": null, "stage": "gate_form", "event": "start"}
{"ts": "2026-09-23T03:55:02.023863+00:00", "trace_id": null, "stage": "gate_form", "event": "finish", "duration_ms": 0.125}
{"ts": "2026-09-23T03:55:02.023913+00:00", "trace_id": null, "stage": "gate_literal", "event": "start"}
{"ts": "2026-09-23T03:55:02.024000+00:00", "trace_id": null, "stage": "gate_literal", "event": "finish", "duration_ms": 0.092}
{"ts": "2026-09-23T03:55:02.024047+00:00", "trace_id": null, "stage": "gate_entail", "event": "start", "skipped": true, "reason": "no_entailment_model"}
{"ts": "2026-09-23T03:55:02.024099+00:00", "trace_id": null, "stage": "gate_entail", "event": "finish", "duration_ms": 0.051, "degraded": true, "skipped": true, "reason": "no_entailment_model"}
{"ts": "2026-09-23T03:55:02.024137+00:00", "trace_id": null, "stage": "gate_coverage", "event": "start", "coverage": 1.0}
{"ts": "2026-09-23T03:55:02.024171+00:00", "trace_id": null, "stage": "gate_coverage", "event": "finish", "duration_ms": 0.035, "coverage": 1.0}
{"ts": "2026-09-23T03:55:02.024188+00:00", "trace_id": null, "stage": "gate_conflict", "event": "start"}
{"ts": "2026-09-23T03:55:02.024261+00:00", "trace_id": null, "stage": "gate_conflict", "event": "finish", "duration_ms": 0.07, "skipped": true, "reason": "no_conflict"}
... 120/122 abstain=15
{"ts": "2026-09-23T03:55:02.024337+00:00", "trace_id": null, "stage": "embed_query", "event": "start", "model": "Qwen/Qwen3-Embedding-0.6B"}
{"ts": "2026-09-23T03:55:02.076523+00:00", "trace_id": null, "stage": "embed_query", "event": "finish", "duration_ms": 52.183, "model": "Qwen/Qwen3-Embedding-0.6B"}
{"ts": "2026-09-23T03:55:02.076599+00:00", "trace_id": null, "stage": "dense", "event": "start"}
{"ts": "2026-09-23T03:55:02.076805+00:00", "trace_id": null, "stage": "dense", "event": "finish", "duration_ms": 0.205, "candidates_out": 20}
{"ts": "2026-09-23T03:55:02.076846+00:00", "trace_id": null, "stage": "lexical", "event": "start"}
{"ts": "2026-09-23T03:55:02.077146+00:00", "trace_id": null, "stage": "lexical", "event": "finish", "duration_ms": 0.299, "candidates_out": 20}
{"ts": "2026-09-23T03:55:02.077200+00:00", "trace_id": null, "stage": "fuse", "event": "start", "candidates_in": 31}
{"ts": "2026-09-23T03:55:02.077269+00:00", "trace_id": null, "stage": "fuse", "event": "finish", "duration_ms": 0.068, "candidates_in": 31, "candidates_out": 19, "top_score": 0.03278688524590164}
{"ts": "2026-09-23T03:55:02.084561+00:00", "trace_id": null, "stage": "gate", "event": "start", "candidates_in": 5}
{"ts": "2026-09-23T03:55:02.084655+00:00", "trace_id": null, "stage": "gate", "event": "finish", "duration_ms": 0.094, "candidates_in": 5, "candidates_out": 5, "top_score": 0.05929411764705883}
{"ts": "2026-09-23T03:55:03.720933+00:00", "trace_id": null, "stage": "gate_form", "event": "start"}
{"ts": "2026-09-23T03:55:03.721065+00:00", "trace_id": null, "stage": "gate_form", "event": "finish", "duration_ms": 0.136}
{"ts": "2026-09-23T03:55:03.721117+00:00", "trace_id": null, "stage": "gate_literal", "event": "start"}
{"ts": "2026-09-23T03:55:03.721236+00:00", "trace_id": null, "stage": "gate_literal", "event": "finish", "duration_ms": 0.119}
{"ts": "2026-09-23T03:55:03.721294+00:00", "trace_id": null, "stage": "gate_entail", "event": "start", "skipped": true, "reason": "no_entailment_model"}
{"ts": "2026-09-23T03:55:03.721361+00:00", "trace_id": null, "stage": "gate_entail", "event": "finish", "duration_ms": 0.066, "degraded": true, "skipped": true, "reason": "no_entailment_model"}
{"ts": "2026-09-23T03:55:03.721417+00:00", "trace_id": null, "stage": "gate_coverage", "event": "start", "coverage": 1.0}
{"ts": "2026-09-23T03:55:03.721478+00:00", "trace_id": null, "stage": "gate_coverage", "event": "finish", "duration_ms": 0.063, "coverage": 1.0}
{"ts": "2026-09-23T03:55:03.721518+00:00", "trace_id": null, "stage": "gate_conflict", "event": "start"}
{"ts": "2026-09-23T03:55:03.721586+00:00", "trace_id": null, "stage": "gate_conflict", "event": "finish", "duration_ms": 0.067, "skipped": true, "reason": "no_conflict"}
{"ts": "2026-09-23T03:55:03.721645+00:00", "trace_id": null, "stage": "embed_query", "event": "start", "model": "Qwen/Qwen3-Embedding-0.6B"}
{"ts": "2026-09-23T03:55:03.764417+00:00", "trace_id": null, "stage": "embed_query", "event": "finish", "duration_ms": 42.77, "model": "Qwen/Qwen3-Embedding-0.6B"}
{"ts": "2026-09-23T03:55:03.764483+00:00", "trace_id": null, "stage": "dense", "event": "start"}
{"ts": "2026-09-23T03:55:03.764700+00:00", "trace_id": null, "stage": "dense", "event": "finish", "duration_ms": 0.216, "candidates_out": 20}
{"ts": "2026-09-23T03:55:03.764735+00:00", "trace_id": null, "stage": "lexical", "event": "start"}
{"ts": "2026-09-23T03:55:03.765215+00:00", "trace_id": null, "stage": "lexical", "event": "finish", "duration_ms": 0.478, "candidates_out": 20}
{"ts": "2026-09-23T03:55:03.765306+00:00", "trace_id": null, "stage": "fuse", "event": "start", "candidates_in": 32}
{"ts": "2026-09-23T03:55:03.765380+00:00", "trace_id": null, "stage": "fuse", "event": "finish", "duration_ms": 0.074, "candidates_in": 32, "candidates_out": 19, "top_score": 0.03278688524590164}
{"ts": "2026-09-23T03:55:03.772491+00:00", "trace_id": null, "stage": "gate", "event": "start", "candidates_in": 5}
{"ts": "2026-09-23T03:55:03.772565+00:00", "trace_id": null, "stage": "gate", "event": "finish", "duration_ms": 0.074, "candidates_in": 5, "candidates_out": 5, "top_score": 0.05868145161290323}
{"ts": "2026-09-23T03:55:05.874844+00:00", "trace_id": null, "stage": "gate_form", "event": "start"}
{"ts": "2026-09-23T03:55:05.874972+00:00", "trace_id": null, "stage": "gate_form", "event": "finish", "duration_ms": 0.132}
{"ts": "2026-09-23T03:55:05.875021+00:00", "trace_id": null, "stage": "gate_literal", "event": "start"}
{"ts": "2026-09-23T03:55:05.875227+00:00", "trace_id": null, "stage": "gate_literal", "event": "finish", "duration_ms": 0.205}
{"ts": "2026-09-23T03:55:05.875277+00:00", "trace_id": null, "stage": "gate_entail", "event": "start", "skipped": true, "reason": "no_entailment_model"}
{"ts": "2026-09-23T03:55:05.875334+00:00", "trace_id": null, "stage": "gate_entail", "event": "finish", "duration_ms": 0.058, "degraded": true, "skipped": true, "reason": "no_entailment_model"}
{"ts": "2026-09-23T03:55:05.875375+00:00", "trace_id": null, "stage": "gate_coverage", "event": "start", "coverage": 1.0}
{"ts": "2026-09-23T03:55:05.875421+00:00", "trace_id": null, "stage": "gate_coverage", "event": "finish", "duration_ms": 0.046, "coverage": 1.0}
{"ts": "2026-09-23T03:55:05.875460+00:00", "trace_id": null, "stage": "gate_conflict", "event": "start"}
{"ts": "2026-09-23T03:55:05.875514+00:00", "trace_id": null, "stage": "gate_conflict", "event": "finish", "duration_ms": 0.054, "skipped": true, "reason": "no_conflict"}
ABSTAIN_RATE 15/122 = 0.123
REASONS {'declined': 9, 'missing_citation': 4, 'unsupported_figure': 2}
