Loading weights:   0%|          | 0/310 [00:00<?, ?it/s]Loading weights: 100%|██████████| 310/310 [00:00<00:00, 25876.34it/s]
{"ts": "2026-09-23T03:55:28.483723+00:00", "trace_id": null, "stage": "embed_query", "event": "start", "model": "Qwen/Qwen3-Embedding-0.6B"}
{"ts": "2026-09-23T03:55:28.510965+00:00", "trace_id": null, "stage": "embed_query", "event": "finish", "duration_ms": 27.261, "model": "Qwen/Qwen3-Embedding-0.6B"}
{"ts": "2026-09-23T03:55:28.511025+00:00", "trace_id": null, "stage": "dense", "event": "start"}
{"ts": "2026-09-23T03:55:28.511359+00:00", "trace_id": null, "stage": "dense", "event": "finish", "duration_ms": 0.334, "candidates_out": 20}
{"ts": "2026-09-23T03:55:28.511394+00:00", "trace_id": null, "stage": "lexical", "event": "start"}
{"ts": "2026-09-23T03:55:28.512685+00:00", "trace_id": null, "stage": "lexical", "event": "finish", "duration_ms": 1.29, "candidates_out": 20}
{"ts": "2026-09-23T03:55:28.512725+00:00", "trace_id": null, "stage": "fuse", "event": "start", "candidates_in": 33}
{"ts": "2026-09-23T03:55:28.512816+00:00", "trace_id": null, "stage": "fuse", "event": "finish", "duration_ms": 0.09, "candidates_in": 33, "candidates_out": 22, "top_score": 0.03278688524590164}
{"ts": "2026-09-23T03:55:28.517163+00:00", "trace_id": null, "stage": "gate", "event": "start", "candidates_in": 5}
{"ts": "2026-09-23T03:55:28.517287+00:00", "trace_id": null, "stage": "gate", "event": "finish", "duration_ms": 0.126, "candidates_in": 5, "candidates_out": 5, "top_score": 0.14065573770491804}
{"ts": "2026-09-23T03:55:28.517329+00:00", "trace_id": null, "stage": "embed_query", "event": "start", "model": "Qwen/Qwen3-Embedding-0.6B"}
{"ts": "2026-09-23T03:55:28.544931+00:00", "trace_id": null, "stage": "embed_query", "event": "finish", "duration_ms": 27.599, "model": "Qwen/Qwen3-Embedding-0.6B"}
{"ts": "2026-09-23T03:55:28.544986+00:00", "trace_id": null, "stage": "dense", "event": "start"}
{"ts": "2026-09-23T03:55:28.545196+00:00", "trace_id": null, "stage": "dense", "event": "finish", "duration_ms": 0.211, "candidates_out": 20}
{"ts": "2026-09-23T03:55:28.545217+00:00", "trace_id": null, "stage": "lexical", "event": "start"}
{"ts": "2026-09-23T03:55:28.545636+00:00", "trace_id": null, "stage": "lexical", "event": "finish", "duration_ms": 0.419, "candidates_out": 20}
{"ts": "2026-09-23T03:55:28.545664+00:00", "trace_id": null, "stage": "fuse", "event": "start", "candidates_in": 33}
{"ts": "2026-09-23T03:55:28.545750+00:00", "trace_id": null, "stage": "fuse", "event": "finish", "duration_ms": 0.086, "candidates_in": 33, "candidates_out": 19, "top_score": 0.03278688524590164}
{"ts": "2026-09-23T03:55:28.548305+00:00", "trace_id": null, "stage": "gate", "event": "start", "candidates_in": 5}
{"ts": "2026-09-23T03:55:28.548375+00:00", "trace_id": null, "stage": "gate", "event": "finish", "duration_ms": 0.071, "candidates_in": 5, "candidates_out": 5, "top_score": 0.03278688524590164}
{"ts": "2026-09-23T03:55:28.548404+00:00", "trace_id": null, "stage": "embed_query", "event": "start", "model": "Qwen/Qwen3-Embedding-0.6B"}
{"ts": "2026-09-23T03:55:28.571749+00:00", "trace_id": null, "stage": "embed_query", "event": "finish", "duration_ms": 23.342, "model": "Qwen/Qwen3-Embedding-0.6B"}
{"ts": "2026-09-23T03:55:28.571789+00:00", "trace_id": null, "stage": "dense", "event": "start"}
{"ts": "2026-09-23T03:55:28.571983+00:00", "trace_id": null, "stage": "dense", "event": "finish", "duration_ms": 0.194, "candidates_out": 20}
{"ts": "2026-09-23T03:55:28.571998+00:00", "trace_id": null, "stage": "lexical", "event": "start"}
{"ts": "2026-09-23T03:55:28.572237+00:00", "trace_id": null, "stage": "lexical", "event": "finish", "duration_ms": 0.238, "candidates_out": 20}
{"ts": "2026-09-23T03:55:28.572272+00:00", "trace_id": null, "stage": "fuse", "event": "start", "candidates_in": 31}
{"ts": "2026-09-23T03:55:28.572354+00:00", "trace_id": null, "stage": "fuse", "event": "finish", "duration_ms": 0.082, "candidates_in": 31, "candidates_out": 19, "top_score": 0.03278688524590164}
{"ts": "2026-09-23T03:55:28.576196+00:00", "trace_id": null, "stage": "gate", "event": "start", "candidates_in": 5}
{"ts": "2026-09-23T03:55:28.576261+00:00", "trace_id": null, "stage": "gate", "event": "finish", "duration_ms": 0.065, "candidates_in": 5, "candidates_out": 5, "top_score": 0.05901639344262295}
{"ts": "2026-09-23T03:55:28.576303+00:00", "trace_id": null, "stage": "embed_query", "event": "start", "model": "Qwen/Qwen3-Embedding-0.6B"}
{"ts": "2026-09-23T03:55:28.603533+00:00", "trace_id": null, "stage": "embed_query", "event": "finish", "duration_ms": 27.228, "model": "Qwen/Qwen3-Embedding-0.6B"}
{"ts": "2026-09-23T03:55:28.603578+00:00", "trace_id": null, "stage": "dense", "event": "start"}
{"ts": "2026-09-23T03:55:28.603781+00:00", "trace_id": null, "stage": "dense", "event": "finish", "duration_ms": 0.203, "candidates_out": 20}
{"ts": "2026-09-23T03:55:28.603799+00:00", "trace_id": null, "stage": "lexical", "event": "start"}
{"ts": "2026-09-23T03:55:28.604045+00:00", "trace_id": null, "stage": "lexical", "event": "finish", "duration_ms": 0.245, "candidates_out": 20}
{"ts": "2026-09-23T03:55:28.604074+00:00", "trace_id": null, "stage": "fuse", "event": "start", "candidates_in": 33}
{"ts": "2026-09-23T03:55:28.604137+00:00", "trace_id": null, "stage": "fuse", "event": "finish", "duration_ms": 0.062, "candidates_in": 33, "candidates_out": 20, "top_score": 0.03252247488101534}
{"ts": "2026-09-23T03:55:28.608146+00:00", "trace_id": null, "stage": "gate", "event": "start", "candidates_in": 5}
{"ts": "2026-09-23T03:55:28.608210+00:00", "trace_id": null, "stage": "gate", "event": "finish", "duration_ms": 0.064, "candidates_in": 5, "candidates_out": 5, "top_score": 0.03252247488101534}
{"ts": "2026-09-23T03:55:28.608239+00:00", "trace_id": null, "stage": "embed_query", "event": "start", "model": "Qwen/Qwen3-Embedding-0.6B"}
{"ts": "2026-09-23T03:55:28.631011+00:00", "trace_id": null, "stage": "embed_query", "event": "finish", "duration_ms": 22.77, "model": "Qwen/Qwen3-Embedding-0.6B"}
{"ts": "2026-09-23T03:55:28.631123+00:00", "trace_id": null, "stage": "dense", "event": "start"}
{"ts": "2026-09-23T03:55:28.631306+00:00", "trace_id": null, "stage": "dense", "event": "finish", "duration_ms": 0.183, "candidates_out": 20}
{"ts": "2026-09-23T03:55:28.631324+00:00", "trace_id": null, "stage": "lexical", "event": "start"}
{"ts": "2026-09-23T03:55:28.631577+00:00", "trace_id": null, "stage": "lexical", "event": "finish", "duration_ms": 0.253, "candidates_out": 20}
{"ts": "2026-09-23T03:55:28.631602+00:00", "trace_id": null, "stage": "fuse", "event": "start", "candidates_in": 33}
{"ts": "2026-09-23T03:55:28.631679+00:00", "trace_id": null, "stage": "fuse", "event": "finish", "duration_ms": 0.077, "candidates_in": 33, "candidates_out": 20, "top_score": 0.03278688524590164}
{"ts": "2026-09-23T03:55:28.635427+00:00", "trace_id": null, "stage": "gate", "event": "start", "candidates_in": 5}
{"ts": "2026-09-23T03:55:28.635486+00:00", "trace_id": null, "stage": "gate", "event": "finish", "duration_ms": 0.059, "candidates_in": 5, "candidates_out": 5, "top_score": 0.03278688524590164}
{"ts": "2026-09-23T03:55:28.635521+00:00", "trace_id": null, "stage": "embed_query", "event": "start", "model": "Qwen/Qwen3-Embedding-0.6B"}
{"ts": "2026-09-23T03:55:28.658922+00:00", "trace_id": null, "stage": "embed_query", "event": "finish", "duration_ms": 23.399, "model": "Qwen/Qwen3-Embedding-0.6B"}
{"ts": "2026-09-23T03:55:28.658962+00:00", "trace_id": null, "stage": "dense", "event": "start"}
{"ts": "2026-09-23T03:55:28.659141+00:00", "trace_id": null, "stage": "dense", "event": "finish", "duration_ms": 0.18, "candidates_out": 20}
{"ts": "2026-09-23T03:55:28.659158+00:00", "trace_id": null, "stage": "lexical", "event": "start"}
{"ts": "2026-09-23T03:55:28.659412+00:00", "trace_id": null, "stage": "lexical", "event": "finish", "duration_ms": 0.253, "candidates_out": 20}
{"ts": "2026-09-23T03:55:28.659445+00:00", "trace_id": null, "stage": "fuse", "event": "start", "candidates_in": 31}
{"ts": "2026-09-23T03:55:28.659524+00:00", "trace_id": null, "stage": "fuse", "event": "finish", "duration_ms": 0.079, "candidates_in": 31, "candidates_out": 18, "top_score": 0.03252247488101534}
{"ts": "2026-09-23T03:55:28.662878+00:00", "trace_id": null, "stage": "gate", "event": "start", "candidates_in": 5}
{"ts": "2026-09-23T03:55:28.662939+00:00", "trace_id": null, "stage": "gate", "event": "finish", "duration_ms": 0.061, "candidates_in": 5, "candidates_out": 5, "top_score": 0.03252247488101534}
{"ts": "2026-09-23T03:55:28.662967+00:00", "trace_id": null, "stage": "embed_query", "event": "start", "model": "Qwen/Qwen3-Embedding-0.6B"}
{"ts": "2026-09-23T03:55:28.687661+00:00", "trace_id": null, "stage": "embed_query", "event": "finish", "duration_ms": 24.689, "model": "Qwen/Qwen3-Embedding-0.6B"}
{"ts": "2026-09-23T03:55:28.687716+00:00", "trace_id": null, "stage": "dense", "event": "start"}
{"ts": "2026-09-23T03:55:28.687926+00:00", "trace_id": null, "stage": "dense", "event": "finish", "duration_ms": 0.21, "candidates_out": 20}
{"ts": "2026-09-23T03:55:28.687946+00:00", "trace_id": null, "stage": "lexical", "event": "start"}
{"ts": "2026-09-23T03:55:28.688188+00:00", "trace_id": null, "stage": "lexical", "event": "finish", "duration_ms": 0.241, "candidates_out": 20}
{"ts": "2026-09-23T03:55:28.688221+00:00", "trace_id": null, "stage": "fuse", "event": "start", "candidates_in": 31}
{"ts": "2026-09-23T03:55:28.688308+00:00", "trace_id": null, "stage": "fuse", "event": "finish", "duration_ms": 0.087, "candidates_in": 31, "candidates_out": 19, "top_score": 0.03278688524590164}
{"ts": "2026-09-23T03:55:28.691930+00:00", "trace_id": null, "stage": "gate", "event": "start", "candidates_in": 5}
{"ts": "2026-09-23T03:55:28.692048+00:00", "trace_id": null, "stage": "gate", "event": "finish", "duration_ms": 0.12, "candidates_in": 5, "candidates_out": 5, "top_score": 0.05901639344262295}
{"ts": "2026-09-23T03:55:28.692089+00:00", "trace_id": null, "stage": "embed_query", "event": "start", "model": "Qwen/Qwen3-Embedding-0.6B"}
{"ts": "2026-09-23T03:55:28.716538+00:00", "trace_id": null, "stage": "embed_query", "event": "finish", "duration_ms": 24.446, "model": "Qwen/Qwen3-Embedding-0.6B"}
{"ts": "2026-09-23T03:55:28.716584+00:00", "trace_id": null, "stage": "dense", "event": "start"}
{"ts": "2026-09-23T03:55:28.716840+00:00", "trace_id": null, "stage": "dense", "event": "finish", "duration_ms": 0.253, "candidates_out": 20}
{"ts": "2026-09-23T03:55:28.716884+00:00", "trace_id": null, "stage": "lexical", "event": "start"}
{"ts": "2026-09-23T03:55:28.717220+00:00", "trace_id": null, "stage": "lexical", "event": "finish", "duration_ms": 0.335, "candidates_out": 20}
{"ts": "2026-09-23T03:55:28.717250+00:00", "trace_id": null, "stage": "fuse", "event": "start", "candidates_in": 32}
{"ts": "2026-09-23T03:55:28.717309+00:00", "trace_id": null, "stage": "fuse", "event": "finish", "duration_ms": 0.059, "candidates_in": 32, "candidates_out": 21, "top_score": 0.03278688524590164}
{"ts": "2026-09-23T03:55:28.721163+00:00", "trace_id": null, "stage": "gate", "event": "start", "candidates_in": 5}
{"ts": "2026-09-23T03:55:28.721234+00:00", "trace_id": null, "stage": "gate", "event": "finish", "duration_ms": 0.071, "candidates_in": 5, "candidates_out": 5, "top_score": 0.05901639344262295}
{"ts": "2026-09-23T03:55:28.721278+00:00", "trace_id": null, "stage": "embed_query", "event": "start", "model": "Qwen/Qwen3-Embedding-0.6B"}
{"ts": "2026-09-23T03:55:28.751240+00:00", "trace_id": null, "stage": "embed_query", "event": "finish", "duration_ms": 29.959, "model": "Qwen/Qwen3-Embedding-0.6B"}
{"ts": "2026-09-23T03:55:28.751296+00:00", "trace_id": null, "stage": "dense", "event": "start"}
{"ts": "2026-09-23T03:55:28.751605+00:00", "trace_id": null, "stage": "dense", "event": "finish", "duration_ms": 0.307, "candidates_out": 20}
{"ts": "2026-09-23T03:55:28.751635+00:00", "trace_id": null, "stage": "lexical", "event": "start"}
{"ts": "2026-09-23T03:55:28.751983+00:00", "trace_id": null, "stage": "lexical", "event": "finish", "duration_ms": 0.347, "candidates_out": 20}
{"ts": "2026-09-23T03:55:28.752017+00:00", "trace_id": null, "stage": "fuse", "event": "start", "candidates_in": 30}
{"ts": "2026-09-23T03:55:28.752081+00:00", "trace_id": null, "stage": "fuse", "event": "finish", "duration_ms": 0.064, "candidates_in": 30, "candidates_out": 19, "top_score": 0.03252247488101534}
{"ts": "2026-09-23T03:55:28.755803+00:00", "trace_id": null, "stage": "gate", "event": "start", "candidates_in": 5}
{"ts": "2026-09-23T03:55:28.755863+00:00", "trace_id": null, "stage": "gate", "event": "finish", "duration_ms": 0.061, "candidates_in": 5, "candidates_out": 5, "top_score": 0.031746031746031744}
{"ts": "2026-09-23T03:55:28.755891+00:00", "trace_id": null, "stage": "embed_query", "event": "start", "model": "Qwen/Qwen3-Embedding-0.6B"}
{"ts": "2026-09-23T03:55:28.779754+00:00", "trace_id": null, "stage": "embed_query", "event": "finish", "duration_ms": 23.86, "model": "Qwen/Qwen3-Embedding-0.6B"}
{"ts": "2026-09-23T03:55:28.779802+00:00", "trace_id": null, "stage": "dense", "event": "start"}
{"ts": "2026-09-23T03:55:28.780023+00:00", "trace_id": null, "stage": "dense", "event": "finish", "duration_ms": 0.22, "candidates_out": 20}
{"ts": "2026-09-23T03:55:28.780045+00:00", "trace_id": null, "stage": "lexical", "event": "start"}
{"ts": "2026-09-23T03:55:28.780305+00:00", "trace_id": null, "stage": "lexical", "event": "finish", "duration_ms": 0.259, "candidates_out": 20}
{"ts": "2026-09-23T03:55:28.780341+00:00", "trace_id": null, "stage": "fuse", "event": "start", "candidates_in": 30}
{"ts": "2026-09-23T03:55:28.780421+00:00", "trace_id": null, "stage": "fuse", "event": "finish", "duration_ms": 0.08, "candidates_in": 30, "candidates_out": 17, "top_score": 0.03252247488101534}
{"ts": "2026-09-23T03:55:28.783399+00:00", "trace_id": null, "stage": "gate", "event": "start", "candidates_in": 5}
{"ts": "2026-09-23T03:55:28.783463+00:00", "trace_id": null, "stage": "gate", "event": "finish", "duration_ms": 0.064, "candidates_in": 5, "candidates_out": 5, "top_score": 0.05854045478582761}
{"ts": "2026-09-23T03:55:28.783496+00:00", "trace_id": null, "stage": "embed_query", "event": "start", "model": "Qwen/Qwen3-Embedding-0.6B"}
{"ts": "2026-09-23T03:55:28.805697+00:00", "trace_id": null, "stage": "embed_query", "event": "finish", "duration_ms": 22.2, "model": "Qwen/Qwen3-Embedding-0.6B"}
{"ts": "2026-09-23T03:55:28.805734+00:00", "trace_id": null, "stage": "dense", "event": "start"}
{"ts": "2026-09-23T03:55:28.805918+00:00", "trace_id": null, "stage": "dense", "event": "finish", "duration_ms": 0.184, "candidates_out": 20}
{"ts": "2026-09-23T03:55:28.805935+00:00", "trace_id": null, "stage": "lexical", "event": "start"}
{"ts": "2026-09-23T03:55:28.806175+00:00", "trace_id": null, "stage": "lexical", "event": "finish", "duration_ms": 0.24, "candidates_out": 20}
{"ts": "2026-09-23T03:55:28.806201+00:00", "trace_id": null, "stage": "fuse", "event": "start", "candidates_in": 30}
{"ts": "2026-09-23T03:55:28.806261+00:00", "trace_id": null, "stage": "fuse", "event": "finish", "duration_ms": 0.06, "candidates_in": 30, "candidates_out": 19, "top_score": 0.03252247488101534}
{"ts": "2026-09-23T03:55:28.809411+00:00", "trace_id": null, "stage": "gate", "event": "start", "candidates_in": 5}
{"ts": "2026-09-23T03:55:28.809477+00:00", "trace_id": null, "stage": "gate", "event": "finish", "duration_ms": 0.067, "candidates_in": 5, "candidates_out": 5, "top_score": 0.03200204813108039}
{"ts": "2026-09-23T03:55:28.809510+00:00", "trace_id": null, "stage": "embed_query", "event": "start", "model": "Qwen/Qwen3-Embedding-0.6B"}
{"ts": "2026-09-23T03:55:28.831966+00:00", "trace_id": null, "stage": "embed_query", "event": "finish", "duration_ms": 22.453, "model": "Qwen/Qwen3-Embedding-0.6B"}
{"ts": "2026-09-23T03:55:28.832014+00:00", "trace_id": null, "stage": "dense", "event": "start"}
{"ts": "2026-09-23T03:55:28.832214+00:00", "trace_id": null, "stage": "dense", "event": "finish", "duration_ms": 0.199, "candidates_out": 20}
{"ts": "2026-09-23T03:55:28.832242+00:00", "trace_id": null, "stage": "lexical", "event": "start"}
{"ts": "2026-09-23T03:55:28.832491+00:00", "trace_id": null, "stage": "lexical", "event": "finish", "duration_ms": 0.25, "candidates_out": 20}
{"ts": "2026-09-23T03:55:28.832518+00:00", "trace_id": null, "stage": "fuse", "event": "start", "candidates_in": 31}
{"ts": "2026-09-23T03:55:28.832577+00:00", "trace_id": null, "stage": "fuse", "event": "finish", "duration_ms": 0.058, "candidates_in": 31, "candidates_out": 21, "top_score": 0.03252247488101534}
{"ts": "2026-09-23T03:55:28.836029+00:00", "trace_id": null, "stage": "gate", "event": "start", "candidates_in": 5}
{"ts": "2026-09-23T03:55:28.836090+00:00", "trace_id": null, "stage": "gate", "event": "finish", "duration_ms": 0.061, "candidates_in": 5, "candidates_out": 5, "top_score": 0.03252247488101534}
{"ts": "2026-09-23T03:55:28.836120+00:00", "trace_id": null, "stage": "embed_query", "event": "start", "model": "Qwen/Qwen3-Embedding-0.6B"}
{"ts": "2026-09-23T03:55:28.858779+00:00", "trace_id": null, "stage": "embed_query", "event": "finish", "duration_ms": 22.656, "model": "Qwen/Qwen3-Embedding-0.6B"}
{"ts": "2026-09-23T03:55:28.858827+00:00", "trace_id": null, "stage": "dense", "event": "start"}
{"ts": "2026-09-23T03:55:28.859029+00:00", "trace_id": null, "stage": "dense", "event": "finish", "duration_ms": 0.201, "candidates_out": 20}
{"ts": "2026-09-23T03:55:28.859054+00:00", "trace_id": null, "stage": "lexical", "event": "start"}
{"ts": "2026-09-23T03:55:28.859379+00:00", "trace_id": null, "stage": "lexical", "event": "finish", "duration_ms": 0.324, "candidates_out": 20}
{"ts": "2026-09-23T03:55:28.859419+00:00", "trace_id": null, "stage": "fuse", "event": "start", "candidates_in": 31}
{"ts": "2026-09-23T03:55:28.859496+00:00", "trace_id": null, "stage": "fuse", "event": "finish", "duration_ms": 0.077, "candidates_in": 31, "candidates_out": 20, "top_score": 0.032266458495966696}
{"ts": "2026-09-23T03:55:28.862850+00:00", "trace_id": null, "stage": "gate", "event": "start", "candidates_in": 5}
{"ts": "2026-09-23T03:55:28.862912+00:00", "trace_id": null, "stage": "gate", "event": "finish", "duration_ms": 0.062, "candidates_in": 5, "candidates_out": 5, "top_score": 0.03225806451612903}
{"ts": "2026-09-23T03:55:28.862940+00:00", "trace_id": null, "stage": "embed_query", "event": "start", "model": "Qwen/Qwen3-Embedding-0.6B"}
{"ts": "2026-09-23T03:55:28.889939+00:00", "trace_id": null, "stage": "embed_query", "event": "finish", "duration_ms": 26.996, "model": "Qwen/Qwen3-Embedding-0.6B"}
{"ts": "2026-09-23T03:55:28.890026+00:00", "trace_id": null, "stage": "dense", "event": "start"}
{"ts": "2026-09-23T03:55:28.890216+00:00", "trace_id": null, "stage": "dense", "event": "finish", "duration_ms": 0.19, "candidates_out": 20}
{"ts": "2026-09-23T03:55:28.890235+00:00", "trace_id": null, "stage": "lexical", "event": "start"}
{"ts": "2026-09-23T03:55:28.890468+00:00", "trace_id": null, "stage": "lexical", "event": "finish", "duration_ms": 0.233, "candidates_out": 20}
{"ts": "2026-09-23T03:55:28.890496+00:00", "trace_id": null, "stage": "fuse", "event": "start", "candidates_in": 33}
{"ts": "2026-09-23T03:55:28.890553+00:00", "trace_id": null, "stage": "fuse", "event": "finish", "duration_ms": 0.057, "candidates_in": 33, "candidates_out": 23, "top_score": 0.03278688524590164}
{"ts": "2026-09-23T03:55:28.895347+00:00", "trace_id": null, "stage": "gate", "event": "start", "candidates_in": 5}
{"ts": "2026-09-23T03:55:28.895409+00:00", "trace_id": null, "stage": "gate", "event": "finish", "duration_ms": 0.061, "candidates_in": 5, "candidates_out": 5, "top_score": 0.08524590163934427}
{"ts": "2026-09-23T03:55:28.895447+00:00", "trace_id": null, "stage": "embed_query", "event": "start", "model": "Qwen/Qwen3-Embedding-0.6B"}
{"ts": "2026-09-23T03:55:28.923895+00:00", "trace_id": null, "stage": "embed_query", "event": "finish", "duration_ms": 28.446, "model": "Qwen/Qwen3-Embedding-0.6B"}
{"ts": "2026-09-23T03:55:28.923935+00:00", "trace_id": null, "stage": "dense", "event": "start"}
{"ts": "2026-09-23T03:55:28.924152+00:00", "trace_id": null, "stage": "dense", "event": "finish", "duration_ms": 0.217, "candidates_out": 20}
{"ts": "2026-09-23T03:55:28.924177+00:00", "trace_id": null, "stage": "lexical", "event": "start"}
{"ts": "2026-09-23T03:55:28.924441+00:00", "trace_id": null, "stage": "lexical", "event": "finish", "duration_ms": 0.263, "candidates_out": 20}
{"ts": "2026-09-23T03:55:28.924474+00:00", "trace_id": null, "stage": "fuse", "event": "start", "candidates_in": 29}
{"ts": "2026-09-23T03:55:28.924538+00:00", "trace_id": null, "stage": "fuse", "event": "finish", "duration_ms": 0.064, "candidates_in": 29, "candidates_out": 21, "top_score": 0.032018442622950824}
{"ts": "2026-09-23T03:55:28.927492+00:00", "trace_id": null, "stage": "gate", "event": "start", "candidates_in": 5}
{"ts": "2026-09-23T03:55:28.927550+00:00", "trace_id": null, "stage": "gate", "event": "finish", "duration_ms": 0.058, "candidates_in": 5, "candidates_out": 5, "top_score": 0.2641521516393443}
{"ts": "2026-09-23T03:55:28.927577+00:00", "trace_id": null, "stage": "embed_query", "event": "start", "model": "Qwen/Qwen3-Embedding-0.6B"}
{"ts": "2026-09-23T03:55:28.954441+00:00", "trace_id": null, "stage": "embed_query", "event": "finish", "duration_ms": 26.862, "model": "Qwen/Qwen3-Embedding-0.6B"}
{"ts": "2026-09-23T03:55:28.954479+00:00", "trace_id": null, "stage": "dense", "event": "start"}
{"ts": "2026-09-23T03:55:28.954679+00:00", "trace_id": null, "stage": "dense", "event": "finish", "duration_ms": 0.2, "candidates_out": 20}
{"ts": "2026-09-23T03:55:28.954696+00:00", "trace_id": null, "stage": "lexical", "event": "start"}
{"ts": "2026-09-23T03:55:28.954943+00:00", "trace_id": null, "stage": "lexical", "event": "finish", "duration_ms": 0.247, "candidates_out": 20}
{"ts": "2026-09-23T03:55:28.954968+00:00", "trace_id": null, "stage": "fuse", "event": "start", "candidates_in": 34}
{"ts": "2026-09-23T03:55:28.955047+00:00", "trace_id": null, "stage": "fuse", "event": "finish", "duration_ms": 0.079, "candidates_in": 34, "candidates_out": 21, "top_score": 0.03252247488101534}
{"ts": "2026-09-23T03:55:28.958477+00:00", "trace_id": null, "stage": "gate", "event": "start", "candidates_in": 5}
{"ts": "2026-09-23T03:55:28.958534+00:00", "trace_id": null, "stage": "gate", "event": "finish", "duration_ms": 0.057, "candidates_in": 5, "candidates_out": 5, "top_score": 0.13303125000000002}
{"ts": "2026-09-23T03:55:28.958562+00:00", "trace_id": null, "stage": "embed_query", "event": "start", "model": "Qwen/Qwen3-Embedding-0.6B"}
{"ts": "2026-09-23T03:55:28.984033+00:00", "trace_id": null, "stage": "embed_query", "event": "finish", "duration_ms": 25.469, "model": "Qwen/Qwen3-Embedding-0.6B"}
{"ts": "2026-09-23T03:55:28.984074+00:00", "trace_id": null, "stage": "dense", "event": "start"}
{"ts": "2026-09-23T03:55:28.984265+00:00", "trace_id": null, "stage": "dense", "event": "finish", "duration_ms": 0.191, "candidates_out": 20}
{"ts": "2026-09-23T03:55:28.984282+00:00", "trace_id": null, "stage": "lexical", "event": "start"}
{"ts": "2026-09-23T03:55:28.984528+00:00", "trace_id": null, "stage": "lexical", "event": "finish", "duration_ms": 0.246, "candidates_out": 20}
{"ts": "2026-09-23T03:55:28.984557+00:00", "trace_id": null, "stage": "fuse", "event": "start", "candidates_in": 30}
{"ts": "2026-09-23T03:55:28.984618+00:00", "trace_id": null, "stage": "fuse", "event": "finish", "duration_ms": 0.061, "candidates_in": 30, "candidates_out": 19, "top_score": 0.03278688524590164}
{"ts": "2026-09-23T03:55:28.987816+00:00", "trace_id": null, "stage": "gate", "event": "start", "candidates_in": 5}
{"ts": "2026-09-23T03:55:28.987868+00:00", "trace_id": null, "stage": "gate", "event": "finish", "duration_ms": 0.053, "candidates_in": 5, "candidates_out": 5, "top_score": 0.09737704918032787}
{"ts": "2026-09-23T03:55:28.987895+00:00", "trace_id": null, "stage": "embed_query", "event": "start", "model": "Qwen/Qwen3-Embedding-0.6B"}
{"ts": "2026-09-23T03:55:29.010952+00:00", "trace_id": null, "stage": "embed_query", "event": "finish", "duration_ms": 23.054, "model": "Qwen/Qwen3-Embedding-0.6B"}
{"ts": "2026-09-23T03:55:29.010999+00:00", "trace_id": null, "stage": "dense", "event": "start"}
{"ts": "2026-09-23T03:55:29.011246+00:00", "trace_id": null, "stage": "dense", "event": "finish", "duration_ms": 0.246, "candidates_out": 20}
{"ts": "2026-09-23T03:55:29.011268+00:00", "trace_id": null, "stage": "lexical", "event": "start"}
{"ts": "2026-09-23T03:55:29.011561+00:00", "trace_id": null, "stage": "lexical", "event": "finish", "duration_ms": 0.292, "candidates_out": 20}
{"ts": "2026-09-23T03:55:29.011625+00:00", "trace_id": null, "stage": "fuse", "event": "start", "candidates_in": 31}
{"ts": "2026-09-23T03:55:29.011691+00:00", "trace_id": null, "stage": "fuse", "event": "finish", "duration_ms": 0.066, "candidates_in": 31, "candidates_out": 19, "top_score": 0.03278688524590164}
{"ts": "2026-09-23T03:55:29.016131+00:00", "trace_id": null, "stage": "gate", "event": "start", "candidates_in": 5}
{"ts": "2026-09-23T03:55:29.016202+00:00", "trace_id": null, "stage": "gate", "event": "finish", "duration_ms": 0.072, "candidates_in": 5, "candidates_out": 5, "top_score": 0.09737704918032787}
{"ts": "2026-09-23T03:55:29.016243+00:00", "trace_id": null, "stage": "embed_query", "event": "start", "model": "Qwen/Qwen3-Embedding-0.6B"}
{"ts": "2026-09-23T03:55:29.043117+00:00", "trace_id": null, "stage": "embed_query", "event": "finish", "duration_ms": 26.872, "model": "Qwen/Qwen3-Embedding-0.6B"}
{"ts": "2026-09-23T03:55:29.043164+00:00", "trace_id": null, "stage": "dense", "event": "start"}
{"ts": "2026-09-23T03:55:29.043363+00:00", "trace_id": null, "stage": "dense", "event": "finish", "duration_ms": 0.198, "candidates_out": 20}
{"ts": "2026-09-23T03:55:29.043382+00:00", "trace_id": null, "stage": "lexical", "event": "start"}
{"ts": "2026-09-23T03:55:29.043610+00:00", "trace_id": null, "stage": "lexical", "event": "finish", "duration_ms": 0.228, "candidates_out": 20}
{"ts": "2026-09-23T03:55:29.043642+00:00", "trace_id": null, "stage": "fuse", "event": "start", "candidates_in": 25}
{"ts": "2026-09-23T03:55:29.043708+00:00", "trace_id": null, "stage": "fuse", "event": "finish", "duration_ms": 0.065, "candidates_in": 25, "candidates_out": 18, "top_score": 0.032266458495966696}
{"ts": "2026-09-23T03:55:29.046321+00:00", "trace_id": null, "stage": "gate", "event": "start", "candidates_in": 5}
{"ts": "2026-09-23T03:55:29.046382+00:00", "trace_id": null, "stage": "gate", "event": "finish", "duration_ms": 0.061, "candidates_in": 5, "candidates_out": 5, "top_score": 0.032018442622950824}
{"ts": "2026-09-23T03:55:29.046412+00:00", "trace_id": null, "stage": "embed_query", "event": "start", "model": "Qwen/Qwen3-Embedding-0.6B"}
{"ts": "2026-09-23T03:55:29.070253+00:00", "trace_id": null, "stage": "embed_query", "event": "finish", "duration_ms": 23.838, "model": "Qwen/Qwen3-Embedding-0.6B"}
{"ts": "2026-09-23T03:55:29.070299+00:00", "trace_id": null, "stage": "dense", "event": "start"}
{"ts": "2026-09-23T03:55:29.070510+00:00", "trace_id": null, "stage": "dense", "event": "finish", "duration_ms": 0.211, "candidates_out": 20}
{"ts": "2026-09-23T03:55:29.070531+00:00", "trace_id": null, "stage": "lexical", "event": "start"}
{"ts": "2026-09-23T03:55:29.070833+00:00", "trace_id": null, "stage": "lexical", "event": "finish", "duration_ms": 0.302, "candidates_out": 20}
{"ts": "2026-09-23T03:55:29.070863+00:00", "trace_id": null, "stage": "fuse", "event": "start", "candidates_in": 31}
{"ts": "2026-09-23T03:55:29.070928+00:00", "trace_id": null, "stage": "fuse", "event": "finish", "duration_ms": 0.065, "candidates_in": 31, "candidates_out": 25, "top_score": 0.03252247488101534}
{"ts": "2026-09-23T03:55:29.077783+00:00", "trace_id": null, "stage": "gate", "event": "start", "candidates_in": 5}
{"ts": "2026-09-23T03:55:29.077888+00:00", "trace_id": null, "stage": "gate", "event": "finish", "duration_ms": 0.108, "candidates_in": 5, "candidates_out": 5, "top_score": 0.03177805800756621}
{"ts": "2026-09-23T03:55:29.077932+00:00", "trace_id": null, "stage": "embed_query", "event": "start", "model": "Qwen/Qwen3-Embedding-0.6B"}
{"ts": "2026-09-23T03:55:29.106446+00:00", "trace_id": null, "stage": "embed_query", "event": "finish", "duration_ms": 28.512, "model": "Qwen/Qwen3-Embedding-0.6B"}
{"ts": "2026-09-23T03:55:29.106541+00:00", "trace_id": null, "stage": "dense", "event": "start"}
{"ts": "2026-09-23T03:55:29.106788+00:00", "trace_id": null, "stage": "dense", "event": "finish", "duration_ms": 0.248, "candidates_out": 20}
{"ts": "2026-09-23T03:55:29.106819+00:00", "trace_id": null, "stage": "lexical", "event": "start"}
{"ts": "2026-09-23T03:55:29.107096+00:00", "trace_id": null, "stage": "lexical", "event": "finish", "duration_ms": 0.276, "candidates_out": 20}
{"ts": "2026-09-23T03:55:29.107127+00:00", "trace_id": null, "stage": "fuse", "event": "start", "candidates_in": 30}
{"ts": "2026-09-23T03:55:29.107191+00:00", "trace_id": null, "stage": "fuse", "event": "finish", "duration_ms": 0.064, "candidates_in": 30, "candidates_out": 21, "top_score": 0.03278688524590164}
{"ts": "2026-09-23T03:55:29.110825+00:00", "trace_id": null, "stage": "gate", "event": "start", "candidates_in": 5}
{"ts": "2026-09-23T03:55:29.110894+00:00", "trace_id": null, "stage": "gate", "event": "finish", "duration_ms": 0.07, "candidates_in": 5, "candidates_out": 5, "top_score": 0.051971726190476186}
{"ts": "2026-09-23T03:55:29.110923+00:00", "trace_id": null, "stage": "embed_query", "event": "start", "model": "Qwen/Qwen3-Embedding-0.6B"}
{"ts": "2026-09-23T03:55:29.134407+00:00", "trace_id": null, "stage": "embed_query", "event": "finish", "duration_ms": 23.481, "model": "Qwen/Qwen3-Embedding-0.6B"}
{"ts": "2026-09-23T03:55:29.134450+00:00", "trace_id": null, "stage": "dense", "event": "start"}
{"ts": "2026-09-23T03:55:29.134657+00:00", "trace_id": null, "stage": "dense", "event": "finish", "duration_ms": 0.208, "candidates_out": 20}
{"ts": "2026-09-23T03:55:29.134676+00:00", "trace_id": null, "stage": "lexical", "event": "start"}
{"ts": "2026-09-23T03:55:29.134934+00:00", "trace_id": null, "stage": "lexical", "event": "finish", "duration_ms": 0.258, "candidates_out": 20}
{"ts": "2026-09-23T03:55:29.134966+00:00", "trace_id": null, "stage": "fuse", "event": "start", "candidates_in": 30}
{"ts": "2026-09-23T03:55:29.135029+00:00", "trace_id": null, "stage": "fuse", "event": "finish", "duration_ms": 0.063, "candidates_in": 30, "candidates_out": 20, "top_score": 0.03278688524590164}
{"ts": "2026-09-23T03:55:29.138949+00:00", "trace_id": null, "stage": "gate", "event": "start", "candidates_in": 5}
{"ts": "2026-09-23T03:55:29.139011+00:00", "trace_id": null, "stage": "gate", "event": "finish", "duration_ms": 0.063, "candidates_in": 5, "candidates_out": 5, "top_score": 0.09428571428571428}
{"ts": "2026-09-23T03:55:29.139037+00:00", "trace_id": null, "stage": "embed_query", "event": "start", "model": "Qwen/Qwen3-Embedding-0.6B"}
{"ts": "2026-09-23T03:55:29.161464+00:00", "trace_id": null, "stage": "embed_query", "event": "finish", "duration_ms": 22.425, "model": "Qwen/Qwen3-Embedding-0.6B"}
{"ts": "2026-09-23T03:55:29.161499+00:00", "trace_id": null, "stage": "dense", "event": "start"}
{"ts": "2026-09-23T03:55:29.161683+00:00", "trace_id": null, "stage": "dense", "event": "finish", "duration_ms": 0.184, "candidates_out": 20}
{"ts": "2026-09-23T03:55:29.161705+00:00", "trace_id": null, "stage": "lexical", "event": "start"}
{"ts": "2026-09-23T03:55:29.161932+00:00", "trace_id": null, "stage": "lexical", "event": "finish", "duration_ms": 0.227, "candidates_out": 20}
{"ts": "2026-09-23T03:55:29.161963+00:00", "trace_id": null, "stage": "fuse", "event": "start", "candidates_in": 29}
{"ts": "2026-09-23T03:55:29.162026+00:00", "trace_id": null, "stage": "fuse", "event": "finish", "duration_ms": 0.064, "candidates_in": 29, "candidates_out": 20, "top_score": 0.03278688524590164}
{"ts": "2026-09-23T03:55:29.165525+00:00", "trace_id": null, "stage": "gate", "event": "start", "candidates_in": 5}
{"ts": "2026-09-23T03:55:29.165584+00:00", "trace_id": null, "stage": "gate", "event": "finish", "duration_ms": 0.059, "candidates_in": 5, "candidates_out": 5, "top_score": 0.0532258064516129}
{"ts": "2026-09-23T03:55:29.165611+00:00", "trace_id": null, "stage": "embed_query", "event": "start", "model": "Qwen/Qwen3-Embedding-0.6B"}
{"ts": "2026-09-23T03:55:29.188604+00:00", "trace_id": null, "stage": "embed_query", "event": "finish", "duration_ms": 22.991, "model": "Qwen/Qwen3-Embedding-0.6B"}
{"ts": "2026-09-23T03:55:29.188636+00:00", "trace_id": null, "stage": "dense", "event": "start"}
{"ts": "2026-09-23T03:55:29.188835+00:00", "trace_id": null, "stage": "dense", "event": "finish", "duration_ms": 0.199, "candidates_out": 20}
{"ts": "2026-09-23T03:55:29.188852+00:00", "trace_id": null, "stage": "lexical", "event": "start"}
{"ts": "2026-09-23T03:55:29.189191+00:00", "trace_id": null, "stage": "lexical", "event": "finish", "duration_ms": 0.339, "candidates_out": 20}
{"ts": "2026-09-23T03:55:29.189217+00:00", "trace_id": null, "stage": "fuse", "event": "start", "candidates_in": 31}
{"ts": "2026-09-23T03:55:29.189278+00:00", "trace_id": null, "stage": "fuse", "event": "finish", "duration_ms": 0.061, "candidates_in": 31, "candidates_out": 22, "top_score": 0.03278688524590164}
{"ts": "2026-09-23T03:55:29.192949+00:00", "trace_id": null, "stage": "gate", "event": "start", "candidates_in": 5}
{"ts": "2026-09-23T03:55:29.193005+00:00", "trace_id": null, "stage": "gate", "event": "finish", "duration_ms": 0.056, "candidates_in": 5, "candidates_out": 5, "top_score": 0.08524590163934427}
{"ts": "2026-09-23T03:55:29.193041+00:00", "trace_id": null, "stage": "embed_query", "event": "start", "model": "Qwen/Qwen3-Embedding-0.6B"}
{"ts": "2026-09-23T03:55:29.215439+00:00", "trace_id": null, "stage": "embed_query", "event": "finish", "duration_ms": 22.396, "model": "Qwen/Qwen3-Embedding-0.6B"}
{"ts": "2026-09-23T03:55:29.215485+00:00", "trace_id": null, "stage": "dense", "event": "start"}
{"ts": "2026-09-23T03:55:29.215674+00:00", "trace_id": null, "stage": "dense", "event": "finish", "duration_ms": 0.188, "candidates_out": 20}
{"ts": "2026-09-23T03:55:29.215692+00:00", "trace_id": null, "stage": "lexical", "event": "start"}
{"ts": "2026-09-23T03:55:29.215928+00:00", "trace_id": null, "stage": "lexical", "event": "finish", "duration_ms": 0.236, "candidates_out": 20}
{"ts": "2026-09-23T03:55:29.215952+00:00", "trace_id": null, "stage": "fuse", "event": "start", "candidates_in": 30}
{"ts": "2026-09-23T03:55:29.216025+00:00", "trace_id": null, "stage": "fuse", "event": "finish", "duration_ms": 0.072, "candidates_in": 30, "candidates_out": 20, "top_score": 0.03252247488101534}
{"ts": "2026-09-23T03:55:29.219534+00:00", "trace_id": null, "stage": "gate", "event": "start", "candidates_in": 5}
{"ts": "2026-09-23T03:55:29.219605+00:00", "trace_id": null, "stage": "gate", "event": "finish", "duration_ms": 0.07, "candidates_in": 5, "candidates_out": 5, "top_score": 0.09583138173302108}
{"ts": "2026-09-23T03:55:29.219645+00:00", "trace_id": null, "stage": "embed_query", "event": "start", "model": "Qwen/Qwen3-Embedding-0.6B"}
{"ts": "2026-09-23T03:55:29.245159+00:00", "trace_id": null, "stage": "embed_query", "event": "finish", "duration_ms": 25.511, "model": "Qwen/Qwen3-Embedding-0.6B"}
{"ts": "2026-09-23T03:55:29.245198+00:00", "trace_id": null, "stage": "dense", "event": "start"}
{"ts": "2026-09-23T03:55:29.245393+00:00", "trace_id": null, "stage": "dense", "event": "finish", "duration_ms": 0.195, "candidates_out": 20}
{"ts": "2026-09-23T03:55:29.245411+00:00", "trace_id": null, "stage": "lexical", "event": "start"}
{"ts": "2026-09-23T03:55:29.245653+00:00", "trace_id": null, "stage": "lexical", "event": "finish", "duration_ms": 0.242, "candidates_out": 20}
{"ts": "2026-09-23T03:55:29.245684+00:00", "trace_id": null, "stage": "fuse", "event": "start", "candidates_in": 32}
{"ts": "2026-09-23T03:55:29.245750+00:00", "trace_id": null, "stage": "fuse", "event": "finish", "duration_ms": 0.066, "candidates_in": 32, "candidates_out": 21, "top_score": 0.03278688524590164}
{"ts": "2026-09-23T03:55:29.249119+00:00", "trace_id": null, "stage": "gate", "event": "start", "candidates_in": 5}
{"ts": "2026-09-23T03:55:29.249379+00:00", "trace_id": null, "stage": "gate", "event": "finish", "duration_ms": 0.26, "candidates_in": 5, "candidates_out": 5, "top_score": 0.0532258064516129}
{"ts": "2026-09-23T03:55:29.249411+00:00", "trace_id": null, "stage": "embed_query", "event": "start", "model": "Qwen/Qwen3-Embedding-0.6B"}
{"ts": "2026-09-23T03:55:29.272551+00:00", "trace_id": null, "stage": "embed_query", "event": "finish", "duration_ms": 23.137, "model": "Qwen/Qwen3-Embedding-0.6B"}
{"ts": "2026-09-23T03:55:29.272597+00:00", "trace_id": null, "stage": "dense", "event": "start"}
{"ts": "2026-09-23T03:55:29.272790+00:00", "trace_id": null, "stage": "dense", "event": "finish", "duration_ms": 0.194, "candidates_out": 20}
{"ts": "2026-09-23T03:55:29.272808+00:00", "trace_id": null, "stage": "lexical", "event": "start"}
{"ts": "2026-09-23T03:55:29.273067+00:00", "trace_id": null, "stage": "lexical", "event": "finish", "duration_ms": 0.258, "candidates_out": 20}
{"ts": "2026-09-23T03:55:29.273100+00:00", "trace_id": null, "stage": "fuse", "event": "start", "candidates_in": 30}
{"ts": "2026-09-23T03:55:29.273171+00:00", "trace_id": null, "stage": "fuse", "event": "finish", "duration_ms": 0.07, "candidates_in": 30, "candidates_out": 18, "top_score": 0.03278688524590164}
{"ts": "2026-09-23T03:55:29.275893+00:00", "trace_id": null, "stage": "gate", "event": "start", "candidates_in": 5}
{"ts": "2026-09-23T03:55:29.276123+00:00", "trace_id": null, "stage": "gate", "event": "finish", "duration_ms": 0.23, "candidates_in": 5, "candidates_out": 5, "top_score": 0.0532258064516129}
{"ts": "2026-09-23T03:55:29.276155+00:00", "trace_id": null, "stage": "embed_query", "event": "start", "model": "Qwen/Qwen3-Embedding-0.6B"}
{"ts": "2026-09-23T03:55:29.299717+00:00", "trace_id": null, "stage": "embed_query", "event": "finish", "duration_ms": 23.559, "model": "Qwen/Qwen3-Embedding-0.6B"}
{"ts": "2026-09-23T03:55:29.299761+00:00", "trace_id": null, "stage": "dense", "event": "start"}
{"ts": "2026-09-23T03:55:29.299975+00:00", "trace_id": null, "stage": "dense", "event": "finish", "duration_ms": 0.214, "candidates_out": 20}
{"ts": "2026-09-23T03:55:29.299993+00:00", "trace_id": null, "stage": "lexical", "event": "start"}
{"ts": "2026-09-23T03:55:29.300231+00:00", "trace_id": null, "stage": "lexical", "event": "finish", "duration_ms": 0.237, "candidates_out": 20}
{"ts": "2026-09-23T03:55:29.300263+00:00", "trace_id": null, "stage": "fuse", "event": "start", "candidates_in": 27}
{"ts": "2026-09-23T03:55:29.300338+00:00", "trace_id": null, "stage": "fuse", "event": "finish", "duration_ms": 0.076, "candidates_in": 27, "candidates_out": 18, "top_score": 0.03252247488101534}
{"ts": "2026-09-23T03:55:29.304066+00:00", "trace_id": null, "stage": "gate", "event": "start", "candidates_in": 5}
{"ts": "2026-09-23T03:55:29.304125+00:00", "trace_id": null, "stage": "gate", "event": "finish", "duration_ms": 0.058, "candidates_in": 5, "candidates_out": 5, "top_score": 0.03252247488101534}
{"ts": "2026-09-23T03:55:29.304150+00:00", "trace_id": null, "stage": "embed_query", "event": "start", "model": "Qwen/Qwen3-Embedding-0.6B"}
{"ts": "2026-09-23T03:55:29.331993+00:00", "trace_id": null, "stage": "embed_query", "event": "finish", "duration_ms": 27.84, "model": "Qwen/Qwen3-Embedding-0.6B"}
{"ts": "2026-09-23T03:55:29.332039+00:00", "trace_id": null, "stage": "dense", "event": "start"}
{"ts": "2026-09-23T03:55:29.332239+00:00", "trace_id": null, "stage": "dense", "event": "finish", "duration_ms": 0.199, "candidates_out": 20}
{"ts": "2026-09-23T03:55:29.332259+00:00", "trace_id": null, "stage": "lexical", "event": "start"}
{"ts": "2026-09-23T03:55:29.332547+00:00", "trace_id": null, "stage": "lexical", "event": "finish", "duration_ms": 0.287, "candidates_out": 20}
{"ts": "2026-09-23T03:55:29.332585+00:00", "trace_id": null, "stage": "fuse", "event": "start", "candidates_in": 31}
{"ts": "2026-09-23T03:55:29.332655+00:00", "trace_id": null, "stage": "fuse", "event": "finish", "duration_ms": 0.069, "candidates_in": 31, "candidates_out": 22, "top_score": 0.03278688524590164}
{"ts": "2026-09-23T03:55:29.336585+00:00", "trace_id": null, "stage": "gate", "event": "start", "candidates_in": 5}
{"ts": "2026-09-23T03:55:29.336644+00:00", "trace_id": null, "stage": "gate", "event": "finish", "duration_ms": 0.059, "candidates_in": 5, "candidates_out": 5, "top_score": 0.09580645161290322}
{"ts": "2026-09-23T03:55:29.336675+00:00", "trace_id": null, "stage": "embed_query", "event": "start", "model": "Qwen/Qwen3-Embedding-0.6B"}
{"ts": "2026-09-23T03:55:29.360335+00:00", "trace_id": null, "stage": "embed_query", "event": "finish", "duration_ms": 23.658, "model": "Qwen/Qwen3-Embedding-0.6B"}
{"ts": "2026-09-23T03:55:29.360378+00:00", "trace_id": null, "stage": "dense", "event": "start"}
{"ts": "2026-09-23T03:55:29.360580+00:00", "trace_id": null, "stage": "dense", "event": "finish", "duration_ms": 0.202, "candidates_out": 20}
{"ts": "2026-09-23T03:55:29.360597+00:00", "trace_id": null, "stage": "lexical", "event": "start"}
{"ts": "2026-09-23T03:55:29.360860+00:00", "trace_id": null, "stage": "lexical", "event": "finish", "duration_ms": 0.263, "candidates_out": 20}
{"ts": "2026-09-23T03:55:29.360885+00:00", "trace_id": null, "stage": "fuse", "event": "start", "candidates_in": 29}
{"ts": "2026-09-23T03:55:29.360947+00:00", "trace_id": null, "stage": "fuse", "event": "finish", "duration_ms": 0.063, "candidates_in": 29, "candidates_out": 20, "top_score": 0.03131881575727918}
{"ts": "2026-09-23T03:55:29.364694+00:00", "trace_id": null, "stage": "gate", "event": "start", "candidates_in": 5}
{"ts": "2026-09-23T03:55:29.364759+00:00", "trace_id": null, "stage": "gate", "event": "finish", "duration_ms": 0.066, "candidates_in": 5, "candidates_out": 5, "top_score": 0.09283516483516482}
{"ts": "2026-09-23T03:55:29.364787+00:00", "trace_id": null, "stage": "embed_query", "event": "start", "model": "Qwen/Qwen3-Embedding-0.6B"}
{"ts": "2026-09-23T03:55:29.391253+00:00", "trace_id": null, "stage": "embed_query", "event": "finish", "duration_ms": 26.463, "model": "Qwen/Qwen3-Embedding-0.6B"}
{"ts": "2026-09-23T03:55:29.391296+00:00", "trace_id": null, "stage": "dense", "event": "start"}
{"ts": "2026-09-23T03:55:29.391492+00:00", "trace_id": null, "stage": "dense", "event": "finish", "duration_ms": 0.196, "candidates_out": 20}
{"ts": "2026-09-23T03:55:29.391510+00:00", "trace_id": null, "stage": "lexical", "event": "start"}
{"ts": "2026-09-23T03:55:29.391820+00:00", "trace_id": null, "stage": "lexical", "event": "finish", "duration_ms": 0.31, "candidates_out": 20}
{"ts": "2026-09-23T03:55:29.391853+00:00", "trace_id": null, "stage": "fuse", "event": "start", "candidates_in": 32}
{"ts": "2026-09-23T03:55:29.391919+00:00", "trace_id": null, "stage": "fuse", "event": "finish", "duration_ms": 0.065, "candidates_in": 32, "candidates_out": 26, "top_score": 0.03252247488101534}
{"ts": "2026-09-23T03:55:29.397701+00:00", "trace_id": null, "stage": "gate", "event": "start", "candidates_in": 5}
{"ts": "2026-09-23T03:55:29.397760+00:00", "trace_id": null, "stage": "gate", "event": "finish", "duration_ms": 0.059, "candidates_in": 5, "candidates_out": 5, "top_score": 0.05119047619047619}
{"ts": "2026-09-23T03:55:29.397789+00:00", "trace_id": null, "stage": "embed_query", "event": "start", "model": "Qwen/Qwen3-Embedding-0.6B"}
{"ts": "2026-09-23T03:55:29.421556+00:00", "trace_id": null, "stage": "embed_query", "event": "finish", "duration_ms": 23.766, "model": "Qwen/Qwen3-Embedding-0.6B"}
{"ts": "2026-09-23T03:55:29.421593+00:00", "trace_id": null, "stage": "dense", "event": "start"}
{"ts": "2026-09-23T03:55:29.421783+00:00", "trace_id": null, "stage": "dense", "event": "finish", "duration_ms": 0.189, "candidates_out": 20}
{"ts": "2026-09-23T03:55:29.421802+00:00", "trace_id": null, "stage": "lexical", "event": "start"}
{"ts": "2026-09-23T03:55:29.422058+00:00", "trace_id": null, "stage": "lexical", "event": "finish", "duration_ms": 0.255, "candidates_out": 20}
{"ts": "2026-09-23T03:55:29.422092+00:00", "trace_id": null, "stage": "fuse", "event": "start", "candidates_in": 29}
{"ts": "2026-09-23T03:55:29.422159+00:00", "trace_id": null, "stage": "fuse", "event": "finish", "duration_ms": 0.067, "candidates_in": 29, "candidates_out": 20, "top_score": 0.03252247488101534}
{"ts": "2026-09-23T03:55:29.425027+00:00", "trace_id": null, "stage": "gate", "event": "start", "candidates_in": 5}
{"ts": "2026-09-23T03:55:29.425081+00:00", "trace_id": null, "stage": "gate", "event": "finish", "duration_ms": 0.055, "candidates_in": 5, "candidates_out": 5, "top_score": 0.0576036866359447}
{"ts": "2026-09-23T03:55:29.425108+00:00", "trace_id": null, "stage": "embed_query", "event": "start", "model": "Qwen/Qwen3-Embedding-0.6B"}
{"ts": "2026-09-23T03:55:29.447495+00:00", "trace_id": null, "stage": "embed_query", "event": "finish", "duration_ms": 22.385, "model": "Qwen/Qwen3-Embedding-0.6B"}
{"ts": "2026-09-23T03:55:29.447535+00:00", "trace_id": null, "stage": "dense", "event": "start"}
{"ts": "2026-09-23T03:55:29.447729+00:00", "trace_id": null, "stage": "dense", "event": "finish", "duration_ms": 0.193, "candidates_out": 20}
{"ts": "2026-09-23T03:55:29.447745+00:00", "trace_id": null, "stage": "lexical", "event": "start"}
{"ts": "2026-09-23T03:55:29.447989+00:00", "trace_id": null, "stage": "lexical", "event": "finish", "duration_ms": 0.244, "candidates_out": 20}
{"ts": "2026-09-23T03:55:29.448014+00:00", "trace_id": null, "stage": "fuse", "event": "start", "candidates_in": 31}
{"ts": "2026-09-23T03:55:29.448071+00:00", "trace_id": null, "stage": "fuse", "event": "finish", "duration_ms": 0.056, "candidates_in": 31, "candidates_out": 22, "top_score": 0.031754032258064516}
{"ts": "2026-09-23T03:55:29.450816+00:00", "trace_id": null, "stage": "gate", "event": "start", "candidates_in": 5}
{"ts": "2026-09-23T03:55:29.450875+00:00", "trace_id": null, "stage": "gate", "event": "finish", "duration_ms": 0.061, "candidates_in": 5, "candidates_out": 5, "top_score": 0.25787545787545785}
{"ts": "2026-09-23T03:55:29.450903+00:00", "trace_id": null, "stage": "embed_query", "event": "start", "model": "Qwen/Qwen3-Embedding-0.6B"}
{"ts": "2026-09-23T03:55:29.473138+00:00", "trace_id": null, "stage": "embed_query", "event": "finish", "duration_ms": 22.233, "model": "Qwen/Qwen3-Embedding-0.6B"}
{"ts": "2026-09-23T03:55:29.473172+00:00", "trace_id": null, "stage": "dense", "event": "start"}
{"ts": "2026-09-23T03:55:29.473408+00:00", "trace_id": null, "stage": "dense", "event": "finish", "duration_ms": 0.234, "candidates_out": 20}
{"ts": "2026-09-23T03:55:29.473441+00:00", "trace_id": null, "stage": "lexical", "event": "start"}
{"ts": "2026-09-23T03:55:29.473698+00:00", "trace_id": null, "stage": "lexical", "event": "finish", "duration_ms": 0.257, "candidates_out": 20}
{"ts": "2026-09-23T03:55:29.473727+00:00", "trace_id": null, "stage": "fuse", "event": "start", "candidates_in": 32}
{"ts": "2026-09-23T03:55:29.473793+00:00", "trace_id": null, "stage": "fuse", "event": "finish", "duration_ms": 0.066, "candidates_in": 32, "candidates_out": 21, "top_score": 0.03252247488101534}
{"ts": "2026-09-23T03:55:29.476772+00:00", "trace_id": null, "stage": "gate", "event": "start", "candidates_in": 5}
{"ts": "2026-09-23T03:55:29.476829+00:00", "trace_id": null, "stage": "gate", "event": "finish", "duration_ms": 0.057, "candidates_in": 5, "candidates_out": 5, "top_score": 0.05359701492537314}
{"ts": "2026-09-23T03:55:29.476860+00:00", "trace_id": null, "stage": "embed_query", "event": "start", "model": "Qwen/Qwen3-Embedding-0.6B"}
{"ts": "2026-09-23T03:55:29.498975+00:00", "trace_id": null, "stage": "embed_query", "event": "finish", "duration_ms": 22.113, "model": "Qwen/Qwen3-Embedding-0.6B"}
{"ts": "2026-09-23T03:55:29.499018+00:00", "trace_id": null, "stage": "dense", "event": "start"}
{"ts": "2026-09-23T03:55:29.499202+00:00", "trace_id": null, "stage": "dense", "event": "finish", "duration_ms": 0.185, "candidates_out": 20}
{"ts": "2026-09-23T03:55:29.499220+00:00", "trace_id": null, "stage": "lexical", "event": "start"}
{"ts": "2026-09-23T03:55:29.499495+00:00", "trace_id": null, "stage": "lexical", "event": "finish", "duration_ms": 0.275, "candidates_out": 20}
{"ts": "2026-09-23T03:55:29.499530+00:00", "trace_id": null, "stage": "fuse", "event": "start", "candidates_in": 35}
{"ts": "2026-09-23T03:55:29.499596+00:00", "trace_id": null, "stage": "fuse", "event": "finish", "duration_ms": 0.066, "candidates_in": 35, "candidates_out": 26, "top_score": 0.03278688524590164}
{"ts": "2026-09-23T03:55:29.503989+00:00", "trace_id": null, "stage": "gate", "event": "start", "candidates_in": 5}
{"ts": "2026-09-23T03:55:29.504045+00:00", "trace_id": null, "stage": "gate", "event": "finish", "duration_ms": 0.056, "candidates_in": 5, "candidates_out": 5, "top_score": 0.03200204813108039}
{"ts": "2026-09-23T03:55:29.504074+00:00", "trace_id": null, "stage": "embed_query", "event": "start", "model": "Qwen/Qwen3-Embedding-0.6B"}
{"ts": "2026-09-23T03:55:29.527263+00:00", "trace_id": null, "stage": "embed_query", "event": "finish", "duration_ms": 23.186, "model": "Qwen/Qwen3-Embedding-0.6B"}
{"ts": "2026-09-23T03:55:29.527308+00:00", "trace_id": null, "stage": "dense", "event": "start"}
{"ts": "2026-09-23T03:55:29.527517+00:00", "trace_id": null, "stage": "dense", "event": "finish", "duration_ms": 0.209, "candidates_out": 20}
{"ts": "2026-09-23T03:55:29.527535+00:00", "trace_id": null, "stage": "lexical", "event": "start"}
{"ts": "2026-09-23T03:55:29.527780+00:00", "trace_id": null, "stage": "lexical", "event": "finish", "duration_ms": 0.245, "candidates_out": 20}
{"ts": "2026-09-23T03:55:29.527813+00:00", "trace_id": null, "stage": "fuse", "event": "start", "candidates_in": 32}
{"ts": "2026-09-23T03:55:29.527892+00:00", "trace_id": null, "stage": "fuse", "event": "finish", "duration_ms": 0.079, "candidates_in": 32, "candidates_out": 21, "top_score": 0.03252247488101534}
{"ts": "2026-09-23T03:55:29.531787+00:00", "trace_id": null, "stage": "gate", "event": "start", "candidates_in": 5}
{"ts": "2026-09-23T03:55:29.531849+00:00", "trace_id": null, "stage": "gate", "event": "finish", "duration_ms": 0.062, "candidates_in": 5, "candidates_out": 5, "top_score": 0.034579918032786885}
{"ts": "2026-09-23T03:55:29.531884+00:00", "trace_id": null, "stage": "embed_query", "event": "start", "model": "Qwen/Qwen3-Embedding-0.6B"}
{"ts": "2026-09-23T03:55:29.555745+00:00", "trace_id": null, "stage": "embed_query", "event": "finish", "duration_ms": 23.858, "model": "Qwen/Qwen3-Embedding-0.6B"}
{"ts": "2026-09-23T03:55:29.555785+00:00", "trace_id": null, "stage": "dense", "event": "start"}
{"ts": "2026-09-23T03:55:29.556027+00:00", "trace_id": null, "stage": "dense", "event": "finish", "duration_ms": 0.241, "candidates_out": 20}
{"ts": "2026-09-23T03:55:29.556050+00:00", "trace_id": null, "stage": "lexical", "event": "start"}
{"ts": "2026-09-23T03:55:29.556310+00:00", "trace_id": null, "stage": "lexical", "event": "finish", "duration_ms": 0.259, "candidates_out": 20}
{"ts": "2026-09-23T03:55:29.556338+00:00", "trace_id": null, "stage": "fuse", "event": "start", "candidates_in": 33}
{"ts": "2026-09-23T03:55:29.556402+00:00", "trace_id": null, "stage": "fuse", "event": "finish", "duration_ms": 0.064, "candidates_in": 33, "candidates_out": 22, "top_score": 0.03278688524590164}
{"ts": "2026-09-23T03:55:29.560665+00:00", "trace_id": null, "stage": "gate", "event": "start", "candidates_in": 5}
{"ts": "2026-09-23T03:55:29.560743+00:00", "trace_id": null, "stage": "gate", "event": "finish", "duration_ms": 0.078, "candidates_in": 5, "candidates_out": 5, "top_score": 0.054098360655737705}
{"ts": "2026-09-23T03:55:29.560769+00:00", "trace_id": null, "stage": "embed_query", "event": "start", "model": "Qwen/Qwen3-Embedding-0.6B"}
{"ts": "2026-09-23T03:55:29.584276+00:00", "trace_id": null, "stage": "embed_query", "event": "finish", "duration_ms": 23.504, "model": "Qwen/Qwen3-Embedding-0.6B"}
{"ts": "2026-09-23T03:55:29.584316+00:00", "trace_id": null, "stage": "dense", "event": "start"}
{"ts": "2026-09-23T03:55:29.584508+00:00", "trace_id": null, "stage": "dense", "event": "finish", "duration_ms": 0.192, "candidates_out": 20}
{"ts": "2026-09-23T03:55:29.584524+00:00", "trace_id": null, "stage": "lexical", "event": "start"}
{"ts": "2026-09-23T03:55:29.584770+00:00", "trace_id": null, "stage": "lexical", "event": "finish", "duration_ms": 0.246, "candidates_out": 20}
{"ts": "2026-09-23T03:55:29.584797+00:00", "trace_id": null, "stage": "fuse", "event": "start", "candidates_in": 33}
{"ts": "2026-09-23T03:55:29.584851+00:00", "trace_id": null, "stage": "fuse", "event": "finish", "duration_ms": 0.054, "candidates_in": 33, "candidates_out": 22, "top_score": 0.03278688524590164}
{"ts": "2026-09-23T03:55:29.588670+00:00", "trace_id": null, "stage": "gate", "event": "start", "candidates_in": 5}
{"ts": "2026-09-23T03:55:29.588753+00:00", "trace_id": null, "stage": "gate", "event": "finish", "duration_ms": 0.084, "candidates_in": 5, "candidates_out": 5, "top_score": 0.054098360655737705}
{"ts": "2026-09-23T03:55:29.588784+00:00", "trace_id": null, "stage": "embed_query", "event": "start", "model": "Qwen/Qwen3-Embedding-0.6B"}
{"ts": "2026-09-23T03:55:29.611718+00:00", "trace_id": null, "stage": "embed_query", "event": "finish", "duration_ms": 22.931, "model": "Qwen/Qwen3-Embedding-0.6B"}
{"ts": "2026-09-23T03:55:29.611764+00:00", "trace_id": null, "stage": "dense", "event": "start"}
{"ts": "2026-09-23T03:55:29.611963+00:00", "trace_id": null, "stage": "dense", "event": "finish", "duration_ms": 0.199, "candidates_out": 20}
{"ts": "2026-09-23T03:55:29.611987+00:00", "trace_id": null, "stage": "lexical", "event": "start"}
{"ts": "2026-09-23T03:55:29.612237+00:00", "trace_id": null, "stage": "lexical", "event": "finish", "duration_ms": 0.249, "candidates_out": 20}
{"ts": "2026-09-23T03:55:29.612263+00:00", "trace_id": null, "stage": "fuse", "event": "start", "candidates_in": 33}
{"ts": "2026-09-23T03:55:29.612323+00:00", "trace_id": null, "stage": "fuse", "event": "finish", "duration_ms": 0.06, "candidates_in": 33, "candidates_out": 22, "top_score": 0.03278688524590164}
{"ts": "2026-09-23T03:55:29.615658+00:00", "trace_id": null, "stage": "gate", "event": "start", "candidates_in": 5}
{"ts": "2026-09-23T03:55:29.615726+00:00", "trace_id": null, "stage": "gate", "event": "finish", "duration_ms": 0.067, "candidates_in": 5, "candidates_out": 5, "top_score": 0.054098360655737705}
{"ts": "2026-09-23T03:55:29.615759+00:00", "trace_id": null, "stage": "embed_query", "event": "start", "model": "Qwen/Qwen3-Embedding-0.6B"}
{"ts": "2026-09-23T03:55:29.638185+00:00", "trace_id": null, "stage": "embed_query", "event": "finish", "duration_ms": 22.424, "model": "Qwen/Qwen3-Embedding-0.6B"}
{"ts": "2026-09-23T03:55:29.638225+00:00", "trace_id": null, "stage": "dense", "event": "start"}
{"ts": "2026-09-23T03:55:29.638417+00:00", "trace_id": null, "stage": "dense", "event": "finish", "duration_ms": 0.192, "candidates_out": 20}
{"ts": "2026-09-23T03:55:29.638433+00:00", "trace_id": null, "stage": "lexical", "event": "start"}
{"ts": "2026-09-23T03:55:29.638699+00:00", "trace_id": null, "stage": "lexical", "event": "finish", "duration_ms": 0.266, "candidates_out": 20}
{"ts": "2026-09-23T03:55:29.638725+00:00", "trace_id": null, "stage": "fuse", "event": "start", "candidates_in": 32}
{"ts": "2026-09-23T03:55:29.638781+00:00", "trace_id": null, "stage": "fuse", "event": "finish", "duration_ms": 0.055, "candidates_in": 32, "candidates_out": 22, "top_score": 0.03278688524590164}
{"ts": "2026-09-23T03:55:29.641666+00:00", "trace_id": null, "stage": "gate", "event": "start", "candidates_in": 5}
{"ts": "2026-09-23T03:55:29.641741+00:00", "trace_id": null, "stage": "gate", "event": "finish", "duration_ms": 0.077, "candidates_in": 5, "candidates_out": 5, "top_score": 0.05901639344262295}
{"ts": "2026-09-23T03:55:29.641772+00:00", "trace_id": null, "stage": "embed_query", "event": "start", "model": "Qwen/Qwen3-Embedding-0.6B"}
{"ts": "2026-09-23T03:55:29.665420+00:00", "trace_id": null, "stage": "embed_query", "event": "finish", "duration_ms": 23.645, "model": "Qwen/Qwen3-Embedding-0.6B"}
{"ts": "2026-09-23T03:55:29.665469+00:00", "trace_id": null, "stage": "dense", "event": "start"}
{"ts": "2026-09-23T03:55:29.665680+00:00", "trace_id": null, "stage": "dense", "event": "finish", "duration_ms": 0.21, "candidates_out": 20}
{"ts": "2026-09-23T03:55:29.665701+00:00", "trace_id": null, "stage": "lexical", "event": "start"}
{"ts": "2026-09-23T03:55:29.665989+00:00", "trace_id": null, "stage": "lexical", "event": "finish", "duration_ms": 0.287, "candidates_out": 20}
{"ts": "2026-09-23T03:55:29.666024+00:00", "trace_id": null, "stage": "fuse", "event": "start", "candidates_in": 31}
{"ts": "2026-09-23T03:55:29.666080+00:00", "trace_id": null, "stage": "fuse", "event": "finish", "duration_ms": 0.056, "candidates_in": 31, "candidates_out": 22, "top_score": 0.03278688524590164}
{"ts": "2026-09-23T03:55:29.671067+00:00", "trace_id": null, "stage": "gate", "event": "start", "candidates_in": 5}
{"ts": "2026-09-23T03:55:29.671131+00:00", "trace_id": null, "stage": "gate", "event": "finish", "duration_ms": 0.063, "candidates_in": 5, "candidates_out": 5, "top_score": 0.14065573770491804}
{"ts": "2026-09-23T03:55:29.671169+00:00", "trace_id": null, "stage": "embed_query", "event": "start", "model": "Qwen/Qwen3-Embedding-0.6B"}
{"ts": "2026-09-23T03:55:29.694384+00:00", "trace_id": null, "stage": "embed_query", "event": "finish", "duration_ms": 23.213, "model": "Qwen/Qwen3-Embedding-0.6B"}
{"ts": "2026-09-23T03:55:29.694431+00:00", "trace_id": null, "stage": "dense", "event": "start"}
{"ts": "2026-09-23T03:55:29.694630+00:00", "trace_id": null, "stage": "dense", "event": "finish", "duration_ms": 0.198, "candidates_out": 20}
{"ts": "2026-09-23T03:55:29.694648+00:00", "trace_id": null, "stage": "lexical", "event": "start"}
{"ts": "2026-09-23T03:55:29.694882+00:00", "trace_id": null, "stage": "lexical", "event": "finish", "duration_ms": 0.234, "candidates_out": 20}
{"ts": "2026-09-23T03:55:29.694907+00:00", "trace_id": null, "stage": "fuse", "event": "start", "candidates_in": 34}
{"ts": "2026-09-23T03:55:29.694969+00:00", "trace_id": null, "stage": "fuse", "event": "finish", "duration_ms": 0.062, "candidates_in": 34, "candidates_out": 23, "top_score": 0.03252247488101534}
{"ts": "2026-09-23T03:55:29.698240+00:00", "trace_id": null, "stage": "gate", "event": "start", "candidates_in": 5}
{"ts": "2026-09-23T03:55:29.698311+00:00", "trace_id": null, "stage": "gate", "event": "finish", "duration_ms": 0.072, "candidates_in": 5, "candidates_out": 5, "top_score": 0.03252247488101534}
{"ts": "2026-09-23T03:55:29.698397+00:00", "trace_id": null, "stage": "embed_query", "event": "start", "model": "Qwen/Qwen3-Embedding-0.6B"}
{"ts": "2026-09-23T03:55:29.721747+00:00", "trace_id": null, "stage": "embed_query", "event": "finish", "duration_ms": 23.352, "model": "Qwen/Qwen3-Embedding-0.6B"}
{"ts": "2026-09-23T03:55:29.721793+00:00", "trace_id": null, "stage": "dense", "event": "start"}
{"ts": "2026-09-23T03:55:29.721992+00:00", "trace_id": null, "stage": "dense", "event": "finish", "duration_ms": 0.199, "candidates_out": 20}
{"ts": "2026-09-23T03:55:29.722011+00:00", "trace_id": null, "stage": "lexical", "event": "start"}
{"ts": "2026-09-23T03:55:29.722265+00:00", "trace_id": null, "stage": "lexical", "event": "finish", "duration_ms": 0.254, "candidates_out": 20}
{"ts": "2026-09-23T03:55:29.722299+00:00", "trace_id": null, "stage": "fuse", "event": "start", "candidates_in": 33}
{"ts": "2026-09-23T03:55:29.722357+00:00", "trace_id": null, "stage": "fuse", "event": "finish", "duration_ms": 0.058, "candidates_in": 33, "candidates_out": 20, "top_score": 0.03225806451612903}
{"ts": "2026-09-23T03:55:29.725075+00:00", "trace_id": null, "stage": "gate", "event": "start", "candidates_in": 5}
{"ts": "2026-09-23T03:55:29.725141+00:00", "trace_id": null, "stage": "gate", "event": "finish", "duration_ms": 0.067, "candidates_in": 5, "candidates_out": 5, "top_score": 0.0532258064516129}
{"ts": "2026-09-23T03:55:29.725170+00:00", "trace_id": null, "stage": "embed_query", "event": "start", "model": "Qwen/Qwen3-Embedding-0.6B"}
{"ts": "2026-09-23T03:55:29.747610+00:00", "trace_id": null, "stage": "embed_query", "event": "finish", "duration_ms": 22.438, "model": "Qwen/Qwen3-Embedding-0.6B"}
{"ts": "2026-09-23T03:55:29.747658+00:00", "trace_id": null, "stage": "dense", "event": "start"}
{"ts": "2026-09-23T03:55:29.747849+00:00", "trace_id": null, "stage": "dense", "event": "finish", "duration_ms": 0.192, "candidates_out": 20}
{"ts": "2026-09-23T03:55:29.747866+00:00", "trace_id": null, "stage": "lexical", "event": "start"}
{"ts": "2026-09-23T03:55:29.748129+00:00", "trace_id": null, "stage": "lexical", "event": "finish", "duration_ms": 0.263, "candidates_out": 20}
{"ts": "2026-09-23T03:55:29.748153+00:00", "trace_id": null, "stage": "fuse", "event": "start", "candidates_in": 34}
{"ts": "2026-09-23T03:55:29.748280+00:00", "trace_id": null, "stage": "fuse", "event": "finish", "duration_ms": 0.126, "candidates_in": 34, "candidates_out": 24, "top_score": 0.03278688524590164}
{"ts": "2026-09-23T03:55:29.752371+00:00", "trace_id": null, "stage": "gate", "event": "start", "candidates_in": 5}
{"ts": "2026-09-23T03:55:29.752443+00:00", "trace_id": null, "stage": "gate", "event": "finish", "duration_ms": 0.073, "candidates_in": 5, "candidates_out": 5, "top_score": 0.03225806451612903}
{"ts": "2026-09-23T03:55:29.752478+00:00", "trace_id": null, "stage": "embed_query", "event": "start", "model": "Qwen/Qwen3-Embedding-0.6B"}
{"ts": "2026-09-23T03:55:29.774828+00:00", "trace_id": null, "stage": "embed_query", "event": "finish", "duration_ms": 22.347, "model": "Qwen/Qwen3-Embedding-0.6B"}
{"ts": "2026-09-23T03:55:29.774870+00:00", "trace_id": null, "stage": "dense", "event": "start"}
{"ts": "2026-09-23T03:55:29.775070+00:00", "trace_id": null, "stage": "dense", "event": "finish", "duration_ms": 0.2, "candidates_out": 20}
{"ts": "2026-09-23T03:55:29.775089+00:00", "trace_id": null, "stage": "lexical", "event": "start"}
{"ts": "2026-09-23T03:55:29.775333+00:00", "trace_id": null, "stage": "lexical", "event": "finish", "duration_ms": 0.245, "candidates_out": 20}
{"ts": "2026-09-23T03:55:29.775360+00:00", "trace_id": null, "stage": "fuse", "event": "start", "candidates_in": 34}
{"ts": "2026-09-23T03:55:29.775422+00:00", "trace_id": null, "stage": "fuse", "event": "finish", "duration_ms": 0.063, "candidates_in": 34, "candidates_out": 26, "top_score": 0.03278688524590164}
{"ts": "2026-09-23T03:55:29.780334+00:00", "trace_id": null, "stage": "gate", "event": "start", "candidates_in": 5}
{"ts": "2026-09-23T03:55:29.780389+00:00", "trace_id": null, "stage": "gate", "event": "finish", "duration_ms": 0.055, "candidates_in": 5, "candidates_out": 5, "top_score": 0.08524590163934427}
{"ts": "2026-09-23T03:55:29.780414+00:00", "trace_id": null, "stage": "embed_query", "event": "start", "model": "Qwen/Qwen3-Embedding-0.6B"}
{"ts": "2026-09-23T03:55:29.803144+00:00", "trace_id": null, "stage": "embed_query", "event": "finish", "duration_ms": 22.727, "model": "Qwen/Qwen3-Embedding-0.6B"}
{"ts": "2026-09-23T03:55:29.803186+00:00", "trace_id": null, "stage": "dense", "event": "start"}
{"ts": "2026-09-23T03:55:29.803378+00:00", "trace_id": null, "stage": "dense", "event": "finish", "duration_ms": 0.192, "candidates_out": 20}
{"ts": "2026-09-23T03:55:29.803395+00:00", "trace_id": null, "stage": "lexical", "event": "start"}
{"ts": "2026-09-23T03:55:29.803625+00:00", "trace_id": null, "stage": "lexical", "event": "finish", "duration_ms": 0.23, "candidates_out": 20}
{"ts": "2026-09-23T03:55:29.803651+00:00", "trace_id": null, "stage": "fuse", "event": "start", "candidates_in": 34}
{"ts": "2026-09-23T03:55:29.803709+00:00", "trace_id": null, "stage": "fuse", "event": "finish", "duration_ms": 0.058, "candidates_in": 34, "candidates_out": 26, "top_score": 0.03278688524590164}
{"ts": "2026-09-23T03:55:29.808839+00:00", "trace_id": null, "stage": "gate", "event": "start", "candidates_in": 5}
{"ts": "2026-09-23T03:55:29.808903+00:00", "trace_id": null, "stage": "gate", "event": "finish", "duration_ms": 0.064, "candidates_in": 5, "candidates_out": 5, "top_score": 0.05901639344262295}
{"ts": "2026-09-23T03:55:29.808932+00:00", "trace_id": null, "stage": "embed_query", "event": "start", "model": "Qwen/Qwen3-Embedding-0.6B"}
{"ts": "2026-09-23T03:55:29.831209+00:00", "trace_id": null, "stage": "embed_query", "event": "finish", "duration_ms": 22.275, "model": "Qwen/Qwen3-Embedding-0.6B"}
{"ts": "2026-09-23T03:55:29.831249+00:00", "trace_id": null, "stage": "dense", "event": "start"}
{"ts": "2026-09-23T03:55:29.831450+00:00", "trace_id": null, "stage": "dense", "event": "finish", "duration_ms": 0.201, "candidates_out": 20}
{"ts": "2026-09-23T03:55:29.831470+00:00", "trace_id": null, "stage": "lexical", "event": "start"}
{"ts": "2026-09-23T03:55:29.831737+00:00", "trace_id": null, "stage": "lexical", "event": "finish", "duration_ms": 0.267, "candidates_out": 20}
{"ts": "2026-09-23T03:55:29.831760+00:00", "trace_id": null, "stage": "fuse", "event": "start", "candidates_in": 32}
{"ts": "2026-09-23T03:55:29.831817+00:00", "trace_id": null, "stage": "fuse", "event": "finish", "duration_ms": 0.056, "candidates_in": 32, "candidates_out": 20, "top_score": 0.03278688524590164}
{"ts": "2026-09-23T03:55:29.834604+00:00", "trace_id": null, "stage": "gate", "event": "start", "candidates_in": 5}
{"ts": "2026-09-23T03:55:29.834663+00:00", "trace_id": null, "stage": "gate", "event": "finish", "duration_ms": 0.059, "candidates_in": 5, "candidates_out": 5, "top_score": 0.09737704918032787}
{"ts": "2026-09-23T03:55:29.834691+00:00", "trace_id": null, "stage": "embed_query", "event": "start", "model": "Qwen/Qwen3-Embedding-0.6B"}
{"ts": "2026-09-23T03:55:29.856682+00:00", "trace_id": null, "stage": "embed_query", "event": "finish", "duration_ms": 21.99, "model": "Qwen/Qwen3-Embedding-0.6B"}
{"ts": "2026-09-23T03:55:29.856721+00:00", "trace_id": null, "stage": "dense", "event": "start"}
{"ts": "2026-09-23T03:55:29.856914+00:00", "trace_id": null, "stage": "dense", "event": "finish", "duration_ms": 0.193, "candidates_out": 20}
{"ts": "2026-09-23T03:55:29.856938+00:00", "trace_id": null, "stage": "lexical", "event": "start"}
{"ts": "2026-09-23T03:55:29.857189+00:00", "trace_id": null, "stage": "lexical", "event": "finish", "duration_ms": 0.251, "candidates_out": 20}
{"ts": "2026-09-23T03:55:29.857215+00:00", "trace_id": null, "stage": "fuse", "event": "start", "candidates_in": 33}
{"ts": "2026-09-23T03:55:29.857278+00:00", "trace_id": null, "stage": "fuse", "event": "finish", "duration_ms": 0.063, "candidates_in": 33, "candidates_out": 25, "top_score": 0.032018442622950824}
{"ts": "2026-09-23T03:55:29.861620+00:00", "trace_id": null, "stage": "gate", "event": "start", "candidates_in": 5}
{"ts": "2026-09-23T03:55:29.861673+00:00", "trace_id": null, "stage": "gate", "event": "finish", "duration_ms": 0.053, "candidates_in": 5, "candidates_out": 5, "top_score": 0.09509477459016394}
{"ts": "2026-09-23T03:55:29.861699+00:00", "trace_id": null, "stage": "embed_query", "event": "start", "model": "Qwen/Qwen3-Embedding-0.6B"}
{"ts": "2026-09-23T03:55:29.886103+00:00", "trace_id": null, "stage": "embed_query", "event": "finish", "duration_ms": 24.401, "model": "Qwen/Qwen3-Embedding-0.6B"}
{"ts": "2026-09-23T03:55:29.886154+00:00", "trace_id": null, "stage": "dense", "event": "start"}
{"ts": "2026-09-23T03:55:29.886353+00:00", "trace_id": null, "stage": "dense", "event": "finish", "duration_ms": 0.199, "candidates_out": 20}
{"ts": "2026-09-23T03:55:29.886371+00:00", "trace_id": null, "stage": "lexical", "event": "start"}
{"ts": "2026-09-23T03:55:29.886639+00:00", "trace_id": null, "stage": "lexical", "event": "finish", "duration_ms": 0.266, "candidates_out": 20}
{"ts": "2026-09-23T03:55:29.886673+00:00", "trace_id": null, "stage": "fuse", "event": "start", "candidates_in": 34}
{"ts": "2026-09-23T03:55:29.886734+00:00", "trace_id": null, "stage": "fuse", "event": "finish", "duration_ms": 0.06, "candidates_in": 34, "candidates_out": 22, "top_score": 0.03278688524590164}
{"ts": "2026-09-23T03:55:29.892128+00:00", "trace_id": null, "stage": "gate", "event": "start", "candidates_in": 5}
{"ts": "2026-09-23T03:55:29.892186+00:00", "trace_id": null, "stage": "gate", "event": "finish", "duration_ms": 0.058, "candidates_in": 5, "candidates_out": 5, "top_score": 0.054098360655737705}
{"ts": "2026-09-23T03:55:29.892213+00:00", "trace_id": null, "stage": "embed_query", "event": "start", "model": "Qwen/Qwen3-Embedding-0.6B"}
{"ts": "2026-09-23T03:55:29.915023+00:00", "trace_id": null, "stage": "embed_query", "event": "finish", "duration_ms": 22.807, "model": "Qwen/Qwen3-Embedding-0.6B"}
{"ts": "2026-09-23T03:55:29.915110+00:00", "trace_id": null, "stage": "dense", "event": "start"}
{"ts": "2026-09-23T03:55:29.915298+00:00", "trace_id": null, "stage": "dense", "event": "finish", "duration_ms": 0.188, "candidates_out": 20}
{"ts": "2026-09-23T03:55:29.915315+00:00", "trace_id": null, "stage": "lexical", "event": "start"}
{"ts": "2026-09-23T03:55:29.915547+00:00", "trace_id": null, "stage": "lexical", "event": "finish", "duration_ms": 0.231, "candidates_out": 20}
{"ts": "2026-09-23T03:55:29.915579+00:00", "trace_id": null, "stage": "fuse", "event": "start", "candidates_in": 30}
{"ts": "2026-09-23T03:55:29.915647+00:00", "trace_id": null, "stage": "fuse", "event": "finish", "duration_ms": 0.068, "candidates_in": 30, "candidates_out": 25, "top_score": 0.03278688524590164}
{"ts": "2026-09-23T03:55:29.921974+00:00", "trace_id": null, "stage": "gate", "event": "start", "candidates_in": 5}
{"ts": "2026-09-23T03:55:29.922035+00:00", "trace_id": null, "stage": "gate", "event": "finish", "duration_ms": 0.06, "candidates_in": 5, "candidates_out": 5, "top_score": 0.11147540983606559}
{"ts": "2026-09-23T03:55:29.922067+00:00", "trace_id": null, "stage": "embed_query", "event": "start", "model": "Qwen/Qwen3-Embedding-0.6B"}
{"ts": "2026-09-23T03:55:29.945871+00:00", "trace_id": null, "stage": "embed_query", "event": "finish", "duration_ms": 23.801, "model": "Qwen/Qwen3-Embedding-0.6B"}
{"ts": "2026-09-23T03:55:29.945915+00:00", "trace_id": null, "stage": "dense", "event": "start"}
{"ts": "2026-09-23T03:55:29.946112+00:00", "trace_id": null, "stage": "dense", "event": "finish", "duration_ms": 0.196, "candidates_out": 20}
{"ts": "2026-09-23T03:55:29.946130+00:00", "trace_id": null, "stage": "lexical", "event": "start"}
{"ts": "2026-09-23T03:55:29.946400+00:00", "trace_id": null, "stage": "lexical", "event": "finish", "duration_ms": 0.269, "candidates_out": 20}
{"ts": "2026-09-23T03:55:29.946437+00:00", "trace_id": null, "stage": "fuse", "event": "start", "candidates_in": 30}
{"ts": "2026-09-23T03:55:29.946495+00:00", "trace_id": null, "stage": "fuse", "event": "finish", "duration_ms": 0.059, "candidates_in": 30, "candidates_out": 22, "top_score": 0.03278688524590164}
{"ts": "2026-09-23T03:55:29.952134+00:00", "trace_id": null, "stage": "gate", "event": "start", "candidates_in": 5}
{"ts": "2026-09-23T03:55:29.952211+00:00", "trace_id": null, "stage": "gate", "event": "finish", "duration_ms": 0.078, "candidates_in": 5, "candidates_out": 5, "top_score": 0.09428571428571428}
{"ts": "2026-09-23T03:55:29.952241+00:00", "trace_id": null, "stage": "embed_query", "event": "start", "model": "Qwen/Qwen3-Embedding-0.6B"}
{"ts": "2026-09-23T03:55:29.975889+00:00", "trace_id": null, "stage": "embed_query", "event": "finish", "duration_ms": 23.644, "model": "Qwen/Qwen3-Embedding-0.6B"}
{"ts": "2026-09-23T03:55:29.975941+00:00", "trace_id": null, "stage": "dense", "event": "start"}
{"ts": "2026-09-23T03:55:29.976138+00:00", "trace_id": null, "stage": "dense", "event": "finish", "duration_ms": 0.198, "candidates_out": 20}
{"ts": "2026-09-23T03:55:29.976160+00:00", "trace_id": null, "stage": "lexical", "event": "start"}
{"ts": "2026-09-23T03:55:29.976415+00:00", "trace_id": null, "stage": "lexical", "event": "finish", "duration_ms": 0.255, "candidates_out": 20}
{"ts": "2026-09-23T03:55:29.976439+00:00", "trace_id": null, "stage": "fuse", "event": "start", "candidates_in": 30}
{"ts": "2026-09-23T03:55:29.976505+00:00", "trace_id": null, "stage": "fuse", "event": "finish", "duration_ms": 0.066, "candidates_in": 30, "candidates_out": 21, "top_score": 0.03252247488101534}
{"ts": "2026-09-23T03:55:29.981754+00:00", "trace_id": null, "stage": "gate", "event": "start", "candidates_in": 5}
{"ts": "2026-09-23T03:55:29.981836+00:00", "trace_id": null, "stage": "gate", "event": "finish", "duration_ms": 0.083, "candidates_in": 5, "candidates_out": 5, "top_score": 0.13842310694769713}
{"ts": "2026-09-23T03:55:29.981885+00:00", "trace_id": null, "stage": "embed_query", "event": "start", "model": "Qwen/Qwen3-Embedding-0.6B"}
{"ts": "2026-09-23T03:55:30.005254+00:00", "trace_id": null, "stage": "embed_query", "event": "finish", "duration_ms": 23.366, "model": "Qwen/Qwen3-Embedding-0.6B"}
{"ts": "2026-09-23T03:55:30.005302+00:00", "trace_id": null, "stage": "dense", "event": "start"}
{"ts": "2026-09-23T03:55:30.005512+00:00", "trace_id": null, "stage": "dense", "event": "finish", "duration_ms": 0.21, "candidates_out": 20}
{"ts": "2026-09-23T03:55:30.005537+00:00", "trace_id": null, "stage": "lexical", "event": "start"}
{"ts": "2026-09-23T03:55:30.005795+00:00", "trace_id": null, "stage": "lexical", "event": "finish", "duration_ms": 0.258, "candidates_out": 19}
{"ts": "2026-09-23T03:55:30.005830+00:00", "trace_id": null, "stage": "fuse", "event": "start", "candidates_in": 26}
{"ts": "2026-09-23T03:55:30.005890+00:00", "trace_id": null, "stage": "fuse", "event": "finish", "duration_ms": 0.061, "candidates_in": 26, "candidates_out": 16, "top_score": 0.03278688524590164}
{"ts": "2026-09-23T03:55:30.009394+00:00", "trace_id": null, "stage": "gate", "event": "start", "candidates_in": 5}
{"ts": "2026-09-23T03:55:30.009481+00:00", "trace_id": null, "stage": "gate", "event": "finish", "duration_ms": 0.089, "candidates_in": 5, "candidates_out": 5, "top_score": 0.14065573770491804}
{"ts": "2026-09-23T03:55:30.009514+00:00", "trace_id": null, "stage": "embed_query", "event": "start", "model": "Qwen/Qwen3-Embedding-0.6B"}
{"ts": "2026-09-23T03:55:30.032775+00:00", "trace_id": null, "stage": "embed_query", "event": "finish", "duration_ms": 23.258, "model": "Qwen/Qwen3-Embedding-0.6B"}
{"ts": "2026-09-23T03:55:30.032857+00:00", "trace_id": null, "stage": "dense", "event": "start"}
{"ts": "2026-09-23T03:55:30.033050+00:00", "trace_id": null, "stage": "dense", "event": "finish", "duration_ms": 0.193, "candidates_out": 20}
{"ts": "2026-09-23T03:55:30.033073+00:00", "trace_id": null, "stage": "lexical", "event": "start"}
{"ts": "2026-09-23T03:55:30.033369+00:00", "trace_id": null, "stage": "lexical", "event": "finish", "duration_ms": 0.295, "candidates_out": 14}
{"ts": "2026-09-23T03:55:30.033406+00:00", "trace_id": null, "stage": "fuse", "event": "start", "candidates_in": 26}
{"ts": "2026-09-23T03:55:30.033471+00:00", "trace_id": null, "stage": "fuse", "event": "finish", "duration_ms": 0.064, "candidates_in": 26, "candidates_out": 16, "top_score": 0.03278688524590164}
{"ts": "2026-09-23T03:55:30.036072+00:00", "trace_id": null, "stage": "gate", "event": "start", "candidates_in": 5}
{"ts": "2026-09-23T03:55:30.036150+00:00", "trace_id": null, "stage": "gate", "event": "finish", "duration_ms": 0.077, "candidates_in": 5, "candidates_out": 5, "top_score": 0.11147540983606559}
{"ts": "2026-09-23T03:55:30.036186+00:00", "trace_id": null, "stage": "embed_query", "event": "start", "model": "Qwen/Qwen3-Embedding-0.6B"}
{"ts": "2026-09-23T03:55:30.060417+00:00", "trace_id": null, "stage": "embed_query", "event": "finish", "duration_ms": 24.229, "model": "Qwen/Qwen3-Embedding-0.6B"}
{"ts": "2026-09-23T03:55:30.060456+00:00", "trace_id": null, "stage": "dense", "event": "start"}
{"ts": "2026-09-23T03:55:30.060666+00:00", "trace_id": null, "stage": "dense", "event": "finish", "duration_ms": 0.21, "candidates_out": 20}
{"ts": "2026-09-23T03:55:30.060683+00:00", "trace_id": null, "stage": "lexical", "event": "start"}
{"ts": "2026-09-23T03:55:30.060941+00:00", "trace_id": null, "stage": "lexical", "event": "finish", "duration_ms": 0.258, "candidates_out": 20}
{"ts": "2026-09-23T03:55:30.060965+00:00", "trace_id": null, "stage": "fuse", "event": "start", "candidates_in": 28}
{"ts": "2026-09-23T03:55:30.061033+00:00", "trace_id": null, "stage": "fuse", "event": "finish", "duration_ms": 0.067, "candidates_in": 28, "candidates_out": 22, "top_score": 0.03252247488101534}
{"ts": "2026-09-23T03:55:30.066231+00:00", "trace_id": null, "stage": "gate", "event": "start", "candidates_in": 5}
{"ts": "2026-09-23T03:55:30.066294+00:00", "trace_id": null, "stage": "gate", "event": "finish", "duration_ms": 0.063, "candidates_in": 5, "candidates_out": 5, "top_score": 0.09659175039661555}
{"ts": "2026-09-23T03:55:30.066324+00:00", "trace_id": null, "stage": "embed_query", "event": "start", "model": "Qwen/Qwen3-Embedding-0.6B"}
{"ts": "2026-09-23T03:55:30.089650+00:00", "trace_id": null, "stage": "embed_query", "event": "finish", "duration_ms": 23.324, "model": "Qwen/Qwen3-Embedding-0.6B"}
{"ts": "2026-09-23T03:55:30.089692+00:00", "trace_id": null, "stage": "dense", "event": "start"}
{"ts": "2026-09-23T03:55:30.089894+00:00", "trace_id": null, "stage": "dense", "event": "finish", "duration_ms": 0.203, "candidates_out": 20}
{"ts": "2026-09-23T03:55:30.089949+00:00", "trace_id": null, "stage": "lexical", "event": "start"}
{"ts": "2026-09-23T03:55:30.090255+00:00", "trace_id": null, "stage": "lexical", "event": "finish", "duration_ms": 0.305, "candidates_out": 20}
{"ts": "2026-09-23T03:55:30.090287+00:00", "trace_id": null, "stage": "fuse", "event": "start", "candidates_in": 30}
{"ts": "2026-09-23T03:55:30.090352+00:00", "trace_id": null, "stage": "fuse", "event": "finish", "duration_ms": 0.065, "candidates_in": 30, "candidates_out": 21, "top_score": 0.032266458495966696}
{"ts": "2026-09-23T03:55:30.094727+00:00", "trace_id": null, "stage": "gate", "event": "start", "candidates_in": 5}
{"ts": "2026-09-23T03:55:30.094787+00:00", "trace_id": null, "stage": "gate", "event": "finish", "duration_ms": 0.06, "candidates_in": 5, "candidates_out": 5, "top_score": 0.05038461538461538}
{"ts": "2026-09-23T03:55:30.094818+00:00", "trace_id": null, "stage": "embed_query", "event": "start", "model": "Qwen/Qwen3-Embedding-0.6B"}
{"ts": "2026-09-23T03:55:30.117999+00:00", "trace_id": null, "stage": "embed_query", "event": "finish", "duration_ms": 23.18, "model": "Qwen/Qwen3-Embedding-0.6B"}
{"ts": "2026-09-23T03:55:30.118031+00:00", "trace_id": null, "stage": "dense", "event": "start"}
{"ts": "2026-09-23T03:55:30.118207+00:00", "trace_id": null, "stage": "dense", "event": "finish", "duration_ms": 0.176, "candidates_out": 20}
{"ts": "2026-09-23T03:55:30.118225+00:00", "trace_id": null, "stage": "lexical", "event": "start"}
{"ts": "2026-09-23T03:55:30.118469+00:00", "trace_id": null, "stage": "lexical", "event": "finish", "duration_ms": 0.244, "candidates_out": 20}
{"ts": "2026-09-23T03:55:30.118493+00:00", "trace_id": null, "stage": "fuse", "event": "start", "candidates_in": 27}
{"ts": "2026-09-23T03:55:30.118548+00:00", "trace_id": null, "stage": "fuse", "event": "finish", "duration_ms": 0.054, "candidates_in": 27, "candidates_out": 19, "top_score": 0.032266458495966696}
{"ts": "2026-09-23T03:55:30.122898+00:00", "trace_id": null, "stage": "gate", "event": "start", "candidates_in": 5}
{"ts": "2026-09-23T03:55:30.123178+00:00", "trace_id": null, "stage": "gate", "event": "finish", "duration_ms": 0.28, "candidates_in": 5, "candidates_out": 5, "top_score": 0.04817774936061381}
{"ts": "2026-09-23T03:55:30.123205+00:00", "trace_id": null, "stage": "embed_query", "event": "start", "model": "Qwen/Qwen3-Embedding-0.6B"}
{"ts": "2026-09-23T03:55:30.145316+00:00", "trace_id": null, "stage": "embed_query", "event": "finish", "duration_ms": 22.109, "model": "Qwen/Qwen3-Embedding-0.6B"}
{"ts": "2026-09-23T03:55:30.145347+00:00", "trace_id": null, "stage": "dense", "event": "start"}
{"ts": "2026-09-23T03:55:30.145527+00:00", "trace_id": null, "stage": "dense", "event": "finish", "duration_ms": 0.18, "candidates_out": 20}
{"ts": "2026-09-23T03:55:30.145542+00:00", "trace_id": null, "stage": "lexical", "event": "start"}
{"ts": "2026-09-23T03:55:30.145770+00:00", "trace_id": null, "stage": "lexical", "event": "finish", "duration_ms": 0.227, "candidates_out": 20}
{"ts": "2026-09-23T03:55:30.145795+00:00", "trace_id": null, "stage": "fuse", "event": "start", "candidates_in": 25}
{"ts": "2026-09-23T03:55:30.145854+00:00", "trace_id": null, "stage": "fuse", "event": "finish", "duration_ms": 0.058, "candidates_in": 25, "candidates_out": 19, "top_score": 0.032018442622950824}
{"ts": "2026-09-23T03:55:30.148797+00:00", "trace_id": null, "stage": "gate", "event": "start", "candidates_in": 5}
{"ts": "2026-09-23T03:55:30.148859+00:00", "trace_id": null, "stage": "gate", "event": "finish", "duration_ms": 0.062, "candidates_in": 5, "candidates_out": 5, "top_score": 0.05052594670406732}
{"ts": "2026-09-23T03:55:30.148890+00:00", "trace_id": null, "stage": "embed_query", "event": "start", "model": "Qwen/Qwen3-Embedding-0.6B"}
{"ts": "2026-09-23T03:55:30.170959+00:00", "trace_id": null, "stage": "embed_query", "event": "finish", "duration_ms": 22.069, "model": "Qwen/Qwen3-Embedding-0.6B"}
{"ts": "2026-09-23T03:55:30.170990+00:00", "trace_id": null, "stage": "dense", "event": "start"}
{"ts": "2026-09-23T03:55:30.171165+00:00", "trace_id": null, "stage": "dense", "event": "finish", "duration_ms": 0.175, "candidates_out": 20}
{"ts": "2026-09-23T03:55:30.171179+00:00", "trace_id": null, "stage": "lexical", "event": "start"}
{"ts": "2026-09-23T03:55:30.171427+00:00", "trace_id": null, "stage": "lexical", "event": "finish", "duration_ms": 0.248, "candidates_out": 20}
{"ts": "2026-09-23T03:55:30.171451+00:00", "trace_id": null, "stage": "fuse", "event": "start", "candidates_in": 21}
{"ts": "2026-09-23T03:55:30.171513+00:00", "trace_id": null, "stage": "fuse", "event": "finish", "duration_ms": 0.061, "candidates_in": 21, "candidates_out": 15, "top_score": 0.032018442622950824}
{"ts": "2026-09-23T03:55:30.173982+00:00", "trace_id": null, "stage": "gate", "event": "start", "candidates_in": 5}
{"ts": "2026-09-23T03:55:30.174040+00:00", "trace_id": null, "stage": "gate", "event": "finish", "duration_ms": 0.058, "candidates_in": 5, "candidates_out": 5, "top_score": 0.05280337941628264}
{"ts": "2026-09-23T03:55:30.174066+00:00", "trace_id": null, "stage": "embed_query", "event": "start", "model": "Qwen/Qwen3-Embedding-0.6B"}
{"ts": "2026-09-23T03:55:30.196168+00:00", "trace_id": null, "stage": "embed_query", "event": "finish", "duration_ms": 22.1, "model": "Qwen/Qwen3-Embedding-0.6B"}
{"ts": "2026-09-23T03:55:30.196205+00:00", "trace_id": null, "stage": "dense", "event": "start"}
{"ts": "2026-09-23T03:55:30.196378+00:00", "trace_id": null, "stage": "dense", "event": "finish", "duration_ms": 0.173, "candidates_out": 20}
{"ts": "2026-09-23T03:55:30.196395+00:00", "trace_id": null, "stage": "lexical", "event": "start"}
{"ts": "2026-09-23T03:55:30.196617+00:00", "trace_id": null, "stage": "lexical", "event": "finish", "duration_ms": 0.222, "candidates_out": 20}
{"ts": "2026-09-23T03:55:30.196642+00:00", "trace_id": null, "stage": "fuse", "event": "start", "candidates_in": 24}
{"ts": "2026-09-23T03:55:30.196708+00:00", "trace_id": null, "stage": "fuse", "event": "finish", "duration_ms": 0.066, "candidates_in": 24, "candidates_out": 18, "top_score": 0.032018442622950824}
{"ts": "2026-09-23T03:55:30.199712+00:00", "trace_id": null, "stage": "gate", "event": "start", "candidates_in": 5}
{"ts": "2026-09-23T03:55:30.199772+00:00", "trace_id": null, "stage": "gate", "event": "finish", "duration_ms": 0.06, "candidates_in": 5, "candidates_out": 5, "top_score": 0.05280337941628264}
{"ts": "2026-09-23T03:55:30.199798+00:00", "trace_id": null, "stage": "embed_query", "event": "start", "model": "Qwen/Qwen3-Embedding-0.6B"}
{"ts": "2026-09-23T03:55:30.223139+00:00", "trace_id": null, "stage": "embed_query", "event": "finish", "duration_ms": 23.338, "model": "Qwen/Qwen3-Embedding-0.6B"}
{"ts": "2026-09-23T03:55:30.223179+00:00", "trace_id": null, "stage": "dense", "event": "start"}
{"ts": "2026-09-23T03:55:30.223403+00:00", "trace_id": null, "stage": "dense", "event": "finish", "duration_ms": 0.223, "candidates_out": 20}
{"ts": "2026-09-23T03:55:30.223426+00:00", "trace_id": null, "stage": "lexical", "event": "start"}
{"ts": "2026-09-23T03:55:30.223687+00:00", "trace_id": null, "stage": "lexical", "event": "finish", "duration_ms": 0.261, "candidates_out": 20}
{"ts": "2026-09-23T03:55:30.223717+00:00", "trace_id": null, "stage": "fuse", "event": "start", "candidates_in": 36}
{"ts": "2026-09-23T03:55:30.223797+00:00", "trace_id": null, "stage": "fuse", "event": "finish", "duration_ms": 0.08, "candidates_in": 36, "candidates_out": 27, "top_score": 0.03278688524590164}
{"ts": "2026-09-23T03:55:30.229280+00:00", "trace_id": null, "stage": "gate", "event": "start", "candidates_in": 5}
{"ts": "2026-09-23T03:55:30.229341+00:00", "trace_id": null, "stage": "gate", "event": "finish", "duration_ms": 0.06, "candidates_in": 5, "candidates_out": 5, "top_score": 0.04969429347826087}
{"ts": "2026-09-23T03:55:30.229372+00:00", "trace_id": null, "stage": "embed_query", "event": "start", "model": "Qwen/Qwen3-Embedding-0.6B"}
{"ts": "2026-09-23T03:55:30.252693+00:00", "trace_id": null, "stage": "embed_query", "event": "finish", "duration_ms": 23.319, "model": "Qwen/Qwen3-Embedding-0.6B"}
{"ts": "2026-09-23T03:55:30.252730+00:00", "trace_id": null, "stage": "dense", "event": "start"}
{"ts": "2026-09-23T03:55:30.252906+00:00", "trace_id": null, "stage": "dense", "event": "finish", "duration_ms": 0.175, "candidates_out": 20}
{"ts": "2026-09-23T03:55:30.252921+00:00", "trace_id": null, "stage": "lexical", "event": "start"}
{"ts": "2026-09-23T03:55:30.253174+00:00", "trace_id": null, "stage": "lexical", "event": "finish", "duration_ms": 0.252, "candidates_out": 20}
{"ts": "2026-09-23T03:55:30.253204+00:00", "trace_id": null, "stage": "fuse", "event": "start", "candidates_in": 29}
{"ts": "2026-09-23T03:55:30.253271+00:00", "trace_id": null, "stage": "fuse", "event": "finish", "duration_ms": 0.067, "candidates_in": 29, "candidates_out": 19, "top_score": 0.03278688524590164}
{"ts": "2026-09-23T03:55:30.257454+00:00", "trace_id": null, "stage": "gate", "event": "start", "candidates_in": 5}
{"ts": "2026-09-23T03:55:30.257514+00:00", "trace_id": null, "stage": "gate", "event": "finish", "duration_ms": 0.059, "candidates_in": 5, "candidates_out": 5, "top_score": 0.052380952380952375}
{"ts": "2026-09-23T03:55:30.257541+00:00", "trace_id": null, "stage": "embed_query", "event": "start", "model": "Qwen/Qwen3-Embedding-0.6B"}
{"ts": "2026-09-23T03:55:30.281049+00:00", "trace_id": null, "stage": "embed_query", "event": "finish", "duration_ms": 23.506, "model": "Qwen/Qwen3-Embedding-0.6B"}
{"ts": "2026-09-23T03:55:30.281136+00:00", "trace_id": null, "stage": "dense", "event": "start"}
{"ts": "2026-09-23T03:55:30.281327+00:00", "trace_id": null, "stage": "dense", "event": "finish", "duration_ms": 0.193, "candidates_out": 20}
{"ts": "2026-09-23T03:55:30.281348+00:00", "trace_id": null, "stage": "lexical", "event": "start"}
{"ts": "2026-09-23T03:55:30.281595+00:00", "trace_id": null, "stage": "lexical", "event": "finish", "duration_ms": 0.247, "candidates_out": 20}
{"ts": "2026-09-23T03:55:30.281622+00:00", "trace_id": null, "stage": "fuse", "event": "start", "candidates_in": 31}
{"ts": "2026-09-23T03:55:30.281682+00:00", "trace_id": null, "stage": "fuse", "event": "finish", "duration_ms": 0.06, "candidates_in": 31, "candidates_out": 20, "top_score": 0.03278688524590164}
{"ts": "2026-09-23T03:55:30.284780+00:00", "trace_id": null, "stage": "gate", "event": "start", "candidates_in": 5}
{"ts": "2026-09-23T03:55:30.284844+00:00", "trace_id": null, "stage": "gate", "event": "finish", "duration_ms": 0.064, "candidates_in": 5, "candidates_out": 5, "top_score": 0.08615934412444817}
{"ts": "2026-09-23T03:55:30.284876+00:00", "trace_id": null, "stage": "embed_query", "event": "start", "model": "Qwen/Qwen3-Embedding-0.6B"}
{"ts": "2026-09-23T03:55:30.308364+00:00", "trace_id": null, "stage": "embed_query", "event": "finish", "duration_ms": 23.486, "model": "Qwen/Qwen3-Embedding-0.6B"}
{"ts": "2026-09-23T03:55:30.308406+00:00", "trace_id": null, "stage": "dense", "event": "start"}
{"ts": "2026-09-23T03:55:30.308607+00:00", "trace_id": null, "stage": "dense", "event": "finish", "duration_ms": 0.201, "candidates_out": 20}
{"ts": "2026-09-23T03:55:30.308624+00:00", "trace_id": null, "stage": "lexical", "event": "start"}
{"ts": "2026-09-23T03:55:30.308868+00:00", "trace_id": null, "stage": "lexical", "event": "finish", "duration_ms": 0.244, "candidates_out": 20}
{"ts": "2026-09-23T03:55:30.308894+00:00", "trace_id": null, "stage": "fuse", "event": "start", "candidates_in": 27}
{"ts": "2026-09-23T03:55:30.308963+00:00", "trace_id": null, "stage": "fuse", "event": "finish", "duration_ms": 0.068, "candidates_in": 27, "candidates_out": 20, "top_score": 0.03252247488101534}
{"ts": "2026-09-23T03:55:30.312921+00:00", "trace_id": null, "stage": "gate", "event": "start", "candidates_in": 5}
{"ts": "2026-09-23T03:55:30.312978+00:00", "trace_id": null, "stage": "gate", "event": "finish", "duration_ms": 0.057, "candidates_in": 5, "candidates_out": 5, "top_score": 0.053662083553675306}
{"ts": "2026-09-23T03:55:30.313009+00:00", "trace_id": null, "stage": "embed_query", "event": "start", "model": "Qwen/Qwen3-Embedding-0.6B"}
{"ts": "2026-09-23T03:55:30.336418+00:00", "trace_id": null, "stage": "embed_query", "event": "finish", "duration_ms": 23.406, "model": "Qwen/Qwen3-Embedding-0.6B"}
{"ts": "2026-09-23T03:55:30.336461+00:00", "trace_id": null, "stage": "dense", "event": "start"}
{"ts": "2026-09-23T03:55:30.336667+00:00", "trace_id": null, "stage": "dense", "event": "finish", "duration_ms": 0.206, "candidates_out": 20}
{"ts": "2026-09-23T03:55:30.336685+00:00", "trace_id": null, "stage": "lexical", "event": "start"}
{"ts": "2026-09-23T03:55:30.336924+00:00", "trace_id": null, "stage": "lexical", "event": "finish", "duration_ms": 0.239, "candidates_out": 20}
{"ts": "2026-09-23T03:55:30.336949+00:00", "trace_id": null, "stage": "fuse", "event": "start", "candidates_in": 31}
{"ts": "2026-09-23T03:55:30.337013+00:00", "trace_id": null, "stage": "fuse", "event": "finish", "duration_ms": 0.064, "candidates_in": 31, "candidates_out": 23, "top_score": 0.03278688524590164}
{"ts": "2026-09-23T03:55:30.341182+00:00", "trace_id": null, "stage": "gate", "event": "start", "candidates_in": 5}
{"ts": "2026-09-23T03:55:30.341252+00:00", "trace_id": null, "stage": "gate", "event": "finish", "duration_ms": 0.07, "candidates_in": 5, "candidates_out": 5, "top_score": 0.053839285714285715}
{"ts": "2026-09-23T03:55:30.341282+00:00", "trace_id": null, "stage": "embed_query", "event": "start", "model": "Qwen/Qwen3-Embedding-0.6B"}
{"ts": "2026-09-23T03:55:30.363390+00:00", "trace_id": null, "stage": "embed_query", "event": "finish", "duration_ms": 22.106, "model": "Qwen/Qwen3-Embedding-0.6B"}
{"ts": "2026-09-23T03:55:30.363428+00:00", "trace_id": null, "stage": "dense", "event": "start"}
{"ts": "2026-09-23T03:55:30.363614+00:00", "trace_id": null, "stage": "dense", "event": "finish", "duration_ms": 0.187, "candidates_out": 20}
{"ts": "2026-09-23T03:55:30.363630+00:00", "trace_id": null, "stage": "lexical", "event": "start"}
{"ts": "2026-09-23T03:55:30.363887+00:00", "trace_id": null, "stage": "lexical", "event": "finish", "duration_ms": 0.256, "candidates_out": 20}
{"ts": "2026-09-23T03:55:30.363911+00:00", "trace_id": null, "stage": "fuse", "event": "start", "candidates_in": 30}
{"ts": "2026-09-23T03:55:30.363990+00:00", "trace_id": null, "stage": "fuse", "event": "finish", "duration_ms": 0.078, "candidates_in": 30, "candidates_out": 20, "top_score": 0.03252247488101534}
{"ts": "2026-09-23T03:55:30.367308+00:00", "trace_id": null, "stage": "gate", "event": "start", "candidates_in": 5}
{"ts": "2026-09-23T03:55:30.367370+00:00", "trace_id": null, "stage": "gate", "event": "finish", "duration_ms": 0.062, "candidates_in": 5, "candidates_out": 5, "top_score": 0.0559787849566056}
{"ts": "2026-09-23T03:55:30.367400+00:00", "trace_id": null, "stage": "embed_query", "event": "start", "model": "Qwen/Qwen3-Embedding-0.6B"}
{"ts": "2026-09-23T03:55:30.390477+00:00", "trace_id": null, "stage": "embed_query", "event": "finish", "duration_ms": 23.076, "model": "Qwen/Qwen3-Embedding-0.6B"}
{"ts": "2026-09-23T03:55:30.390511+00:00", "trace_id": null, "stage": "dense", "event": "start"}
{"ts": "2026-09-23T03:55:30.390690+00:00", "trace_id": null, "stage": "dense", "event": "finish", "duration_ms": 0.179, "candidates_out": 20}
{"ts": "2026-09-23T03:55:30.390706+00:00", "trace_id": null, "stage": "lexical", "event": "start"}
{"ts": "2026-09-23T03:55:30.390958+00:00", "trace_id": null, "stage": "lexical", "event": "finish", "duration_ms": 0.253, "candidates_out": 20}
{"ts": "2026-09-23T03:55:30.390984+00:00", "trace_id": null, "stage": "fuse", "event": "start", "candidates_in": 32}
{"ts": "2026-09-23T03:55:30.391051+00:00", "trace_id": null, "stage": "fuse", "event": "finish", "duration_ms": 0.068, "candidates_in": 32, "candidates_out": 22, "top_score": 0.03252247488101534}
{"ts": "2026-09-23T03:55:30.396139+00:00", "trace_id": null, "stage": "gate", "event": "start", "candidates_in": 5}
{"ts": "2026-09-23T03:55:30.396194+00:00", "trace_id": null, "stage": "gate", "event": "finish", "duration_ms": 0.055, "candidates_in": 5, "candidates_out": 5, "top_score": 0.08455843469063988}
{"ts": "2026-09-23T03:55:30.396219+00:00", "trace_id": null, "stage": "embed_query", "event": "start", "model": "Qwen/Qwen3-Embedding-0.6B"}
{"ts": "2026-09-23T03:55:30.419128+00:00", "trace_id": null, "stage": "embed_query", "event": "finish", "duration_ms": 22.906, "model": "Qwen/Qwen3-Embedding-0.6B"}
{"ts": "2026-09-23T03:55:30.419165+00:00", "trace_id": null, "stage": "dense", "event": "start"}
{"ts": "2026-09-23T03:55:30.419359+00:00", "trace_id": null, "stage": "dense", "event": "finish", "duration_ms": 0.194, "candidates_out": 20}
{"ts": "2026-09-23T03:55:30.419377+00:00", "trace_id": null, "stage": "lexical", "event": "start"}
{"ts": "2026-09-23T03:55:30.419625+00:00", "trace_id": null, "stage": "lexical", "event": "finish", "duration_ms": 0.248, "candidates_out": 20}
{"ts": "2026-09-23T03:55:30.419649+00:00", "trace_id": null, "stage": "fuse", "event": "start", "candidates_in": 29}
{"ts": "2026-09-23T03:55:30.419715+00:00", "trace_id": null, "stage": "fuse", "event": "finish", "duration_ms": 0.066, "candidates_in": 29, "candidates_out": 19, "top_score": 0.032266458495966696}
{"ts": "2026-09-23T03:55:30.422850+00:00", "trace_id": null, "stage": "gate", "event": "start", "candidates_in": 5}
{"ts": "2026-09-23T03:55:30.422920+00:00", "trace_id": null, "stage": "gate", "event": "finish", "duration_ms": 0.07, "candidates_in": 5, "candidates_out": 5, "top_score": 0.09283516483516482}
{"ts": "2026-09-23T03:55:30.422964+00:00", "trace_id": null, "stage": "embed_query", "event": "start", "model": "Qwen/Qwen3-Embedding-0.6B"}
{"ts": "2026-09-23T03:55:30.445252+00:00", "trace_id": null, "stage": "embed_query", "event": "finish", "duration_ms": 22.286, "model": "Qwen/Qwen3-Embedding-0.6B"}
{"ts": "2026-09-23T03:55:30.445283+00:00", "trace_id": null, "stage": "dense", "event": "start"}
{"ts": "2026-09-23T03:55:30.445468+00:00", "trace_id": null, "stage": "dense", "event": "finish", "duration_ms": 0.185, "candidates_out": 20}
{"ts": "2026-09-23T03:55:30.445484+00:00", "trace_id": null, "stage": "lexical", "event": "start"}
{"ts": "2026-09-23T03:55:30.445721+00:00", "trace_id": null, "stage": "lexical", "event": "finish", "duration_ms": 0.237, "candidates_out": 20}
{"ts": "2026-09-23T03:55:30.445748+00:00", "trace_id": null, "stage": "fuse", "event": "start", "candidates_in": 32}
{"ts": "2026-09-23T03:55:30.445823+00:00", "trace_id": null, "stage": "fuse", "event": "finish", "duration_ms": 0.074, "candidates_in": 32, "candidates_out": 18, "top_score": 0.03278688524590164}
{"ts": "2026-09-23T03:55:30.447807+00:00", "trace_id": null, "stage": "gate", "event": "start", "candidates_in": 5}
{"ts": "2026-09-23T03:55:30.447863+00:00", "trace_id": null, "stage": "gate", "event": "finish", "duration_ms": 0.056, "candidates_in": 5, "candidates_out": 5, "top_score": 0.14065573770491804}
{"ts": "2026-09-23T03:55:30.447889+00:00", "trace_id": null, "stage": "embed_query", "event": "start", "model": "Qwen/Qwen3-Embedding-0.6B"}
{"ts": "2026-09-23T03:55:30.471248+00:00", "trace_id": null, "stage": "embed_query", "event": "finish", "duration_ms": 23.357, "model": "Qwen/Qwen3-Embedding-0.6B"}
{"ts": "2026-09-23T03:55:30.471282+00:00", "trace_id": null, "stage": "dense", "event": "start"}
{"ts": "2026-09-23T03:55:30.471468+00:00", "trace_id": null, "stage": "dense", "event": "finish", "duration_ms": 0.186, "candidates_out": 20}
{"ts": "2026-09-23T03:55:30.471484+00:00", "trace_id": null, "stage": "lexical", "event": "start"}
{"ts": "2026-09-23T03:55:30.471751+00:00", "trace_id": null, "stage": "lexical", "event": "finish", "duration_ms": 0.266, "candidates_out": 20}
{"ts": "2026-09-23T03:55:30.471777+00:00", "trace_id": null, "stage": "fuse", "event": "start", "candidates_in": 33}
{"ts": "2026-09-23T03:55:30.471839+00:00", "trace_id": null, "stage": "fuse", "event": "finish", "duration_ms": 0.062, "candidates_in": 33, "candidates_out": 20, "top_score": 0.03278688524590164}
{"ts": "2026-09-23T03:55:30.476854+00:00", "trace_id": null, "stage": "gate", "event": "start", "candidates_in": 5}
{"ts": "2026-09-23T03:55:30.476918+00:00", "trace_id": null, "stage": "gate", "event": "finish", "duration_ms": 0.064, "candidates_in": 5, "candidates_out": 5, "top_score": 0.14065573770491804}
{"ts": "2026-09-23T03:55:30.476945+00:00", "trace_id": null, "stage": "embed_query", "event": "start", "model": "Qwen/Qwen3-Embedding-0.6B"}
{"ts": "2026-09-23T03:55:30.499900+00:00", "trace_id": null, "stage": "embed_query", "event": "finish", "duration_ms": 22.953, "model": "Qwen/Qwen3-Embedding-0.6B"}
{"ts": "2026-09-23T03:55:30.499942+00:00", "trace_id": null, "stage": "dense", "event": "start"}
{"ts": "2026-09-23T03:55:30.500134+00:00", "trace_id": null, "stage": "dense", "event": "finish", "duration_ms": 0.192, "candidates_out": 20}
{"ts": "2026-09-23T03:55:30.500151+00:00", "trace_id": null, "stage": "lexical", "event": "start"}
{"ts": "2026-09-23T03:55:30.500352+00:00", "trace_id": null, "stage": "lexical", "event": "finish", "duration_ms": 0.201, "candidates_out": 13}
{"ts": "2026-09-23T03:55:30.500377+00:00", "trace_id": null, "stage": "fuse", "event": "start", "candidates_in": 25}
{"ts": "2026-09-23T03:55:30.500440+00:00", "trace_id": null, "stage": "fuse", "event": "finish", "duration_ms": 0.063, "candidates_in": 25, "candidates_out": 19, "top_score": 0.03278688524590164}
{"ts": "2026-09-23T03:55:30.504209+00:00", "trace_id": null, "stage": "gate", "event": "start", "candidates_in": 5}
{"ts": "2026-09-23T03:55:30.504265+00:00", "trace_id": null, "stage": "gate", "event": "finish", "duration_ms": 0.056, "candidates_in": 5, "candidates_out": 5, "top_score": 0.05901639344262295}
{"ts": "2026-09-23T03:55:30.504289+00:00", "trace_id": null, "stage": "embed_query", "event": "start", "model": "Qwen/Qwen3-Embedding-0.6B"}
{"ts": "2026-09-23T03:55:30.527333+00:00", "trace_id": null, "stage": "embed_query", "event": "finish", "duration_ms": 23.042, "model": "Qwen/Qwen3-Embedding-0.6B"}
{"ts": "2026-09-23T03:55:30.527372+00:00", "trace_id": null, "stage": "dense", "event": "start"}
{"ts": "2026-09-23T03:55:30.527565+00:00", "trace_id": null, "stage": "dense", "event": "finish", "duration_ms": 0.193, "candidates_out": 20}
{"ts": "2026-09-23T03:55:30.527581+00:00", "trace_id": null, "stage": "lexical", "event": "start"}
{"ts": "2026-09-23T03:55:30.527820+00:00", "trace_id": null, "stage": "lexical", "event": "finish", "duration_ms": 0.238, "candidates_out": 20}
{"ts": "2026-09-23T03:55:30.527845+00:00", "trace_id": null, "stage": "fuse", "event": "start", "candidates_in": 32}
{"ts": "2026-09-23T03:55:30.527910+00:00", "trace_id": null, "stage": "fuse", "event": "finish", "duration_ms": 0.065, "candidates_in": 32, "candidates_out": 20, "top_score": 0.03278688524590164}
{"ts": "2026-09-23T03:55:30.531231+00:00", "trace_id": null, "stage": "gate", "event": "start", "candidates_in": 5}
{"ts": "2026-09-23T03:55:30.531290+00:00", "trace_id": null, "stage": "gate", "event": "finish", "duration_ms": 0.059, "candidates_in": 5, "candidates_out": 5, "top_score": 0.09737704918032787}
{"ts": "2026-09-23T03:55:30.531317+00:00", "trace_id": null, "stage": "embed_query", "event": "start", "model": "Qwen/Qwen3-Embedding-0.6B"}
{"ts": "2026-09-23T03:55:30.553928+00:00", "trace_id": null, "stage": "embed_query", "event": "finish", "duration_ms": 22.608, "model": "Qwen/Qwen3-Embedding-0.6B"}
{"ts": "2026-09-23T03:55:30.553973+00:00", "trace_id": null, "stage": "dense", "event": "start"}
{"ts": "2026-09-23T03:55:30.554170+00:00", "trace_id": null, "stage": "dense", "event": "finish", "duration_ms": 0.197, "candidates_out": 20}
{"ts": "2026-09-23T03:55:30.554188+00:00", "trace_id": null, "stage": "lexical", "event": "start"}
{"ts": "2026-09-23T03:55:30.554443+00:00", "trace_id": null, "stage": "lexical", "event": "finish", "duration_ms": 0.255, "candidates_out": 20}
{"ts": "2026-09-23T03:55:30.554469+00:00", "trace_id": null, "stage": "fuse", "event": "start", "candidates_in": 33}
{"ts": "2026-09-23T03:55:30.554533+00:00", "trace_id": null, "stage": "fuse", "event": "finish", "duration_ms": 0.064, "candidates_in": 33, "candidates_out": 22, "top_score": 0.03278688524590164}
{"ts": "2026-09-23T03:55:30.558207+00:00", "trace_id": null, "stage": "gate", "event": "start", "candidates_in": 5}
{"ts": "2026-09-23T03:55:30.558270+00:00", "trace_id": null, "stage": "gate", "event": "finish", "duration_ms": 0.064, "candidates_in": 5, "candidates_out": 5, "top_score": 0.05901639344262295}
{"ts": "2026-09-23T03:55:30.558296+00:00", "trace_id": null, "stage": "embed_query", "event": "start", "model": "Qwen/Qwen3-Embedding-0.6B"}
{"ts": "2026-09-23T03:55:30.580272+00:00", "trace_id": null, "stage": "embed_query", "event": "finish", "duration_ms": 21.974, "model": "Qwen/Qwen3-Embedding-0.6B"}
{"ts": "2026-09-23T03:55:30.580303+00:00", "trace_id": null, "stage": "dense", "event": "start"}
{"ts": "2026-09-23T03:55:30.580478+00:00", "trace_id": null, "stage": "dense", "event": "finish", "duration_ms": 0.176, "candidates_out": 20}
{"ts": "2026-09-23T03:55:30.580493+00:00", "trace_id": null, "stage": "lexical", "event": "start"}
{"ts": "2026-09-23T03:55:30.580723+00:00", "trace_id": null, "stage": "lexical", "event": "finish", "duration_ms": 0.23, "candidates_out": 20}
{"ts": "2026-09-23T03:55:30.580747+00:00", "trace_id": null, "stage": "fuse", "event": "start", "candidates_in": 35}
{"ts": "2026-09-23T03:55:30.580807+00:00", "trace_id": null, "stage": "fuse", "event": "finish", "duration_ms": 0.06, "candidates_in": 35, "candidates_out": 22, "top_score": 0.032266458495966696}
{"ts": "2026-09-23T03:55:30.583143+00:00", "trace_id": null, "stage": "gate", "event": "start", "candidates_in": 5}
{"ts": "2026-09-23T03:55:30.583202+00:00", "trace_id": null, "stage": "gate", "event": "finish", "duration_ms": 0.059, "candidates_in": 5, "candidates_out": 5, "top_score": 0.09583138173302108}
{"ts": "2026-09-23T03:55:30.583228+00:00", "trace_id": null, "stage": "embed_query", "event": "start", "model": "Qwen/Qwen3-Embedding-0.6B"}
{"ts": "2026-09-23T03:55:30.606054+00:00", "trace_id": null, "stage": "embed_query", "event": "finish", "duration_ms": 22.824, "model": "Qwen/Qwen3-Embedding-0.6B"}
{"ts": "2026-09-23T03:55:30.606089+00:00", "trace_id": null, "stage": "dense", "event": "start"}
{"ts": "2026-09-23T03:55:30.606273+00:00", "trace_id": null, "stage": "dense", "event": "finish", "duration_ms": 0.183, "candidates_out": 20}
{"ts": "2026-09-23T03:55:30.606296+00:00", "trace_id": null, "stage": "lexical", "event": "start"}
{"ts": "2026-09-23T03:55:30.606570+00:00", "trace_id": null, "stage": "lexical", "event": "finish", "duration_ms": 0.274, "candidates_out": 20}
{"ts": "2026-09-23T03:55:30.606596+00:00", "trace_id": null, "stage": "fuse", "event": "start", "candidates_in": 36}
{"ts": "2026-09-23T03:55:30.606660+00:00", "trace_id": null, "stage": "fuse", "event": "finish", "duration_ms": 0.064, "candidates_in": 36, "candidates_out": 25, "top_score": 0.03252247488101534}
{"ts": "2026-09-23T03:55:30.611802+00:00", "trace_id": null, "stage": "gate", "event": "start", "candidates_in": 5}
{"ts": "2026-09-23T03:55:30.611860+00:00", "trace_id": null, "stage": "gate", "event": "finish", "duration_ms": 0.059, "candidates_in": 5, "candidates_out": 5, "top_score": 0.05854045478582761}
{"ts": "2026-09-23T03:55:30.611884+00:00", "trace_id": null, "stage": "embed_query", "event": "start", "model": "Qwen/Qwen3-Embedding-0.6B"}
{"ts": "2026-09-23T03:55:30.634282+00:00", "trace_id": null, "stage": "embed_query", "event": "finish", "duration_ms": 22.395, "model": "Qwen/Qwen3-Embedding-0.6B"}
{"ts": "2026-09-23T03:55:30.634316+00:00", "trace_id": null, "stage": "dense", "event": "start"}
{"ts": "2026-09-23T03:55:30.634492+00:00", "trace_id": null, "stage": "dense", "event": "finish", "duration_ms": 0.177, "candidates_out": 20}
{"ts": "2026-09-23T03:55:30.634507+00:00", "trace_id": null, "stage": "lexical", "event": "start"}
{"ts": "2026-09-23T03:55:30.634743+00:00", "trace_id": null, "stage": "lexical", "event": "finish", "duration_ms": 0.236, "candidates_out": 20}
{"ts": "2026-09-23T03:55:30.634767+00:00", "trace_id": null, "stage": "fuse", "event": "start", "candidates_in": 32}
{"ts": "2026-09-23T03:55:30.634833+00:00", "trace_id": null, "stage": "fuse", "event": "finish", "duration_ms": 0.066, "candidates_in": 32, "candidates_out": 22, "top_score": 0.03278688524590164}
{"ts": "2026-09-23T03:55:30.638272+00:00", "trace_id": null, "stage": "gate", "event": "start", "candidates_in": 5}
{"ts": "2026-09-23T03:55:30.638335+00:00", "trace_id": null, "stage": "gate", "event": "finish", "duration_ms": 0.064, "candidates_in": 5, "candidates_out": 5, "top_score": 0.09737704918032787}
{"ts": "2026-09-23T03:55:30.638364+00:00", "trace_id": null, "stage": "embed_query", "event": "start", "model": "Qwen/Qwen3-Embedding-0.6B"}
{"ts": "2026-09-23T03:55:30.660818+00:00", "trace_id": null, "stage": "embed_query", "event": "finish", "duration_ms": 22.452, "model": "Qwen/Qwen3-Embedding-0.6B"}
{"ts": "2026-09-23T03:55:30.660847+00:00", "trace_id": null, "stage": "dense", "event": "start"}
{"ts": "2026-09-23T03:55:30.661017+00:00", "trace_id": null, "stage": "dense", "event": "finish", "duration_ms": 0.17, "candidates_out": 20}
{"ts": "2026-09-23T03:55:30.661032+00:00", "trace_id": null, "stage": "lexical", "event": "start"}
{"ts": "2026-09-23T03:55:30.661269+00:00", "trace_id": null, "stage": "lexical", "event": "finish", "duration_ms": 0.237, "candidates_out": 20}
{"ts": "2026-09-23T03:55:30.661293+00:00", "trace_id": null, "stage": "fuse", "event": "start", "candidates_in": 32}
{"ts": "2026-09-23T03:55:30.661348+00:00", "trace_id": null, "stage": "fuse", "event": "finish", "duration_ms": 0.055, "candidates_in": 32, "candidates_out": 22, "top_score": 0.03252247488101534}
{"ts": "2026-09-23T03:55:30.665599+00:00", "trace_id": null, "stage": "gate", "event": "start", "candidates_in": 5}
{"ts": "2026-09-23T03:55:30.665653+00:00", "trace_id": null, "stage": "gate", "event": "finish", "duration_ms": 0.053, "candidates_in": 5, "candidates_out": 5, "top_score": 0.09659175039661555}
{"ts": "2026-09-23T03:55:30.665684+00:00", "trace_id": null, "stage": "embed_query", "event": "start", "model": "Qwen/Qwen3-Embedding-0.6B"}
{"ts": "2026-09-23T03:55:30.688665+00:00", "trace_id": null, "stage": "embed_query", "event": "finish", "duration_ms": 22.979, "model": "Qwen/Qwen3-Embedding-0.6B"}
{"ts": "2026-09-23T03:55:30.688709+00:00", "trace_id": null, "stage": "dense", "event": "start"}
{"ts": "2026-09-23T03:55:30.688910+00:00", "trace_id": null, "stage": "dense", "event": "finish", "duration_ms": 0.201, "candidates_out": 20}
{"ts": "2026-09-23T03:55:30.688927+00:00", "trace_id": null, "stage": "lexical", "event": "start"}
{"ts": "2026-09-23T03:55:30.689161+00:00", "trace_id": null, "stage": "lexical", "event": "finish", "duration_ms": 0.234, "candidates_out": 20}
{"ts": "2026-09-23T03:55:30.689185+00:00", "trace_id": null, "stage": "fuse", "event": "start", "candidates_in": 23}
{"ts": "2026-09-23T03:55:30.689247+00:00", "trace_id": null, "stage": "fuse", "event": "finish", "duration_ms": 0.061, "candidates_in": 23, "candidates_out": 18, "top_score": 0.032266458495966696}
{"ts": "2026-09-23T03:55:30.692642+00:00", "trace_id": null, "stage": "gate", "event": "start", "candidates_in": 5}
{"ts": "2026-09-23T03:55:30.692708+00:00", "trace_id": null, "stage": "gate", "event": "finish", "duration_ms": 0.066, "candidates_in": 5, "candidates_out": 5, "top_score": 0.05239415322580645}
{"ts": "2026-09-23T03:55:30.692738+00:00", "trace_id": null, "stage": "embed_query", "event": "start", "model": "Qwen/Qwen3-Embedding-0.6B"}
{"ts": "2026-09-23T03:55:30.715139+00:00", "trace_id": null, "stage": "embed_query", "event": "finish", "duration_ms": 22.398, "model": "Qwen/Qwen3-Embedding-0.6B"}
{"ts": "2026-09-23T03:55:30.715183+00:00", "trace_id": null, "stage": "dense", "event": "start"}
{"ts": "2026-09-23T03:55:30.715384+00:00", "trace_id": null, "stage": "dense", "event": "finish", "duration_ms": 0.201, "candidates_out": 20}
{"ts": "2026-09-23T03:55:30.715410+00:00", "trace_id": null, "stage": "lexical", "event": "start"}
{"ts": "2026-09-23T03:55:30.715672+00:00", "trace_id": null, "stage": "lexical", "event": "finish", "duration_ms": 0.263, "candidates_out": 20}
{"ts": "2026-09-23T03:55:30.715700+00:00", "trace_id": null, "stage": "fuse", "event": "start", "candidates_in": 31}
{"ts": "2026-09-23T03:55:30.715757+00:00", "trace_id": null, "stage": "fuse", "event": "finish", "duration_ms": 0.056, "candidates_in": 31, "candidates_out": 22, "top_score": 0.03177805800756621}
{"ts": "2026-09-23T03:55:30.720240+00:00", "trace_id": null, "stage": "gate", "event": "start", "candidates_in": 5}
{"ts": "2026-09-23T03:55:30.720297+00:00", "trace_id": null, "stage": "gate", "event": "finish", "duration_ms": 0.057, "candidates_in": 5, "candidates_out": 5, "top_score": 0.030834914611005692}
{"ts": "2026-09-23T03:55:30.720322+00:00", "trace_id": null, "stage": "embed_query", "event": "start", "model": "Qwen/Qwen3-Embedding-0.6B"}
{"ts": "2026-09-23T03:55:30.744073+00:00", "trace_id": null, "stage": "embed_query", "event": "finish", "duration_ms": 23.748, "model": "Qwen/Qwen3-Embedding-0.6B"}
{"ts": "2026-09-23T03:55:30.744111+00:00", "trace_id": null, "stage": "dense", "event": "start"}
{"ts": "2026-09-23T03:55:30.744300+00:00", "trace_id": null, "stage": "dense", "event": "finish", "duration_ms": 0.189, "candidates_out": 20}
{"ts": "2026-09-23T03:55:30.744318+00:00", "trace_id": null, "stage": "lexical", "event": "start"}
{"ts": "2026-09-23T03:55:30.744570+00:00", "trace_id": null, "stage": "lexical", "event": "finish", "duration_ms": 0.252, "candidates_out": 20}
{"ts": "2026-09-23T03:55:30.744597+00:00", "trace_id": null, "stage": "fuse", "event": "start", "candidates_in": 34}
{"ts": "2026-09-23T03:55:30.744667+00:00", "trace_id": null, "stage": "fuse", "event": "finish", "duration_ms": 0.07, "candidates_in": 34, "candidates_out": 24, "top_score": 0.03252247488101534}
{"ts": "2026-09-23T03:55:30.749653+00:00", "trace_id": null, "stage": "gate", "event": "start", "candidates_in": 5}
{"ts": "2026-09-23T03:55:30.749710+00:00", "trace_id": null, "stage": "gate", "event": "finish", "duration_ms": 0.057, "candidates_in": 5, "candidates_out": 5, "top_score": 0.05239415322580645}
{"ts": "2026-09-23T03:55:30.749736+00:00", "trace_id": null, "stage": "embed_query", "event": "start", "model": "Qwen/Qwen3-Embedding-0.6B"}
{"ts": "2026-09-23T03:55:30.771592+00:00", "trace_id": null, "stage": "embed_query", "event": "finish", "duration_ms": 21.854, "model": "Qwen/Qwen3-Embedding-0.6B"}
{"ts": "2026-09-23T03:55:30.771626+00:00", "trace_id": null, "stage": "dense", "event": "start"}
{"ts": "2026-09-23T03:55:30.771801+00:00", "trace_id": null, "stage": "dense", "event": "finish", "duration_ms": 0.175, "candidates_out": 20}
{"ts": "2026-09-23T03:55:30.771816+00:00", "trace_id": null, "stage": "lexical", "event": "start"}
{"ts": "2026-09-23T03:55:30.772037+00:00", "trace_id": null, "stage": "lexical", "event": "finish", "duration_ms": 0.222, "candidates_out": 20}
{"ts": "2026-09-23T03:55:30.772061+00:00", "trace_id": null, "stage": "fuse", "event": "start", "candidates_in": 32}
{"ts": "2026-09-23T03:55:30.772122+00:00", "trace_id": null, "stage": "fuse", "event": "finish", "duration_ms": 0.061, "candidates_in": 32, "candidates_out": 25, "top_score": 0.03252247488101534}
{"ts": "2026-09-23T03:55:30.776669+00:00", "trace_id": null, "stage": "gate", "event": "start", "candidates_in": 5}
{"ts": "2026-09-23T03:55:30.776730+00:00", "trace_id": null, "stage": "gate", "event": "finish", "duration_ms": 0.061, "candidates_in": 5, "candidates_out": 5, "top_score": 0.05854045478582761}
{"ts": "2026-09-23T03:55:30.776761+00:00", "trace_id": null, "stage": "embed_query", "event": "start", "model": "Qwen/Qwen3-Embedding-0.6B"}
{"ts": "2026-09-23T03:55:30.800035+00:00", "trace_id": null, "stage": "embed_query", "event": "finish", "duration_ms": 23.272, "model": "Qwen/Qwen3-Embedding-0.6B"}
{"ts": "2026-09-23T03:55:30.800068+00:00", "trace_id": null, "stage": "dense", "event": "start"}
{"ts": "2026-09-23T03:55:30.800248+00:00", "trace_id": null, "stage": "dense", "event": "finish", "duration_ms": 0.179, "candidates_out": 20}
{"ts": "2026-09-23T03:55:30.800263+00:00", "trace_id": null, "stage": "lexical", "event": "start"}
{"ts": "2026-09-23T03:55:30.800528+00:00", "trace_id": null, "stage": "lexical", "event": "finish", "duration_ms": 0.264, "candidates_out": 20}
{"ts": "2026-09-23T03:55:30.800553+00:00", "trace_id": null, "stage": "fuse", "event": "start", "candidates_in": 30}
{"ts": "2026-09-23T03:55:30.800629+00:00", "trace_id": null, "stage": "fuse", "event": "finish", "duration_ms": 0.075, "candidates_in": 30, "candidates_out": 20, "top_score": 0.03252247488101534}
{"ts": "2026-09-23T03:55:30.803167+00:00", "trace_id": null, "stage": "gate", "event": "start", "candidates_in": 5}
{"ts": "2026-09-23T03:55:30.803224+00:00", "trace_id": null, "stage": "gate", "event": "finish", "duration_ms": 0.057, "candidates_in": 5, "candidates_out": 5, "top_score": 0.09209855769230768}
{"ts": "2026-09-23T03:55:30.803249+00:00", "trace_id": null, "stage": "embed_query", "event": "start", "model": "Qwen/Qwen3-Embedding-0.6B"}
{"ts": "2026-09-23T03:55:30.826834+00:00", "trace_id": null, "stage": "embed_query", "event": "finish", "duration_ms": 23.581, "model": "Qwen/Qwen3-Embedding-0.6B"}
{"ts": "2026-09-23T03:55:30.826882+00:00", "trace_id": null, "stage": "dense", "event": "start"}
{"ts": "2026-09-23T03:55:30.827094+00:00", "trace_id": null, "stage": "dense", "event": "finish", "duration_ms": 0.212, "candidates_out": 20}
{"ts": "2026-09-23T03:55:30.827114+00:00", "trace_id": null, "stage": "lexical", "event": "start"}
{"ts": "2026-09-23T03:55:30.827440+00:00", "trace_id": null, "stage": "lexical", "event": "finish", "duration_ms": 0.325, "candidates_out": 20}
{"ts": "2026-09-23T03:55:30.827470+00:00", "trace_id": null, "stage": "fuse", "event": "start", "candidates_in": 30}
{"ts": "2026-09-23T03:55:30.827533+00:00", "trace_id": null, "stage": "fuse", "event": "finish", "duration_ms": 0.064, "candidates_in": 30, "candidates_out": 21, "top_score": 0.03131881575727918}
{"ts": "2026-09-23T03:55:30.831720+00:00", "trace_id": null, "stage": "gate", "event": "start", "candidates_in": 5}
{"ts": "2026-09-23T03:55:30.831781+00:00", "trace_id": null, "stage": "gate", "event": "finish", "duration_ms": 0.061, "candidates_in": 5, "candidates_out": 5, "top_score": 0.08142892096892586}
{"ts": "2026-09-23T03:55:30.831815+00:00", "trace_id": null, "stage": "embed_query", "event": "start", "model": "Qwen/Qwen3-Embedding-0.6B"}
{"ts": "2026-09-23T03:55:30.854261+00:00", "trace_id": null, "stage": "embed_query", "event": "finish", "duration_ms": 22.445, "model": "Qwen/Qwen3-Embedding-0.6B"}
{"ts": "2026-09-23T03:55:30.854293+00:00", "trace_id": null, "stage": "dense", "event": "start"}
{"ts": "2026-09-23T03:55:30.854467+00:00", "trace_id": null, "stage": "dense", "event": "finish", "duration_ms": 0.174, "candidates_out": 20}
{"ts": "2026-09-23T03:55:30.854483+00:00", "trace_id": null, "stage": "lexical", "event": "start"}
{"ts": "2026-09-23T03:55:30.854732+00:00", "trace_id": null, "stage": "lexical", "event": "finish", "duration_ms": 0.25, "candidates_out": 20}
{"ts": "2026-09-23T03:55:30.854757+00:00", "trace_id": null, "stage": "fuse", "event": "start", "candidates_in": 30}
{"ts": "2026-09-23T03:55:30.854813+00:00", "trace_id": null, "stage": "fuse", "event": "finish", "duration_ms": 0.056, "candidates_in": 30, "candidates_out": 24, "top_score": 0.032018442622950824}
{"ts": "2026-09-23T03:55:30.859019+00:00", "trace_id": null, "stage": "gate", "event": "start", "candidates_in": 5}
{"ts": "2026-09-23T03:55:30.859081+00:00", "trace_id": null, "stage": "gate", "event": "finish", "duration_ms": 0.062, "candidates_in": 5, "candidates_out": 5, "top_score": 0.16009221311475413}
{"ts": "2026-09-23T03:55:30.859110+00:00", "trace_id": null, "stage": "embed_query", "event": "start", "model": "Qwen/Qwen3-Embedding-0.6B"}
{"ts": "2026-09-23T03:55:30.886547+00:00", "trace_id": null, "stage": "embed_query", "event": "finish", "duration_ms": 27.435, "model": "Qwen/Qwen3-Embedding-0.6B"}
{"ts": "2026-09-23T03:55:30.886587+00:00", "trace_id": null, "stage": "dense", "event": "start"}
{"ts": "2026-09-23T03:55:30.886781+00:00", "trace_id": null, "stage": "dense", "event": "finish", "duration_ms": 0.193, "candidates_out": 20}
{"ts": "2026-09-23T03:55:30.886798+00:00", "trace_id": null, "stage": "lexical", "event": "start"}
{"ts": "2026-09-23T03:55:30.887035+00:00", "trace_id": null, "stage": "lexical", "event": "finish", "duration_ms": 0.238, "candidates_out": 19}
{"ts": "2026-09-23T03:55:30.887061+00:00", "trace_id": null, "stage": "fuse", "event": "start", "candidates_in": 33}
{"ts": "2026-09-23T03:55:30.887142+00:00", "trace_id": null, "stage": "fuse", "event": "finish", "duration_ms": 0.081, "candidates_in": 33, "candidates_out": 29, "top_score": 0.03278688524590164}
{"ts": "2026-09-23T03:55:30.896035+00:00", "trace_id": null, "stage": "gate", "event": "start", "candidates_in": 5}
{"ts": "2026-09-23T03:55:30.896106+00:00", "trace_id": null, "stage": "gate", "event": "finish", "duration_ms": 0.071, "candidates_in": 5, "candidates_out": 5, "top_score": 0.11147540983606559}
{"ts": "2026-09-23T03:55:30.896139+00:00", "trace_id": null, "stage": "embed_query", "event": "start", "model": "Qwen/Qwen3-Embedding-0.6B"}
{"ts": "2026-09-23T03:55:30.919880+00:00", "trace_id": null, "stage": "embed_query", "event": "finish", "duration_ms": 23.739, "model": "Qwen/Qwen3-Embedding-0.6B"}
{"ts": "2026-09-23T03:55:30.919919+00:00", "trace_id": null, "stage": "dense", "event": "start"}
{"ts": "2026-09-23T03:55:30.920119+00:00", "trace_id": null, "stage": "dense", "event": "finish", "duration_ms": 0.2, "candidates_out": 20}
{"ts": "2026-09-23T03:55:30.920135+00:00", "trace_id": null, "stage": "lexical", "event": "start"}
{"ts": "2026-09-23T03:55:30.920438+00:00", "trace_id": null, "stage": "lexical", "event": "finish", "duration_ms": 0.302, "candidates_out": 20}
{"ts": "2026-09-23T03:55:30.920470+00:00", "trace_id": null, "stage": "fuse", "event": "start", "candidates_in": 34}
{"ts": "2026-09-23T03:55:30.920527+00:00", "trace_id": null, "stage": "fuse", "event": "finish", "duration_ms": 0.057, "candidates_in": 34, "candidates_out": 25, "top_score": 0.032266458495966696}
{"ts": "2026-09-23T03:55:30.926306+00:00", "trace_id": null, "stage": "gate", "event": "start", "candidates_in": 5}
{"ts": "2026-09-23T03:55:30.926367+00:00", "trace_id": null, "stage": "gate", "event": "finish", "duration_ms": 0.061, "candidates_in": 5, "candidates_out": 5, "top_score": 0.03200204813108039}
{"ts": "2026-09-23T03:55:30.926405+00:00", "trace_id": null, "stage": "embed_query", "event": "start", "model": "Qwen/Qwen3-Embedding-0.6B"}
{"ts": "2026-09-23T03:55:30.949469+00:00", "trace_id": null, "stage": "embed_query", "event": "finish", "duration_ms": 23.062, "model": "Qwen/Qwen3-Embedding-0.6B"}
{"ts": "2026-09-23T03:55:30.949507+00:00", "trace_id": null, "stage": "dense", "event": "start"}
{"ts": "2026-09-23T03:55:30.949694+00:00", "trace_id": null, "stage": "dense", "event": "finish", "duration_ms": 0.187, "candidates_out": 20}
{"ts": "2026-09-23T03:55:30.949711+00:00", "trace_id": null, "stage": "lexical", "event": "start"}
{"ts": "2026-09-23T03:55:30.950043+00:00", "trace_id": null, "stage": "lexical", "event": "finish", "duration_ms": 0.332, "candidates_out": 20}
{"ts": "2026-09-23T03:55:30.950068+00:00", "trace_id": null, "stage": "fuse", "event": "start", "candidates_in": 33}
{"ts": "2026-09-23T03:55:30.950132+00:00", "trace_id": null, "stage": "fuse", "event": "finish", "duration_ms": 0.064, "candidates_in": 33, "candidates_out": 23, "top_score": 0.03252247488101534}
{"ts": "2026-09-23T03:55:30.955889+00:00", "trace_id": null, "stage": "gate", "event": "start", "candidates_in": 5}
{"ts": "2026-09-23T03:55:30.955951+00:00", "trace_id": null, "stage": "gate", "event": "finish", "duration_ms": 0.062, "candidates_in": 5, "candidates_out": 5, "top_score": 0.05854045478582761}
{"ts": "2026-09-23T03:55:30.955984+00:00", "trace_id": null, "stage": "embed_query", "event": "start", "model": "Qwen/Qwen3-Embedding-0.6B"}
{"ts": "2026-09-23T03:55:30.983138+00:00", "trace_id": null, "stage": "embed_query", "event": "finish", "duration_ms": 27.151, "model": "Qwen/Qwen3-Embedding-0.6B"}
{"ts": "2026-09-23T03:55:30.983179+00:00", "trace_id": null, "stage": "dense", "event": "start"}
{"ts": "2026-09-23T03:55:30.983367+00:00", "trace_id": null, "stage": "dense", "event": "finish", "duration_ms": 0.189, "candidates_out": 20}
{"ts": "2026-09-23T03:55:30.983384+00:00", "trace_id": null, "stage": "lexical", "event": "start"}
{"ts": "2026-09-23T03:55:30.983632+00:00", "trace_id": null, "stage": "lexical", "event": "finish", "duration_ms": 0.248, "candidates_out": 20}
{"ts": "2026-09-23T03:55:30.983655+00:00", "trace_id": null, "stage": "fuse", "event": "start", "candidates_in": 31}
{"ts": "2026-09-23T03:55:30.983721+00:00", "trace_id": null, "stage": "fuse", "event": "finish", "duration_ms": 0.066, "candidates_in": 31, "candidates_out": 18, "top_score": 0.03278688524590164}
{"ts": "2026-09-23T03:55:30.986824+00:00", "trace_id": null, "stage": "gate", "event": "start", "candidates_in": 5}
{"ts": "2026-09-23T03:55:30.986884+00:00", "trace_id": null, "stage": "gate", "event": "finish", "duration_ms": 0.059, "candidates_in": 5, "candidates_out": 5, "top_score": 0.05901639344262295}
{"ts": "2026-09-23T03:55:30.986911+00:00", "trace_id": null, "stage": "embed_query", "event": "start", "model": "Qwen/Qwen3-Embedding-0.6B"}
{"ts": "2026-09-23T03:55:31.010444+00:00", "trace_id": null, "stage": "embed_query", "event": "finish", "duration_ms": 23.53, "model": "Qwen/Qwen3-Embedding-0.6B"}
{"ts": "2026-09-23T03:55:31.010481+00:00", "trace_id": null, "stage": "dense", "event": "start"}
{"ts": "2026-09-23T03:55:31.010671+00:00", "trace_id": null, "stage": "dense", "event": "finish", "duration_ms": 0.19, "candidates_out": 20}
{"ts": "2026-09-23T03:55:31.010687+00:00", "trace_id": null, "stage": "lexical", "event": "start"}
{"ts": "2026-09-23T03:55:31.010958+00:00", "trace_id": null, "stage": "lexical", "event": "finish", "duration_ms": 0.271, "candidates_out": 20}
{"ts": "2026-09-23T03:55:31.010985+00:00", "trace_id": null, "stage": "fuse", "event": "start", "candidates_in": 28}
{"ts": "2026-09-23T03:55:31.011046+00:00", "trace_id": null, "stage": "fuse", "event": "finish", "duration_ms": 0.061, "candidates_in": 28, "candidates_out": 19, "top_score": 0.03278688524590164}
{"ts": "2026-09-23T03:55:31.015958+00:00", "trace_id": null, "stage": "gate", "event": "start", "candidates_in": 5}
{"ts": "2026-09-23T03:55:31.016017+00:00", "trace_id": null, "stage": "gate", "event": "finish", "duration_ms": 0.059, "candidates_in": 5, "candidates_out": 5, "top_score": 0.04545608108108108}
{"ts": "2026-09-23T03:55:31.016045+00:00", "trace_id": null, "stage": "embed_query", "event": "start", "model": "Qwen/Qwen3-Embedding-0.6B"}
{"ts": "2026-09-23T03:55:31.043950+00:00", "trace_id": null, "stage": "embed_query", "event": "finish", "duration_ms": 27.902, "model": "Qwen/Qwen3-Embedding-0.6B"}
{"ts": "2026-09-23T03:55:31.043987+00:00", "trace_id": null, "stage": "dense", "event": "start"}
{"ts": "2026-09-23T03:55:31.044175+00:00", "trace_id": null, "stage": "dense", "event": "finish", "duration_ms": 0.189, "candidates_out": 20}
{"ts": "2026-09-23T03:55:31.044192+00:00", "trace_id": null, "stage": "lexical", "event": "start"}
{"ts": "2026-09-23T03:55:31.044517+00:00", "trace_id": null, "stage": "lexical", "event": "finish", "duration_ms": 0.325, "candidates_out": 20}
{"ts": "2026-09-23T03:55:31.044549+00:00", "trace_id": null, "stage": "fuse", "event": "start", "candidates_in": 34}
{"ts": "2026-09-23T03:55:31.044614+00:00", "trace_id": null, "stage": "fuse", "event": "finish", "duration_ms": 0.065, "candidates_in": 34, "candidates_out": 23, "top_score": 0.032266458495966696}
{"ts": "2026-09-23T03:55:31.052323+00:00", "trace_id": null, "stage": "gate", "event": "start", "candidates_in": 5}
{"ts": "2026-09-23T03:55:31.052384+00:00", "trace_id": null, "stage": "gate", "event": "finish", "duration_ms": 0.061, "candidates_in": 5, "candidates_out": 5, "top_score": 0.055119214586255266}
{"ts": "2026-09-23T03:55:31.052411+00:00", "trace_id": null, "stage": "embed_query", "event": "start", "model": "Qwen/Qwen3-Embedding-0.6B"}
{"ts": "2026-09-23T03:55:31.080134+00:00", "trace_id": null, "stage": "embed_query", "event": "finish", "duration_ms": 27.721, "model": "Qwen/Qwen3-Embedding-0.6B"}
{"ts": "2026-09-23T03:55:31.080173+00:00", "trace_id": null, "stage": "dense", "event": "start"}
{"ts": "2026-09-23T03:55:31.080368+00:00", "trace_id": null, "stage": "dense", "event": "finish", "duration_ms": 0.195, "candidates_out": 20}
{"ts": "2026-09-23T03:55:31.080384+00:00", "trace_id": null, "stage": "lexical", "event": "start"}
{"ts": "2026-09-23T03:55:31.080695+00:00", "trace_id": null, "stage": "lexical", "event": "finish", "duration_ms": 0.311, "candidates_out": 20}
{"ts": "2026-09-23T03:55:31.080722+00:00", "trace_id": null, "stage": "fuse", "event": "start", "candidates_in": 30}
{"ts": "2026-09-23T03:55:31.080778+00:00", "trace_id": null, "stage": "fuse", "event": "finish", "duration_ms": 0.056, "candidates_in": 30, "candidates_out": 21, "top_score": 0.03252247488101534}
{"ts": "2026-09-23T03:55:31.085981+00:00", "trace_id": null, "stage": "gate", "event": "start", "candidates_in": 5}
{"ts": "2026-09-23T03:55:31.086042+00:00", "trace_id": null, "stage": "gate", "event": "finish", "duration_ms": 0.061, "candidates_in": 5, "candidates_out": 5, "top_score": 0.08455843469063988}
{"ts": "2026-09-23T03:55:31.086066+00:00", "trace_id": null, "stage": "embed_query", "event": "start", "model": "Qwen/Qwen3-Embedding-0.6B"}
{"ts": "2026-09-23T03:55:31.113617+00:00", "trace_id": null, "stage": "embed_query", "event": "finish", "duration_ms": 27.549, "model": "Qwen/Qwen3-Embedding-0.6B"}
{"ts": "2026-09-23T03:55:31.113653+00:00", "trace_id": null, "stage": "dense", "event": "start"}
{"ts": "2026-09-23T03:55:31.113829+00:00", "trace_id": null, "stage": "dense", "event": "finish", "duration_ms": 0.177, "candidates_out": 20}
{"ts": "2026-09-23T03:55:31.113845+00:00", "trace_id": null, "stage": "lexical", "event": "start"}
{"ts": "2026-09-23T03:55:31.114145+00:00", "trace_id": null, "stage": "lexical", "event": "finish", "duration_ms": 0.301, "candidates_out": 20}
{"ts": "2026-09-23T03:55:31.114170+00:00", "trace_id": null, "stage": "fuse", "event": "start", "candidates_in": 32}
{"ts": "2026-09-23T03:55:31.114230+00:00", "trace_id": null, "stage": "fuse", "event": "finish", "duration_ms": 0.06, "candidates_in": 32, "candidates_out": 22, "top_score": 0.03278688524590164}
{"ts": "2026-09-23T03:55:31.120620+00:00", "trace_id": null, "stage": "gate", "event": "start", "candidates_in": 5}
{"ts": "2026-09-23T03:55:31.120698+00:00", "trace_id": null, "stage": "gate", "event": "finish", "duration_ms": 0.078, "candidates_in": 5, "candidates_out": 5, "top_score": 0.09737704918032787}
{"ts": "2026-09-23T03:55:31.120724+00:00", "trace_id": null, "stage": "embed_query", "event": "start", "model": "Qwen/Qwen3-Embedding-0.6B"}
{"ts": "2026-09-23T03:55:31.147492+00:00", "trace_id": null, "stage": "embed_query", "event": "finish", "duration_ms": 26.765, "model": "Qwen/Qwen3-Embedding-0.6B"}
{"ts": "2026-09-23T03:55:31.147532+00:00", "trace_id": null, "stage": "dense", "event": "start"}
{"ts": "2026-09-23T03:55:31.147724+00:00", "trace_id": null, "stage": "dense", "event": "finish", "duration_ms": 0.193, "candidates_out": 20}
{"ts": "2026-09-23T03:55:31.147741+00:00", "trace_id": null, "stage": "lexical", "event": "start"}
{"ts": "2026-09-23T03:55:31.148031+00:00", "trace_id": null, "stage": "lexical", "event": "finish", "duration_ms": 0.29, "candidates_out": 20}
{"ts": "2026-09-23T03:55:31.148057+00:00", "trace_id": null, "stage": "fuse", "event": "start", "candidates_in": 34}
{"ts": "2026-09-23T03:55:31.148123+00:00", "trace_id": null, "stage": "fuse", "event": "finish", "duration_ms": 0.066, "candidates_in": 34, "candidates_out": 27, "top_score": 0.03278688524590164}
{"ts": "2026-09-23T03:55:31.155273+00:00", "trace_id": null, "stage": "gate", "event": "start", "candidates_in": 5}
{"ts": "2026-09-23T03:55:31.155337+00:00", "trace_id": null, "stage": "gate", "event": "finish", "duration_ms": 0.065, "candidates_in": 5, "candidates_out": 5, "top_score": 0.2401967213114754}
{"ts": "2026-09-23T03:55:31.155374+00:00", "trace_id": null, "stage": "embed_query", "event": "start", "model": "Qwen/Qwen3-Embedding-0.6B"}
{"ts": "2026-09-23T03:55:31.178992+00:00", "trace_id": null, "stage": "embed_query", "event": "finish", "duration_ms": 23.616, "model": "Qwen/Qwen3-Embedding-0.6B"}
{"ts": "2026-09-23T03:55:31.179030+00:00", "trace_id": null, "stage": "dense", "event": "start"}
{"ts": "2026-09-23T03:55:31.179207+00:00", "trace_id": null, "stage": "dense", "event": "finish", "duration_ms": 0.177, "candidates_out": 20}
{"ts": "2026-09-23T03:55:31.179223+00:00", "trace_id": null, "stage": "lexical", "event": "start"}
{"ts": "2026-09-23T03:55:31.179503+00:00", "trace_id": null, "stage": "lexical", "event": "finish", "duration_ms": 0.279, "candidates_out": 20}
{"ts": "2026-09-23T03:55:31.179527+00:00", "trace_id": null, "stage": "fuse", "event": "start", "candidates_in": 34}
{"ts": "2026-09-23T03:55:31.179590+00:00", "trace_id": null, "stage": "fuse", "event": "finish", "duration_ms": 0.063, "candidates_in": 34, "candidates_out": 20, "top_score": 0.03278688524590164}
{"ts": "2026-09-23T03:55:31.185024+00:00", "trace_id": null, "stage": "gate", "event": "start", "candidates_in": 5}
{"ts": "2026-09-23T03:55:31.185083+00:00", "trace_id": null, "stage": "gate", "event": "finish", "duration_ms": 0.058, "candidates_in": 5, "candidates_out": 5, "top_score": 0.09737704918032787}
{"ts": "2026-09-23T03:55:31.185109+00:00", "trace_id": null, "stage": "embed_query", "event": "start", "model": "Qwen/Qwen3-Embedding-0.6B"}
{"ts": "2026-09-23T03:55:31.209000+00:00", "trace_id": null, "stage": "embed_query", "event": "finish", "duration_ms": 23.89, "model": "Qwen/Qwen3-Embedding-0.6B"}
{"ts": "2026-09-23T03:55:31.209039+00:00", "trace_id": null, "stage": "dense", "event": "start"}
{"ts": "2026-09-23T03:55:31.209225+00:00", "trace_id": null, "stage": "dense", "event": "finish", "duration_ms": 0.187, "candidates_out": 20}
{"ts": "2026-09-23T03:55:31.209242+00:00", "trace_id": null, "stage": "lexical", "event": "start"}
{"ts": "2026-09-23T03:55:31.209524+00:00", "trace_id": null, "stage": "lexical", "event": "finish", "duration_ms": 0.281, "candidates_out": 20}
{"ts": "2026-09-23T03:55:31.209549+00:00", "trace_id": null, "stage": "fuse", "event": "start", "candidates_in": 33}
{"ts": "2026-09-23T03:55:31.209612+00:00", "trace_id": null, "stage": "fuse", "event": "finish", "duration_ms": 0.063, "candidates_in": 33, "candidates_out": 24, "top_score": 0.03278688524590164}
{"ts": "2026-09-23T03:55:31.215153+00:00", "trace_id": null, "stage": "gate", "event": "start", "candidates_in": 5}
{"ts": "2026-09-23T03:55:31.215214+00:00", "trace_id": null, "stage": "gate", "event": "finish", "duration_ms": 0.061, "candidates_in": 5, "candidates_out": 5, "top_score": 0.03278688524590164}
{"ts": "2026-09-23T03:55:31.215241+00:00", "trace_id": null, "stage": "embed_query", "event": "start", "model": "Qwen/Qwen3-Embedding-0.6B"}
{"ts": "2026-09-23T03:55:31.239257+00:00", "trace_id": null, "stage": "embed_query", "event": "finish", "duration_ms": 24.014, "model": "Qwen/Qwen3-Embedding-0.6B"}
{"ts": "2026-09-23T03:55:31.239292+00:00", "trace_id": null, "stage": "dense", "event": "start"}
{"ts": "2026-09-23T03:55:31.239477+00:00", "trace_id": null, "stage": "dense", "event": "finish", "duration_ms": 0.185, "candidates_out": 20}
{"ts": "2026-09-23T03:55:31.239492+00:00", "trace_id": null, "stage": "lexical", "event": "start"}
{"ts": "2026-09-23T03:55:31.239817+00:00", "trace_id": null, "stage": "lexical", "event": "finish", "duration_ms": 0.324, "candidates_out": 20}
{"ts": "2026-09-23T03:55:31.239837+00:00", "trace_id": null, "stage": "fuse", "event": "start", "candidates_in": 33}
{"ts": "2026-09-23T03:55:31.239948+00:00", "trace_id": null, "stage": "fuse", "event": "finish", "duration_ms": 0.109, "candidates_in": 33, "candidates_out": 24, "top_score": 0.03278688524590164}
{"ts": "2026-09-23T03:55:31.246885+00:00", "trace_id": null, "stage": "gate", "event": "start", "candidates_in": 5}
{"ts": "2026-09-23T03:55:31.246951+00:00", "trace_id": null, "stage": "gate", "event": "finish", "duration_ms": 0.067, "candidates_in": 5, "candidates_out": 5, "top_score": 0.08387096774193549}
{"ts": "2026-09-23T03:55:31.246988+00:00", "trace_id": null, "stage": "embed_query", "event": "start", "model": "Qwen/Qwen3-Embedding-0.6B"}
{"ts": "2026-09-23T03:55:31.247030+00:00", "trace_id": null, "stage": "embed_query", "event": "finish", "duration_ms": 0.042, "model": "Qwen/Qwen3-Embedding-0.6B"}
{"ts": "2026-09-23T03:55:31.247045+00:00", "trace_id": null, "stage": "dense", "event": "start"}
{"ts": "2026-09-23T03:55:31.247215+00:00", "trace_id": null, "stage": "dense", "event": "finish", "duration_ms": 0.17, "candidates_out": 20}
{"ts": "2026-09-23T03:55:31.247239+00:00", "trace_id": null, "stage": "lexical", "event": "start"}
{"ts": "2026-09-23T03:55:31.247444+00:00", "trace_id": null, "stage": "lexical", "event": "finish", "duration_ms": 0.206, "candidates_out": 20}
{"ts": "2026-09-23T03:55:31.247469+00:00", "trace_id": null, "stage": "fuse", "event": "start", "candidates_in": 31}
{"ts": "2026-09-23T03:55:31.247520+00:00", "trace_id": null, "stage": "fuse", "event": "finish", "duration_ms": 0.052, "candidates_in": 31, "candidates_out": 19, "top_score": 0.03278688524590164}
{"ts": "2026-09-23T03:55:31.251289+00:00", "trace_id": null, "stage": "gate", "event": "start", "candidates_in": 5}
{"ts": "2026-09-23T03:55:31.251341+00:00", "trace_id": null, "stage": "gate", "event": "finish", "duration_ms": 0.052, "candidates_in": 5, "candidates_out": 5, "top_score": 0.05901639344262295}
{"ts": "2026-09-23T03:55:31.251367+00:00", "trace_id": null, "stage": "embed_query", "event": "start", "model": "Qwen/Qwen3-Embedding-0.6B"}
{"ts": "2026-09-23T03:55:31.273494+00:00", "trace_id": null, "stage": "embed_query", "event": "finish", "duration_ms": 22.125, "model": "Qwen/Qwen3-Embedding-0.6B"}
{"ts": "2026-09-23T03:55:31.273535+00:00", "trace_id": null, "stage": "dense", "event": "start"}
{"ts": "2026-09-23T03:55:31.273713+00:00", "trace_id": null, "stage": "dense", "event": "finish", "duration_ms": 0.178, "candidates_out": 20}
{"ts": "2026-09-23T03:55:31.273728+00:00", "trace_id": null, "stage": "lexical", "event": "start"}
{"ts": "2026-09-23T03:55:31.273950+00:00", "trace_id": null, "stage": "lexical", "event": "finish", "duration_ms": 0.222, "candidates_out": 20}
{"ts": "2026-09-23T03:55:31.273975+00:00", "trace_id": null, "stage": "fuse", "event": "start", "candidates_in": 33}
{"ts": "2026-09-23T03:55:31.274034+00:00", "trace_id": null, "stage": "fuse", "event": "finish", "duration_ms": 0.059, "candidates_in": 33, "candidates_out": 19, "top_score": 0.03252247488101534}
{"ts": "2026-09-23T03:55:31.276859+00:00", "trace_id": null, "stage": "gate", "event": "start", "candidates_in": 5}
{"ts": "2026-09-23T03:55:31.276917+00:00", "trace_id": null, "stage": "gate", "event": "finish", "duration_ms": 0.059, "candidates_in": 5, "candidates_out": 5, "top_score": 0.055817307692307694}
{"ts": "2026-09-23T03:55:31.276947+00:00", "trace_id": null, "stage": "embed_query", "event": "start", "model": "Qwen/Qwen3-Embedding-0.6B"}
{"ts": "2026-09-23T03:55:31.304749+00:00", "trace_id": null, "stage": "embed_query", "event": "finish", "duration_ms": 27.8, "model": "Qwen/Qwen3-Embedding-0.6B"}
{"ts": "2026-09-23T03:55:31.304791+00:00", "trace_id": null, "stage": "dense", "event": "start"}
{"ts": "2026-09-23T03:55:31.304988+00:00", "trace_id": null, "stage": "dense", "event": "finish", "duration_ms": 0.197, "candidates_out": 20}
{"ts": "2026-09-23T03:55:31.305005+00:00", "trace_id": null, "stage": "lexical", "event": "start"}
{"ts": "2026-09-23T03:55:31.305283+00:00", "trace_id": null, "stage": "lexical", "event": "finish", "duration_ms": 0.278, "candidates_out": 20}
{"ts": "2026-09-23T03:55:31.305309+00:00", "trace_id": null, "stage": "fuse", "event": "start", "candidates_in": 32}
{"ts": "2026-09-23T03:55:31.305362+00:00", "trace_id": null, "stage": "fuse", "event": "finish", "duration_ms": 0.054, "candidates_in": 32, "candidates_out": 24, "top_score": 0.03278688524590164}
{"ts": "2026-09-23T03:55:31.312182+00:00", "trace_id": null, "stage": "gate", "event": "start", "candidates_in": 5}
{"ts": "2026-09-23T03:55:31.312253+00:00", "trace_id": null, "stage": "gate", "event": "finish", "duration_ms": 0.072, "candidates_in": 5, "candidates_out": 5, "top_score": 0.07611111111111112}
{"ts": "2026-09-23T03:55:31.312283+00:00", "trace_id": null, "stage": "embed_query", "event": "start", "model": "Qwen/Qwen3-Embedding-0.6B"}
{"ts": "2026-09-23T03:55:31.340052+00:00", "trace_id": null, "stage": "embed_query", "event": "finish", "duration_ms": 27.765, "model": "Qwen/Qwen3-Embedding-0.6B"}
{"ts": "2026-09-23T03:55:31.340101+00:00", "trace_id": null, "stage": "dense", "event": "start"}
{"ts": "2026-09-23T03:55:31.340297+00:00", "trace_id": null, "stage": "dense", "event": "finish", "duration_ms": 0.196, "candidates_out": 20}
{"ts": "2026-09-23T03:55:31.340315+00:00", "trace_id": null, "stage": "lexical", "event": "start"}
{"ts": "2026-09-23T03:55:31.340591+00:00", "trace_id": null, "stage": "lexical", "event": "finish", "duration_ms": 0.276, "candidates_out": 20}
{"ts": "2026-09-23T03:55:31.340616+00:00", "trace_id": null, "stage": "fuse", "event": "start", "candidates_in": 32}
{"ts": "2026-09-23T03:55:31.340700+00:00", "trace_id": null, "stage": "fuse", "event": "finish", "duration_ms": 0.084, "candidates_in": 32, "candidates_out": 22, "top_score": 0.03278688524590164}
{"ts": "2026-09-23T03:55:31.344362+00:00", "trace_id": null, "stage": "gate", "event": "start", "candidates_in": 5}
{"ts": "2026-09-23T03:55:31.344421+00:00", "trace_id": null, "stage": "gate", "event": "finish", "duration_ms": 0.058, "candidates_in": 5, "candidates_out": 5, "top_score": 0.09073460820895522}
{"ts": "2026-09-23T03:55:31.344447+00:00", "trace_id": null, "stage": "embed_query", "event": "start", "model": "Qwen/Qwen3-Embedding-0.6B"}
{"ts": "2026-09-23T03:55:31.369275+00:00", "trace_id": null, "stage": "embed_query", "event": "finish", "duration_ms": 24.826, "model": "Qwen/Qwen3-Embedding-0.6B"}
{"ts": "2026-09-23T03:55:31.369317+00:00", "trace_id": null, "stage": "dense", "event": "start"}
{"ts": "2026-09-23T03:55:31.369516+00:00", "trace_id": null, "stage": "dense", "event": "finish", "duration_ms": 0.199, "candidates_out": 20}
{"ts": "2026-09-23T03:55:31.369534+00:00", "trace_id": null, "stage": "lexical", "event": "start"}
{"ts": "2026-09-23T03:55:31.369794+00:00", "trace_id": null, "stage": "lexical", "event": "finish", "duration_ms": 0.26, "candidates_out": 20}
{"ts": "2026-09-23T03:55:31.369821+00:00", "trace_id": null, "stage": "fuse", "event": "start", "candidates_in": 34}
{"ts": "2026-09-23T03:55:31.369884+00:00", "trace_id": null, "stage": "fuse", "event": "finish", "duration_ms": 0.063, "candidates_in": 34, "candidates_out": 24, "top_score": 0.03278688524590164}
{"ts": "2026-09-23T03:55:31.375663+00:00", "trace_id": null, "stage": "gate", "event": "start", "candidates_in": 5}
{"ts": "2026-09-23T03:55:31.375736+00:00", "trace_id": null, "stage": "gate", "event": "finish", "duration_ms": 0.073, "candidates_in": 5, "candidates_out": 5, "top_score": 0.09737704918032787}
{"ts": "2026-09-23T03:55:31.375763+00:00", "trace_id": null, "stage": "embed_query", "event": "start", "model": "Qwen/Qwen3-Embedding-0.6B"}
{"ts": "2026-09-23T03:55:31.400371+00:00", "trace_id": null, "stage": "embed_query", "event": "finish", "duration_ms": 24.606, "model": "Qwen/Qwen3-Embedding-0.6B"}
{"ts": "2026-09-23T03:55:31.400411+00:00", "trace_id": null, "stage": "dense", "event": "start"}
{"ts": "2026-09-23T03:55:31.400615+00:00", "trace_id": null, "stage": "dense", "event": "finish", "duration_ms": 0.204, "candidates_out": 20}
{"ts": "2026-09-23T03:55:31.400635+00:00", "trace_id": null, "stage": "lexical", "event": "start"}
{"ts": "2026-09-23T03:55:31.400954+00:00", "trace_id": null, "stage": "lexical", "event": "finish", "duration_ms": 0.318, "candidates_out": 20}
{"ts": "2026-09-23T03:55:31.400982+00:00", "trace_id": null, "stage": "fuse", "event": "start", "candidates_in": 31}
{"ts": "2026-09-23T03:55:31.401045+00:00", "trace_id": null, "stage": "fuse", "event": "finish", "duration_ms": 0.063, "candidates_in": 31, "candidates_out": 22, "top_score": 0.03278688524590164}
{"ts": "2026-09-23T03:55:31.405744+00:00", "trace_id": null, "stage": "gate", "event": "start", "candidates_in": 5}
{"ts": "2026-09-23T03:55:31.405937+00:00", "trace_id": null, "stage": "gate", "event": "finish", "duration_ms": 0.194, "candidates_in": 5, "candidates_out": 5, "top_score": 0.048375}
{"ts": "2026-09-23T03:55:31.405966+00:00", "trace_id": null, "stage": "embed_query", "event": "start", "model": "Qwen/Qwen3-Embedding-0.6B"}
{"ts": "2026-09-23T03:55:31.430213+00:00", "trace_id": null, "stage": "embed_query", "event": "finish", "duration_ms": 24.245, "model": "Qwen/Qwen3-Embedding-0.6B"}
{"ts": "2026-09-23T03:55:31.430251+00:00", "trace_id": null, "stage": "dense", "event": "start"}
{"ts": "2026-09-23T03:55:31.430446+00:00", "trace_id": null, "stage": "dense", "event": "finish", "duration_ms": 0.196, "candidates_out": 20}
{"ts": "2026-09-23T03:55:31.430463+00:00", "trace_id": null, "stage": "lexical", "event": "start"}
{"ts": "2026-09-23T03:55:31.430674+00:00", "trace_id": null, "stage": "lexical", "event": "finish", "duration_ms": 0.211, "candidates_out": 11}
{"ts": "2026-09-23T03:55:31.430697+00:00", "trace_id": null, "stage": "fuse", "event": "start", "candidates_in": 25}
{"ts": "2026-09-23T03:55:31.430759+00:00", "trace_id": null, "stage": "fuse", "event": "finish", "duration_ms": 0.061, "candidates_in": 25, "candidates_out": 19, "top_score": 0.03252247488101534}
{"ts": "2026-09-23T03:55:31.435917+00:00", "trace_id": null, "stage": "gate", "event": "start", "candidates_in": 5}
{"ts": "2026-09-23T03:55:31.435980+00:00", "trace_id": null, "stage": "gate", "event": "finish", "duration_ms": 0.063, "candidates_in": 5, "candidates_out": 5, "top_score": 0.08455843469063988}
{"ts": "2026-09-23T03:55:31.436006+00:00", "trace_id": null, "stage": "embed_query", "event": "start", "model": "Qwen/Qwen3-Embedding-0.6B"}
{"ts": "2026-09-23T03:55:31.459902+00:00", "trace_id": null, "stage": "embed_query", "event": "finish", "duration_ms": 23.894, "model": "Qwen/Qwen3-Embedding-0.6B"}
{"ts": "2026-09-23T03:55:31.459942+00:00", "trace_id": null, "stage": "dense", "event": "start"}
{"ts": "2026-09-23T03:55:31.460126+00:00", "trace_id": null, "stage": "dense", "event": "finish", "duration_ms": 0.184, "candidates_out": 20}
{"ts": "2026-09-23T03:55:31.460143+00:00", "trace_id": null, "stage": "lexical", "event": "start"}
{"ts": "2026-09-23T03:55:31.460394+00:00", "trace_id": null, "stage": "lexical", "event": "finish", "duration_ms": 0.251, "candidates_out": 19}
{"ts": "2026-09-23T03:55:31.460425+00:00", "trace_id": null, "stage": "fuse", "event": "start", "candidates_in": 30}
{"ts": "2026-09-23T03:55:31.460491+00:00", "trace_id": null, "stage": "fuse", "event": "finish", "duration_ms": 0.066, "candidates_in": 30, "candidates_out": 22, "top_score": 0.03278688524590164}
{"ts": "2026-09-23T03:55:31.464163+00:00", "trace_id": null, "stage": "gate", "event": "start", "candidates_in": 5}
{"ts": "2026-09-23T03:55:31.464227+00:00", "trace_id": null, "stage": "gate", "event": "finish", "duration_ms": 0.064, "candidates_in": 5, "candidates_out": 5, "top_score": 0.036571428571428574}
{"ts": "2026-09-23T03:55:31.464258+00:00", "trace_id": null, "stage": "embed_query", "event": "start", "model": "Qwen/Qwen3-Embedding-0.6B"}
{"ts": "2026-09-23T03:55:31.488860+00:00", "trace_id": null, "stage": "embed_query", "event": "finish", "duration_ms": 24.601, "model": "Qwen/Qwen3-Embedding-0.6B"}
{"ts": "2026-09-23T03:55:31.488898+00:00", "trace_id": null, "stage": "dense", "event": "start"}
{"ts": "2026-09-23T03:55:31.489070+00:00", "trace_id": null, "stage": "dense", "event": "finish", "duration_ms": 0.172, "candidates_out": 20}
{"ts": "2026-09-23T03:55:31.489086+00:00", "trace_id": null, "stage": "lexical", "event": "start"}
{"ts": "2026-09-23T03:55:31.489307+00:00", "trace_id": null, "stage": "lexical", "event": "finish", "duration_ms": 0.221, "candidates_out": 16}
{"ts": "2026-09-23T03:55:31.489330+00:00", "trace_id": null, "stage": "fuse", "event": "start", "candidates_in": 28}
{"ts": "2026-09-23T03:55:31.489390+00:00", "trace_id": null, "stage": "fuse", "event": "finish", "duration_ms": 0.06, "candidates_in": 28, "candidates_out": 22, "top_score": 0.03278688524590164}
{"ts": "2026-09-23T03:55:31.493696+00:00", "trace_id": null, "stage": "gate", "event": "start", "candidates_in": 5}
{"ts": "2026-09-23T03:55:31.493772+00:00", "trace_id": null, "stage": "gate", "event": "finish", "duration_ms": 0.075, "candidates_in": 5, "candidates_out": 5, "top_score": 0.08256048387096775}
{"ts": "2026-09-23T03:55:31.493807+00:00", "trace_id": null, "stage": "embed_query", "event": "start", "model": "Qwen/Qwen3-Embedding-0.6B"}
{"ts": "2026-09-23T03:55:31.518020+00:00", "trace_id": null, "stage": "embed_query", "event": "finish", "duration_ms": 24.211, "model": "Qwen/Qwen3-Embedding-0.6B"}
{"ts": "2026-09-23T03:55:31.518077+00:00", "trace_id": null, "stage": "dense", "event": "start"}
{"ts": "2026-09-23T03:55:31.518272+00:00", "trace_id": null, "stage": "dense", "event": "finish", "duration_ms": 0.196, "candidates_out": 20}
{"ts": "2026-09-23T03:55:31.518288+00:00", "trace_id": null, "stage": "lexical", "event": "start"}
{"ts": "2026-09-23T03:55:31.518524+00:00", "trace_id": null, "stage": "lexical", "event": "finish", "duration_ms": 0.236, "candidates_out": 20}
{"ts": "2026-09-23T03:55:31.518548+00:00", "trace_id": null, "stage": "fuse", "event": "start", "candidates_in": 32}
{"ts": "2026-09-23T03:55:31.518608+00:00", "trace_id": null, "stage": "fuse", "event": "finish", "duration_ms": 0.06, "candidates_in": 32, "candidates_out": 20, "top_score": 0.032266458495966696}
{"ts": "2026-09-23T03:55:31.521713+00:00", "trace_id": null, "stage": "gate", "event": "start", "candidates_in": 5}
{"ts": "2026-09-23T03:55:31.521768+00:00", "trace_id": null, "stage": "gate", "event": "finish", "duration_ms": 0.055, "candidates_in": 5, "candidates_out": 5, "top_score": 0.05413839891451832}
{"ts": "2026-09-23T03:55:31.521794+00:00", "trace_id": null, "stage": "embed_query", "event": "start", "model": "Qwen/Qwen3-Embedding-0.6B"}
{"ts": "2026-09-23T03:55:31.550898+00:00", "trace_id": null, "stage": "embed_query", "event": "finish", "duration_ms": 29.1, "model": "Qwen/Qwen3-Embedding-0.6B"}
{"ts": "2026-09-23T03:55:31.550945+00:00", "trace_id": null, "stage": "dense", "event": "start"}
{"ts": "2026-09-23T03:55:31.551154+00:00", "trace_id": null, "stage": "dense", "event": "finish", "duration_ms": 0.208, "candidates_out": 20}
{"ts": "2026-09-23T03:55:31.551173+00:00", "trace_id": null, "stage": "lexical", "event": "start"}
{"ts": "2026-09-23T03:55:31.551459+00:00", "trace_id": null, "stage": "lexical", "event": "finish", "duration_ms": 0.286, "candidates_out": 20}
{"ts": "2026-09-23T03:55:31.551493+00:00", "trace_id": null, "stage": "fuse", "event": "start", "candidates_in": 33}
{"ts": "2026-09-23T03:55:31.551549+00:00", "trace_id": null, "stage": "fuse", "event": "finish", "duration_ms": 0.057, "candidates_in": 33, "candidates_out": 20, "top_score": 0.03278688524590164}
{"ts": "2026-09-23T03:55:31.558454+00:00", "trace_id": null, "stage": "gate", "event": "start", "candidates_in": 5}
{"ts": "2026-09-23T03:55:31.558533+00:00", "trace_id": null, "stage": "gate", "event": "finish", "duration_ms": 0.081, "candidates_in": 5, "candidates_out": 5, "top_score": 0.054098360655737705}
{"ts": "2026-09-23T03:55:31.558566+00:00", "trace_id": null, "stage": "embed_query", "event": "start", "model": "Qwen/Qwen3-Embedding-0.6B"}
{"ts": "2026-09-23T03:55:31.583258+00:00", "trace_id": null, "stage": "embed_query", "event": "finish", "duration_ms": 24.69, "model": "Qwen/Qwen3-Embedding-0.6B"}
{"ts": "2026-09-23T03:55:31.583304+00:00", "trace_id": null, "stage": "dense", "event": "start"}
{"ts": "2026-09-23T03:55:31.583515+00:00", "trace_id": null, "stage": "dense", "event": "finish", "duration_ms": 0.21, "candidates_out": 20}
{"ts": "2026-09-23T03:55:31.583544+00:00", "trace_id": null, "stage": "lexical", "event": "start"}
{"ts": "2026-09-23T03:55:31.583852+00:00", "trace_id": null, "stage": "lexical", "event": "finish", "duration_ms": 0.307, "candidates_out": 20}
{"ts": "2026-09-23T03:55:31.583884+00:00", "trace_id": null, "stage": "fuse", "event": "start", "candidates_in": 34}
{"ts": "2026-09-23T03:55:31.583968+00:00", "trace_id": null, "stage": "fuse", "event": "finish", "duration_ms": 0.084, "candidates_in": 34, "candidates_out": 22, "top_score": 0.03278688524590164}
{"ts": "2026-09-23T03:55:31.591505+00:00", "trace_id": null, "stage": "gate", "event": "start", "candidates_in": 5}
{"ts": "2026-09-23T03:55:31.591590+00:00", "trace_id": null, "stage": "gate", "event": "finish", "duration_ms": 0.085, "candidates_in": 5, "candidates_out": 5, "top_score": 0.13519354838709677}
{"ts": "2026-09-23T03:55:31.591625+00:00", "trace_id": null, "stage": "embed_query", "event": "start", "model": "Qwen/Qwen3-Embedding-0.6B"}
{"ts": "2026-09-23T03:55:31.615740+00:00", "trace_id": null, "stage": "embed_query", "event": "finish", "duration_ms": 24.112, "model": "Qwen/Qwen3-Embedding-0.6B"}
{"ts": "2026-09-23T03:55:31.615789+00:00", "trace_id": null, "stage": "dense", "event": "start"}
{"ts": "2026-09-23T03:55:31.615997+00:00", "trace_id": null, "stage": "dense", "event": "finish", "duration_ms": 0.208, "candidates_out": 20}
{"ts": "2026-09-23T03:55:31.616019+00:00", "trace_id": null, "stage": "lexical", "event": "start"}
{"ts": "2026-09-23T03:55:31.616325+00:00", "trace_id": null, "stage": "lexical", "event": "finish", "duration_ms": 0.306, "candidates_out": 20}
{"ts": "2026-09-23T03:55:31.616350+00:00", "trace_id": null, "stage": "fuse", "event": "start", "candidates_in": 34}
{"ts": "2026-09-23T03:55:31.616410+00:00", "trace_id": null, "stage": "fuse", "event": "finish", "duration_ms": 0.059, "candidates_in": 34, "candidates_out": 25, "top_score": 0.03252247488101534}
{"ts": "2026-09-23T03:55:31.624665+00:00", "trace_id": null, "stage": "gate", "event": "start", "candidates_in": 5}
{"ts": "2026-09-23T03:55:31.624746+00:00", "trace_id": null, "stage": "gate", "event": "finish", "duration_ms": 0.082, "candidates_in": 5, "candidates_out": 5, "top_score": 0.1340625}
{"ts": "2026-09-23T03:55:31.624777+00:00", "trace_id": null, "stage": "embed_query", "event": "start", "model": "Qwen/Qwen3-Embedding-0.6B"}
{"ts": "2026-09-23T03:55:31.649199+00:00", "trace_id": null, "stage": "embed_query", "event": "finish", "duration_ms": 24.419, "model": "Qwen/Qwen3-Embedding-0.6B"}
{"ts": "2026-09-23T03:55:31.649247+00:00", "trace_id": null, "stage": "dense", "event": "start"}
{"ts": "2026-09-23T03:55:31.649464+00:00", "trace_id": null, "stage": "dense", "event": "finish", "duration_ms": 0.216, "candidates_out": 20}
{"ts": "2026-09-23T03:55:31.649492+00:00", "trace_id": null, "stage": "lexical", "event": "start"}
{"ts": "2026-09-23T03:55:31.649845+00:00", "trace_id": null, "stage": "lexical", "event": "finish", "duration_ms": 0.352, "candidates_out": 20}
{"ts": "2026-09-23T03:55:31.649877+00:00", "trace_id": null, "stage": "fuse", "event": "start", "candidates_in": 35}
{"ts": "2026-09-23T03:55:31.649951+00:00", "trace_id": null, "stage": "fuse", "event": "finish", "duration_ms": 0.073, "candidates_in": 35, "candidates_out": 25, "top_score": 0.03252247488101534}
{"ts": "2026-09-23T03:55:31.658344+00:00", "trace_id": null, "stage": "gate", "event": "start", "candidates_in": 5}
{"ts": "2026-09-23T03:55:31.658425+00:00", "trace_id": null, "stage": "gate", "event": "finish", "duration_ms": 0.083, "candidates_in": 5, "candidates_out": 5, "top_score": 0.0880048287971905}
{"ts": "2026-09-23T03:55:31.658466+00:00", "trace_id": null, "stage": "embed_query", "event": "start", "model": "Qwen/Qwen3-Embedding-0.6B"}
{"ts": "2026-09-23T03:55:31.682229+00:00", "trace_id": null, "stage": "embed_query", "event": "finish", "duration_ms": 23.76, "model": "Qwen/Qwen3-Embedding-0.6B"}
{"ts": "2026-09-23T03:55:31.682280+00:00", "trace_id": null, "stage": "dense", "event": "start"}
{"ts": "2026-09-23T03:55:31.682548+00:00", "trace_id": null, "stage": "dense", "event": "finish", "duration_ms": 0.268, "candidates_out": 20}
{"ts": "2026-09-23T03:55:31.682569+00:00", "trace_id": null, "stage": "lexical", "event": "start"}
{"ts": "2026-09-23T03:55:31.683020+00:00", "trace_id": null, "stage": "lexical", "event": "finish", "duration_ms": 0.442, "candidates_out": 20}
{"ts": "2026-09-23T03:55:31.683063+00:00", "trace_id": null, "stage": "fuse", "event": "start", "candidates_in": 33}
{"ts": "2026-09-23T03:55:31.683143+00:00", "trace_id": null, "stage": "fuse", "event": "finish", "duration_ms": 0.08, "candidates_in": 33, "candidates_out": 22, "top_score": 0.03278688524590164}
{"ts": "2026-09-23T03:55:31.688628+00:00", "trace_id": null, "stage": "gate", "event": "start", "candidates_in": 5}
{"ts": "2026-09-23T03:55:31.688688+00:00", "trace_id": null, "stage": "gate", "event": "finish", "duration_ms": 0.06, "candidates_in": 5, "candidates_out": 5, "top_score": 0.14065573770491804}
{"ts": "2026-09-23T03:55:31.688717+00:00", "trace_id": null, "stage": "embed_query", "event": "start", "model": "Qwen/Qwen3-Embedding-0.6B"}
{"ts": "2026-09-23T03:55:31.713240+00:00", "trace_id": null, "stage": "embed_query", "event": "finish", "duration_ms": 24.521, "model": "Qwen/Qwen3-Embedding-0.6B"}
{"ts": "2026-09-23T03:55:31.713287+00:00", "trace_id": null, "stage": "dense", "event": "start"}
{"ts": "2026-09-23T03:55:31.713499+00:00", "trace_id": null, "stage": "dense", "event": "finish", "duration_ms": 0.212, "candidates_out": 20}
{"ts": "2026-09-23T03:55:31.713520+00:00", "trace_id": null, "stage": "lexical", "event": "start"}
{"ts": "2026-09-23T03:55:31.713781+00:00", "trace_id": null, "stage": "lexical", "event": "finish", "duration_ms": 0.26, "candidates_out": 20}
{"ts": "2026-09-23T03:55:31.713812+00:00", "trace_id": null, "stage": "fuse", "event": "start", "candidates_in": 30}
{"ts": "2026-09-23T03:55:31.713870+00:00", "trace_id": null, "stage": "fuse", "event": "finish", "duration_ms": 0.058, "candidates_in": 30, "candidates_out": 18, "top_score": 0.03278688524590164}
{"ts": "2026-09-23T03:55:31.716509+00:00", "trace_id": null, "stage": "gate", "event": "start", "candidates_in": 5}
{"ts": "2026-09-23T03:55:31.716718+00:00", "trace_id": null, "stage": "gate", "event": "finish", "duration_ms": 0.21, "candidates_in": 5, "candidates_out": 5, "top_score": 0.0532258064516129}
{"ts": "2026-09-23T03:55:31.716747+00:00", "trace_id": null, "stage": "embed_query", "event": "start", "model": "Qwen/Qwen3-Embedding-0.6B"}
{"ts": "2026-09-23T03:55:31.738945+00:00", "trace_id": null, "stage": "embed_query", "event": "finish", "duration_ms": 22.197, "model": "Qwen/Qwen3-Embedding-0.6B"}
{"ts": "2026-09-23T03:55:31.738978+00:00", "trace_id": null, "stage": "dense", "event": "start"}
{"ts": "2026-09-23T03:55:31.739159+00:00", "trace_id": null, "stage": "dense", "event": "finish", "duration_ms": 0.181, "candidates_out": 20}
{"ts": "2026-09-23T03:55:31.739175+00:00", "trace_id": null, "stage": "lexical", "event": "start"}
{"ts": "2026-09-23T03:55:31.739412+00:00", "trace_id": null, "stage": "lexical", "event": "finish", "duration_ms": 0.237, "candidates_out": 20}
{"ts": "2026-09-23T03:55:31.739438+00:00", "trace_id": null, "stage": "fuse", "event": "start", "candidates_in": 32}
{"ts": "2026-09-23T03:55:31.739491+00:00", "trace_id": null, "stage": "fuse", "event": "finish", "duration_ms": 0.053, "candidates_in": 32, "candidates_out": 20, "top_score": 0.03278688524590164}
{"ts": "2026-09-23T03:55:31.742724+00:00", "trace_id": null, "stage": "gate", "event": "start", "candidates_in": 5}
{"ts": "2026-09-23T03:55:31.742935+00:00", "trace_id": null, "stage": "gate", "event": "finish", "duration_ms": 0.211, "candidates_in": 5, "candidates_out": 5, "top_score": 0.0532258064516129}
{"ts": "2026-09-23T03:55:31.742970+00:00", "trace_id": null, "stage": "embed_query", "event": "start", "model": "Qwen/Qwen3-Embedding-0.6B"}
{"ts": "2026-09-23T03:55:31.766118+00:00", "trace_id": null, "stage": "embed_query", "event": "finish", "duration_ms": 23.146, "model": "Qwen/Qwen3-Embedding-0.6B"}
{"ts": "2026-09-23T03:55:31.766168+00:00", "trace_id": null, "stage": "dense", "event": "start"}
{"ts": "2026-09-23T03:55:31.766385+00:00", "trace_id": null, "stage": "dense", "event": "finish", "duration_ms": 0.217, "candidates_out": 20}
{"ts": "2026-09-23T03:55:31.766404+00:00", "trace_id": null, "stage": "lexical", "event": "start"}
{"ts": "2026-09-23T03:55:31.766647+00:00", "trace_id": null, "stage": "lexical", "event": "finish", "duration_ms": 0.242, "candidates_out": 20}
{"ts": "2026-09-23T03:55:31.766671+00:00", "trace_id": null, "stage": "fuse", "event": "start", "candidates_in": 28}
{"ts": "2026-09-23T03:55:31.766727+00:00", "trace_id": null, "stage": "fuse", "event": "finish", "duration_ms": 0.056, "candidates_in": 28, "candidates_out": 18, "top_score": 0.031746031746031744}
{"ts": "2026-09-23T03:55:31.770022+00:00", "trace_id": null, "stage": "gate", "event": "start", "candidates_in": 5}
{"ts": "2026-09-23T03:55:31.770261+00:00", "trace_id": null, "stage": "gate", "event": "finish", "duration_ms": 0.239, "candidates_in": 5, "candidates_out": 5, "top_score": 0.05550284629981025}
{"ts": "2026-09-23T03:55:31.770293+00:00", "trace_id": null, "stage": "embed_query", "event": "start", "model": "Qwen/Qwen3-Embedding-0.6B"}
{"ts": "2026-09-23T03:55:31.794820+00:00", "trace_id": null, "stage": "embed_query", "event": "finish", "duration_ms": 24.526, "model": "Qwen/Qwen3-Embedding-0.6B"}
{"ts": "2026-09-23T03:55:31.794856+00:00", "trace_id": null, "stage": "dense", "event": "start"}
{"ts": "2026-09-23T03:55:31.795043+00:00", "trace_id": null, "stage": "dense", "event": "finish", "duration_ms": 0.187, "candidates_out": 20}
{"ts": "2026-09-23T03:55:31.795059+00:00", "trace_id": null, "stage": "lexical", "event": "start"}
{"ts": "2026-09-23T03:55:31.795314+00:00", "trace_id": null, "stage": "lexical", "event": "finish", "duration_ms": 0.255, "candidates_out": 20}
{"ts": "2026-09-23T03:55:31.795340+00:00", "trace_id": null, "stage": "fuse", "event": "start", "candidates_in": 27}
{"ts": "2026-09-23T03:55:31.795406+00:00", "trace_id": null, "stage": "fuse", "event": "finish", "duration_ms": 0.065, "candidates_in": 27, "candidates_out": 19, "top_score": 0.03278688524590164}
{"ts": "2026-09-23T03:55:31.799548+00:00", "trace_id": null, "stage": "gate", "event": "start", "candidates_in": 5}
{"ts": "2026-09-23T03:55:31.799652+00:00", "trace_id": null, "stage": "gate", "event": "finish", "duration_ms": 0.104, "candidates_in": 5, "candidates_out": 5, "top_score": 0.051283229813664594}
{"ts": "2026-09-23T03:55:31.799683+00:00", "trace_id": null, "stage": "embed_query", "event": "start", "model": "Qwen/Qwen3-Embedding-0.6B"}
{"ts": "2026-09-23T03:55:31.822753+00:00", "trace_id": null, "stage": "embed_query", "event": "finish", "duration_ms": 23.068, "model": "Qwen/Qwen3-Embedding-0.6B"}
{"ts": "2026-09-23T03:55:31.822788+00:00", "trace_id": null, "stage": "dense", "event": "start"}
{"ts": "2026-09-23T03:55:31.822974+00:00", "trace_id": null, "stage": "dense", "event": "finish", "duration_ms": 0.186, "candidates_out": 20}
{"ts": "2026-09-23T03:55:31.822991+00:00", "trace_id": null, "stage": "lexical", "event": "start"}
{"ts": "2026-09-23T03:55:31.823308+00:00", "trace_id": null, "stage": "lexical", "event": "finish", "duration_ms": 0.316, "candidates_out": 20}
{"ts": "2026-09-23T03:55:31.823339+00:00", "trace_id": null, "stage": "fuse", "event": "start", "candidates_in": 30}
{"ts": "2026-09-23T03:55:31.823426+00:00", "trace_id": null, "stage": "fuse", "event": "finish", "duration_ms": 0.086, "candidates_in": 30, "candidates_out": 24, "top_score": 0.03278688524590164}
{"ts": "2026-09-23T03:55:31.829559+00:00", "trace_id": null, "stage": "gate", "event": "start", "candidates_in": 5}
{"ts": "2026-09-23T03:55:31.829651+00:00", "trace_id": null, "stage": "gate", "event": "finish", "duration_ms": 0.092, "candidates_in": 5, "candidates_out": 5, "top_score": 0.0532258064516129}
{"ts": "2026-09-23T03:55:31.829682+00:00", "trace_id": null, "stage": "embed_query", "event": "start", "model": "Qwen/Qwen3-Embedding-0.6B"}
{"ts": "2026-09-23T03:55:31.853901+00:00", "trace_id": null, "stage": "embed_query", "event": "finish", "duration_ms": 24.217, "model": "Qwen/Qwen3-Embedding-0.6B"}
{"ts": "2026-09-23T03:55:31.853933+00:00", "trace_id": null, "stage": "dense", "event": "start"}
{"ts": "2026-09-23T03:55:31.854111+00:00", "trace_id": null, "stage": "dense", "event": "finish", "duration_ms": 0.178, "candidates_out": 20}
{"ts": "2026-09-23T03:55:31.854126+00:00", "trace_id": null, "stage": "lexical", "event": "start"}
{"ts": "2026-09-23T03:55:31.854416+00:00", "trace_id": null, "stage": "lexical", "event": "finish", "duration_ms": 0.29, "candidates_out": 20}
{"ts": "2026-09-23T03:55:31.854443+00:00", "trace_id": null, "stage": "fuse", "event": "start", "candidates_in": 32}
{"ts": "2026-09-23T03:55:31.854498+00:00", "trace_id": null, "stage": "fuse", "event": "finish", "duration_ms": 0.055, "candidates_in": 32, "candidates_out": 21, "top_score": 0.03278688524590164}
{"ts": "2026-09-23T03:55:31.858806+00:00", "trace_id": null, "stage": "gate", "event": "start", "candidates_in": 5}
{"ts": "2026-09-23T03:55:31.859031+00:00", "trace_id": null, "stage": "gate", "event": "finish", "duration_ms": 0.225, "candidates_in": 5, "candidates_out": 5, "top_score": 0.13838709677419356}
{"ts": "2026-09-23T03:55:31.859061+00:00", "trace_id": null, "stage": "embed_query", "event": "start", "model": "Qwen/Qwen3-Embedding-0.6B"}
{"ts": "2026-09-23T03:55:31.883067+00:00", "trace_id": null, "stage": "embed_query", "event": "finish", "duration_ms": 24.004, "model": "Qwen/Qwen3-Embedding-0.6B"}
{"ts": "2026-09-23T03:55:31.883105+00:00", "trace_id": null, "stage": "dense", "event": "start"}
{"ts": "2026-09-23T03:55:31.883293+00:00", "trace_id": null, "stage": "dense", "event": "finish", "duration_ms": 0.189, "candidates_out": 20}
{"ts": "2026-09-23T03:55:31.883309+00:00", "trace_id": null, "stage": "lexical", "event": "start"}
{"ts": "2026-09-23T03:55:31.883583+00:00", "trace_id": null, "stage": "lexical", "event": "finish", "duration_ms": 0.273, "candidates_out": 20}
{"ts": "2026-09-23T03:55:31.883609+00:00", "trace_id": null, "stage": "fuse", "event": "start", "candidates_in": 33}
{"ts": "2026-09-23T03:55:31.883682+00:00", "trace_id": null, "stage": "fuse", "event": "finish", "duration_ms": 0.072, "candidates_in": 33, "candidates_out": 22, "top_score": 0.03252247488101534}
{"ts": "2026-09-23T03:55:31.888340+00:00", "trace_id": null, "stage": "gate", "event": "start", "candidates_in": 5}
{"ts": "2026-09-23T03:55:31.888561+00:00", "trace_id": null, "stage": "gate", "event": "finish", "duration_ms": 0.221, "candidates_in": 5, "candidates_out": 5, "top_score": 0.1395214172395558}
{"ts": "2026-09-23T03:55:31.888590+00:00", "trace_id": null, "stage": "embed_query", "event": "start", "model": "Qwen/Qwen3-Embedding-0.6B"}
{"ts": "2026-09-23T03:55:31.911541+00:00", "trace_id": null, "stage": "embed_query", "event": "finish", "duration_ms": 22.949, "model": "Qwen/Qwen3-Embedding-0.6B"}
{"ts": "2026-09-23T03:55:31.911580+00:00", "trace_id": null, "stage": "dense", "event": "start"}
{"ts": "2026-09-23T03:55:31.911777+00:00", "trace_id": null, "stage": "dense", "event": "finish", "duration_ms": 0.198, "candidates_out": 20}
{"ts": "2026-09-23T03:55:31.911794+00:00", "trace_id": null, "stage": "lexical", "event": "start"}
{"ts": "2026-09-23T03:55:31.912048+00:00", "trace_id": null, "stage": "lexical", "event": "finish", "duration_ms": 0.254, "candidates_out": 20}
{"ts": "2026-09-23T03:55:31.912076+00:00", "trace_id": null, "stage": "fuse", "event": "start", "candidates_in": 32}
{"ts": "2026-09-23T03:55:31.912138+00:00", "trace_id": null, "stage": "fuse", "event": "finish", "duration_ms": 0.063, "candidates_in": 32, "candidates_out": 22, "top_score": 0.030886196246139225}
{"ts": "2026-09-23T03:55:31.915841+00:00", "trace_id": null, "stage": "gate", "event": "start", "candidates_in": 5}
{"ts": "2026-09-23T03:55:31.916152+00:00", "trace_id": null, "stage": "gate", "event": "finish", "duration_ms": 0.311, "candidates_in": 5, "candidates_out": 5, "top_score": 0.052571428571428575}
{"ts": "2026-09-23T03:55:31.916181+00:00", "trace_id": null, "stage": "embed_query", "event": "start", "model": "Qwen/Qwen3-Embedding-0.6B"}
{"ts": "2026-09-23T03:55:31.940083+00:00", "trace_id": null, "stage": "embed_query", "event": "finish", "duration_ms": 23.9, "model": "Qwen/Qwen3-Embedding-0.6B"}
{"ts": "2026-09-23T03:55:31.940124+00:00", "trace_id": null, "stage": "dense", "event": "start"}
{"ts": "2026-09-23T03:55:31.940326+00:00", "trace_id": null, "stage": "dense", "event": "finish", "duration_ms": 0.202, "candidates_out": 20}
{"ts": "2026-09-23T03:55:31.940343+00:00", "trace_id": null, "stage": "lexical", "event": "start"}
{"ts": "2026-09-23T03:55:31.940600+00:00", "trace_id": null, "stage": "lexical", "event": "finish", "duration_ms": 0.257, "candidates_out": 20}
{"ts": "2026-09-23T03:55:31.940625+00:00", "trace_id": null, "stage": "fuse", "event": "start", "candidates_in": 33}
{"ts": "2026-09-23T03:55:31.940701+00:00", "trace_id": null, "stage": "fuse", "event": "finish", "duration_ms": 0.076, "candidates_in": 33, "candidates_out": 24, "top_score": 0.03278688524590164}
{"ts": "2026-09-23T03:55:31.946993+00:00", "trace_id": null, "stage": "gate", "event": "start", "candidates_in": 5}
{"ts": "2026-09-23T03:55:31.947052+00:00", "trace_id": null, "stage": "gate", "event": "finish", "duration_ms": 0.058, "candidates_in": 5, "candidates_out": 5, "top_score": 0.14065573770491804}
{"ts": "2026-09-23T03:55:31.947077+00:00", "trace_id": null, "stage": "embed_query", "event": "start", "model": "Qwen/Qwen3-Embedding-0.6B"}
{"ts": "2026-09-23T03:55:31.974687+00:00", "trace_id": null, "stage": "embed_query", "event": "finish", "duration_ms": 27.607, "model": "Qwen/Qwen3-Embedding-0.6B"}
{"ts": "2026-09-23T03:55:31.974730+00:00", "trace_id": null, "stage": "dense", "event": "start"}
{"ts": "2026-09-23T03:55:31.974933+00:00", "trace_id": null, "stage": "dense", "event": "finish", "duration_ms": 0.203, "candidates_out": 20}
{"ts": "2026-09-23T03:55:31.974951+00:00", "trace_id": null, "stage": "lexical", "event": "start"}
{"ts": "2026-09-23T03:55:31.975211+00:00", "trace_id": null, "stage": "lexical", "event": "finish", "duration_ms": 0.26, "candidates_out": 20}
{"ts": "2026-09-23T03:55:31.975235+00:00", "trace_id": null, "stage": "fuse", "event": "start", "candidates_in": 31}
{"ts": "2026-09-23T03:55:31.975297+00:00", "trace_id": null, "stage": "fuse", "event": "finish", "duration_ms": 0.062, "candidates_in": 31, "candidates_out": 19, "top_score": 0.03278688524590164}
{"ts": "2026-09-23T03:55:31.981045+00:00", "trace_id": null, "stage": "gate", "event": "start", "candidates_in": 5}
{"ts": "2026-09-23T03:55:31.981154+00:00", "trace_id": null, "stage": "gate", "event": "finish", "duration_ms": 0.109, "candidates_in": 5, "candidates_out": 5, "top_score": 0.052941176470588235}
{"ts": "2026-09-23T03:55:31.981186+00:00", "trace_id": null, "stage": "embed_query", "event": "start", "model": "Qwen/Qwen3-Embedding-0.6B"}
{"ts": "2026-09-23T03:55:32.004822+00:00", "trace_id": null, "stage": "embed_query", "event": "finish", "duration_ms": 23.635, "model": "Qwen/Qwen3-Embedding-0.6B"}
{"ts": "2026-09-23T03:55:32.004859+00:00", "trace_id": null, "stage": "dense", "event": "start"}
{"ts": "2026-09-23T03:55:32.005042+00:00", "trace_id": null, "stage": "dense", "event": "finish", "duration_ms": 0.183, "candidates_out": 20}
{"ts": "2026-09-23T03:55:32.005058+00:00", "trace_id": null, "stage": "lexical", "event": "start"}
{"ts": "2026-09-23T03:55:32.005306+00:00", "trace_id": null, "stage": "lexical", "event": "finish", "duration_ms": 0.248, "candidates_out": 20}
{"ts": "2026-09-23T03:55:32.005331+00:00", "trace_id": null, "stage": "fuse", "event": "start", "candidates_in": 32}
{"ts": "2026-09-23T03:55:32.005388+00:00", "trace_id": null, "stage": "fuse", "event": "finish", "duration_ms": 0.058, "candidates_in": 32, "candidates_out": 19, "top_score": 0.03278688524590164}
{"ts": "2026-09-23T03:55:32.009961+00:00", "trace_id": null, "stage": "gate", "event": "start", "candidates_in": 5}
{"ts": "2026-09-23T03:55:32.010022+00:00", "trace_id": null, "stage": "gate", "event": "finish", "duration_ms": 0.061, "candidates_in": 5, "candidates_out": 5, "top_score": 0.051575091575091575}
holdout_mrr=0.831 all_recall=0.992 hits=121/122
