Loading weights:   0%|          | 0/310 [00:00<?, ?it/s]Loading weights: 100%|██████████| 310/310 [00:00<00:00, 15656.04it/s]
{"ts": "2026-09-23T03:56:21.589081+00:00", "trace_id": null, "stage": "embed_query", "event": "start", "model": "Qwen/Qwen3-Embedding-0.6B"}
{"ts": "2026-09-23T03:56:21.614723+00:00", "trace_id": null, "stage": "embed_query", "event": "finish", "duration_ms": 25.608, "model": "Qwen/Qwen3-Embedding-0.6B"}
{"ts": "2026-09-23T03:56:21.614785+00:00", "trace_id": null, "stage": "dense", "event": "start"}
{"ts": "2026-09-23T03:56:21.615171+00:00", "trace_id": null, "stage": "dense", "event": "finish", "duration_ms": 0.385, "candidates_out": 20}
{"ts": "2026-09-23T03:56:21.615213+00:00", "trace_id": null, "stage": "lexical", "event": "start"}
{"ts": "2026-09-23T03:56:21.616441+00:00", "trace_id": null, "stage": "lexical", "event": "finish", "duration_ms": 1.227, "candidates_out": 20}
{"ts": "2026-09-23T03:56:21.616484+00:00", "trace_id": null, "stage": "fuse", "event": "start", "candidates_in": 33}
{"ts": "2026-09-23T03:56:21.616577+00:00", "trace_id": null, "stage": "fuse", "event": "finish", "duration_ms": 0.091, "candidates_in": 33, "candidates_out": 22, "top_score": 0.03278688524590164}
{"ts": "2026-09-23T03:56:21.620588+00:00", "trace_id": null, "stage": "gate", "event": "start", "candidates_in": 5}
{"ts": "2026-09-23T03:56:21.620673+00:00", "trace_id": null, "stage": "gate", "event": "finish", "duration_ms": 0.084, "candidates_in": 5, "candidates_out": 5, "top_score": 0.14065573770491804}
{"ts": "2026-09-23T03:56:21.620715+00:00", "trace_id": null, "stage": "embed_query", "event": "start", "model": "Qwen/Qwen3-Embedding-0.6B"}
{"ts": "2026-09-23T03:56:21.646905+00:00", "trace_id": null, "stage": "embed_query", "event": "finish", "duration_ms": 26.188, "model": "Qwen/Qwen3-Embedding-0.6B"}
{"ts": "2026-09-23T03:56:21.646949+00:00", "trace_id": null, "stage": "dense", "event": "start"}
{"ts": "2026-09-23T03:56:21.647159+00:00", "trace_id": null, "stage": "dense", "event": "finish", "duration_ms": 0.21, "candidates_out": 20}
{"ts": "2026-09-23T03:56:21.647179+00:00", "trace_id": null, "stage": "lexical", "event": "start"}
{"ts": "2026-09-23T03:56:21.647601+00:00", "trace_id": null, "stage": "lexical", "event": "finish", "duration_ms": 0.421, "candidates_out": 20}
{"ts": "2026-09-23T03:56:21.647637+00:00", "trace_id": null, "stage": "fuse", "event": "start", "candidates_in": 33}
{"ts": "2026-09-23T03:56:21.647721+00:00", "trace_id": null, "stage": "fuse", "event": "finish", "duration_ms": 0.084, "candidates_in": 33, "candidates_out": 19, "top_score": 0.03278688524590164}
{"ts": "2026-09-23T03:56:21.650203+00:00", "trace_id": null, "stage": "gate", "event": "start", "candidates_in": 5}
{"ts": "2026-09-23T03:56:21.650277+00:00", "trace_id": null, "stage": "gate", "event": "finish", "duration_ms": 0.075, "candidates_in": 5, "candidates_out": 5, "top_score": 0.03278688524590164}
{"ts": "2026-09-23T03:56:21.650306+00:00", "trace_id": null, "stage": "embed_query", "event": "start", "model": "Qwen/Qwen3-Embedding-0.6B"}
{"ts": "2026-09-23T03:56:21.673127+00:00", "trace_id": null, "stage": "embed_query", "event": "finish", "duration_ms": 22.818, "model": "Qwen/Qwen3-Embedding-0.6B"}
{"ts": "2026-09-23T03:56:21.673186+00:00", "trace_id": null, "stage": "dense", "event": "start"}
{"ts": "2026-09-23T03:56:21.673433+00:00", "trace_id": null, "stage": "dense", "event": "finish", "duration_ms": 0.246, "candidates_out": 20}
{"ts": "2026-09-23T03:56:21.673493+00:00", "trace_id": null, "stage": "lexical", "event": "start"}
{"ts": "2026-09-23T03:56:21.673851+00:00", "trace_id": null, "stage": "lexical", "event": "finish", "duration_ms": 0.37, "candidates_out": 20}
{"ts": "2026-09-23T03:56:21.673882+00:00", "trace_id": null, "stage": "fuse", "event": "start", "candidates_in": 31}
{"ts": "2026-09-23T03:56:21.673962+00:00", "trace_id": null, "stage": "fuse", "event": "finish", "duration_ms": 0.08, "candidates_in": 31, "candidates_out": 19, "top_score": 0.03278688524590164}
{"ts": "2026-09-23T03:56:21.678203+00:00", "trace_id": null, "stage": "gate", "event": "start", "candidates_in": 5}
{"ts": "2026-09-23T03:56:21.678293+00:00", "trace_id": null, "stage": "gate", "event": "finish", "duration_ms": 0.09, "candidates_in": 5, "candidates_out": 5, "top_score": 0.05901639344262295}
{"ts": "2026-09-23T03:56:21.678334+00:00", "trace_id": null, "stage": "embed_query", "event": "start", "model": "Qwen/Qwen3-Embedding-0.6B"}
{"ts": "2026-09-23T03:56:21.706138+00:00", "trace_id": null, "stage": "embed_query", "event": "finish", "duration_ms": 27.801, "model": "Qwen/Qwen3-Embedding-0.6B"}
{"ts": "2026-09-23T03:56:21.706213+00:00", "trace_id": null, "stage": "dense", "event": "start"}
{"ts": "2026-09-23T03:56:21.706426+00:00", "trace_id": null, "stage": "dense", "event": "finish", "duration_ms": 0.212, "candidates_out": 20}
{"ts": "2026-09-23T03:56:21.706512+00:00", "trace_id": null, "stage": "lexical", "event": "start"}
{"ts": "2026-09-23T03:56:21.706784+00:00", "trace_id": null, "stage": "lexical", "event": "finish", "duration_ms": 0.271, "candidates_out": 20}
{"ts": "2026-09-23T03:56:21.706812+00:00", "trace_id": null, "stage": "fuse", "event": "start", "candidates_in": 33}
{"ts": "2026-09-23T03:56:21.706875+00:00", "trace_id": null, "stage": "fuse", "event": "finish", "duration_ms": 0.062, "candidates_in": 33, "candidates_out": 20, "top_score": 0.03252247488101534}
{"ts": "2026-09-23T03:56:21.710658+00:00", "trace_id": null, "stage": "gate", "event": "start", "candidates_in": 5}
{"ts": "2026-09-23T03:56:21.710725+00:00", "trace_id": null, "stage": "gate", "event": "finish", "duration_ms": 0.067, "candidates_in": 5, "candidates_out": 5, "top_score": 0.03252247488101534}
{"ts": "2026-09-23T03:56:21.710756+00:00", "trace_id": null, "stage": "embed_query", "event": "start", "model": "Qwen/Qwen3-Embedding-0.6B"}
{"ts": "2026-09-23T03:56:21.734116+00:00", "trace_id": null, "stage": "embed_query", "event": "finish", "duration_ms": 23.357, "model": "Qwen/Qwen3-Embedding-0.6B"}
{"ts": "2026-09-23T03:56:21.734158+00:00", "trace_id": null, "stage": "dense", "event": "start"}
{"ts": "2026-09-23T03:56:21.734360+00:00", "trace_id": null, "stage": "dense", "event": "finish", "duration_ms": 0.201, "candidates_out": 20}
{"ts": "2026-09-23T03:56:21.734378+00:00", "trace_id": null, "stage": "lexical", "event": "start"}
{"ts": "2026-09-23T03:56:21.734615+00:00", "trace_id": null, "stage": "lexical", "event": "finish", "duration_ms": 0.237, "candidates_out": 20}
{"ts": "2026-09-23T03:56:21.734641+00:00", "trace_id": null, "stage": "fuse", "event": "start", "candidates_in": 33}
{"ts": "2026-09-23T03:56:21.734708+00:00", "trace_id": null, "stage": "fuse", "event": "finish", "duration_ms": 0.066, "candidates_in": 33, "candidates_out": 20, "top_score": 0.03278688524590164}
{"ts": "2026-09-23T03:56:21.738358+00:00", "trace_id": null, "stage": "gate", "event": "start", "candidates_in": 5}
{"ts": "2026-09-23T03:56:21.738417+00:00", "trace_id": null, "stage": "gate", "event": "finish", "duration_ms": 0.059, "candidates_in": 5, "candidates_out": 5, "top_score": 0.03278688524590164}
{"ts": "2026-09-23T03:56:21.738453+00:00", "trace_id": null, "stage": "embed_query", "event": "start", "model": "Qwen/Qwen3-Embedding-0.6B"}
{"ts": "2026-09-23T03:56:21.761550+00:00", "trace_id": null, "stage": "embed_query", "event": "finish", "duration_ms": 23.095, "model": "Qwen/Qwen3-Embedding-0.6B"}
{"ts": "2026-09-23T03:56:21.761585+00:00", "trace_id": null, "stage": "dense", "event": "start"}
{"ts": "2026-09-23T03:56:21.761775+00:00", "trace_id": null, "stage": "dense", "event": "finish", "duration_ms": 0.19, "candidates_out": 20}
{"ts": "2026-09-23T03:56:21.761792+00:00", "trace_id": null, "stage": "lexical", "event": "start"}
{"ts": "2026-09-23T03:56:21.762025+00:00", "trace_id": null, "stage": "lexical", "event": "finish", "duration_ms": 0.233, "candidates_out": 20}
{"ts": "2026-09-23T03:56:21.762051+00:00", "trace_id": null, "stage": "fuse", "event": "start", "candidates_in": 31}
{"ts": "2026-09-23T03:56:21.762114+00:00", "trace_id": null, "stage": "fuse", "event": "finish", "duration_ms": 0.063, "candidates_in": 31, "candidates_out": 18, "top_score": 0.03252247488101534}
{"ts": "2026-09-23T03:56:21.765309+00:00", "trace_id": null, "stage": "gate", "event": "start", "candidates_in": 5}
{"ts": "2026-09-23T03:56:21.765367+00:00", "trace_id": null, "stage": "gate", "event": "finish", "duration_ms": 0.058, "candidates_in": 5, "candidates_out": 5, "top_score": 0.03252247488101534}
{"ts": "2026-09-23T03:56:21.765394+00:00", "trace_id": null, "stage": "embed_query", "event": "start", "model": "Qwen/Qwen3-Embedding-0.6B"}
{"ts": "2026-09-23T03:56:21.788638+00:00", "trace_id": null, "stage": "embed_query", "event": "finish", "duration_ms": 23.242, "model": "Qwen/Qwen3-Embedding-0.6B"}
{"ts": "2026-09-23T03:56:21.788674+00:00", "trace_id": null, "stage": "dense", "event": "start"}
{"ts": "2026-09-23T03:56:21.788854+00:00", "trace_id": null, "stage": "dense", "event": "finish", "duration_ms": 0.18, "candidates_out": 20}
{"ts": "2026-09-23T03:56:21.788870+00:00", "trace_id": null, "stage": "lexical", "event": "start"}
{"ts": "2026-09-23T03:56:21.789075+00:00", "trace_id": null, "stage": "lexical", "event": "finish", "duration_ms": 0.204, "candidates_out": 20}
{"ts": "2026-09-23T03:56:21.789101+00:00", "trace_id": null, "stage": "fuse", "event": "start", "candidates_in": 31}
{"ts": "2026-09-23T03:56:21.789173+00:00", "trace_id": null, "stage": "fuse", "event": "finish", "duration_ms": 0.072, "candidates_in": 31, "candidates_out": 19, "top_score": 0.03278688524590164}
{"ts": "2026-09-23T03:56:21.792496+00:00", "trace_id": null, "stage": "gate", "event": "start", "candidates_in": 5}
{"ts": "2026-09-23T03:56:21.792563+00:00", "trace_id": null, "stage": "gate", "event": "finish", "duration_ms": 0.067, "candidates_in": 5, "candidates_out": 5, "top_score": 0.05901639344262295}
{"ts": "2026-09-23T03:56:21.792600+00:00", "trace_id": null, "stage": "embed_query", "event": "start", "model": "Qwen/Qwen3-Embedding-0.6B"}
{"ts": "2026-09-23T03:56:21.815069+00:00", "trace_id": null, "stage": "embed_query", "event": "finish", "duration_ms": 22.466, "model": "Qwen/Qwen3-Embedding-0.6B"}
{"ts": "2026-09-23T03:56:21.815102+00:00", "trace_id": null, "stage": "dense", "event": "start"}
{"ts": "2026-09-23T03:56:21.815269+00:00", "trace_id": null, "stage": "dense", "event": "finish", "duration_ms": 0.168, "candidates_out": 20}
{"ts": "2026-09-23T03:56:21.815285+00:00", "trace_id": null, "stage": "lexical", "event": "start"}
{"ts": "2026-09-23T03:56:21.815490+00:00", "trace_id": null, "stage": "lexical", "event": "finish", "duration_ms": 0.205, "candidates_out": 20}
{"ts": "2026-09-23T03:56:21.815513+00:00", "trace_id": null, "stage": "fuse", "event": "start", "candidates_in": 32}
{"ts": "2026-09-23T03:56:21.815574+00:00", "trace_id": null, "stage": "fuse", "event": "finish", "duration_ms": 0.061, "candidates_in": 32, "candidates_out": 21, "top_score": 0.03278688524590164}
{"ts": "2026-09-23T03:56:21.819214+00:00", "trace_id": null, "stage": "gate", "event": "start", "candidates_in": 5}
{"ts": "2026-09-23T03:56:21.819275+00:00", "trace_id": null, "stage": "gate", "event": "finish", "duration_ms": 0.06, "candidates_in": 5, "candidates_out": 5, "top_score": 0.05901639344262295}
{"ts": "2026-09-23T03:56:21.819302+00:00", "trace_id": null, "stage": "embed_query", "event": "start", "model": "Qwen/Qwen3-Embedding-0.6B"}
{"ts": "2026-09-23T03:56:21.845256+00:00", "trace_id": null, "stage": "embed_query", "event": "finish", "duration_ms": 25.951, "model": "Qwen/Qwen3-Embedding-0.6B"}
{"ts": "2026-09-23T03:56:21.845304+00:00", "trace_id": null, "stage": "dense", "event": "start"}
{"ts": "2026-09-23T03:56:21.845511+00:00", "trace_id": null, "stage": "dense", "event": "finish", "duration_ms": 0.207, "candidates_out": 20}
{"ts": "2026-09-23T03:56:21.845529+00:00", "trace_id": null, "stage": "lexical", "event": "start"}
{"ts": "2026-09-23T03:56:21.845751+00:00", "trace_id": null, "stage": "lexical", "event": "finish", "duration_ms": 0.222, "candidates_out": 20}
{"ts": "2026-09-23T03:56:21.845777+00:00", "trace_id": null, "stage": "fuse", "event": "start", "candidates_in": 30}
{"ts": "2026-09-23T03:56:21.845856+00:00", "trace_id": null, "stage": "fuse", "event": "finish", "duration_ms": 0.079, "candidates_in": 30, "candidates_out": 19, "top_score": 0.03252247488101534}
{"ts": "2026-09-23T03:56:21.849297+00:00", "trace_id": null, "stage": "gate", "event": "start", "candidates_in": 5}
{"ts": "2026-09-23T03:56:21.849361+00:00", "trace_id": null, "stage": "gate", "event": "finish", "duration_ms": 0.064, "candidates_in": 5, "candidates_out": 5, "top_score": 0.03252247488101534}
{"ts": "2026-09-23T03:56:21.849388+00:00", "trace_id": null, "stage": "embed_query", "event": "start", "model": "Qwen/Qwen3-Embedding-0.6B"}
{"ts": "2026-09-23T03:56:21.871196+00:00", "trace_id": null, "stage": "embed_query", "event": "finish", "duration_ms": 21.807, "model": "Qwen/Qwen3-Embedding-0.6B"}
{"ts": "2026-09-23T03:56:21.871228+00:00", "trace_id": null, "stage": "dense", "event": "start"}
{"ts": "2026-09-23T03:56:21.871398+00:00", "trace_id": null, "stage": "dense", "event": "finish", "duration_ms": 0.17, "candidates_out": 20}
{"ts": "2026-09-23T03:56:21.871413+00:00", "trace_id": null, "stage": "lexical", "event": "start"}
{"ts": "2026-09-23T03:56:21.871635+00:00", "trace_id": null, "stage": "lexical", "event": "finish", "duration_ms": 0.221, "candidates_out": 20}
{"ts": "2026-09-23T03:56:21.871665+00:00", "trace_id": null, "stage": "fuse", "event": "start", "candidates_in": 30}
{"ts": "2026-09-23T03:56:21.871740+00:00", "trace_id": null, "stage": "fuse", "event": "finish", "duration_ms": 0.075, "candidates_in": 30, "candidates_out": 17, "top_score": 0.03252247488101534}
{"ts": "2026-09-23T03:56:21.874560+00:00", "trace_id": null, "stage": "gate", "event": "start", "candidates_in": 5}
{"ts": "2026-09-23T03:56:21.874624+00:00", "trace_id": null, "stage": "gate", "event": "finish", "duration_ms": 0.064, "candidates_in": 5, "candidates_out": 5, "top_score": 0.05854045478582761}
{"ts": "2026-09-23T03:56:21.874651+00:00", "trace_id": null, "stage": "embed_query", "event": "start", "model": "Qwen/Qwen3-Embedding-0.6B"}
{"ts": "2026-09-23T03:56:21.896404+00:00", "trace_id": null, "stage": "embed_query", "event": "finish", "duration_ms": 21.752, "model": "Qwen/Qwen3-Embedding-0.6B"}
{"ts": "2026-09-23T03:56:21.896440+00:00", "trace_id": null, "stage": "dense", "event": "start"}
{"ts": "2026-09-23T03:56:21.896617+00:00", "trace_id": null, "stage": "dense", "event": "finish", "duration_ms": 0.177, "candidates_out": 20}
{"ts": "2026-09-23T03:56:21.896639+00:00", "trace_id": null, "stage": "lexical", "event": "start"}
{"ts": "2026-09-23T03:56:21.896877+00:00", "trace_id": null, "stage": "lexical", "event": "finish", "duration_ms": 0.238, "candidates_out": 20}
{"ts": "2026-09-23T03:56:21.896902+00:00", "trace_id": null, "stage": "fuse", "event": "start", "candidates_in": 30}
{"ts": "2026-09-23T03:56:21.896966+00:00", "trace_id": null, "stage": "fuse", "event": "finish", "duration_ms": 0.064, "candidates_in": 30, "candidates_out": 19, "top_score": 0.03252247488101534}
{"ts": "2026-09-23T03:56:21.899933+00:00", "trace_id": null, "stage": "gate", "event": "start", "candidates_in": 5}
{"ts": "2026-09-23T03:56:21.899987+00:00", "trace_id": null, "stage": "gate", "event": "finish", "duration_ms": 0.055, "candidates_in": 5, "candidates_out": 5, "top_score": 0.03252247488101534}
{"ts": "2026-09-23T03:56:21.900014+00:00", "trace_id": null, "stage": "embed_query", "event": "start", "model": "Qwen/Qwen3-Embedding-0.6B"}
{"ts": "2026-09-23T03:56:21.921827+00:00", "trace_id": null, "stage": "embed_query", "event": "finish", "duration_ms": 21.811, "model": "Qwen/Qwen3-Embedding-0.6B"}
{"ts": "2026-09-23T03:56:21.921866+00:00", "trace_id": null, "stage": "dense", "event": "start"}
{"ts": "2026-09-23T03:56:21.922058+00:00", "trace_id": null, "stage": "dense", "event": "finish", "duration_ms": 0.193, "candidates_out": 20}
{"ts": "2026-09-23T03:56:21.922074+00:00", "trace_id": null, "stage": "lexical", "event": "start"}
{"ts": "2026-09-23T03:56:21.922302+00:00", "trace_id": null, "stage": "lexical", "event": "finish", "duration_ms": 0.227, "candidates_out": 20}
{"ts": "2026-09-23T03:56:21.922330+00:00", "trace_id": null, "stage": "fuse", "event": "start", "candidates_in": 31}
{"ts": "2026-09-23T03:56:21.922402+00:00", "trace_id": null, "stage": "fuse", "event": "finish", "duration_ms": 0.072, "candidates_in": 31, "candidates_out": 21, "top_score": 0.03252247488101534}
{"ts": "2026-09-23T03:56:21.925805+00:00", "trace_id": null, "stage": "gate", "event": "start", "candidates_in": 5}
{"ts": "2026-09-23T03:56:21.925869+00:00", "trace_id": null, "stage": "gate", "event": "finish", "duration_ms": 0.063, "candidates_in": 5, "candidates_out": 5, "top_score": 0.03252247488101534}
{"ts": "2026-09-23T03:56:21.925898+00:00", "trace_id": null, "stage": "embed_query", "event": "start", "model": "Qwen/Qwen3-Embedding-0.6B"}
{"ts": "2026-09-23T03:56:21.948075+00:00", "trace_id": null, "stage": "embed_query", "event": "finish", "duration_ms": 22.153, "model": "Qwen/Qwen3-Embedding-0.6B"}
{"ts": "2026-09-23T03:56:21.948154+00:00", "trace_id": null, "stage": "dense", "event": "start"}
{"ts": "2026-09-23T03:56:21.948333+00:00", "trace_id": null, "stage": "dense", "event": "finish", "duration_ms": 0.18, "candidates_out": 20}
{"ts": "2026-09-23T03:56:21.948352+00:00", "trace_id": null, "stage": "lexical", "event": "start"}
{"ts": "2026-09-23T03:56:21.948585+00:00", "trace_id": null, "stage": "lexical", "event": "finish", "duration_ms": 0.233, "candidates_out": 20}
{"ts": "2026-09-23T03:56:21.948612+00:00", "trace_id": null, "stage": "fuse", "event": "start", "candidates_in": 31}
{"ts": "2026-09-23T03:56:21.948679+00:00", "trace_id": null, "stage": "fuse", "event": "finish", "duration_ms": 0.067, "candidates_in": 31, "candidates_out": 20, "top_score": 0.032266458495966696}
{"ts": "2026-09-23T03:56:21.951846+00:00", "trace_id": null, "stage": "gate", "event": "start", "candidates_in": 5}
{"ts": "2026-09-23T03:56:21.951910+00:00", "trace_id": null, "stage": "gate", "event": "finish", "duration_ms": 0.064, "candidates_in": 5, "candidates_out": 5, "top_score": 0.032266458495966696}
{"ts": "2026-09-23T03:56:21.951936+00:00", "trace_id": null, "stage": "embed_query", "event": "start", "model": "Qwen/Qwen3-Embedding-0.6B"}
{"ts": "2026-09-23T03:56:21.978442+00:00", "trace_id": null, "stage": "embed_query", "event": "finish", "duration_ms": 26.502, "model": "Qwen/Qwen3-Embedding-0.6B"}
{"ts": "2026-09-23T03:56:21.978484+00:00", "trace_id": null, "stage": "dense", "event": "start"}
{"ts": "2026-09-23T03:56:21.978671+00:00", "trace_id": null, "stage": "dense", "event": "finish", "duration_ms": 0.187, "candidates_out": 20}
{"ts": "2026-09-23T03:56:21.978688+00:00", "trace_id": null, "stage": "lexical", "event": "start"}
{"ts": "2026-09-23T03:56:21.978918+00:00", "trace_id": null, "stage": "lexical", "event": "finish", "duration_ms": 0.229, "candidates_out": 20}
{"ts": "2026-09-23T03:56:21.978949+00:00", "trace_id": null, "stage": "fuse", "event": "start", "candidates_in": 33}
{"ts": "2026-09-23T03:56:21.979028+00:00", "trace_id": null, "stage": "fuse", "event": "finish", "duration_ms": 0.079, "candidates_in": 33, "candidates_out": 23, "top_score": 0.03278688524590164}
{"ts": "2026-09-23T03:56:21.983657+00:00", "trace_id": null, "stage": "gate", "event": "start", "candidates_in": 5}
{"ts": "2026-09-23T03:56:21.983721+00:00", "trace_id": null, "stage": "gate", "event": "finish", "duration_ms": 0.064, "candidates_in": 5, "candidates_out": 5, "top_score": 0.08524590163934427}
{"ts": "2026-09-23T03:56:21.983747+00:00", "trace_id": null, "stage": "embed_query", "event": "start", "model": "Qwen/Qwen3-Embedding-0.6B"}
{"ts": "2026-09-23T03:56:22.008804+00:00", "trace_id": null, "stage": "embed_query", "event": "finish", "duration_ms": 25.054, "model": "Qwen/Qwen3-Embedding-0.6B"}
{"ts": "2026-09-23T03:56:22.008842+00:00", "trace_id": null, "stage": "dense", "event": "start"}
{"ts": "2026-09-23T03:56:22.009028+00:00", "trace_id": null, "stage": "dense", "event": "finish", "duration_ms": 0.186, "candidates_out": 20}
{"ts": "2026-09-23T03:56:22.009044+00:00", "trace_id": null, "stage": "lexical", "event": "start"}
{"ts": "2026-09-23T03:56:22.009279+00:00", "trace_id": null, "stage": "lexical", "event": "finish", "duration_ms": 0.234, "candidates_out": 20}
{"ts": "2026-09-23T03:56:22.009303+00:00", "trace_id": null, "stage": "fuse", "event": "start", "candidates_in": 29}
{"ts": "2026-09-23T03:56:22.009355+00:00", "trace_id": null, "stage": "fuse", "event": "finish", "duration_ms": 0.052, "candidates_in": 29, "candidates_out": 21, "top_score": 0.032018442622950824}
{"ts": "2026-09-23T03:56:22.012148+00:00", "trace_id": null, "stage": "gate", "event": "start", "candidates_in": 5}
{"ts": "2026-09-23T03:56:22.012202+00:00", "trace_id": null, "stage": "gate", "event": "finish", "duration_ms": 0.054, "candidates_in": 5, "candidates_out": 5, "top_score": 0.2641521516393443}
{"ts": "2026-09-23T03:56:22.012227+00:00", "trace_id": null, "stage": "embed_query", "event": "start", "model": "Qwen/Qwen3-Embedding-0.6B"}
{"ts": "2026-09-23T03:56:22.038633+00:00", "trace_id": null, "stage": "embed_query", "event": "finish", "duration_ms": 26.404, "model": "Qwen/Qwen3-Embedding-0.6B"}
{"ts": "2026-09-23T03:56:22.038669+00:00", "trace_id": null, "stage": "dense", "event": "start"}
{"ts": "2026-09-23T03:56:22.038851+00:00", "trace_id": null, "stage": "dense", "event": "finish", "duration_ms": 0.182, "candidates_out": 20}
{"ts": "2026-09-23T03:56:22.038867+00:00", "trace_id": null, "stage": "lexical", "event": "start"}
{"ts": "2026-09-23T03:56:22.039133+00:00", "trace_id": null, "stage": "lexical", "event": "finish", "duration_ms": 0.265, "candidates_out": 20}
{"ts": "2026-09-23T03:56:22.039182+00:00", "trace_id": null, "stage": "fuse", "event": "start", "candidates_in": 34}
{"ts": "2026-09-23T03:56:22.039288+00:00", "trace_id": null, "stage": "fuse", "event": "finish", "duration_ms": 0.106, "candidates_in": 34, "candidates_out": 21, "top_score": 0.03252247488101534}
{"ts": "2026-09-23T03:56:22.042487+00:00", "trace_id": null, "stage": "gate", "event": "start", "candidates_in": 5}
{"ts": "2026-09-23T03:56:22.042541+00:00", "trace_id": null, "stage": "gate", "event": "finish", "duration_ms": 0.055, "candidates_in": 5, "candidates_out": 5, "top_score": 0.13303125000000002}
{"ts": "2026-09-23T03:56:22.042567+00:00", "trace_id": null, "stage": "embed_query", "event": "start", "model": "Qwen/Qwen3-Embedding-0.6B"}
{"ts": "2026-09-23T03:56:22.067885+00:00", "trace_id": null, "stage": "embed_query", "event": "finish", "duration_ms": 25.315, "model": "Qwen/Qwen3-Embedding-0.6B"}
{"ts": "2026-09-23T03:56:22.067934+00:00", "trace_id": null, "stage": "dense", "event": "start"}
{"ts": "2026-09-23T03:56:22.068131+00:00", "trace_id": null, "stage": "dense", "event": "finish", "duration_ms": 0.196, "candidates_out": 20}
{"ts": "2026-09-23T03:56:22.068148+00:00", "trace_id": null, "stage": "lexical", "event": "start"}
{"ts": "2026-09-23T03:56:22.068369+00:00", "trace_id": null, "stage": "lexical", "event": "finish", "duration_ms": 0.22, "candidates_out": 20}
{"ts": "2026-09-23T03:56:22.068401+00:00", "trace_id": null, "stage": "fuse", "event": "start", "candidates_in": 30}
{"ts": "2026-09-23T03:56:22.068483+00:00", "trace_id": null, "stage": "fuse", "event": "finish", "duration_ms": 0.083, "candidates_in": 30, "candidates_out": 19, "top_score": 0.03278688524590164}
{"ts": "2026-09-23T03:56:22.071459+00:00", "trace_id": null, "stage": "gate", "event": "start", "candidates_in": 5}
{"ts": "2026-09-23T03:56:22.071514+00:00", "trace_id": null, "stage": "gate", "event": "finish", "duration_ms": 0.054, "candidates_in": 5, "candidates_out": 5, "top_score": 0.09737704918032787}
{"ts": "2026-09-23T03:56:22.071538+00:00", "trace_id": null, "stage": "embed_query", "event": "start", "model": "Qwen/Qwen3-Embedding-0.6B"}
{"ts": "2026-09-23T03:56:22.094903+00:00", "trace_id": null, "stage": "embed_query", "event": "finish", "duration_ms": 23.363, "model": "Qwen/Qwen3-Embedding-0.6B"}
{"ts": "2026-09-23T03:56:22.094946+00:00", "trace_id": null, "stage": "dense", "event": "start"}
{"ts": "2026-09-23T03:56:22.095146+00:00", "trace_id": null, "stage": "dense", "event": "finish", "duration_ms": 0.201, "candidates_out": 20}
{"ts": "2026-09-23T03:56:22.095163+00:00", "trace_id": null, "stage": "lexical", "event": "start"}
{"ts": "2026-09-23T03:56:22.095398+00:00", "trace_id": null, "stage": "lexical", "event": "finish", "duration_ms": 0.234, "candidates_out": 20}
{"ts": "2026-09-23T03:56:22.095428+00:00", "trace_id": null, "stage": "fuse", "event": "start", "candidates_in": 31}
{"ts": "2026-09-23T03:56:22.095494+00:00", "trace_id": null, "stage": "fuse", "event": "finish", "duration_ms": 0.066, "candidates_in": 31, "candidates_out": 19, "top_score": 0.03278688524590164}
{"ts": "2026-09-23T03:56:22.099652+00:00", "trace_id": null, "stage": "gate", "event": "start", "candidates_in": 5}
{"ts": "2026-09-23T03:56:22.099741+00:00", "trace_id": null, "stage": "gate", "event": "finish", "duration_ms": 0.091, "candidates_in": 5, "candidates_out": 5, "top_score": 0.09737704918032787}
{"ts": "2026-09-23T03:56:22.099773+00:00", "trace_id": null, "stage": "embed_query", "event": "start", "model": "Qwen/Qwen3-Embedding-0.6B"}
{"ts": "2026-09-23T03:56:22.124973+00:00", "trace_id": null, "stage": "embed_query", "event": "finish", "duration_ms": 25.197, "model": "Qwen/Qwen3-Embedding-0.6B"}
{"ts": "2026-09-23T03:56:22.125018+00:00", "trace_id": null, "stage": "dense", "event": "start"}
{"ts": "2026-09-23T03:56:22.125219+00:00", "trace_id": null, "stage": "dense", "event": "finish", "duration_ms": 0.201, "candidates_out": 20}
{"ts": "2026-09-23T03:56:22.125236+00:00", "trace_id": null, "stage": "lexical", "event": "start"}
{"ts": "2026-09-23T03:56:22.125479+00:00", "trace_id": null, "stage": "lexical", "event": "finish", "duration_ms": 0.242, "candidates_out": 20}
{"ts": "2026-09-23T03:56:22.125515+00:00", "trace_id": null, "stage": "fuse", "event": "start", "candidates_in": 25}
{"ts": "2026-09-23T03:56:22.125588+00:00", "trace_id": null, "stage": "fuse", "event": "finish", "duration_ms": 0.074, "candidates_in": 25, "candidates_out": 18, "top_score": 0.032266458495966696}
{"ts": "2026-09-23T03:56:22.128109+00:00", "trace_id": null, "stage": "gate", "event": "start", "candidates_in": 5}
{"ts": "2026-09-23T03:56:22.128176+00:00", "trace_id": null, "stage": "gate", "event": "finish", "duration_ms": 0.067, "candidates_in": 5, "candidates_out": 5, "top_score": 0.032018442622950824}
{"ts": "2026-09-23T03:56:22.128206+00:00", "trace_id": null, "stage": "embed_query", "event": "start", "model": "Qwen/Qwen3-Embedding-0.6B"}
{"ts": "2026-09-23T03:56:22.151913+00:00", "trace_id": null, "stage": "embed_query", "event": "finish", "duration_ms": 23.704, "model": "Qwen/Qwen3-Embedding-0.6B"}
{"ts": "2026-09-23T03:56:22.151953+00:00", "trace_id": null, "stage": "dense", "event": "start"}
{"ts": "2026-09-23T03:56:22.152163+00:00", "trace_id": null, "stage": "dense", "event": "finish", "duration_ms": 0.21, "candidates_out": 20}
{"ts": "2026-09-23T03:56:22.152180+00:00", "trace_id": null, "stage": "lexical", "event": "start"}
{"ts": "2026-09-23T03:56:22.152425+00:00", "trace_id": null, "stage": "lexical", "event": "finish", "duration_ms": 0.244, "candidates_out": 20}
{"ts": "2026-09-23T03:56:22.152455+00:00", "trace_id": null, "stage": "fuse", "event": "start", "candidates_in": 31}
{"ts": "2026-09-23T03:56:22.152522+00:00", "trace_id": null, "stage": "fuse", "event": "finish", "duration_ms": 0.067, "candidates_in": 31, "candidates_out": 25, "top_score": 0.03252247488101534}
{"ts": "2026-09-23T03:56:22.158391+00:00", "trace_id": null, "stage": "gate", "event": "start", "candidates_in": 5}
{"ts": "2026-09-23T03:56:22.158453+00:00", "trace_id": null, "stage": "gate", "event": "finish", "duration_ms": 0.062, "candidates_in": 5, "candidates_out": 5, "top_score": 0.03252247488101534}
{"ts": "2026-09-23T03:56:22.158479+00:00", "trace_id": null, "stage": "embed_query", "event": "start", "model": "Qwen/Qwen3-Embedding-0.6B"}
{"ts": "2026-09-23T03:56:22.185470+00:00", "trace_id": null, "stage": "embed_query", "event": "finish", "duration_ms": 26.988, "model": "Qwen/Qwen3-Embedding-0.6B"}
{"ts": "2026-09-23T03:56:22.185522+00:00", "trace_id": null, "stage": "dense", "event": "start"}
{"ts": "2026-09-23T03:56:22.185771+00:00", "trace_id": null, "stage": "dense", "event": "finish", "duration_ms": 0.248, "candidates_out": 20}
{"ts": "2026-09-23T03:56:22.185800+00:00", "trace_id": null, "stage": "lexical", "event": "start"}
{"ts": "2026-09-23T03:56:22.186078+00:00", "trace_id": null, "stage": "lexical", "event": "finish", "duration_ms": 0.279, "candidates_out": 20}
{"ts": "2026-09-23T03:56:22.186109+00:00", "trace_id": null, "stage": "fuse", "event": "start", "candidates_in": 30}
{"ts": "2026-09-23T03:56:22.186188+00:00", "trace_id": null, "stage": "fuse", "event": "finish", "duration_ms": 0.079, "candidates_in": 30, "candidates_out": 21, "top_score": 0.03278688524590164}
{"ts": "2026-09-23T03:56:22.189779+00:00", "trace_id": null, "stage": "gate", "event": "start", "candidates_in": 5}
{"ts": "2026-09-23T03:56:22.189852+00:00", "trace_id": null, "stage": "gate", "event": "finish", "duration_ms": 0.073, "candidates_in": 5, "candidates_out": 5, "top_score": 0.051971726190476186}
{"ts": "2026-09-23T03:56:22.189886+00:00", "trace_id": null, "stage": "embed_query", "event": "start", "model": "Qwen/Qwen3-Embedding-0.6B"}
{"ts": "2026-09-23T03:56:22.213367+00:00", "trace_id": null, "stage": "embed_query", "event": "finish", "duration_ms": 23.479, "model": "Qwen/Qwen3-Embedding-0.6B"}
{"ts": "2026-09-23T03:56:22.213406+00:00", "trace_id": null, "stage": "dense", "event": "start"}
{"ts": "2026-09-23T03:56:22.213623+00:00", "trace_id": null, "stage": "dense", "event": "finish", "duration_ms": 0.218, "candidates_out": 20}
{"ts": "2026-09-23T03:56:22.213641+00:00", "trace_id": null, "stage": "lexical", "event": "start"}
{"ts": "2026-09-23T03:56:22.213900+00:00", "trace_id": null, "stage": "lexical", "event": "finish", "duration_ms": 0.258, "candidates_out": 20}
{"ts": "2026-09-23T03:56:22.213932+00:00", "trace_id": null, "stage": "fuse", "event": "start", "candidates_in": 30}
{"ts": "2026-09-23T03:56:22.214012+00:00", "trace_id": null, "stage": "fuse", "event": "finish", "duration_ms": 0.08, "candidates_in": 30, "candidates_out": 20, "top_score": 0.03278688524590164}
{"ts": "2026-09-23T03:56:22.217837+00:00", "trace_id": null, "stage": "gate", "event": "start", "candidates_in": 5}
{"ts": "2026-09-23T03:56:22.217897+00:00", "trace_id": null, "stage": "gate", "event": "finish", "duration_ms": 0.06, "candidates_in": 5, "candidates_out": 5, "top_score": 0.09428571428571428}
{"ts": "2026-09-23T03:56:22.217928+00:00", "trace_id": null, "stage": "embed_query", "event": "start", "model": "Qwen/Qwen3-Embedding-0.6B"}
{"ts": "2026-09-23T03:56:22.239498+00:00", "trace_id": null, "stage": "embed_query", "event": "finish", "duration_ms": 21.568, "model": "Qwen/Qwen3-Embedding-0.6B"}
{"ts": "2026-09-23T03:56:22.239537+00:00", "trace_id": null, "stage": "dense", "event": "start"}
{"ts": "2026-09-23T03:56:22.239761+00:00", "trace_id": null, "stage": "dense", "event": "finish", "duration_ms": 0.225, "candidates_out": 20}
{"ts": "2026-09-23T03:56:22.239781+00:00", "trace_id": null, "stage": "lexical", "event": "start"}
{"ts": "2026-09-23T03:56:22.240002+00:00", "trace_id": null, "stage": "lexical", "event": "finish", "duration_ms": 0.22, "candidates_out": 20}
{"ts": "2026-09-23T03:56:22.240026+00:00", "trace_id": null, "stage": "fuse", "event": "start", "candidates_in": 29}
{"ts": "2026-09-23T03:56:22.240094+00:00", "trace_id": null, "stage": "fuse", "event": "finish", "duration_ms": 0.068, "candidates_in": 29, "candidates_out": 20, "top_score": 0.03278688524590164}
{"ts": "2026-09-23T03:56:22.243356+00:00", "trace_id": null, "stage": "gate", "event": "start", "candidates_in": 5}
{"ts": "2026-09-23T03:56:22.243409+00:00", "trace_id": null, "stage": "gate", "event": "finish", "duration_ms": 0.053, "candidates_in": 5, "candidates_out": 5, "top_score": 0.054098360655737705}
{"ts": "2026-09-23T03:56:22.243433+00:00", "trace_id": null, "stage": "embed_query", "event": "start", "model": "Qwen/Qwen3-Embedding-0.6B"}
{"ts": "2026-09-23T03:56:22.266082+00:00", "trace_id": null, "stage": "embed_query", "event": "finish", "duration_ms": 22.647, "model": "Qwen/Qwen3-Embedding-0.6B"}
{"ts": "2026-09-23T03:56:22.266115+00:00", "trace_id": null, "stage": "dense", "event": "start"}
{"ts": "2026-09-23T03:56:22.266308+00:00", "trace_id": null, "stage": "dense", "event": "finish", "duration_ms": 0.193, "candidates_out": 20}
{"ts": "2026-09-23T03:56:22.266324+00:00", "trace_id": null, "stage": "lexical", "event": "start"}
{"ts": "2026-09-23T03:56:22.266576+00:00", "trace_id": null, "stage": "lexical", "event": "finish", "duration_ms": 0.253, "candidates_out": 20}
{"ts": "2026-09-23T03:56:22.266602+00:00", "trace_id": null, "stage": "fuse", "event": "start", "candidates_in": 31}
{"ts": "2026-09-23T03:56:22.266678+00:00", "trace_id": null, "stage": "fuse", "event": "finish", "duration_ms": 0.075, "candidates_in": 31, "candidates_out": 22, "top_score": 0.03278688524590164}
{"ts": "2026-09-23T03:56:22.270117+00:00", "trace_id": null, "stage": "gate", "event": "start", "candidates_in": 5}
{"ts": "2026-09-23T03:56:22.270175+00:00", "trace_id": null, "stage": "gate", "event": "finish", "duration_ms": 0.058, "candidates_in": 5, "candidates_out": 5, "top_score": 0.08524590163934427}
{"ts": "2026-09-23T03:56:22.270204+00:00", "trace_id": null, "stage": "embed_query", "event": "start", "model": "Qwen/Qwen3-Embedding-0.6B"}
{"ts": "2026-09-23T03:56:22.292830+00:00", "trace_id": null, "stage": "embed_query", "event": "finish", "duration_ms": 22.623, "model": "Qwen/Qwen3-Embedding-0.6B"}
{"ts": "2026-09-23T03:56:22.292870+00:00", "trace_id": null, "stage": "dense", "event": "start"}
{"ts": "2026-09-23T03:56:22.293063+00:00", "trace_id": null, "stage": "dense", "event": "finish", "duration_ms": 0.193, "candidates_out": 20}
{"ts": "2026-09-23T03:56:22.293080+00:00", "trace_id": null, "stage": "lexical", "event": "start"}
{"ts": "2026-09-23T03:56:22.293327+00:00", "trace_id": null, "stage": "lexical", "event": "finish", "duration_ms": 0.246, "candidates_out": 20}
{"ts": "2026-09-23T03:56:22.293352+00:00", "trace_id": null, "stage": "fuse", "event": "start", "candidates_in": 30}
{"ts": "2026-09-23T03:56:22.293424+00:00", "trace_id": null, "stage": "fuse", "event": "finish", "duration_ms": 0.072, "candidates_in": 30, "candidates_out": 20, "top_score": 0.03252247488101534}
{"ts": "2026-09-23T03:56:22.296804+00:00", "trace_id": null, "stage": "gate", "event": "start", "candidates_in": 5}
{"ts": "2026-09-23T03:56:22.296865+00:00", "trace_id": null, "stage": "gate", "event": "finish", "duration_ms": 0.061, "candidates_in": 5, "candidates_out": 5, "top_score": 0.09583138173302108}
{"ts": "2026-09-23T03:56:22.296896+00:00", "trace_id": null, "stage": "embed_query", "event": "start", "model": "Qwen/Qwen3-Embedding-0.6B"}
{"ts": "2026-09-23T03:56:22.322921+00:00", "trace_id": null, "stage": "embed_query", "event": "finish", "duration_ms": 26.022, "model": "Qwen/Qwen3-Embedding-0.6B"}
{"ts": "2026-09-23T03:56:22.322976+00:00", "trace_id": null, "stage": "dense", "event": "start"}
{"ts": "2026-09-23T03:56:22.323185+00:00", "trace_id": null, "stage": "dense", "event": "finish", "duration_ms": 0.209, "candidates_out": 20}
{"ts": "2026-09-23T03:56:22.323206+00:00", "trace_id": null, "stage": "lexical", "event": "start"}
{"ts": "2026-09-23T03:56:22.323473+00:00", "trace_id": null, "stage": "lexical", "event": "finish", "duration_ms": 0.266, "candidates_out": 20}
{"ts": "2026-09-23T03:56:22.323507+00:00", "trace_id": null, "stage": "fuse", "event": "start", "candidates_in": 32}
{"ts": "2026-09-23T03:56:22.323571+00:00", "trace_id": null, "stage": "fuse", "event": "finish", "duration_ms": 0.064, "candidates_in": 32, "candidates_out": 21, "top_score": 0.03278688524590164}
{"ts": "2026-09-23T03:56:22.326670+00:00", "trace_id": null, "stage": "gate", "event": "start", "candidates_in": 5}
{"ts": "2026-09-23T03:56:22.326920+00:00", "trace_id": null, "stage": "gate", "event": "finish", "duration_ms": 0.25, "candidates_in": 5, "candidates_out": 5, "top_score": 0.0532258064516129}
{"ts": "2026-09-23T03:56:22.326954+00:00", "trace_id": null, "stage": "embed_query", "event": "start", "model": "Qwen/Qwen3-Embedding-0.6B"}
{"ts": "2026-09-23T03:56:22.349276+00:00", "trace_id": null, "stage": "embed_query", "event": "finish", "duration_ms": 22.319, "model": "Qwen/Qwen3-Embedding-0.6B"}
{"ts": "2026-09-23T03:56:22.349319+00:00", "trace_id": null, "stage": "dense", "event": "start"}
{"ts": "2026-09-23T03:56:22.349508+00:00", "trace_id": null, "stage": "dense", "event": "finish", "duration_ms": 0.189, "candidates_out": 20}
{"ts": "2026-09-23T03:56:22.349525+00:00", "trace_id": null, "stage": "lexical", "event": "start"}
{"ts": "2026-09-23T03:56:22.349759+00:00", "trace_id": null, "stage": "lexical", "event": "finish", "duration_ms": 0.233, "candidates_out": 20}
{"ts": "2026-09-23T03:56:22.349785+00:00", "trace_id": null, "stage": "fuse", "event": "start", "candidates_in": 30}
{"ts": "2026-09-23T03:56:22.349850+00:00", "trace_id": null, "stage": "fuse", "event": "finish", "duration_ms": 0.064, "candidates_in": 30, "candidates_out": 18, "top_score": 0.03278688524590164}
{"ts": "2026-09-23T03:56:22.352282+00:00", "trace_id": null, "stage": "gate", "event": "start", "candidates_in": 5}
{"ts": "2026-09-23T03:56:22.352488+00:00", "trace_id": null, "stage": "gate", "event": "finish", "duration_ms": 0.205, "candidates_in": 5, "candidates_out": 5, "top_score": 0.0532258064516129}
{"ts": "2026-09-23T03:56:22.352515+00:00", "trace_id": null, "stage": "embed_query", "event": "start", "model": "Qwen/Qwen3-Embedding-0.6B"}
{"ts": "2026-09-23T03:56:22.375823+00:00", "trace_id": null, "stage": "embed_query", "event": "finish", "duration_ms": 23.305, "model": "Qwen/Qwen3-Embedding-0.6B"}
{"ts": "2026-09-23T03:56:22.375870+00:00", "trace_id": null, "stage": "dense", "event": "start"}
{"ts": "2026-09-23T03:56:22.376068+00:00", "trace_id": null, "stage": "dense", "event": "finish", "duration_ms": 0.199, "candidates_out": 20}
{"ts": "2026-09-23T03:56:22.376086+00:00", "trace_id": null, "stage": "lexical", "event": "start"}
{"ts": "2026-09-23T03:56:22.376357+00:00", "trace_id": null, "stage": "lexical", "event": "finish", "duration_ms": 0.27, "candidates_out": 20}
{"ts": "2026-09-23T03:56:22.376390+00:00", "trace_id": null, "stage": "fuse", "event": "start", "candidates_in": 27}
{"ts": "2026-09-23T03:56:22.376466+00:00", "trace_id": null, "stage": "fuse", "event": "finish", "duration_ms": 0.076, "candidates_in": 27, "candidates_out": 18, "top_score": 0.03252247488101534}
{"ts": "2026-09-23T03:56:22.380001+00:00", "trace_id": null, "stage": "gate", "event": "start", "candidates_in": 5}
{"ts": "2026-09-23T03:56:22.380062+00:00", "trace_id": null, "stage": "gate", "event": "finish", "duration_ms": 0.06, "candidates_in": 5, "candidates_out": 5, "top_score": 0.03252247488101534}
{"ts": "2026-09-23T03:56:22.380092+00:00", "trace_id": null, "stage": "embed_query", "event": "start", "model": "Qwen/Qwen3-Embedding-0.6B"}
{"ts": "2026-09-23T03:56:22.406615+00:00", "trace_id": null, "stage": "embed_query", "event": "finish", "duration_ms": 26.52, "model": "Qwen/Qwen3-Embedding-0.6B"}
{"ts": "2026-09-23T03:56:22.406659+00:00", "trace_id": null, "stage": "dense", "event": "start"}
{"ts": "2026-09-23T03:56:22.406848+00:00", "trace_id": null, "stage": "dense", "event": "finish", "duration_ms": 0.189, "candidates_out": 20}
{"ts": "2026-09-23T03:56:22.406868+00:00", "trace_id": null, "stage": "lexical", "event": "start"}
{"ts": "2026-09-23T03:56:22.407125+00:00", "trace_id": null, "stage": "lexical", "event": "finish", "duration_ms": 0.257, "candidates_out": 20}
{"ts": "2026-09-23T03:56:22.407157+00:00", "trace_id": null, "stage": "fuse", "event": "start", "candidates_in": 31}
{"ts": "2026-09-23T03:56:22.407235+00:00", "trace_id": null, "stage": "fuse", "event": "finish", "duration_ms": 0.078, "candidates_in": 31, "candidates_out": 22, "top_score": 0.03278688524590164}
{"ts": "2026-09-23T03:56:22.410970+00:00", "trace_id": null, "stage": "gate", "event": "start", "candidates_in": 5}
{"ts": "2026-09-23T03:56:22.411031+00:00", "trace_id": null, "stage": "gate", "event": "finish", "duration_ms": 0.061, "candidates_in": 5, "candidates_out": 5, "top_score": 0.09580645161290322}
{"ts": "2026-09-23T03:56:22.411055+00:00", "trace_id": null, "stage": "embed_query", "event": "start", "model": "Qwen/Qwen3-Embedding-0.6B"}
{"ts": "2026-09-23T03:56:22.434280+00:00", "trace_id": null, "stage": "embed_query", "event": "finish", "duration_ms": 23.222, "model": "Qwen/Qwen3-Embedding-0.6B"}
{"ts": "2026-09-23T03:56:22.434318+00:00", "trace_id": null, "stage": "dense", "event": "start"}
{"ts": "2026-09-23T03:56:22.434524+00:00", "trace_id": null, "stage": "dense", "event": "finish", "duration_ms": 0.205, "candidates_out": 20}
{"ts": "2026-09-23T03:56:22.434547+00:00", "trace_id": null, "stage": "lexical", "event": "start"}
{"ts": "2026-09-23T03:56:22.434833+00:00", "trace_id": null, "stage": "lexical", "event": "finish", "duration_ms": 0.286, "candidates_out": 20}
{"ts": "2026-09-23T03:56:22.434859+00:00", "trace_id": null, "stage": "fuse", "event": "start", "candidates_in": 29}
{"ts": "2026-09-23T03:56:22.434928+00:00", "trace_id": null, "stage": "fuse", "event": "finish", "duration_ms": 0.068, "candidates_in": 29, "candidates_out": 20, "top_score": 0.03131881575727918}
{"ts": "2026-09-23T03:56:22.438457+00:00", "trace_id": null, "stage": "gate", "event": "start", "candidates_in": 5}
{"ts": "2026-09-23T03:56:22.438514+00:00", "trace_id": null, "stage": "gate", "event": "finish", "duration_ms": 0.057, "candidates_in": 5, "candidates_out": 5, "top_score": 0.09283516483516482}
{"ts": "2026-09-23T03:56:22.438547+00:00", "trace_id": null, "stage": "embed_query", "event": "start", "model": "Qwen/Qwen3-Embedding-0.6B"}
{"ts": "2026-09-23T03:56:22.465516+00:00", "trace_id": null, "stage": "embed_query", "event": "finish", "duration_ms": 26.967, "model": "Qwen/Qwen3-Embedding-0.6B"}
{"ts": "2026-09-23T03:56:22.465553+00:00", "trace_id": null, "stage": "dense", "event": "start"}
{"ts": "2026-09-23T03:56:22.465740+00:00", "trace_id": null, "stage": "dense", "event": "finish", "duration_ms": 0.188, "candidates_out": 20}
{"ts": "2026-09-23T03:56:22.465756+00:00", "trace_id": null, "stage": "lexical", "event": "start"}
{"ts": "2026-09-23T03:56:22.466061+00:00", "trace_id": null, "stage": "lexical", "event": "finish", "duration_ms": 0.305, "candidates_out": 20}
{"ts": "2026-09-23T03:56:22.466085+00:00", "trace_id": null, "stage": "fuse", "event": "start", "candidates_in": 32}
{"ts": "2026-09-23T03:56:22.466151+00:00", "trace_id": null, "stage": "fuse", "event": "finish", "duration_ms": 0.066, "candidates_in": 32, "candidates_out": 26, "top_score": 0.03252247488101534}
{"ts": "2026-09-23T03:56:22.471658+00:00", "trace_id": null, "stage": "gate", "event": "start", "candidates_in": 5}
{"ts": "2026-09-23T03:56:22.471716+00:00", "trace_id": null, "stage": "gate", "event": "finish", "duration_ms": 0.058, "candidates_in": 5, "candidates_out": 5, "top_score": 0.05119047619047619}
{"ts": "2026-09-23T03:56:22.471740+00:00", "trace_id": null, "stage": "embed_query", "event": "start", "model": "Qwen/Qwen3-Embedding-0.6B"}
{"ts": "2026-09-23T03:56:22.494760+00:00", "trace_id": null, "stage": "embed_query", "event": "finish", "duration_ms": 23.018, "model": "Qwen/Qwen3-Embedding-0.6B"}
{"ts": "2026-09-23T03:56:22.494793+00:00", "trace_id": null, "stage": "dense", "event": "start"}
{"ts": "2026-09-23T03:56:22.494970+00:00", "trace_id": null, "stage": "dense", "event": "finish", "duration_ms": 0.177, "candidates_out": 20}
{"ts": "2026-09-23T03:56:22.494986+00:00", "trace_id": null, "stage": "lexical", "event": "start"}
{"ts": "2026-09-23T03:56:22.495224+00:00", "trace_id": null, "stage": "lexical", "event": "finish", "duration_ms": 0.237, "candidates_out": 20}
{"ts": "2026-09-23T03:56:22.495258+00:00", "trace_id": null, "stage": "fuse", "event": "start", "candidates_in": 29}
{"ts": "2026-09-23T03:56:22.495325+00:00", "trace_id": null, "stage": "fuse", "event": "finish", "duration_ms": 0.067, "candidates_in": 29, "candidates_out": 20, "top_score": 0.03252247488101534}
{"ts": "2026-09-23T03:56:22.498032+00:00", "trace_id": null, "stage": "gate", "event": "start", "candidates_in": 5}
{"ts": "2026-09-23T03:56:22.498090+00:00", "trace_id": null, "stage": "gate", "event": "finish", "duration_ms": 0.057, "candidates_in": 5, "candidates_out": 5, "top_score": 0.0576036866359447}
{"ts": "2026-09-23T03:56:22.498120+00:00", "trace_id": null, "stage": "embed_query", "event": "start", "model": "Qwen/Qwen3-Embedding-0.6B"}
{"ts": "2026-09-23T03:56:22.519420+00:00", "trace_id": null, "stage": "embed_query", "event": "finish", "duration_ms": 21.298, "model": "Qwen/Qwen3-Embedding-0.6B"}
{"ts": "2026-09-23T03:56:22.519453+00:00", "trace_id": null, "stage": "dense", "event": "start"}
{"ts": "2026-09-23T03:56:22.519631+00:00", "trace_id": null, "stage": "dense", "event": "finish", "duration_ms": 0.178, "candidates_out": 20}
{"ts": "2026-09-23T03:56:22.519645+00:00", "trace_id": null, "stage": "lexical", "event": "start"}
{"ts": "2026-09-23T03:56:22.519884+00:00", "trace_id": null, "stage": "lexical", "event": "finish", "duration_ms": 0.239, "candidates_out": 20}
{"ts": "2026-09-23T03:56:22.519909+00:00", "trace_id": null, "stage": "fuse", "event": "start", "candidates_in": 31}
{"ts": "2026-09-23T03:56:22.519970+00:00", "trace_id": null, "stage": "fuse", "event": "finish", "duration_ms": 0.061, "candidates_in": 31, "candidates_out": 22, "top_score": 0.031754032258064516}
{"ts": "2026-09-23T03:56:22.522531+00:00", "trace_id": null, "stage": "gate", "event": "start", "candidates_in": 5}
{"ts": "2026-09-23T03:56:22.522585+00:00", "trace_id": null, "stage": "gate", "event": "finish", "duration_ms": 0.053, "candidates_in": 5, "candidates_out": 5, "top_score": 0.25787545787545785}
{"ts": "2026-09-23T03:56:22.522610+00:00", "trace_id": null, "stage": "embed_query", "event": "start", "model": "Qwen/Qwen3-Embedding-0.6B"}
{"ts": "2026-09-23T03:56:22.544725+00:00", "trace_id": null, "stage": "embed_query", "event": "finish", "duration_ms": 22.113, "model": "Qwen/Qwen3-Embedding-0.6B"}
{"ts": "2026-09-23T03:56:22.544757+00:00", "trace_id": null, "stage": "dense", "event": "start"}
{"ts": "2026-09-23T03:56:22.544930+00:00", "trace_id": null, "stage": "dense", "event": "finish", "duration_ms": 0.173, "candidates_out": 20}
{"ts": "2026-09-23T03:56:22.544945+00:00", "trace_id": null, "stage": "lexical", "event": "start"}
{"ts": "2026-09-23T03:56:22.545158+00:00", "trace_id": null, "stage": "lexical", "event": "finish", "duration_ms": 0.213, "candidates_out": 20}
{"ts": "2026-09-23T03:56:22.545184+00:00", "trace_id": null, "stage": "fuse", "event": "start", "candidates_in": 32}
{"ts": "2026-09-23T03:56:22.545252+00:00", "trace_id": null, "stage": "fuse", "event": "finish", "duration_ms": 0.068, "candidates_in": 32, "candidates_out": 21, "top_score": 0.03252247488101534}
{"ts": "2026-09-23T03:56:22.548031+00:00", "trace_id": null, "stage": "gate", "event": "start", "candidates_in": 5}
{"ts": "2026-09-23T03:56:22.548080+00:00", "trace_id": null, "stage": "gate", "event": "finish", "duration_ms": 0.049, "candidates_in": 5, "candidates_out": 5, "top_score": 0.05359701492537314}
{"ts": "2026-09-23T03:56:22.548110+00:00", "trace_id": null, "stage": "embed_query", "event": "start", "model": "Qwen/Qwen3-Embedding-0.6B"}
{"ts": "2026-09-23T03:56:22.569943+00:00", "trace_id": null, "stage": "embed_query", "event": "finish", "duration_ms": 21.83, "model": "Qwen/Qwen3-Embedding-0.6B"}
{"ts": "2026-09-23T03:56:22.569983+00:00", "trace_id": null, "stage": "dense", "event": "start"}
{"ts": "2026-09-23T03:56:22.570189+00:00", "trace_id": null, "stage": "dense", "event": "finish", "duration_ms": 0.207, "candidates_out": 20}
{"ts": "2026-09-23T03:56:22.570209+00:00", "trace_id": null, "stage": "lexical", "event": "start"}
{"ts": "2026-09-23T03:56:22.570452+00:00", "trace_id": null, "stage": "lexical", "event": "finish", "duration_ms": 0.243, "candidates_out": 20}
{"ts": "2026-09-23T03:56:22.570481+00:00", "trace_id": null, "stage": "fuse", "event": "start", "candidates_in": 35}
{"ts": "2026-09-23T03:56:22.570548+00:00", "trace_id": null, "stage": "fuse", "event": "finish", "duration_ms": 0.066, "candidates_in": 35, "candidates_out": 26, "top_score": 0.03278688524590164}
{"ts": "2026-09-23T03:56:22.575113+00:00", "trace_id": null, "stage": "gate", "event": "start", "candidates_in": 5}
{"ts": "2026-09-23T03:56:22.575201+00:00", "trace_id": null, "stage": "gate", "event": "finish", "duration_ms": 0.091, "candidates_in": 5, "candidates_out": 5, "top_score": 0.03200204813108039}
{"ts": "2026-09-23T03:56:22.575237+00:00", "trace_id": null, "stage": "embed_query", "event": "start", "model": "Qwen/Qwen3-Embedding-0.6B"}
{"ts": "2026-09-23T03:56:22.598454+00:00", "trace_id": null, "stage": "embed_query", "event": "finish", "duration_ms": 23.214, "model": "Qwen/Qwen3-Embedding-0.6B"}
{"ts": "2026-09-23T03:56:22.598520+00:00", "trace_id": null, "stage": "dense", "event": "start"}
{"ts": "2026-09-23T03:56:22.598753+00:00", "trace_id": null, "stage": "dense", "event": "finish", "duration_ms": 0.232, "candidates_out": 20}
{"ts": "2026-09-23T03:56:22.598786+00:00", "trace_id": null, "stage": "lexical", "event": "start"}
{"ts": "2026-09-23T03:56:22.599044+00:00", "trace_id": null, "stage": "lexical", "event": "finish", "duration_ms": 0.258, "candidates_out": 20}
{"ts": "2026-09-23T03:56:22.599079+00:00", "trace_id": null, "stage": "fuse", "event": "start", "candidates_in": 32}
{"ts": "2026-09-23T03:56:22.599136+00:00", "trace_id": null, "stage": "fuse", "event": "finish", "duration_ms": 0.057, "candidates_in": 32, "candidates_out": 21, "top_score": 0.03252247488101534}
{"ts": "2026-09-23T03:56:22.602743+00:00", "trace_id": null, "stage": "gate", "event": "start", "candidates_in": 5}
{"ts": "2026-09-23T03:56:22.602803+00:00", "trace_id": null, "stage": "gate", "event": "finish", "duration_ms": 0.06, "candidates_in": 5, "candidates_out": 5, "top_score": 0.034579918032786885}
{"ts": "2026-09-23T03:56:22.602835+00:00", "trace_id": null, "stage": "embed_query", "event": "start", "model": "Qwen/Qwen3-Embedding-0.6B"}
{"ts": "2026-09-23T03:56:22.626622+00:00", "trace_id": null, "stage": "embed_query", "event": "finish", "duration_ms": 23.784, "model": "Qwen/Qwen3-Embedding-0.6B"}
{"ts": "2026-09-23T03:56:22.626666+00:00", "trace_id": null, "stage": "dense", "event": "start"}
{"ts": "2026-09-23T03:56:22.626870+00:00", "trace_id": null, "stage": "dense", "event": "finish", "duration_ms": 0.204, "candidates_out": 20}
{"ts": "2026-09-23T03:56:22.626893+00:00", "trace_id": null, "stage": "lexical", "event": "start"}
{"ts": "2026-09-23T03:56:22.627158+00:00", "trace_id": null, "stage": "lexical", "event": "finish", "duration_ms": 0.265, "candidates_out": 20}
{"ts": "2026-09-23T03:56:22.627186+00:00", "trace_id": null, "stage": "fuse", "event": "start", "candidates_in": 33}
{"ts": "2026-09-23T03:56:22.627253+00:00", "trace_id": null, "stage": "fuse", "event": "finish", "duration_ms": 0.066, "candidates_in": 33, "candidates_out": 22, "top_score": 0.03278688524590164}
{"ts": "2026-09-23T03:56:22.631183+00:00", "trace_id": null, "stage": "gate", "event": "start", "candidates_in": 5}
{"ts": "2026-09-23T03:56:22.631267+00:00", "trace_id": null, "stage": "gate", "event": "finish", "duration_ms": 0.085, "candidates_in": 5, "candidates_out": 5, "top_score": 0.054098360655737705}
{"ts": "2026-09-23T03:56:22.631294+00:00", "trace_id": null, "stage": "embed_query", "event": "start", "model": "Qwen/Qwen3-Embedding-0.6B"}
{"ts": "2026-09-23T03:56:22.654401+00:00", "trace_id": null, "stage": "embed_query", "event": "finish", "duration_ms": 23.104, "model": "Qwen/Qwen3-Embedding-0.6B"}
{"ts": "2026-09-23T03:56:22.654435+00:00", "trace_id": null, "stage": "dense", "event": "start"}
{"ts": "2026-09-23T03:56:22.654620+00:00", "trace_id": null, "stage": "dense", "event": "finish", "duration_ms": 0.185, "candidates_out": 20}
{"ts": "2026-09-23T03:56:22.654636+00:00", "trace_id": null, "stage": "lexical", "event": "start"}
{"ts": "2026-09-23T03:56:22.654861+00:00", "trace_id": null, "stage": "lexical", "event": "finish", "duration_ms": 0.225, "candidates_out": 20}
{"ts": "2026-09-23T03:56:22.654884+00:00", "trace_id": null, "stage": "fuse", "event": "start", "candidates_in": 33}
{"ts": "2026-09-23T03:56:22.654951+00:00", "trace_id": null, "stage": "fuse", "event": "finish", "duration_ms": 0.066, "candidates_in": 33, "candidates_out": 22, "top_score": 0.03278688524590164}
{"ts": "2026-09-23T03:56:22.658616+00:00", "trace_id": null, "stage": "gate", "event": "start", "candidates_in": 5}
{"ts": "2026-09-23T03:56:22.658692+00:00", "trace_id": null, "stage": "gate", "event": "finish", "duration_ms": 0.076, "candidates_in": 5, "candidates_out": 5, "top_score": 0.054098360655737705}
{"ts": "2026-09-23T03:56:22.658717+00:00", "trace_id": null, "stage": "embed_query", "event": "start", "model": "Qwen/Qwen3-Embedding-0.6B"}
{"ts": "2026-09-23T03:56:22.681013+00:00", "trace_id": null, "stage": "embed_query", "event": "finish", "duration_ms": 22.293, "model": "Qwen/Qwen3-Embedding-0.6B"}
{"ts": "2026-09-23T03:56:22.681057+00:00", "trace_id": null, "stage": "dense", "event": "start"}
{"ts": "2026-09-23T03:56:22.681273+00:00", "trace_id": null, "stage": "dense", "event": "finish", "duration_ms": 0.217, "candidates_out": 20}
{"ts": "2026-09-23T03:56:22.681293+00:00", "trace_id": null, "stage": "lexical", "event": "start"}
{"ts": "2026-09-23T03:56:22.681641+00:00", "trace_id": null, "stage": "lexical", "event": "finish", "duration_ms": 0.347, "candidates_out": 20}
{"ts": "2026-09-23T03:56:22.681671+00:00", "trace_id": null, "stage": "fuse", "event": "start", "candidates_in": 33}
{"ts": "2026-09-23T03:56:22.681740+00:00", "trace_id": null, "stage": "fuse", "event": "finish", "duration_ms": 0.068, "candidates_in": 33, "candidates_out": 22, "top_score": 0.03278688524590164}
{"ts": "2026-09-23T03:56:22.684838+00:00", "trace_id": null, "stage": "gate", "event": "start", "candidates_in": 5}
{"ts": "2026-09-23T03:56:22.684902+00:00", "trace_id": null, "stage": "gate", "event": "finish", "duration_ms": 0.064, "candidates_in": 5, "candidates_out": 5, "top_score": 0.054098360655737705}
{"ts": "2026-09-23T03:56:22.684931+00:00", "trace_id": null, "stage": "embed_query", "event": "start", "model": "Qwen/Qwen3-Embedding-0.6B"}
{"ts": "2026-09-23T03:56:22.707054+00:00", "trace_id": null, "stage": "embed_query", "event": "finish", "duration_ms": 22.121, "model": "Qwen/Qwen3-Embedding-0.6B"}
{"ts": "2026-09-23T03:56:22.707099+00:00", "trace_id": null, "stage": "dense", "event": "start"}
{"ts": "2026-09-23T03:56:22.707328+00:00", "trace_id": null, "stage": "dense", "event": "finish", "duration_ms": 0.228, "candidates_out": 20}
{"ts": "2026-09-23T03:56:22.707352+00:00", "trace_id": null, "stage": "lexical", "event": "start"}
{"ts": "2026-09-23T03:56:22.707630+00:00", "trace_id": null, "stage": "lexical", "event": "finish", "duration_ms": 0.278, "candidates_out": 20}
{"ts": "2026-09-23T03:56:22.707659+00:00", "trace_id": null, "stage": "fuse", "event": "start", "candidates_in": 32}
{"ts": "2026-09-23T03:56:22.707734+00:00", "trace_id": null, "stage": "fuse", "event": "finish", "duration_ms": 0.075, "candidates_in": 32, "candidates_out": 22, "top_score": 0.03278688524590164}
{"ts": "2026-09-23T03:56:22.710247+00:00", "trace_id": null, "stage": "gate", "event": "start", "candidates_in": 5}
{"ts": "2026-09-23T03:56:22.710312+00:00", "trace_id": null, "stage": "gate", "event": "finish", "duration_ms": 0.064, "candidates_in": 5, "candidates_out": 5, "top_score": 0.05901639344262295}
{"ts": "2026-09-23T03:56:22.710456+00:00", "trace_id": null, "stage": "embed_query", "event": "start", "model": "Qwen/Qwen3-Embedding-0.6B"}
{"ts": "2026-09-23T03:56:22.755368+00:00", "trace_id": null, "stage": "embed_query", "event": "finish", "duration_ms": 44.914, "model": "Qwen/Qwen3-Embedding-0.6B"}
{"ts": "2026-09-23T03:56:22.755451+00:00", "trace_id": null, "stage": "dense", "event": "start"}
{"ts": "2026-09-23T03:56:22.755888+00:00", "trace_id": null, "stage": "dense", "event": "finish", "duration_ms": 0.436, "candidates_out": 20}
{"ts": "2026-09-23T03:56:22.755938+00:00", "trace_id": null, "stage": "lexical", "event": "start"}
{"ts": "2026-09-23T03:56:22.756847+00:00", "trace_id": null, "stage": "lexical", "event": "finish", "duration_ms": 0.907, "candidates_out": 20}
{"ts": "2026-09-23T03:56:22.756894+00:00", "trace_id": null, "stage": "fuse", "event": "start", "candidates_in": 31}
{"ts": "2026-09-23T03:56:22.757138+00:00", "trace_id": null, "stage": "fuse", "event": "finish", "duration_ms": 0.241, "candidates_in": 31, "candidates_out": 22, "top_score": 0.03278688524590164}
{"ts": "2026-09-23T03:56:22.766977+00:00", "trace_id": null, "stage": "gate", "event": "start", "candidates_in": 5}
{"ts": "2026-09-23T03:56:22.767091+00:00", "trace_id": null, "stage": "gate", "event": "finish", "duration_ms": 0.117, "candidates_in": 5, "candidates_out": 5, "top_score": 0.14065573770491804}
{"ts": "2026-09-23T03:56:22.767136+00:00", "trace_id": null, "stage": "embed_query", "event": "start", "model": "Qwen/Qwen3-Embedding-0.6B"}
{"ts": "2026-09-23T03:56:22.793431+00:00", "trace_id": null, "stage": "embed_query", "event": "finish", "duration_ms": 26.287, "model": "Qwen/Qwen3-Embedding-0.6B"}
{"ts": "2026-09-23T03:56:22.793532+00:00", "trace_id": null, "stage": "dense", "event": "start"}
{"ts": "2026-09-23T03:56:22.793848+00:00", "trace_id": null, "stage": "dense", "event": "finish", "duration_ms": 0.316, "candidates_out": 20}
{"ts": "2026-09-23T03:56:22.793885+00:00", "trace_id": null, "stage": "lexical", "event": "start"}
{"ts": "2026-09-23T03:56:22.794192+00:00", "trace_id": null, "stage": "lexical", "event": "finish", "duration_ms": 0.307, "candidates_out": 20}
{"ts": "2026-09-23T03:56:22.794222+00:00", "trace_id": null, "stage": "fuse", "event": "start", "candidates_in": 34}
{"ts": "2026-09-23T03:56:22.794302+00:00", "trace_id": null, "stage": "fuse", "event": "finish", "duration_ms": 0.079, "candidates_in": 34, "candidates_out": 23, "top_score": 0.03252247488101534}
{"ts": "2026-09-23T03:56:22.797545+00:00", "trace_id": null, "stage": "gate", "event": "start", "candidates_in": 5}
{"ts": "2026-09-23T03:56:22.797633+00:00", "trace_id": null, "stage": "gate", "event": "finish", "duration_ms": 0.089, "candidates_in": 5, "candidates_out": 5, "top_score": 0.03252247488101534}
{"ts": "2026-09-23T03:56:22.797672+00:00", "trace_id": null, "stage": "embed_query", "event": "start", "model": "Qwen/Qwen3-Embedding-0.6B"}
{"ts": "2026-09-23T03:56:22.821157+00:00", "trace_id": null, "stage": "embed_query", "event": "finish", "duration_ms": 23.483, "model": "Qwen/Qwen3-Embedding-0.6B"}
{"ts": "2026-09-23T03:56:22.821195+00:00", "trace_id": null, "stage": "dense", "event": "start"}
{"ts": "2026-09-23T03:56:22.821394+00:00", "trace_id": null, "stage": "dense", "event": "finish", "duration_ms": 0.199, "candidates_out": 20}
{"ts": "2026-09-23T03:56:22.821412+00:00", "trace_id": null, "stage": "lexical", "event": "start"}
{"ts": "2026-09-23T03:56:22.821663+00:00", "trace_id": null, "stage": "lexical", "event": "finish", "duration_ms": 0.251, "candidates_out": 20}
{"ts": "2026-09-23T03:56:22.821688+00:00", "trace_id": null, "stage": "fuse", "event": "start", "candidates_in": 33}
{"ts": "2026-09-23T03:56:22.821758+00:00", "trace_id": null, "stage": "fuse", "event": "finish", "duration_ms": 0.069, "candidates_in": 33, "candidates_out": 20, "top_score": 0.03225806451612903}
{"ts": "2026-09-23T03:56:22.824346+00:00", "trace_id": null, "stage": "gate", "event": "start", "candidates_in": 5}
{"ts": "2026-09-23T03:56:22.824408+00:00", "trace_id": null, "stage": "gate", "event": "finish", "duration_ms": 0.062, "candidates_in": 5, "candidates_out": 5, "top_score": 0.0532258064516129}
{"ts": "2026-09-23T03:56:22.824433+00:00", "trace_id": null, "stage": "embed_query", "event": "start", "model": "Qwen/Qwen3-Embedding-0.6B"}
{"ts": "2026-09-23T03:56:22.846024+00:00", "trace_id": null, "stage": "embed_query", "event": "finish", "duration_ms": 21.588, "model": "Qwen/Qwen3-Embedding-0.6B"}
{"ts": "2026-09-23T03:56:22.846061+00:00", "trace_id": null, "stage": "dense", "event": "start"}
{"ts": "2026-09-23T03:56:22.846254+00:00", "trace_id": null, "stage": "dense", "event": "finish", "duration_ms": 0.194, "candidates_out": 20}
{"ts": "2026-09-23T03:56:22.846272+00:00", "trace_id": null, "stage": "lexical", "event": "start"}
{"ts": "2026-09-23T03:56:22.846511+00:00", "trace_id": null, "stage": "lexical", "event": "finish", "duration_ms": 0.239, "candidates_out": 20}
{"ts": "2026-09-23T03:56:22.846537+00:00", "trace_id": null, "stage": "fuse", "event": "start", "candidates_in": 34}
{"ts": "2026-09-23T03:56:22.846606+00:00", "trace_id": null, "stage": "fuse", "event": "finish", "duration_ms": 0.068, "candidates_in": 34, "candidates_out": 24, "top_score": 0.03278688524590164}
{"ts": "2026-09-23T03:56:22.850449+00:00", "trace_id": null, "stage": "gate", "event": "start", "candidates_in": 5}
{"ts": "2026-09-23T03:56:22.850511+00:00", "trace_id": null, "stage": "gate", "event": "finish", "duration_ms": 0.062, "candidates_in": 5, "candidates_out": 5, "top_score": 0.03225806451612903}
{"ts": "2026-09-23T03:56:22.850542+00:00", "trace_id": null, "stage": "embed_query", "event": "start", "model": "Qwen/Qwen3-Embedding-0.6B"}
{"ts": "2026-09-23T03:56:22.872023+00:00", "trace_id": null, "stage": "embed_query", "event": "finish", "duration_ms": 21.48, "model": "Qwen/Qwen3-Embedding-0.6B"}
{"ts": "2026-09-23T03:56:22.872054+00:00", "trace_id": null, "stage": "dense", "event": "start"}
{"ts": "2026-09-23T03:56:22.872225+00:00", "trace_id": null, "stage": "dense", "event": "finish", "duration_ms": 0.171, "candidates_out": 20}
{"ts": "2026-09-23T03:56:22.872241+00:00", "trace_id": null, "stage": "lexical", "event": "start"}
{"ts": "2026-09-23T03:56:22.872474+00:00", "trace_id": null, "stage": "lexical", "event": "finish", "duration_ms": 0.233, "candidates_out": 20}
{"ts": "2026-09-23T03:56:22.872503+00:00", "trace_id": null, "stage": "fuse", "event": "start", "candidates_in": 34}
{"ts": "2026-09-23T03:56:22.872569+00:00", "trace_id": null, "stage": "fuse", "event": "finish", "duration_ms": 0.066, "candidates_in": 34, "candidates_out": 26, "top_score": 0.03278688524590164}
{"ts": "2026-09-23T03:56:22.877407+00:00", "trace_id": null, "stage": "gate", "event": "start", "candidates_in": 5}
{"ts": "2026-09-23T03:56:22.877467+00:00", "trace_id": null, "stage": "gate", "event": "finish", "duration_ms": 0.06, "candidates_in": 5, "candidates_out": 5, "top_score": 0.08524590163934427}
{"ts": "2026-09-23T03:56:22.877491+00:00", "trace_id": null, "stage": "embed_query", "event": "start", "model": "Qwen/Qwen3-Embedding-0.6B"}
{"ts": "2026-09-23T03:56:22.900101+00:00", "trace_id": null, "stage": "embed_query", "event": "finish", "duration_ms": 22.607, "model": "Qwen/Qwen3-Embedding-0.6B"}
{"ts": "2026-09-23T03:56:22.900137+00:00", "trace_id": null, "stage": "dense", "event": "start"}
{"ts": "2026-09-23T03:56:22.900325+00:00", "trace_id": null, "stage": "dense", "event": "finish", "duration_ms": 0.187, "candidates_out": 20}
{"ts": "2026-09-23T03:56:22.900341+00:00", "trace_id": null, "stage": "lexical", "event": "start"}
{"ts": "2026-09-23T03:56:22.900573+00:00", "trace_id": null, "stage": "lexical", "event": "finish", "duration_ms": 0.231, "candidates_out": 20}
{"ts": "2026-09-23T03:56:22.900599+00:00", "trace_id": null, "stage": "fuse", "event": "start", "candidates_in": 34}
{"ts": "2026-09-23T03:56:22.900681+00:00", "trace_id": null, "stage": "fuse", "event": "finish", "duration_ms": 0.082, "candidates_in": 34, "candidates_out": 26, "top_score": 0.03278688524590164}
{"ts": "2026-09-23T03:56:22.905439+00:00", "trace_id": null, "stage": "gate", "event": "start", "candidates_in": 5}
{"ts": "2026-09-23T03:56:22.905491+00:00", "trace_id": null, "stage": "gate", "event": "finish", "duration_ms": 0.052, "candidates_in": 5, "candidates_out": 5, "top_score": 0.05901639344262295}
{"ts": "2026-09-23T03:56:22.905513+00:00", "trace_id": null, "stage": "embed_query", "event": "start", "model": "Qwen/Qwen3-Embedding-0.6B"}
{"ts": "2026-09-23T03:56:22.927304+00:00", "trace_id": null, "stage": "embed_query", "event": "finish", "duration_ms": 21.788, "model": "Qwen/Qwen3-Embedding-0.6B"}
{"ts": "2026-09-23T03:56:22.927354+00:00", "trace_id": null, "stage": "dense", "event": "start"}
{"ts": "2026-09-23T03:56:22.927574+00:00", "trace_id": null, "stage": "dense", "event": "finish", "duration_ms": 0.22, "candidates_out": 20}
{"ts": "2026-09-23T03:56:22.927593+00:00", "trace_id": null, "stage": "lexical", "event": "start"}
{"ts": "2026-09-23T03:56:22.927862+00:00", "trace_id": null, "stage": "lexical", "event": "finish", "duration_ms": 0.268, "candidates_out": 20}
{"ts": "2026-09-23T03:56:22.927888+00:00", "trace_id": null, "stage": "fuse", "event": "start", "candidates_in": 32}
{"ts": "2026-09-23T03:56:22.927957+00:00", "trace_id": null, "stage": "fuse", "event": "finish", "duration_ms": 0.068, "candidates_in": 32, "candidates_out": 20, "top_score": 0.03278688524590164}
{"ts": "2026-09-23T03:56:22.930598+00:00", "trace_id": null, "stage": "gate", "event": "start", "candidates_in": 5}
{"ts": "2026-09-23T03:56:22.930657+00:00", "trace_id": null, "stage": "gate", "event": "finish", "duration_ms": 0.059, "candidates_in": 5, "candidates_out": 5, "top_score": 0.09737704918032787}
{"ts": "2026-09-23T03:56:22.930686+00:00", "trace_id": null, "stage": "embed_query", "event": "start", "model": "Qwen/Qwen3-Embedding-0.6B"}
{"ts": "2026-09-23T03:56:22.952601+00:00", "trace_id": null, "stage": "embed_query", "event": "finish", "duration_ms": 21.913, "model": "Qwen/Qwen3-Embedding-0.6B"}
{"ts": "2026-09-23T03:56:22.952639+00:00", "trace_id": null, "stage": "dense", "event": "start"}
{"ts": "2026-09-23T03:56:22.952825+00:00", "trace_id": null, "stage": "dense", "event": "finish", "duration_ms": 0.187, "candidates_out": 20}
{"ts": "2026-09-23T03:56:22.952843+00:00", "trace_id": null, "stage": "lexical", "event": "start"}
{"ts": "2026-09-23T03:56:22.953089+00:00", "trace_id": null, "stage": "lexical", "event": "finish", "duration_ms": 0.245, "candidates_out": 20}
{"ts": "2026-09-23T03:56:22.953120+00:00", "trace_id": null, "stage": "fuse", "event": "start", "candidates_in": 33}
{"ts": "2026-09-23T03:56:22.953197+00:00", "trace_id": null, "stage": "fuse", "event": "finish", "duration_ms": 0.077, "candidates_in": 33, "candidates_out": 25, "top_score": 0.032018442622950824}
{"ts": "2026-09-23T03:56:22.957444+00:00", "trace_id": null, "stage": "gate", "event": "start", "candidates_in": 5}
{"ts": "2026-09-23T03:56:22.957503+00:00", "trace_id": null, "stage": "gate", "event": "finish", "duration_ms": 0.059, "candidates_in": 5, "candidates_out": 5, "top_score": 0.09509477459016394}
{"ts": "2026-09-23T03:56:22.957529+00:00", "trace_id": null, "stage": "embed_query", "event": "start", "model": "Qwen/Qwen3-Embedding-0.6B"}
{"ts": "2026-09-23T03:56:22.980461+00:00", "trace_id": null, "stage": "embed_query", "event": "finish", "duration_ms": 22.93, "model": "Qwen/Qwen3-Embedding-0.6B"}
{"ts": "2026-09-23T03:56:22.980494+00:00", "trace_id": null, "stage": "dense", "event": "start"}
{"ts": "2026-09-23T03:56:22.980671+00:00", "trace_id": null, "stage": "dense", "event": "finish", "duration_ms": 0.178, "candidates_out": 20}
{"ts": "2026-09-23T03:56:22.980686+00:00", "trace_id": null, "stage": "lexical", "event": "start"}
{"ts": "2026-09-23T03:56:22.980939+00:00", "trace_id": null, "stage": "lexical", "event": "finish", "duration_ms": 0.253, "candidates_out": 20}
{"ts": "2026-09-23T03:56:22.980964+00:00", "trace_id": null, "stage": "fuse", "event": "start", "candidates_in": 34}
{"ts": "2026-09-23T03:56:22.981031+00:00", "trace_id": null, "stage": "fuse", "event": "finish", "duration_ms": 0.067, "candidates_in": 34, "candidates_out": 22, "top_score": 0.03278688524590164}
{"ts": "2026-09-23T03:56:22.986325+00:00", "trace_id": null, "stage": "gate", "event": "start", "candidates_in": 5}
{"ts": "2026-09-23T03:56:22.986383+00:00", "trace_id": null, "stage": "gate", "event": "finish", "duration_ms": 0.058, "candidates_in": 5, "candidates_out": 5, "top_score": 0.054098360655737705}
{"ts": "2026-09-23T03:56:22.986408+00:00", "trace_id": null, "stage": "embed_query", "event": "start", "model": "Qwen/Qwen3-Embedding-0.6B"}
{"ts": "2026-09-23T03:56:23.009280+00:00", "trace_id": null, "stage": "embed_query", "event": "finish", "duration_ms": 22.869, "model": "Qwen/Qwen3-Embedding-0.6B"}
{"ts": "2026-09-23T03:56:23.009317+00:00", "trace_id": null, "stage": "dense", "event": "start"}
{"ts": "2026-09-23T03:56:23.009515+00:00", "trace_id": null, "stage": "dense", "event": "finish", "duration_ms": 0.198, "candidates_out": 20}
{"ts": "2026-09-23T03:56:23.009533+00:00", "trace_id": null, "stage": "lexical", "event": "start"}
{"ts": "2026-09-23T03:56:23.009764+00:00", "trace_id": null, "stage": "lexical", "event": "finish", "duration_ms": 0.23, "candidates_out": 20}
{"ts": "2026-09-23T03:56:23.009788+00:00", "trace_id": null, "stage": "fuse", "event": "start", "candidates_in": 30}
{"ts": "2026-09-23T03:56:23.009856+00:00", "trace_id": null, "stage": "fuse", "event": "finish", "duration_ms": 0.067, "candidates_in": 30, "candidates_out": 25, "top_score": 0.03278688524590164}
{"ts": "2026-09-23T03:56:23.015906+00:00", "trace_id": null, "stage": "gate", "event": "start", "candidates_in": 5}
{"ts": "2026-09-23T03:56:23.015970+00:00", "trace_id": null, "stage": "gate", "event": "finish", "duration_ms": 0.064, "candidates_in": 5, "candidates_out": 5, "top_score": 0.11147540983606559}
{"ts": "2026-09-23T03:56:23.015998+00:00", "trace_id": null, "stage": "embed_query", "event": "start", "model": "Qwen/Qwen3-Embedding-0.6B"}
{"ts": "2026-09-23T03:56:23.038714+00:00", "trace_id": null, "stage": "embed_query", "event": "finish", "duration_ms": 22.714, "model": "Qwen/Qwen3-Embedding-0.6B"}
{"ts": "2026-09-23T03:56:23.038751+00:00", "trace_id": null, "stage": "dense", "event": "start"}
{"ts": "2026-09-23T03:56:23.038935+00:00", "trace_id": null, "stage": "dense", "event": "finish", "duration_ms": 0.183, "candidates_out": 20}
{"ts": "2026-09-23T03:56:23.038954+00:00", "trace_id": null, "stage": "lexical", "event": "start"}
{"ts": "2026-09-23T03:56:23.039205+00:00", "trace_id": null, "stage": "lexical", "event": "finish", "duration_ms": 0.25, "candidates_out": 20}
{"ts": "2026-09-23T03:56:23.039230+00:00", "trace_id": null, "stage": "fuse", "event": "start", "candidates_in": 30}
{"ts": "2026-09-23T03:56:23.039295+00:00", "trace_id": null, "stage": "fuse", "event": "finish", "duration_ms": 0.065, "candidates_in": 30, "candidates_out": 22, "top_score": 0.03278688524590164}
{"ts": "2026-09-23T03:56:23.044403+00:00", "trace_id": null, "stage": "gate", "event": "start", "candidates_in": 5}
{"ts": "2026-09-23T03:56:23.044467+00:00", "trace_id": null, "stage": "gate", "event": "finish", "duration_ms": 0.065, "candidates_in": 5, "candidates_out": 5, "top_score": 0.09428571428571428}
{"ts": "2026-09-23T03:56:23.044494+00:00", "trace_id": null, "stage": "embed_query", "event": "start", "model": "Qwen/Qwen3-Embedding-0.6B"}
{"ts": "2026-09-23T03:56:23.067377+00:00", "trace_id": null, "stage": "embed_query", "event": "finish", "duration_ms": 22.881, "model": "Qwen/Qwen3-Embedding-0.6B"}
{"ts": "2026-09-23T03:56:23.067410+00:00", "trace_id": null, "stage": "dense", "event": "start"}
{"ts": "2026-09-23T03:56:23.067586+00:00", "trace_id": null, "stage": "dense", "event": "finish", "duration_ms": 0.177, "candidates_out": 20}
{"ts": "2026-09-23T03:56:23.067602+00:00", "trace_id": null, "stage": "lexical", "event": "start"}
{"ts": "2026-09-23T03:56:23.067820+00:00", "trace_id": null, "stage": "lexical", "event": "finish", "duration_ms": 0.218, "candidates_out": 20}
{"ts": "2026-09-23T03:56:23.067843+00:00", "trace_id": null, "stage": "fuse", "event": "start", "candidates_in": 30}
{"ts": "2026-09-23T03:56:23.067915+00:00", "trace_id": null, "stage": "fuse", "event": "finish", "duration_ms": 0.072, "candidates_in": 30, "candidates_out": 21, "top_score": 0.03252247488101534}
{"ts": "2026-09-23T03:56:23.072751+00:00", "trace_id": null, "stage": "gate", "event": "start", "candidates_in": 5}
{"ts": "2026-09-23T03:56:23.072840+00:00", "trace_id": null, "stage": "gate", "event": "finish", "duration_ms": 0.089, "candidates_in": 5, "candidates_out": 5, "top_score": 0.13842310694769713}
{"ts": "2026-09-23T03:56:23.072878+00:00", "trace_id": null, "stage": "embed_query", "event": "start", "model": "Qwen/Qwen3-Embedding-0.6B"}
{"ts": "2026-09-23T03:56:23.095988+00:00", "trace_id": null, "stage": "embed_query", "event": "finish", "duration_ms": 23.107, "model": "Qwen/Qwen3-Embedding-0.6B"}
{"ts": "2026-09-23T03:56:23.096029+00:00", "trace_id": null, "stage": "dense", "event": "start"}
{"ts": "2026-09-23T03:56:23.096224+00:00", "trace_id": null, "stage": "dense", "event": "finish", "duration_ms": 0.194, "candidates_out": 20}
{"ts": "2026-09-23T03:56:23.096240+00:00", "trace_id": null, "stage": "lexical", "event": "start"}
{"ts": "2026-09-23T03:56:23.096468+00:00", "trace_id": null, "stage": "lexical", "event": "finish", "duration_ms": 0.227, "candidates_out": 19}
{"ts": "2026-09-23T03:56:23.096492+00:00", "trace_id": null, "stage": "fuse", "event": "start", "candidates_in": 26}
{"ts": "2026-09-23T03:56:23.096573+00:00", "trace_id": null, "stage": "fuse", "event": "finish", "duration_ms": 0.081, "candidates_in": 26, "candidates_out": 16, "top_score": 0.03278688524590164}
{"ts": "2026-09-23T03:56:23.099633+00:00", "trace_id": null, "stage": "gate", "event": "start", "candidates_in": 5}
{"ts": "2026-09-23T03:56:23.099693+00:00", "trace_id": null, "stage": "gate", "event": "finish", "duration_ms": 0.061, "candidates_in": 5, "candidates_out": 5, "top_score": 0.14065573770491804}
{"ts": "2026-09-23T03:56:23.099718+00:00", "trace_id": null, "stage": "embed_query", "event": "start", "model": "Qwen/Qwen3-Embedding-0.6B"}
{"ts": "2026-09-23T03:56:23.121697+00:00", "trace_id": null, "stage": "embed_query", "event": "finish", "duration_ms": 21.976, "model": "Qwen/Qwen3-Embedding-0.6B"}
{"ts": "2026-09-23T03:56:23.121741+00:00", "trace_id": null, "stage": "dense", "event": "start"}
{"ts": "2026-09-23T03:56:23.121956+00:00", "trace_id": null, "stage": "dense", "event": "finish", "duration_ms": 0.214, "candidates_out": 20}
{"ts": "2026-09-23T03:56:23.121974+00:00", "trace_id": null, "stage": "lexical", "event": "start"}
{"ts": "2026-09-23T03:56:23.122189+00:00", "trace_id": null, "stage": "lexical", "event": "finish", "duration_ms": 0.214, "candidates_out": 14}
{"ts": "2026-09-23T03:56:23.122214+00:00", "trace_id": null, "stage": "fuse", "event": "start", "candidates_in": 26}
{"ts": "2026-09-23T03:56:23.122282+00:00", "trace_id": null, "stage": "fuse", "event": "finish", "duration_ms": 0.066, "candidates_in": 26, "candidates_out": 16, "top_score": 0.03278688524590164}
{"ts": "2026-09-23T03:56:23.124712+00:00", "trace_id": null, "stage": "gate", "event": "start", "candidates_in": 5}
{"ts": "2026-09-23T03:56:23.124784+00:00", "trace_id": null, "stage": "gate", "event": "finish", "duration_ms": 0.071, "candidates_in": 5, "candidates_out": 5, "top_score": 0.11147540983606559}
{"ts": "2026-09-23T03:56:23.124814+00:00", "trace_id": null, "stage": "embed_query", "event": "start", "model": "Qwen/Qwen3-Embedding-0.6B"}
{"ts": "2026-09-23T03:56:23.147685+00:00", "trace_id": null, "stage": "embed_query", "event": "finish", "duration_ms": 22.869, "model": "Qwen/Qwen3-Embedding-0.6B"}
{"ts": "2026-09-23T03:56:23.147725+00:00", "trace_id": null, "stage": "dense", "event": "start"}
{"ts": "2026-09-23T03:56:23.147938+00:00", "trace_id": null, "stage": "dense", "event": "finish", "duration_ms": 0.213, "candidates_out": 20}
{"ts": "2026-09-23T03:56:23.148017+00:00", "trace_id": null, "stage": "lexical", "event": "start"}
{"ts": "2026-09-23T03:56:23.148318+00:00", "trace_id": null, "stage": "lexical", "event": "finish", "duration_ms": 0.323, "candidates_out": 20}
{"ts": "2026-09-23T03:56:23.148348+00:00", "trace_id": null, "stage": "fuse", "event": "start", "candidates_in": 28}
{"ts": "2026-09-23T03:56:23.148431+00:00", "trace_id": null, "stage": "fuse", "event": "finish", "duration_ms": 0.083, "candidates_in": 28, "candidates_out": 22, "top_score": 0.03252247488101534}
{"ts": "2026-09-23T03:56:23.153307+00:00", "trace_id": null, "stage": "gate", "event": "start", "candidates_in": 5}
{"ts": "2026-09-23T03:56:23.153364+00:00", "trace_id": null, "stage": "gate", "event": "finish", "duration_ms": 0.057, "candidates_in": 5, "candidates_out": 5, "top_score": 0.09659175039661555}
{"ts": "2026-09-23T03:56:23.153388+00:00", "trace_id": null, "stage": "embed_query", "event": "start", "model": "Qwen/Qwen3-Embedding-0.6B"}
{"ts": "2026-09-23T03:56:23.176362+00:00", "trace_id": null, "stage": "embed_query", "event": "finish", "duration_ms": 22.972, "model": "Qwen/Qwen3-Embedding-0.6B"}
{"ts": "2026-09-23T03:56:23.176393+00:00", "trace_id": null, "stage": "dense", "event": "start"}
{"ts": "2026-09-23T03:56:23.176568+00:00", "trace_id": null, "stage": "dense", "event": "finish", "duration_ms": 0.175, "candidates_out": 20}
{"ts": "2026-09-23T03:56:23.176583+00:00", "trace_id": null, "stage": "lexical", "event": "start"}
{"ts": "2026-09-23T03:56:23.176838+00:00", "trace_id": null, "stage": "lexical", "event": "finish", "duration_ms": 0.255, "candidates_out": 20}
{"ts": "2026-09-23T03:56:23.176868+00:00", "trace_id": null, "stage": "fuse", "event": "start", "candidates_in": 30}
{"ts": "2026-09-23T03:56:23.176941+00:00", "trace_id": null, "stage": "fuse", "event": "finish", "duration_ms": 0.073, "candidates_in": 30, "candidates_out": 21, "top_score": 0.032266458495966696}
{"ts": "2026-09-23T03:56:23.181220+00:00", "trace_id": null, "stage": "gate", "event": "start", "candidates_in": 5}
{"ts": "2026-09-23T03:56:23.181275+00:00", "trace_id": null, "stage": "gate", "event": "finish", "duration_ms": 0.054, "candidates_in": 5, "candidates_out": 5, "top_score": 0.05038461538461538}
{"ts": "2026-09-23T03:56:23.181299+00:00", "trace_id": null, "stage": "embed_query", "event": "start", "model": "Qwen/Qwen3-Embedding-0.6B"}
{"ts": "2026-09-23T03:56:23.203390+00:00", "trace_id": null, "stage": "embed_query", "event": "finish", "duration_ms": 22.089, "model": "Qwen/Qwen3-Embedding-0.6B"}
{"ts": "2026-09-23T03:56:23.203432+00:00", "trace_id": null, "stage": "dense", "event": "start"}
{"ts": "2026-09-23T03:56:23.203629+00:00", "trace_id": null, "stage": "dense", "event": "finish", "duration_ms": 0.198, "candidates_out": 20}
{"ts": "2026-09-23T03:56:23.203646+00:00", "trace_id": null, "stage": "lexical", "event": "start"}
{"ts": "2026-09-23T03:56:23.203899+00:00", "trace_id": null, "stage": "lexical", "event": "finish", "duration_ms": 0.253, "candidates_out": 20}
{"ts": "2026-09-23T03:56:23.203925+00:00", "trace_id": null, "stage": "fuse", "event": "start", "candidates_in": 27}
{"ts": "2026-09-23T03:56:23.203988+00:00", "trace_id": null, "stage": "fuse", "event": "finish", "duration_ms": 0.063, "candidates_in": 27, "candidates_out": 19, "top_score": 0.032266458495966696}
{"ts": "2026-09-23T03:56:23.208240+00:00", "trace_id": null, "stage": "gate", "event": "start", "candidates_in": 5}
{"ts": "2026-09-23T03:56:23.208476+00:00", "trace_id": null, "stage": "gate", "event": "finish", "duration_ms": 0.236, "candidates_in": 5, "candidates_out": 5, "top_score": 0.04817774936061381}
{"ts": "2026-09-23T03:56:23.208509+00:00", "trace_id": null, "stage": "embed_query", "event": "start", "model": "Qwen/Qwen3-Embedding-0.6B"}
{"ts": "2026-09-23T03:56:23.230057+00:00", "trace_id": null, "stage": "embed_query", "event": "finish", "duration_ms": 21.545, "model": "Qwen/Qwen3-Embedding-0.6B"}
{"ts": "2026-09-23T03:56:23.230096+00:00", "trace_id": null, "stage": "dense", "event": "start"}
{"ts": "2026-09-23T03:56:23.230277+00:00", "trace_id": null, "stage": "dense", "event": "finish", "duration_ms": 0.181, "candidates_out": 20}
{"ts": "2026-09-23T03:56:23.230291+00:00", "trace_id": null, "stage": "lexical", "event": "start"}
{"ts": "2026-09-23T03:56:23.230519+00:00", "trace_id": null, "stage": "lexical", "event": "finish", "duration_ms": 0.227, "candidates_out": 20}
{"ts": "2026-09-23T03:56:23.230542+00:00", "trace_id": null, "stage": "fuse", "event": "start", "candidates_in": 25}
{"ts": "2026-09-23T03:56:23.230603+00:00", "trace_id": null, "stage": "fuse", "event": "finish", "duration_ms": 0.061, "candidates_in": 25, "candidates_out": 19, "top_score": 0.032018442622950824}
{"ts": "2026-09-23T03:56:23.233390+00:00", "trace_id": null, "stage": "gate", "event": "start", "candidates_in": 5}
{"ts": "2026-09-23T03:56:23.233447+00:00", "trace_id": null, "stage": "gate", "event": "finish", "duration_ms": 0.058, "candidates_in": 5, "candidates_out": 5, "top_score": 0.05052594670406732}
{"ts": "2026-09-23T03:56:23.233471+00:00", "trace_id": null, "stage": "embed_query", "event": "start", "model": "Qwen/Qwen3-Embedding-0.6B"}
{"ts": "2026-09-23T03:56:23.255038+00:00", "trace_id": null, "stage": "embed_query", "event": "finish", "duration_ms": 21.565, "model": "Qwen/Qwen3-Embedding-0.6B"}
{"ts": "2026-09-23T03:56:23.255076+00:00", "trace_id": null, "stage": "dense", "event": "start"}
{"ts": "2026-09-23T03:56:23.255260+00:00", "trace_id": null, "stage": "dense", "event": "finish", "duration_ms": 0.184, "candidates_out": 20}
{"ts": "2026-09-23T03:56:23.255279+00:00", "trace_id": null, "stage": "lexical", "event": "start"}
{"ts": "2026-09-23T03:56:23.255567+00:00", "trace_id": null, "stage": "lexical", "event": "finish", "duration_ms": 0.288, "candidates_out": 20}
{"ts": "2026-09-23T03:56:23.255634+00:00", "trace_id": null, "stage": "fuse", "event": "start", "candidates_in": 21}
{"ts": "2026-09-23T03:56:23.255694+00:00", "trace_id": null, "stage": "fuse", "event": "finish", "duration_ms": 0.06, "candidates_in": 21, "candidates_out": 15, "top_score": 0.032018442622950824}
{"ts": "2026-09-23T03:56:23.257949+00:00", "trace_id": null, "stage": "gate", "event": "start", "candidates_in": 5}
{"ts": "2026-09-23T03:56:23.258009+00:00", "trace_id": null, "stage": "gate", "event": "finish", "duration_ms": 0.06, "candidates_in": 5, "candidates_out": 5, "top_score": 0.05280337941628264}
{"ts": "2026-09-23T03:56:23.258034+00:00", "trace_id": null, "stage": "embed_query", "event": "start", "model": "Qwen/Qwen3-Embedding-0.6B"}
{"ts": "2026-09-23T03:56:23.279576+00:00", "trace_id": null, "stage": "embed_query", "event": "finish", "duration_ms": 21.54, "model": "Qwen/Qwen3-Embedding-0.6B"}
{"ts": "2026-09-23T03:56:23.279610+00:00", "trace_id": null, "stage": "dense", "event": "start"}
{"ts": "2026-09-23T03:56:23.279791+00:00", "trace_id": null, "stage": "dense", "event": "finish", "duration_ms": 0.181, "candidates_out": 20}
{"ts": "2026-09-23T03:56:23.279806+00:00", "trace_id": null, "stage": "lexical", "event": "start"}
{"ts": "2026-09-23T03:56:23.280030+00:00", "trace_id": null, "stage": "lexical", "event": "finish", "duration_ms": 0.224, "candidates_out": 20}
{"ts": "2026-09-23T03:56:23.280056+00:00", "trace_id": null, "stage": "fuse", "event": "start", "candidates_in": 24}
{"ts": "2026-09-23T03:56:23.280122+00:00", "trace_id": null, "stage": "fuse", "event": "finish", "duration_ms": 0.066, "candidates_in": 24, "candidates_out": 18, "top_score": 0.032018442622950824}
{"ts": "2026-09-23T03:56:23.282977+00:00", "trace_id": null, "stage": "gate", "event": "start", "candidates_in": 5}
{"ts": "2026-09-23T03:56:23.283039+00:00", "trace_id": null, "stage": "gate", "event": "finish", "duration_ms": 0.062, "candidates_in": 5, "candidates_out": 5, "top_score": 0.05280337941628264}
{"ts": "2026-09-23T03:56:23.283067+00:00", "trace_id": null, "stage": "embed_query", "event": "start", "model": "Qwen/Qwen3-Embedding-0.6B"}
{"ts": "2026-09-23T03:56:23.305836+00:00", "trace_id": null, "stage": "embed_query", "event": "finish", "duration_ms": 22.766, "model": "Qwen/Qwen3-Embedding-0.6B"}
{"ts": "2026-09-23T03:56:23.305877+00:00", "trace_id": null, "stage": "dense", "event": "start"}
{"ts": "2026-09-23T03:56:23.306063+00:00", "trace_id": null, "stage": "dense", "event": "finish", "duration_ms": 0.187, "candidates_out": 20}
{"ts": "2026-09-23T03:56:23.306081+00:00", "trace_id": null, "stage": "lexical", "event": "start"}
{"ts": "2026-09-23T03:56:23.306375+00:00", "trace_id": null, "stage": "lexical", "event": "finish", "duration_ms": 0.295, "candidates_out": 20}
{"ts": "2026-09-23T03:56:23.306420+00:00", "trace_id": null, "stage": "fuse", "event": "start", "candidates_in": 36}
{"ts": "2026-09-23T03:56:23.306537+00:00", "trace_id": null, "stage": "fuse", "event": "finish", "duration_ms": 0.118, "candidates_in": 36, "candidates_out": 27, "top_score": 0.03278688524590164}
{"ts": "2026-09-23T03:56:23.311980+00:00", "trace_id": null, "stage": "gate", "event": "start", "candidates_in": 5}
{"ts": "2026-09-23T03:56:23.312041+00:00", "trace_id": null, "stage": "gate", "event": "finish", "duration_ms": 0.061, "candidates_in": 5, "candidates_out": 5, "top_score": 0.04969429347826087}
{"ts": "2026-09-23T03:56:23.312068+00:00", "trace_id": null, "stage": "embed_query", "event": "start", "model": "Qwen/Qwen3-Embedding-0.6B"}
{"ts": "2026-09-23T03:56:23.335662+00:00", "trace_id": null, "stage": "embed_query", "event": "finish", "duration_ms": 23.59, "model": "Qwen/Qwen3-Embedding-0.6B"}
{"ts": "2026-09-23T03:56:23.335705+00:00", "trace_id": null, "stage": "dense", "event": "start"}
{"ts": "2026-09-23T03:56:23.335907+00:00", "trace_id": null, "stage": "dense", "event": "finish", "duration_ms": 0.202, "candidates_out": 20}
{"ts": "2026-09-23T03:56:23.335924+00:00", "trace_id": null, "stage": "lexical", "event": "start"}
{"ts": "2026-09-23T03:56:23.336173+00:00", "trace_id": null, "stage": "lexical", "event": "finish", "duration_ms": 0.249, "candidates_out": 20}
{"ts": "2026-09-23T03:56:23.336198+00:00", "trace_id": null, "stage": "fuse", "event": "start", "candidates_in": 29}
{"ts": "2026-09-23T03:56:23.336268+00:00", "trace_id": null, "stage": "fuse", "event": "finish", "duration_ms": 0.069, "candidates_in": 29, "candidates_out": 19, "top_score": 0.03278688524590164}
{"ts": "2026-09-23T03:56:23.340304+00:00", "trace_id": null, "stage": "gate", "event": "start", "candidates_in": 5}
{"ts": "2026-09-23T03:56:23.340390+00:00", "trace_id": null, "stage": "gate", "event": "finish", "duration_ms": 0.087, "candidates_in": 5, "candidates_out": 5, "top_score": 0.052380952380952375}
{"ts": "2026-09-23T03:56:23.340416+00:00", "trace_id": null, "stage": "embed_query", "event": "start", "model": "Qwen/Qwen3-Embedding-0.6B"}
{"ts": "2026-09-23T03:56:23.363819+00:00", "trace_id": null, "stage": "embed_query", "event": "finish", "duration_ms": 23.4, "model": "Qwen/Qwen3-Embedding-0.6B"}
{"ts": "2026-09-23T03:56:23.363856+00:00", "trace_id": null, "stage": "dense", "event": "start"}
{"ts": "2026-09-23T03:56:23.364055+00:00", "trace_id": null, "stage": "dense", "event": "finish", "duration_ms": 0.199, "candidates_out": 20}
{"ts": "2026-09-23T03:56:23.364076+00:00", "trace_id": null, "stage": "lexical", "event": "start"}
{"ts": "2026-09-23T03:56:23.364317+00:00", "trace_id": null, "stage": "lexical", "event": "finish", "duration_ms": 0.241, "candidates_out": 20}
{"ts": "2026-09-23T03:56:23.364345+00:00", "trace_id": null, "stage": "fuse", "event": "start", "candidates_in": 31}
{"ts": "2026-09-23T03:56:23.364418+00:00", "trace_id": null, "stage": "fuse", "event": "finish", "duration_ms": 0.073, "candidates_in": 31, "candidates_out": 20, "top_score": 0.03278688524590164}
{"ts": "2026-09-23T03:56:23.367420+00:00", "trace_id": null, "stage": "gate", "event": "start", "candidates_in": 5}
{"ts": "2026-09-23T03:56:23.367479+00:00", "trace_id": null, "stage": "gate", "event": "finish", "duration_ms": 0.059, "candidates_in": 5, "candidates_out": 5, "top_score": 0.08615934412444817}
{"ts": "2026-09-23T03:56:23.367503+00:00", "trace_id": null, "stage": "embed_query", "event": "start", "model": "Qwen/Qwen3-Embedding-0.6B"}
{"ts": "2026-09-23T03:56:23.390104+00:00", "trace_id": null, "stage": "embed_query", "event": "finish", "duration_ms": 22.599, "model": "Qwen/Qwen3-Embedding-0.6B"}
{"ts": "2026-09-23T03:56:23.390139+00:00", "trace_id": null, "stage": "dense", "event": "start"}
{"ts": "2026-09-23T03:56:23.390326+00:00", "trace_id": null, "stage": "dense", "event": "finish", "duration_ms": 0.187, "candidates_out": 20}
{"ts": "2026-09-23T03:56:23.390351+00:00", "trace_id": null, "stage": "lexical", "event": "start"}
{"ts": "2026-09-23T03:56:23.390599+00:00", "trace_id": null, "stage": "lexical", "event": "finish", "duration_ms": 0.248, "candidates_out": 20}
{"ts": "2026-09-23T03:56:23.390626+00:00", "trace_id": null, "stage": "fuse", "event": "start", "candidates_in": 27}
{"ts": "2026-09-23T03:56:23.390703+00:00", "trace_id": null, "stage": "fuse", "event": "finish", "duration_ms": 0.077, "candidates_in": 27, "candidates_out": 20, "top_score": 0.03252247488101534}
{"ts": "2026-09-23T03:56:23.394463+00:00", "trace_id": null, "stage": "gate", "event": "start", "candidates_in": 5}
{"ts": "2026-09-23T03:56:23.394526+00:00", "trace_id": null, "stage": "gate", "event": "finish", "duration_ms": 0.063, "candidates_in": 5, "candidates_out": 5, "top_score": 0.053662083553675306}
{"ts": "2026-09-23T03:56:23.394552+00:00", "trace_id": null, "stage": "embed_query", "event": "start", "model": "Qwen/Qwen3-Embedding-0.6B"}
{"ts": "2026-09-23T03:56:23.417740+00:00", "trace_id": null, "stage": "embed_query", "event": "finish", "duration_ms": 23.185, "model": "Qwen/Qwen3-Embedding-0.6B"}
{"ts": "2026-09-23T03:56:23.417779+00:00", "trace_id": null, "stage": "dense", "event": "start"}
{"ts": "2026-09-23T03:56:23.417984+00:00", "trace_id": null, "stage": "dense", "event": "finish", "duration_ms": 0.205, "candidates_out": 20}
{"ts": "2026-09-23T03:56:23.418001+00:00", "trace_id": null, "stage": "lexical", "event": "start"}
{"ts": "2026-09-23T03:56:23.418233+00:00", "trace_id": null, "stage": "lexical", "event": "finish", "duration_ms": 0.232, "candidates_out": 20}
{"ts": "2026-09-23T03:56:23.418258+00:00", "trace_id": null, "stage": "fuse", "event": "start", "candidates_in": 31}
{"ts": "2026-09-23T03:56:23.418332+00:00", "trace_id": null, "stage": "fuse", "event": "finish", "duration_ms": 0.073, "candidates_in": 31, "candidates_out": 23, "top_score": 0.03278688524590164}
{"ts": "2026-09-23T03:56:23.422247+00:00", "trace_id": null, "stage": "gate", "event": "start", "candidates_in": 5}
{"ts": "2026-09-23T03:56:23.422300+00:00", "trace_id": null, "stage": "gate", "event": "finish", "duration_ms": 0.053, "candidates_in": 5, "candidates_out": 5, "top_score": 0.053839285714285715}
{"ts": "2026-09-23T03:56:23.422324+00:00", "trace_id": null, "stage": "embed_query", "event": "start", "model": "Qwen/Qwen3-Embedding-0.6B"}
{"ts": "2026-09-23T03:56:23.445027+00:00", "trace_id": null, "stage": "embed_query", "event": "finish", "duration_ms": 22.701, "model": "Qwen/Qwen3-Embedding-0.6B"}
{"ts": "2026-09-23T03:56:23.445061+00:00", "trace_id": null, "stage": "dense", "event": "start"}
{"ts": "2026-09-23T03:56:23.445242+00:00", "trace_id": null, "stage": "dense", "event": "finish", "duration_ms": 0.181, "candidates_out": 20}
{"ts": "2026-09-23T03:56:23.445256+00:00", "trace_id": null, "stage": "lexical", "event": "start"}
{"ts": "2026-09-23T03:56:23.445481+00:00", "trace_id": null, "stage": "lexical", "event": "finish", "duration_ms": 0.224, "candidates_out": 20}
{"ts": "2026-09-23T03:56:23.445509+00:00", "trace_id": null, "stage": "fuse", "event": "start", "candidates_in": 30}
{"ts": "2026-09-23T03:56:23.445578+00:00", "trace_id": null, "stage": "fuse", "event": "finish", "duration_ms": 0.069, "candidates_in": 30, "candidates_out": 20, "top_score": 0.03252247488101534}
{"ts": "2026-09-23T03:56:23.448735+00:00", "trace_id": null, "stage": "gate", "event": "start", "candidates_in": 5}
{"ts": "2026-09-23T03:56:23.448801+00:00", "trace_id": null, "stage": "gate", "event": "finish", "duration_ms": 0.067, "candidates_in": 5, "candidates_out": 5, "top_score": 0.0559787849566056}
{"ts": "2026-09-23T03:56:23.448830+00:00", "trace_id": null, "stage": "embed_query", "event": "start", "model": "Qwen/Qwen3-Embedding-0.6B"}
{"ts": "2026-09-23T03:56:23.471843+00:00", "trace_id": null, "stage": "embed_query", "event": "finish", "duration_ms": 23.011, "model": "Qwen/Qwen3-Embedding-0.6B"}
{"ts": "2026-09-23T03:56:23.471876+00:00", "trace_id": null, "stage": "dense", "event": "start"}
{"ts": "2026-09-23T03:56:23.472055+00:00", "trace_id": null, "stage": "dense", "event": "finish", "duration_ms": 0.179, "candidates_out": 20}
{"ts": "2026-09-23T03:56:23.472071+00:00", "trace_id": null, "stage": "lexical", "event": "start"}
{"ts": "2026-09-23T03:56:23.472333+00:00", "trace_id": null, "stage": "lexical", "event": "finish", "duration_ms": 0.261, "candidates_out": 20}
{"ts": "2026-09-23T03:56:23.472361+00:00", "trace_id": null, "stage": "fuse", "event": "start", "candidates_in": 32}
{"ts": "2026-09-23T03:56:23.472430+00:00", "trace_id": null, "stage": "fuse", "event": "finish", "duration_ms": 0.068, "candidates_in": 32, "candidates_out": 22, "top_score": 0.03252247488101534}
{"ts": "2026-09-23T03:56:23.477352+00:00", "trace_id": null, "stage": "gate", "event": "start", "candidates_in": 5}
{"ts": "2026-09-23T03:56:23.477410+00:00", "trace_id": null, "stage": "gate", "event": "finish", "duration_ms": 0.057, "candidates_in": 5, "candidates_out": 5, "top_score": 0.08455843469063988}
{"ts": "2026-09-23T03:56:23.477434+00:00", "trace_id": null, "stage": "embed_query", "event": "start", "model": "Qwen/Qwen3-Embedding-0.6B"}
{"ts": "2026-09-23T03:56:23.499048+00:00", "trace_id": null, "stage": "embed_query", "event": "finish", "duration_ms": 21.612, "model": "Qwen/Qwen3-Embedding-0.6B"}
{"ts": "2026-09-23T03:56:23.499079+00:00", "trace_id": null, "stage": "dense", "event": "start"}
{"ts": "2026-09-23T03:56:23.499254+00:00", "trace_id": null, "stage": "dense", "event": "finish", "duration_ms": 0.175, "candidates_out": 20}
{"ts": "2026-09-23T03:56:23.499268+00:00", "trace_id": null, "stage": "lexical", "event": "start"}
{"ts": "2026-09-23T03:56:23.499518+00:00", "trace_id": null, "stage": "lexical", "event": "finish", "duration_ms": 0.249, "candidates_out": 20}
{"ts": "2026-09-23T03:56:23.499546+00:00", "trace_id": null, "stage": "fuse", "event": "start", "candidates_in": 29}
{"ts": "2026-09-23T03:56:23.499618+00:00", "trace_id": null, "stage": "fuse", "event": "finish", "duration_ms": 0.072, "candidates_in": 29, "candidates_out": 19, "top_score": 0.032266458495966696}
{"ts": "2026-09-23T03:56:23.502490+00:00", "trace_id": null, "stage": "gate", "event": "start", "candidates_in": 5}
{"ts": "2026-09-23T03:56:23.502543+00:00", "trace_id": null, "stage": "gate", "event": "finish", "duration_ms": 0.053, "candidates_in": 5, "candidates_out": 5, "top_score": 0.09283516483516482}
{"ts": "2026-09-23T03:56:23.502582+00:00", "trace_id": null, "stage": "embed_query", "event": "start", "model": "Qwen/Qwen3-Embedding-0.6B"}
{"ts": "2026-09-23T03:56:23.524696+00:00", "trace_id": null, "stage": "embed_query", "event": "finish", "duration_ms": 22.112, "model": "Qwen/Qwen3-Embedding-0.6B"}
{"ts": "2026-09-23T03:56:23.524728+00:00", "trace_id": null, "stage": "dense", "event": "start"}
{"ts": "2026-09-23T03:56:23.524905+00:00", "trace_id": null, "stage": "dense", "event": "finish", "duration_ms": 0.177, "candidates_out": 20}
{"ts": "2026-09-23T03:56:23.524920+00:00", "trace_id": null, "stage": "lexical", "event": "start"}
{"ts": "2026-09-23T03:56:23.525143+00:00", "trace_id": null, "stage": "lexical", "event": "finish", "duration_ms": 0.223, "candidates_out": 20}
{"ts": "2026-09-23T03:56:23.525167+00:00", "trace_id": null, "stage": "fuse", "event": "start", "candidates_in": 32}
{"ts": "2026-09-23T03:56:23.525232+00:00", "trace_id": null, "stage": "fuse", "event": "finish", "duration_ms": 0.065, "candidates_in": 32, "candidates_out": 18, "top_score": 0.03278688524590164}
{"ts": "2026-09-23T03:56:23.527179+00:00", "trace_id": null, "stage": "gate", "event": "start", "candidates_in": 5}
{"ts": "2026-09-23T03:56:23.527233+00:00", "trace_id": null, "stage": "gate", "event": "finish", "duration_ms": 0.053, "candidates_in": 5, "candidates_out": 5, "top_score": 0.14065573770491804}
{"ts": "2026-09-23T03:56:23.527257+00:00", "trace_id": null, "stage": "embed_query", "event": "start", "model": "Qwen/Qwen3-Embedding-0.6B"}
{"ts": "2026-09-23T03:56:23.549771+00:00", "trace_id": null, "stage": "embed_query", "event": "finish", "duration_ms": 22.512, "model": "Qwen/Qwen3-Embedding-0.6B"}
{"ts": "2026-09-23T03:56:23.549805+00:00", "trace_id": null, "stage": "dense", "event": "start"}
{"ts": "2026-09-23T03:56:23.549978+00:00", "trace_id": null, "stage": "dense", "event": "finish", "duration_ms": 0.174, "candidates_out": 20}
{"ts": "2026-09-23T03:56:23.549993+00:00", "trace_id": null, "stage": "lexical", "event": "start"}
{"ts": "2026-09-23T03:56:23.550249+00:00", "trace_id": null, "stage": "lexical", "event": "finish", "duration_ms": 0.256, "candidates_out": 20}
{"ts": "2026-09-23T03:56:23.550273+00:00", "trace_id": null, "stage": "fuse", "event": "start", "candidates_in": 33}
{"ts": "2026-09-23T03:56:23.550338+00:00", "trace_id": null, "stage": "fuse", "event": "finish", "duration_ms": 0.065, "candidates_in": 33, "candidates_out": 20, "top_score": 0.03278688524590164}
{"ts": "2026-09-23T03:56:23.554909+00:00", "trace_id": null, "stage": "gate", "event": "start", "candidates_in": 5}
{"ts": "2026-09-23T03:56:23.554963+00:00", "trace_id": null, "stage": "gate", "event": "finish", "duration_ms": 0.054, "candidates_in": 5, "candidates_out": 5, "top_score": 0.14065573770491804}
{"ts": "2026-09-23T03:56:23.554985+00:00", "trace_id": null, "stage": "embed_query", "event": "start", "model": "Qwen/Qwen3-Embedding-0.6B"}
{"ts": "2026-09-23T03:56:23.577252+00:00", "trace_id": null, "stage": "embed_query", "event": "finish", "duration_ms": 22.266, "model": "Qwen/Qwen3-Embedding-0.6B"}
{"ts": "2026-09-23T03:56:23.577285+00:00", "trace_id": null, "stage": "dense", "event": "start"}
{"ts": "2026-09-23T03:56:23.577461+00:00", "trace_id": null, "stage": "dense", "event": "finish", "duration_ms": 0.177, "candidates_out": 20}
{"ts": "2026-09-23T03:56:23.577477+00:00", "trace_id": null, "stage": "lexical", "event": "start"}
{"ts": "2026-09-23T03:56:23.577675+00:00", "trace_id": null, "stage": "lexical", "event": "finish", "duration_ms": 0.198, "candidates_out": 13}
{"ts": "2026-09-23T03:56:23.577700+00:00", "trace_id": null, "stage": "fuse", "event": "start", "candidates_in": 25}
{"ts": "2026-09-23T03:56:23.577764+00:00", "trace_id": null, "stage": "fuse", "event": "finish", "duration_ms": 0.063, "candidates_in": 25, "candidates_out": 19, "top_score": 0.03278688524590164}
{"ts": "2026-09-23T03:56:23.581424+00:00", "trace_id": null, "stage": "gate", "event": "start", "candidates_in": 5}
{"ts": "2026-09-23T03:56:23.581478+00:00", "trace_id": null, "stage": "gate", "event": "finish", "duration_ms": 0.054, "candidates_in": 5, "candidates_out": 5, "top_score": 0.05901639344262295}
{"ts": "2026-09-23T03:56:23.581504+00:00", "trace_id": null, "stage": "embed_query", "event": "start", "model": "Qwen/Qwen3-Embedding-0.6B"}
{"ts": "2026-09-23T03:56:23.603571+00:00", "trace_id": null, "stage": "embed_query", "event": "finish", "duration_ms": 22.065, "model": "Qwen/Qwen3-Embedding-0.6B"}
{"ts": "2026-09-23T03:56:23.603605+00:00", "trace_id": null, "stage": "dense", "event": "start"}
{"ts": "2026-09-23T03:56:23.603792+00:00", "trace_id": null, "stage": "dense", "event": "finish", "duration_ms": 0.187, "candidates_out": 20}
{"ts": "2026-09-23T03:56:23.603809+00:00", "trace_id": null, "stage": "lexical", "event": "start"}
{"ts": "2026-09-23T03:56:23.604043+00:00", "trace_id": null, "stage": "lexical", "event": "finish", "duration_ms": 0.233, "candidates_out": 20}
{"ts": "2026-09-23T03:56:23.604066+00:00", "trace_id": null, "stage": "fuse", "event": "start", "candidates_in": 32}
{"ts": "2026-09-23T03:56:23.604127+00:00", "trace_id": null, "stage": "fuse", "event": "finish", "duration_ms": 0.061, "candidates_in": 32, "candidates_out": 20, "top_score": 0.03278688524590164}
{"ts": "2026-09-23T03:56:23.607337+00:00", "trace_id": null, "stage": "gate", "event": "start", "candidates_in": 5}
{"ts": "2026-09-23T03:56:23.607393+00:00", "trace_id": null, "stage": "gate", "event": "finish", "duration_ms": 0.056, "candidates_in": 5, "candidates_out": 5, "top_score": 0.09737704918032787}
{"ts": "2026-09-23T03:56:23.607418+00:00", "trace_id": null, "stage": "embed_query", "event": "start", "model": "Qwen/Qwen3-Embedding-0.6B"}
{"ts": "2026-09-23T03:56:23.629027+00:00", "trace_id": null, "stage": "embed_query", "event": "finish", "duration_ms": 21.607, "model": "Qwen/Qwen3-Embedding-0.6B"}
{"ts": "2026-09-23T03:56:23.629061+00:00", "trace_id": null, "stage": "dense", "event": "start"}
{"ts": "2026-09-23T03:56:23.629231+00:00", "trace_id": null, "stage": "dense", "event": "finish", "duration_ms": 0.171, "candidates_out": 20}
{"ts": "2026-09-23T03:56:23.629246+00:00", "trace_id": null, "stage": "lexical", "event": "start"}
{"ts": "2026-09-23T03:56:23.629504+00:00", "trace_id": null, "stage": "lexical", "event": "finish", "duration_ms": 0.258, "candidates_out": 20}
{"ts": "2026-09-23T03:56:23.629532+00:00", "trace_id": null, "stage": "fuse", "event": "start", "candidates_in": 33}
{"ts": "2026-09-23T03:56:23.629596+00:00", "trace_id": null, "stage": "fuse", "event": "finish", "duration_ms": 0.065, "candidates_in": 33, "candidates_out": 22, "top_score": 0.03278688524590164}
{"ts": "2026-09-23T03:56:23.633170+00:00", "trace_id": null, "stage": "gate", "event": "start", "candidates_in": 5}
{"ts": "2026-09-23T03:56:23.633239+00:00", "trace_id": null, "stage": "gate", "event": "finish", "duration_ms": 0.07, "candidates_in": 5, "candidates_out": 5, "top_score": 0.05901639344262295}
{"ts": "2026-09-23T03:56:23.633267+00:00", "trace_id": null, "stage": "embed_query", "event": "start", "model": "Qwen/Qwen3-Embedding-0.6B"}
{"ts": "2026-09-23T03:56:23.654776+00:00", "trace_id": null, "stage": "embed_query", "event": "finish", "duration_ms": 21.507, "model": "Qwen/Qwen3-Embedding-0.6B"}
{"ts": "2026-09-23T03:56:23.654806+00:00", "trace_id": null, "stage": "dense", "event": "start"}
{"ts": "2026-09-23T03:56:23.654978+00:00", "trace_id": null, "stage": "dense", "event": "finish", "duration_ms": 0.173, "candidates_out": 20}
{"ts": "2026-09-23T03:56:23.654992+00:00", "trace_id": null, "stage": "lexical", "event": "start"}
{"ts": "2026-09-23T03:56:23.655227+00:00", "trace_id": null, "stage": "lexical", "event": "finish", "duration_ms": 0.235, "candidates_out": 20}
{"ts": "2026-09-23T03:56:23.655253+00:00", "trace_id": null, "stage": "fuse", "event": "start", "candidates_in": 35}
{"ts": "2026-09-23T03:56:23.655330+00:00", "trace_id": null, "stage": "fuse", "event": "finish", "duration_ms": 0.076, "candidates_in": 35, "candidates_out": 22, "top_score": 0.032266458495966696}
{"ts": "2026-09-23T03:56:23.657549+00:00", "trace_id": null, "stage": "gate", "event": "start", "candidates_in": 5}
{"ts": "2026-09-23T03:56:23.657614+00:00", "trace_id": null, "stage": "gate", "event": "finish", "duration_ms": 0.065, "candidates_in": 5, "candidates_out": 5, "top_score": 0.09583138173302108}
{"ts": "2026-09-23T03:56:23.657639+00:00", "trace_id": null, "stage": "embed_query", "event": "start", "model": "Qwen/Qwen3-Embedding-0.6B"}
{"ts": "2026-09-23T03:56:23.680437+00:00", "trace_id": null, "stage": "embed_query", "event": "finish", "duration_ms": 22.795, "model": "Qwen/Qwen3-Embedding-0.6B"}
{"ts": "2026-09-23T03:56:23.680479+00:00", "trace_id": null, "stage": "dense", "event": "start"}
{"ts": "2026-09-23T03:56:23.680687+00:00", "trace_id": null, "stage": "dense", "event": "finish", "duration_ms": 0.208, "candidates_out": 20}
{"ts": "2026-09-23T03:56:23.680705+00:00", "trace_id": null, "stage": "lexical", "event": "start"}
{"ts": "2026-09-23T03:56:23.680962+00:00", "trace_id": null, "stage": "lexical", "event": "finish", "duration_ms": 0.257, "candidates_out": 20}
{"ts": "2026-09-23T03:56:23.680987+00:00", "trace_id": null, "stage": "fuse", "event": "start", "candidates_in": 36}
{"ts": "2026-09-23T03:56:23.681062+00:00", "trace_id": null, "stage": "fuse", "event": "finish", "duration_ms": 0.075, "candidates_in": 36, "candidates_out": 25, "top_score": 0.03252247488101534}
{"ts": "2026-09-23T03:56:23.686112+00:00", "trace_id": null, "stage": "gate", "event": "start", "candidates_in": 5}
{"ts": "2026-09-23T03:56:23.686188+00:00", "trace_id": null, "stage": "gate", "event": "finish", "duration_ms": 0.078, "candidates_in": 5, "candidates_out": 5, "top_score": 0.05854045478582761}
{"ts": "2026-09-23T03:56:23.686219+00:00", "trace_id": null, "stage": "embed_query", "event": "start", "model": "Qwen/Qwen3-Embedding-0.6B"}
{"ts": "2026-09-23T03:56:23.707922+00:00", "trace_id": null, "stage": "embed_query", "event": "finish", "duration_ms": 21.701, "model": "Qwen/Qwen3-Embedding-0.6B"}
{"ts": "2026-09-23T03:56:23.707964+00:00", "trace_id": null, "stage": "dense", "event": "start"}
{"ts": "2026-09-23T03:56:23.708154+00:00", "trace_id": null, "stage": "dense", "event": "finish", "duration_ms": 0.19, "candidates_out": 20}
{"ts": "2026-09-23T03:56:23.708172+00:00", "trace_id": null, "stage": "lexical", "event": "start"}
{"ts": "2026-09-23T03:56:23.708415+00:00", "trace_id": null, "stage": "lexical", "event": "finish", "duration_ms": 0.244, "candidates_out": 20}
{"ts": "2026-09-23T03:56:23.708440+00:00", "trace_id": null, "stage": "fuse", "event": "start", "candidates_in": 32}
{"ts": "2026-09-23T03:56:23.708500+00:00", "trace_id": null, "stage": "fuse", "event": "finish", "duration_ms": 0.06, "candidates_in": 32, "candidates_out": 22, "top_score": 0.03278688524590164}
{"ts": "2026-09-23T03:56:23.711811+00:00", "trace_id": null, "stage": "gate", "event": "start", "candidates_in": 5}
{"ts": "2026-09-23T03:56:23.711865+00:00", "trace_id": null, "stage": "gate", "event": "finish", "duration_ms": 0.054, "candidates_in": 5, "candidates_out": 5, "top_score": 0.09737704918032787}
{"ts": "2026-09-23T03:56:23.711889+00:00", "trace_id": null, "stage": "embed_query", "event": "start", "model": "Qwen/Qwen3-Embedding-0.6B"}
{"ts": "2026-09-23T03:56:23.734523+00:00", "trace_id": null, "stage": "embed_query", "event": "finish", "duration_ms": 22.632, "model": "Qwen/Qwen3-Embedding-0.6B"}
{"ts": "2026-09-23T03:56:23.734555+00:00", "trace_id": null, "stage": "dense", "event": "start"}
{"ts": "2026-09-23T03:56:23.734731+00:00", "trace_id": null, "stage": "dense", "event": "finish", "duration_ms": 0.176, "candidates_out": 20}
{"ts": "2026-09-23T03:56:23.734745+00:00", "trace_id": null, "stage": "lexical", "event": "start"}
{"ts": "2026-09-23T03:56:23.734978+00:00", "trace_id": null, "stage": "lexical", "event": "finish", "duration_ms": 0.233, "candidates_out": 20}
{"ts": "2026-09-23T03:56:23.735002+00:00", "trace_id": null, "stage": "fuse", "event": "start", "candidates_in": 32}
{"ts": "2026-09-23T03:56:23.735064+00:00", "trace_id": null, "stage": "fuse", "event": "finish", "duration_ms": 0.062, "candidates_in": 32, "candidates_out": 22, "top_score": 0.03252247488101534}
{"ts": "2026-09-23T03:56:23.739230+00:00", "trace_id": null, "stage": "gate", "event": "start", "candidates_in": 5}
{"ts": "2026-09-23T03:56:23.739291+00:00", "trace_id": null, "stage": "gate", "event": "finish", "duration_ms": 0.061, "candidates_in": 5, "candidates_out": 5, "top_score": 0.09659175039661555}
{"ts": "2026-09-23T03:56:23.739323+00:00", "trace_id": null, "stage": "embed_query", "event": "start", "model": "Qwen/Qwen3-Embedding-0.6B"}
{"ts": "2026-09-23T03:56:23.761704+00:00", "trace_id": null, "stage": "embed_query", "event": "finish", "duration_ms": 22.38, "model": "Qwen/Qwen3-Embedding-0.6B"}
{"ts": "2026-09-23T03:56:23.761739+00:00", "trace_id": null, "stage": "dense", "event": "start"}
{"ts": "2026-09-23T03:56:23.761924+00:00", "trace_id": null, "stage": "dense", "event": "finish", "duration_ms": 0.185, "candidates_out": 20}
{"ts": "2026-09-23T03:56:23.761939+00:00", "trace_id": null, "stage": "lexical", "event": "start"}
{"ts": "2026-09-23T03:56:23.762184+00:00", "trace_id": null, "stage": "lexical", "event": "finish", "duration_ms": 0.244, "candidates_out": 20}
{"ts": "2026-09-23T03:56:23.762215+00:00", "trace_id": null, "stage": "fuse", "event": "start", "candidates_in": 23}
{"ts": "2026-09-23T03:56:23.762291+00:00", "trace_id": null, "stage": "fuse", "event": "finish", "duration_ms": 0.076, "candidates_in": 23, "candidates_out": 18, "top_score": 0.032266458495966696}
{"ts": "2026-09-23T03:56:23.765408+00:00", "trace_id": null, "stage": "gate", "event": "start", "candidates_in": 5}
{"ts": "2026-09-23T03:56:23.765469+00:00", "trace_id": null, "stage": "gate", "event": "finish", "duration_ms": 0.061, "candidates_in": 5, "candidates_out": 5, "top_score": 0.05239415322580645}
{"ts": "2026-09-23T03:56:23.765502+00:00", "trace_id": null, "stage": "embed_query", "event": "start", "model": "Qwen/Qwen3-Embedding-0.6B"}
{"ts": "2026-09-23T03:56:23.787300+00:00", "trace_id": null, "stage": "embed_query", "event": "finish", "duration_ms": 21.797, "model": "Qwen/Qwen3-Embedding-0.6B"}
{"ts": "2026-09-23T03:56:23.787330+00:00", "trace_id": null, "stage": "dense", "event": "start"}
{"ts": "2026-09-23T03:56:23.787516+00:00", "trace_id": null, "stage": "dense", "event": "finish", "duration_ms": 0.186, "candidates_out": 20}
{"ts": "2026-09-23T03:56:23.787535+00:00", "trace_id": null, "stage": "lexical", "event": "start"}
{"ts": "2026-09-23T03:56:23.787783+00:00", "trace_id": null, "stage": "lexical", "event": "finish", "duration_ms": 0.248, "candidates_out": 20}
{"ts": "2026-09-23T03:56:23.787807+00:00", "trace_id": null, "stage": "fuse", "event": "start", "candidates_in": 31}
{"ts": "2026-09-23T03:56:23.787872+00:00", "trace_id": null, "stage": "fuse", "event": "finish", "duration_ms": 0.064, "candidates_in": 31, "candidates_out": 22, "top_score": 0.03177805800756621}
{"ts": "2026-09-23T03:56:23.792211+00:00", "trace_id": null, "stage": "gate", "event": "start", "candidates_in": 5}
{"ts": "2026-09-23T03:56:23.792276+00:00", "trace_id": null, "stage": "gate", "event": "finish", "duration_ms": 0.066, "candidates_in": 5, "candidates_out": 5, "top_score": 0.03177805800756621}
{"ts": "2026-09-23T03:56:23.792305+00:00", "trace_id": null, "stage": "embed_query", "event": "start", "model": "Qwen/Qwen3-Embedding-0.6B"}
{"ts": "2026-09-23T03:56:23.815200+00:00", "trace_id": null, "stage": "embed_query", "event": "finish", "duration_ms": 22.893, "model": "Qwen/Qwen3-Embedding-0.6B"}
{"ts": "2026-09-23T03:56:23.815233+00:00", "trace_id": null, "stage": "dense", "event": "start"}
{"ts": "2026-09-23T03:56:23.815404+00:00", "trace_id": null, "stage": "dense", "event": "finish", "duration_ms": 0.171, "candidates_out": 20}
{"ts": "2026-09-23T03:56:23.815422+00:00", "trace_id": null, "stage": "lexical", "event": "start"}
{"ts": "2026-09-23T03:56:23.815686+00:00", "trace_id": null, "stage": "lexical", "event": "finish", "duration_ms": 0.263, "candidates_out": 20}
{"ts": "2026-09-23T03:56:23.815719+00:00", "trace_id": null, "stage": "fuse", "event": "start", "candidates_in": 34}
{"ts": "2026-09-23T03:56:23.815803+00:00", "trace_id": null, "stage": "fuse", "event": "finish", "duration_ms": 0.084, "candidates_in": 34, "candidates_out": 24, "top_score": 0.03252247488101534}
{"ts": "2026-09-23T03:56:23.820569+00:00", "trace_id": null, "stage": "gate", "event": "start", "candidates_in": 5}
{"ts": "2026-09-23T03:56:23.820627+00:00", "trace_id": null, "stage": "gate", "event": "finish", "duration_ms": 0.058, "candidates_in": 5, "candidates_out": 5, "top_score": 0.053662083553675306}
{"ts": "2026-09-23T03:56:23.820654+00:00", "trace_id": null, "stage": "embed_query", "event": "start", "model": "Qwen/Qwen3-Embedding-0.6B"}
{"ts": "2026-09-23T03:56:23.842947+00:00", "trace_id": null, "stage": "embed_query", "event": "finish", "duration_ms": 22.29, "model": "Qwen/Qwen3-Embedding-0.6B"}
{"ts": "2026-09-23T03:56:23.842980+00:00", "trace_id": null, "stage": "dense", "event": "start"}
{"ts": "2026-09-23T03:56:23.843150+00:00", "trace_id": null, "stage": "dense", "event": "finish", "duration_ms": 0.171, "candidates_out": 20}
{"ts": "2026-09-23T03:56:23.843165+00:00", "trace_id": null, "stage": "lexical", "event": "start"}
{"ts": "2026-09-23T03:56:23.843396+00:00", "trace_id": null, "stage": "lexical", "event": "finish", "duration_ms": 0.231, "candidates_out": 20}
{"ts": "2026-09-23T03:56:23.843423+00:00", "trace_id": null, "stage": "fuse", "event": "start", "candidates_in": 32}
{"ts": "2026-09-23T03:56:23.843489+00:00", "trace_id": null, "stage": "fuse", "event": "finish", "duration_ms": 0.066, "candidates_in": 32, "candidates_out": 25, "top_score": 0.03252247488101534}
{"ts": "2026-09-23T03:56:23.847676+00:00", "trace_id": null, "stage": "gate", "event": "start", "candidates_in": 5}
{"ts": "2026-09-23T03:56:23.847726+00:00", "trace_id": null, "stage": "gate", "event": "finish", "duration_ms": 0.051, "candidates_in": 5, "candidates_out": 5, "top_score": 0.05854045478582761}
{"ts": "2026-09-23T03:56:23.847755+00:00", "trace_id": null, "stage": "embed_query", "event": "start", "model": "Qwen/Qwen3-Embedding-0.6B"}
{"ts": "2026-09-23T03:56:23.870909+00:00", "trace_id": null, "stage": "embed_query", "event": "finish", "duration_ms": 23.152, "model": "Qwen/Qwen3-Embedding-0.6B"}
{"ts": "2026-09-23T03:56:23.870945+00:00", "trace_id": null, "stage": "dense", "event": "start"}
{"ts": "2026-09-23T03:56:23.871127+00:00", "trace_id": null, "stage": "dense", "event": "finish", "duration_ms": 0.183, "candidates_out": 20}
{"ts": "2026-09-23T03:56:23.871144+00:00", "trace_id": null, "stage": "lexical", "event": "start"}
{"ts": "2026-09-23T03:56:23.871403+00:00", "trace_id": null, "stage": "lexical", "event": "finish", "duration_ms": 0.259, "candidates_out": 20}
{"ts": "2026-09-23T03:56:23.871427+00:00", "trace_id": null, "stage": "fuse", "event": "start", "candidates_in": 30}
{"ts": "2026-09-23T03:56:23.871503+00:00", "trace_id": null, "stage": "fuse", "event": "finish", "duration_ms": 0.076, "candidates_in": 30, "candidates_out": 20, "top_score": 0.03252247488101534}
{"ts": "2026-09-23T03:56:23.874034+00:00", "trace_id": null, "stage": "gate", "event": "start", "candidates_in": 5}
{"ts": "2026-09-23T03:56:23.874092+00:00", "trace_id": null, "stage": "gate", "event": "finish", "duration_ms": 0.057, "candidates_in": 5, "candidates_out": 5, "top_score": 0.09209855769230768}
{"ts": "2026-09-23T03:56:23.874117+00:00", "trace_id": null, "stage": "embed_query", "event": "start", "model": "Qwen/Qwen3-Embedding-0.6B"}
{"ts": "2026-09-23T03:56:23.897043+00:00", "trace_id": null, "stage": "embed_query", "event": "finish", "duration_ms": 22.924, "model": "Qwen/Qwen3-Embedding-0.6B"}
{"ts": "2026-09-23T03:56:23.897073+00:00", "trace_id": null, "stage": "dense", "event": "start"}
{"ts": "2026-09-23T03:56:23.897260+00:00", "trace_id": null, "stage": "dense", "event": "finish", "duration_ms": 0.187, "candidates_out": 20}
{"ts": "2026-09-23T03:56:23.897282+00:00", "trace_id": null, "stage": "lexical", "event": "start"}
{"ts": "2026-09-23T03:56:23.897565+00:00", "trace_id": null, "stage": "lexical", "event": "finish", "duration_ms": 0.284, "candidates_out": 20}
{"ts": "2026-09-23T03:56:23.897589+00:00", "trace_id": null, "stage": "fuse", "event": "start", "candidates_in": 30}
{"ts": "2026-09-23T03:56:23.897663+00:00", "trace_id": null, "stage": "fuse", "event": "finish", "duration_ms": 0.073, "candidates_in": 30, "candidates_out": 21, "top_score": 0.03131881575727918}
{"ts": "2026-09-23T03:56:23.901732+00:00", "trace_id": null, "stage": "gate", "event": "start", "candidates_in": 5}
{"ts": "2026-09-23T03:56:23.901799+00:00", "trace_id": null, "stage": "gate", "event": "finish", "duration_ms": 0.068, "candidates_in": 5, "candidates_out": 5, "top_score": 0.08142892096892586}
{"ts": "2026-09-23T03:56:23.901830+00:00", "trace_id": null, "stage": "embed_query", "event": "start", "model": "Qwen/Qwen3-Embedding-0.6B"}
{"ts": "2026-09-23T03:56:23.923633+00:00", "trace_id": null, "stage": "embed_query", "event": "finish", "duration_ms": 21.8, "model": "Qwen/Qwen3-Embedding-0.6B"}
{"ts": "2026-09-23T03:56:23.923674+00:00", "trace_id": null, "stage": "dense", "event": "start"}
{"ts": "2026-09-23T03:56:23.923873+00:00", "trace_id": null, "stage": "dense", "event": "finish", "duration_ms": 0.2, "candidates_out": 20}
{"ts": "2026-09-23T03:56:23.923891+00:00", "trace_id": null, "stage": "lexical", "event": "start"}
{"ts": "2026-09-23T03:56:23.924152+00:00", "trace_id": null, "stage": "lexical", "event": "finish", "duration_ms": 0.261, "candidates_out": 20}
{"ts": "2026-09-23T03:56:23.924180+00:00", "trace_id": null, "stage": "fuse", "event": "start", "candidates_in": 30}
{"ts": "2026-09-23T03:56:23.924264+00:00", "trace_id": null, "stage": "fuse", "event": "finish", "duration_ms": 0.084, "candidates_in": 30, "candidates_out": 24, "top_score": 0.032018442622950824}
{"ts": "2026-09-23T03:56:23.928099+00:00", "trace_id": null, "stage": "gate", "event": "start", "candidates_in": 5}
{"ts": "2026-09-23T03:56:23.928158+00:00", "trace_id": null, "stage": "gate", "event": "finish", "duration_ms": 0.059, "candidates_in": 5, "candidates_out": 5, "top_score": 0.16009221311475413}
{"ts": "2026-09-23T03:56:23.928191+00:00", "trace_id": null, "stage": "embed_query", "event": "start", "model": "Qwen/Qwen3-Embedding-0.6B"}
{"ts": "2026-09-23T03:56:23.955503+00:00", "trace_id": null, "stage": "embed_query", "event": "finish", "duration_ms": 27.31, "model": "Qwen/Qwen3-Embedding-0.6B"}
{"ts": "2026-09-23T03:56:23.955541+00:00", "trace_id": null, "stage": "dense", "event": "start"}
{"ts": "2026-09-23T03:56:23.955724+00:00", "trace_id": null, "stage": "dense", "event": "finish", "duration_ms": 0.183, "candidates_out": 20}
{"ts": "2026-09-23T03:56:23.955741+00:00", "trace_id": null, "stage": "lexical", "event": "start"}
{"ts": "2026-09-23T03:56:23.955976+00:00", "trace_id": null, "stage": "lexical", "event": "finish", "duration_ms": 0.235, "candidates_out": 19}
{"ts": "2026-09-23T03:56:23.956000+00:00", "trace_id": null, "stage": "fuse", "event": "start", "candidates_in": 33}
{"ts": "2026-09-23T03:56:23.956081+00:00", "trace_id": null, "stage": "fuse", "event": "finish", "duration_ms": 0.08, "candidates_in": 33, "candidates_out": 29, "top_score": 0.03278688524590164}
{"ts": "2026-09-23T03:56:23.964515+00:00", "trace_id": null, "stage": "gate", "event": "start", "candidates_in": 5}
{"ts": "2026-09-23T03:56:23.964586+00:00", "trace_id": null, "stage": "gate", "event": "finish", "duration_ms": 0.071, "candidates_in": 5, "candidates_out": 5, "top_score": 0.11147540983606559}
{"ts": "2026-09-23T03:56:23.964615+00:00", "trace_id": null, "stage": "embed_query", "event": "start", "model": "Qwen/Qwen3-Embedding-0.6B"}
{"ts": "2026-09-23T03:56:23.988236+00:00", "trace_id": null, "stage": "embed_query", "event": "finish", "duration_ms": 23.617, "model": "Qwen/Qwen3-Embedding-0.6B"}
{"ts": "2026-09-23T03:56:23.988287+00:00", "trace_id": null, "stage": "dense", "event": "start"}
{"ts": "2026-09-23T03:56:23.988516+00:00", "trace_id": null, "stage": "dense", "event": "finish", "duration_ms": 0.229, "candidates_out": 20}
{"ts": "2026-09-23T03:56:23.988535+00:00", "trace_id": null, "stage": "lexical", "event": "start"}
{"ts": "2026-09-23T03:56:23.989113+00:00", "trace_id": null, "stage": "lexical", "event": "finish", "duration_ms": 0.577, "candidates_out": 20}
{"ts": "2026-09-23T03:56:23.989168+00:00", "trace_id": null, "stage": "fuse", "event": "start", "candidates_in": 34}
{"ts": "2026-09-23T03:56:23.989298+00:00", "trace_id": null, "stage": "fuse", "event": "finish", "duration_ms": 0.131, "candidates_in": 34, "candidates_out": 25, "top_score": 0.032266458495966696}
{"ts": "2026-09-23T03:56:23.995163+00:00", "trace_id": null, "stage": "gate", "event": "start", "candidates_in": 5}
{"ts": "2026-09-23T03:56:23.995241+00:00", "trace_id": null, "stage": "gate", "event": "finish", "duration_ms": 0.079, "candidates_in": 5, "candidates_out": 5, "top_score": 0.032266458495966696}
{"ts": "2026-09-23T03:56:23.995273+00:00", "trace_id": null, "stage": "embed_query", "event": "start", "model": "Qwen/Qwen3-Embedding-0.6B"}
{"ts": "2026-09-23T03:56:24.019558+00:00", "trace_id": null, "stage": "embed_query", "event": "finish", "duration_ms": 24.28, "model": "Qwen/Qwen3-Embedding-0.6B"}
{"ts": "2026-09-23T03:56:24.019618+00:00", "trace_id": null, "stage": "dense", "event": "start"}
{"ts": "2026-09-23T03:56:24.019855+00:00", "trace_id": null, "stage": "dense", "event": "finish", "duration_ms": 0.237, "candidates_out": 20}
{"ts": "2026-09-23T03:56:24.019875+00:00", "trace_id": null, "stage": "lexical", "event": "start"}
{"ts": "2026-09-23T03:56:24.020233+00:00", "trace_id": null, "stage": "lexical", "event": "finish", "duration_ms": 0.356, "candidates_out": 20}
{"ts": "2026-09-23T03:56:24.020268+00:00", "trace_id": null, "stage": "fuse", "event": "start", "candidates_in": 33}
{"ts": "2026-09-23T03:56:24.020337+00:00", "trace_id": null, "stage": "fuse", "event": "finish", "duration_ms": 0.068, "candidates_in": 33, "candidates_out": 23, "top_score": 0.03252247488101534}
{"ts": "2026-09-23T03:56:24.026560+00:00", "trace_id": null, "stage": "gate", "event": "start", "candidates_in": 5}
{"ts": "2026-09-23T03:56:24.026658+00:00", "trace_id": null, "stage": "gate", "event": "finish", "duration_ms": 0.1, "candidates_in": 5, "candidates_out": 5, "top_score": 0.05854045478582761}
{"ts": "2026-09-23T03:56:24.026698+00:00", "trace_id": null, "stage": "embed_query", "event": "start", "model": "Qwen/Qwen3-Embedding-0.6B"}
{"ts": "2026-09-23T03:56:24.054553+00:00", "trace_id": null, "stage": "embed_query", "event": "finish", "duration_ms": 27.851, "model": "Qwen/Qwen3-Embedding-0.6B"}
{"ts": "2026-09-23T03:56:24.054620+00:00", "trace_id": null, "stage": "dense", "event": "start"}
{"ts": "2026-09-23T03:56:24.054806+00:00", "trace_id": null, "stage": "dense", "event": "finish", "duration_ms": 0.186, "candidates_out": 20}
{"ts": "2026-09-23T03:56:24.054823+00:00", "trace_id": null, "stage": "lexical", "event": "start"}
{"ts": "2026-09-23T03:56:24.055112+00:00", "trace_id": null, "stage": "lexical", "event": "finish", "duration_ms": 0.288, "candidates_out": 20}
{"ts": "2026-09-23T03:56:24.055147+00:00", "trace_id": null, "stage": "fuse", "event": "start", "candidates_in": 31}
{"ts": "2026-09-23T03:56:24.055218+00:00", "trace_id": null, "stage": "fuse", "event": "finish", "duration_ms": 0.071, "candidates_in": 31, "candidates_out": 18, "top_score": 0.03278688524590164}
{"ts": "2026-09-23T03:56:24.058378+00:00", "trace_id": null, "stage": "gate", "event": "start", "candidates_in": 5}
{"ts": "2026-09-23T03:56:24.058450+00:00", "trace_id": null, "stage": "gate", "event": "finish", "duration_ms": 0.071, "candidates_in": 5, "candidates_out": 5, "top_score": 0.05901639344262295}
{"ts": "2026-09-23T03:56:24.058487+00:00", "trace_id": null, "stage": "embed_query", "event": "start", "model": "Qwen/Qwen3-Embedding-0.6B"}
{"ts": "2026-09-23T03:56:24.081467+00:00", "trace_id": null, "stage": "embed_query", "event": "finish", "duration_ms": 22.977, "model": "Qwen/Qwen3-Embedding-0.6B"}
{"ts": "2026-09-23T03:56:24.081511+00:00", "trace_id": null, "stage": "dense", "event": "start"}
{"ts": "2026-09-23T03:56:24.081724+00:00", "trace_id": null, "stage": "dense", "event": "finish", "duration_ms": 0.211, "candidates_out": 20}
{"ts": "2026-09-23T03:56:24.081751+00:00", "trace_id": null, "stage": "lexical", "event": "start"}
{"ts": "2026-09-23T03:56:24.082040+00:00", "trace_id": null, "stage": "lexical", "event": "finish", "duration_ms": 0.289, "candidates_out": 20}
{"ts": "2026-09-23T03:56:24.082069+00:00", "trace_id": null, "stage": "fuse", "event": "start", "candidates_in": 28}
{"ts": "2026-09-23T03:56:24.082134+00:00", "trace_id": null, "stage": "fuse", "event": "finish", "duration_ms": 0.065, "candidates_in": 28, "candidates_out": 19, "top_score": 0.03278688524590164}
{"ts": "2026-09-23T03:56:24.086836+00:00", "trace_id": null, "stage": "gate", "event": "start", "candidates_in": 5}
{"ts": "2026-09-23T03:56:24.086904+00:00", "trace_id": null, "stage": "gate", "event": "finish", "duration_ms": 0.068, "candidates_in": 5, "candidates_out": 5, "top_score": 0.04545608108108108}
{"ts": "2026-09-23T03:56:24.086935+00:00", "trace_id": null, "stage": "embed_query", "event": "start", "model": "Qwen/Qwen3-Embedding-0.6B"}
{"ts": "2026-09-23T03:56:24.115118+00:00", "trace_id": null, "stage": "embed_query", "event": "finish", "duration_ms": 28.179, "model": "Qwen/Qwen3-Embedding-0.6B"}
{"ts": "2026-09-23T03:56:24.115173+00:00", "trace_id": null, "stage": "dense", "event": "start"}
{"ts": "2026-09-23T03:56:24.115396+00:00", "trace_id": null, "stage": "dense", "event": "finish", "duration_ms": 0.222, "candidates_out": 20}
{"ts": "2026-09-23T03:56:24.115419+00:00", "trace_id": null, "stage": "lexical", "event": "start"}
{"ts": "2026-09-23T03:56:24.115769+00:00", "trace_id": null, "stage": "lexical", "event": "finish", "duration_ms": 0.349, "candidates_out": 20}
{"ts": "2026-09-23T03:56:24.115805+00:00", "trace_id": null, "stage": "fuse", "event": "start", "candidates_in": 34}
{"ts": "2026-09-23T03:56:24.115879+00:00", "trace_id": null, "stage": "fuse", "event": "finish", "duration_ms": 0.073, "candidates_in": 34, "candidates_out": 23, "top_score": 0.032266458495966696}
{"ts": "2026-09-23T03:56:24.123407+00:00", "trace_id": null, "stage": "gate", "event": "start", "candidates_in": 5}
{"ts": "2026-09-23T03:56:24.123475+00:00", "trace_id": null, "stage": "gate", "event": "finish", "duration_ms": 0.068, "candidates_in": 5, "candidates_out": 5, "top_score": 0.055119214586255266}
{"ts": "2026-09-23T03:56:24.123501+00:00", "trace_id": null, "stage": "embed_query", "event": "start", "model": "Qwen/Qwen3-Embedding-0.6B"}
{"ts": "2026-09-23T03:56:24.150811+00:00", "trace_id": null, "stage": "embed_query", "event": "finish", "duration_ms": 27.307, "model": "Qwen/Qwen3-Embedding-0.6B"}
{"ts": "2026-09-23T03:56:24.150854+00:00", "trace_id": null, "stage": "dense", "event": "start"}
{"ts": "2026-09-23T03:56:24.151058+00:00", "trace_id": null, "stage": "dense", "event": "finish", "duration_ms": 0.204, "candidates_out": 20}
{"ts": "2026-09-23T03:56:24.151079+00:00", "trace_id": null, "stage": "lexical", "event": "start"}
{"ts": "2026-09-23T03:56:24.151416+00:00", "trace_id": null, "stage": "lexical", "event": "finish", "duration_ms": 0.336, "candidates_out": 20}
{"ts": "2026-09-23T03:56:24.151441+00:00", "trace_id": null, "stage": "fuse", "event": "start", "candidates_in": 30}
{"ts": "2026-09-23T03:56:24.151506+00:00", "trace_id": null, "stage": "fuse", "event": "finish", "duration_ms": 0.065, "candidates_in": 30, "candidates_out": 21, "top_score": 0.03252247488101534}
{"ts": "2026-09-23T03:56:24.156449+00:00", "trace_id": null, "stage": "gate", "event": "start", "candidates_in": 5}
{"ts": "2026-09-23T03:56:24.156514+00:00", "trace_id": null, "stage": "gate", "event": "finish", "duration_ms": 0.065, "candidates_in": 5, "candidates_out": 5, "top_score": 0.08455843469063988}
{"ts": "2026-09-23T03:56:24.156543+00:00", "trace_id": null, "stage": "embed_query", "event": "start", "model": "Qwen/Qwen3-Embedding-0.6B"}
{"ts": "2026-09-23T03:56:24.183520+00:00", "trace_id": null, "stage": "embed_query", "event": "finish", "duration_ms": 26.974, "model": "Qwen/Qwen3-Embedding-0.6B"}
{"ts": "2026-09-23T03:56:24.183566+00:00", "trace_id": null, "stage": "dense", "event": "start"}
{"ts": "2026-09-23T03:56:24.183764+00:00", "trace_id": null, "stage": "dense", "event": "finish", "duration_ms": 0.198, "candidates_out": 20}
{"ts": "2026-09-23T03:56:24.183782+00:00", "trace_id": null, "stage": "lexical", "event": "start"}
{"ts": "2026-09-23T03:56:24.184104+00:00", "trace_id": null, "stage": "lexical", "event": "finish", "duration_ms": 0.321, "candidates_out": 20}
{"ts": "2026-09-23T03:56:24.184135+00:00", "trace_id": null, "stage": "fuse", "event": "start", "candidates_in": 32}
{"ts": "2026-09-23T03:56:24.184204+00:00", "trace_id": null, "stage": "fuse", "event": "finish", "duration_ms": 0.069, "candidates_in": 32, "candidates_out": 22, "top_score": 0.03278688524590164}
{"ts": "2026-09-23T03:56:24.190356+00:00", "trace_id": null, "stage": "gate", "event": "start", "candidates_in": 5}
{"ts": "2026-09-23T03:56:24.190431+00:00", "trace_id": null, "stage": "gate", "event": "finish", "duration_ms": 0.075, "candidates_in": 5, "candidates_out": 5, "top_score": 0.09737704918032787}
{"ts": "2026-09-23T03:56:24.190457+00:00", "trace_id": null, "stage": "embed_query", "event": "start", "model": "Qwen/Qwen3-Embedding-0.6B"}
{"ts": "2026-09-23T03:56:24.216830+00:00", "trace_id": null, "stage": "embed_query", "event": "finish", "duration_ms": 26.37, "model": "Qwen/Qwen3-Embedding-0.6B"}
{"ts": "2026-09-23T03:56:24.216872+00:00", "trace_id": null, "stage": "dense", "event": "start"}
{"ts": "2026-09-23T03:56:24.217062+00:00", "trace_id": null, "stage": "dense", "event": "finish", "duration_ms": 0.19, "candidates_out": 20}
{"ts": "2026-09-23T03:56:24.217080+00:00", "trace_id": null, "stage": "lexical", "event": "start"}
{"ts": "2026-09-23T03:56:24.217392+00:00", "trace_id": null, "stage": "lexical", "event": "finish", "duration_ms": 0.312, "candidates_out": 20}
{"ts": "2026-09-23T03:56:24.217423+00:00", "trace_id": null, "stage": "fuse", "event": "start", "candidates_in": 34}
{"ts": "2026-09-23T03:56:24.217491+00:00", "trace_id": null, "stage": "fuse", "event": "finish", "duration_ms": 0.068, "candidates_in": 34, "candidates_out": 27, "top_score": 0.03278688524590164}
{"ts": "2026-09-23T03:56:24.224310+00:00", "trace_id": null, "stage": "gate", "event": "start", "candidates_in": 5}
{"ts": "2026-09-23T03:56:24.224378+00:00", "trace_id": null, "stage": "gate", "event": "finish", "duration_ms": 0.068, "candidates_in": 5, "candidates_out": 5, "top_score": 0.2401967213114754}
{"ts": "2026-09-23T03:56:24.224411+00:00", "trace_id": null, "stage": "embed_query", "event": "start", "model": "Qwen/Qwen3-Embedding-0.6B"}
{"ts": "2026-09-23T03:56:24.247540+00:00", "trace_id": null, "stage": "embed_query", "event": "finish", "duration_ms": 23.127, "model": "Qwen/Qwen3-Embedding-0.6B"}
{"ts": "2026-09-23T03:56:24.247573+00:00", "trace_id": null, "stage": "dense", "event": "start"}
{"ts": "2026-09-23T03:56:24.247755+00:00", "trace_id": null, "stage": "dense", "event": "finish", "duration_ms": 0.182, "candidates_out": 20}
{"ts": "2026-09-23T03:56:24.247770+00:00", "trace_id": null, "stage": "lexical", "event": "start"}
{"ts": "2026-09-23T03:56:24.248123+00:00", "trace_id": null, "stage": "lexical", "event": "finish", "duration_ms": 0.352, "candidates_out": 20}
{"ts": "2026-09-23T03:56:24.248186+00:00", "trace_id": null, "stage": "fuse", "event": "start", "candidates_in": 34}
{"ts": "2026-09-23T03:56:24.248265+00:00", "trace_id": null, "stage": "fuse", "event": "finish", "duration_ms": 0.08, "candidates_in": 34, "candidates_out": 20, "top_score": 0.03278688524590164}
{"ts": "2026-09-23T03:56:24.253417+00:00", "trace_id": null, "stage": "gate", "event": "start", "candidates_in": 5}
{"ts": "2026-09-23T03:56:24.253480+00:00", "trace_id": null, "stage": "gate", "event": "finish", "duration_ms": 0.062, "candidates_in": 5, "candidates_out": 5, "top_score": 0.09737704918032787}
{"ts": "2026-09-23T03:56:24.253508+00:00", "trace_id": null, "stage": "embed_query", "event": "start", "model": "Qwen/Qwen3-Embedding-0.6B"}
{"ts": "2026-09-23T03:56:24.277006+00:00", "trace_id": null, "stage": "embed_query", "event": "finish", "duration_ms": 23.496, "model": "Qwen/Qwen3-Embedding-0.6B"}
{"ts": "2026-09-23T03:56:24.277047+00:00", "trace_id": null, "stage": "dense", "event": "start"}
{"ts": "2026-09-23T03:56:24.277248+00:00", "trace_id": null, "stage": "dense", "event": "finish", "duration_ms": 0.201, "candidates_out": 20}
{"ts": "2026-09-23T03:56:24.277268+00:00", "trace_id": null, "stage": "lexical", "event": "start"}
{"ts": "2026-09-23T03:56:24.277520+00:00", "trace_id": null, "stage": "lexical", "event": "finish", "duration_ms": 0.253, "candidates_out": 20}
{"ts": "2026-09-23T03:56:24.277545+00:00", "trace_id": null, "stage": "fuse", "event": "start", "candidates_in": 33}
{"ts": "2026-09-23T03:56:24.277612+00:00", "trace_id": null, "stage": "fuse", "event": "finish", "duration_ms": 0.066, "candidates_in": 33, "candidates_out": 24, "top_score": 0.03278688524590164}
{"ts": "2026-09-23T03:56:24.282755+00:00", "trace_id": null, "stage": "gate", "event": "start", "candidates_in": 5}
{"ts": "2026-09-23T03:56:24.282830+00:00", "trace_id": null, "stage": "gate", "event": "finish", "duration_ms": 0.074, "candidates_in": 5, "candidates_out": 5, "top_score": 0.03278688524590164}
{"ts": "2026-09-23T03:56:24.282869+00:00", "trace_id": null, "stage": "embed_query", "event": "start", "model": "Qwen/Qwen3-Embedding-0.6B"}
{"ts": "2026-09-23T03:56:24.306831+00:00", "trace_id": null, "stage": "embed_query", "event": "finish", "duration_ms": 23.958, "model": "Qwen/Qwen3-Embedding-0.6B"}
{"ts": "2026-09-23T03:56:24.306880+00:00", "trace_id": null, "stage": "dense", "event": "start"}
{"ts": "2026-09-23T03:56:24.307084+00:00", "trace_id": null, "stage": "dense", "event": "finish", "duration_ms": 0.204, "candidates_out": 20}
{"ts": "2026-09-23T03:56:24.307106+00:00", "trace_id": null, "stage": "lexical", "event": "start"}
{"ts": "2026-09-23T03:56:24.307437+00:00", "trace_id": null, "stage": "lexical", "event": "finish", "duration_ms": 0.33, "candidates_out": 20}
{"ts": "2026-09-23T03:56:24.307484+00:00", "trace_id": null, "stage": "fuse", "event": "start", "candidates_in": 33}
{"ts": "2026-09-23T03:56:24.307555+00:00", "trace_id": null, "stage": "fuse", "event": "finish", "duration_ms": 0.071, "candidates_in": 33, "candidates_out": 24, "top_score": 0.03278688524590164}
{"ts": "2026-09-23T03:56:24.314252+00:00", "trace_id": null, "stage": "gate", "event": "start", "candidates_in": 5}
{"ts": "2026-09-23T03:56:24.314312+00:00", "trace_id": null, "stage": "gate", "event": "finish", "duration_ms": 0.06, "candidates_in": 5, "candidates_out": 5, "top_score": 0.08387096774193549}
{"ts": "2026-09-23T03:56:24.314348+00:00", "trace_id": null, "stage": "embed_query", "event": "start", "model": "Qwen/Qwen3-Embedding-0.6B"}
{"ts": "2026-09-23T03:56:24.314391+00:00", "trace_id": null, "stage": "embed_query", "event": "finish", "duration_ms": 0.043, "model": "Qwen/Qwen3-Embedding-0.6B"}
{"ts": "2026-09-23T03:56:24.314415+00:00", "trace_id": null, "stage": "dense", "event": "start"}
{"ts": "2026-09-23T03:56:24.314596+00:00", "trace_id": null, "stage": "dense", "event": "finish", "duration_ms": 0.181, "candidates_out": 20}
{"ts": "2026-09-23T03:56:24.314609+00:00", "trace_id": null, "stage": "lexical", "event": "start"}
{"ts": "2026-09-23T03:56:24.314883+00:00", "trace_id": null, "stage": "lexical", "event": "finish", "duration_ms": 0.274, "candidates_out": 20}
{"ts": "2026-09-23T03:56:24.314909+00:00", "trace_id": null, "stage": "fuse", "event": "start", "candidates_in": 31}
{"ts": "2026-09-23T03:56:24.314965+00:00", "trace_id": null, "stage": "fuse", "event": "finish", "duration_ms": 0.055, "candidates_in": 31, "candidates_out": 19, "top_score": 0.03278688524590164}
{"ts": "2026-09-23T03:56:24.318600+00:00", "trace_id": null, "stage": "gate", "event": "start", "candidates_in": 5}
{"ts": "2026-09-23T03:56:24.318663+00:00", "trace_id": null, "stage": "gate", "event": "finish", "duration_ms": 0.061, "candidates_in": 5, "candidates_out": 5, "top_score": 0.05901639344262295}
{"ts": "2026-09-23T03:56:24.318694+00:00", "trace_id": null, "stage": "embed_query", "event": "start", "model": "Qwen/Qwen3-Embedding-0.6B"}
{"ts": "2026-09-23T03:56:24.341297+00:00", "trace_id": null, "stage": "embed_query", "event": "finish", "duration_ms": 22.6, "model": "Qwen/Qwen3-Embedding-0.6B"}
{"ts": "2026-09-23T03:56:24.341344+00:00", "trace_id": null, "stage": "dense", "event": "start"}
{"ts": "2026-09-23T03:56:24.341549+00:00", "trace_id": null, "stage": "dense", "event": "finish", "duration_ms": 0.205, "candidates_out": 20}
{"ts": "2026-09-23T03:56:24.341567+00:00", "trace_id": null, "stage": "lexical", "event": "start"}
{"ts": "2026-09-23T03:56:24.341813+00:00", "trace_id": null, "stage": "lexical", "event": "finish", "duration_ms": 0.245, "candidates_out": 20}
{"ts": "2026-09-23T03:56:24.341847+00:00", "trace_id": null, "stage": "fuse", "event": "start", "candidates_in": 33}
{"ts": "2026-09-23T03:56:24.341925+00:00", "trace_id": null, "stage": "fuse", "event": "finish", "duration_ms": 0.079, "candidates_in": 33, "candidates_out": 19, "top_score": 0.03252247488101534}
{"ts": "2026-09-23T03:56:24.344571+00:00", "trace_id": null, "stage": "gate", "event": "start", "candidates_in": 5}
{"ts": "2026-09-23T03:56:24.344646+00:00", "trace_id": null, "stage": "gate", "event": "finish", "duration_ms": 0.074, "candidates_in": 5, "candidates_out": 5, "top_score": 0.055817307692307694}
{"ts": "2026-09-23T03:56:24.344674+00:00", "trace_id": null, "stage": "embed_query", "event": "start", "model": "Qwen/Qwen3-Embedding-0.6B"}
{"ts": "2026-09-23T03:56:24.373448+00:00", "trace_id": null, "stage": "embed_query", "event": "finish", "duration_ms": 28.771, "model": "Qwen/Qwen3-Embedding-0.6B"}
{"ts": "2026-09-23T03:56:24.373490+00:00", "trace_id": null, "stage": "dense", "event": "start"}
{"ts": "2026-09-23T03:56:24.373692+00:00", "trace_id": null, "stage": "dense", "event": "finish", "duration_ms": 0.202, "candidates_out": 20}
{"ts": "2026-09-23T03:56:24.373709+00:00", "trace_id": null, "stage": "lexical", "event": "start"}
{"ts": "2026-09-23T03:56:24.373988+00:00", "trace_id": null, "stage": "lexical", "event": "finish", "duration_ms": 0.279, "candidates_out": 20}
{"ts": "2026-09-23T03:56:24.374012+00:00", "trace_id": null, "stage": "fuse", "event": "start", "candidates_in": 32}
{"ts": "2026-09-23T03:56:24.374086+00:00", "trace_id": null, "stage": "fuse", "event": "finish", "duration_ms": 0.074, "candidates_in": 32, "candidates_out": 24, "top_score": 0.03278688524590164}
{"ts": "2026-09-23T03:56:24.380519+00:00", "trace_id": null, "stage": "gate", "event": "start", "candidates_in": 5}
{"ts": "2026-09-23T03:56:24.380576+00:00", "trace_id": null, "stage": "gate", "event": "finish", "duration_ms": 0.058, "candidates_in": 5, "candidates_out": 5, "top_score": 0.07611111111111112}
{"ts": "2026-09-23T03:56:24.380602+00:00", "trace_id": null, "stage": "embed_query", "event": "start", "model": "Qwen/Qwen3-Embedding-0.6B"}
{"ts": "2026-09-23T03:56:24.407252+00:00", "trace_id": null, "stage": "embed_query", "event": "finish", "duration_ms": 26.646, "model": "Qwen/Qwen3-Embedding-0.6B"}
{"ts": "2026-09-23T03:56:24.407296+00:00", "trace_id": null, "stage": "dense", "event": "start"}
{"ts": "2026-09-23T03:56:24.407504+00:00", "trace_id": null, "stage": "dense", "event": "finish", "duration_ms": 0.208, "candidates_out": 20}
{"ts": "2026-09-23T03:56:24.407523+00:00", "trace_id": null, "stage": "lexical", "event": "start"}
{"ts": "2026-09-23T03:56:24.407795+00:00", "trace_id": null, "stage": "lexical", "event": "finish", "duration_ms": 0.271, "candidates_out": 20}
{"ts": "2026-09-23T03:56:24.407829+00:00", "trace_id": null, "stage": "fuse", "event": "start", "candidates_in": 32}
{"ts": "2026-09-23T03:56:24.407894+00:00", "trace_id": null, "stage": "fuse", "event": "finish", "duration_ms": 0.064, "candidates_in": 32, "candidates_out": 22, "top_score": 0.03278688524590164}
{"ts": "2026-09-23T03:56:24.411475+00:00", "trace_id": null, "stage": "gate", "event": "start", "candidates_in": 5}
{"ts": "2026-09-23T03:56:24.411536+00:00", "trace_id": null, "stage": "gate", "event": "finish", "duration_ms": 0.06, "candidates_in": 5, "candidates_out": 5, "top_score": 0.09073460820895522}
{"ts": "2026-09-23T03:56:24.411562+00:00", "trace_id": null, "stage": "embed_query", "event": "start", "model": "Qwen/Qwen3-Embedding-0.6B"}
{"ts": "2026-09-23T03:56:24.436022+00:00", "trace_id": null, "stage": "embed_query", "event": "finish", "duration_ms": 24.458, "model": "Qwen/Qwen3-Embedding-0.6B"}
{"ts": "2026-09-23T03:56:24.436062+00:00", "trace_id": null, "stage": "dense", "event": "start"}
{"ts": "2026-09-23T03:56:24.436262+00:00", "trace_id": null, "stage": "dense", "event": "finish", "duration_ms": 0.2, "candidates_out": 20}
{"ts": "2026-09-23T03:56:24.436279+00:00", "trace_id": null, "stage": "lexical", "event": "start"}
{"ts": "2026-09-23T03:56:24.436536+00:00", "trace_id": null, "stage": "lexical", "event": "finish", "duration_ms": 0.257, "candidates_out": 20}
{"ts": "2026-09-23T03:56:24.436566+00:00", "trace_id": null, "stage": "fuse", "event": "start", "candidates_in": 34}
{"ts": "2026-09-23T03:56:24.436631+00:00", "trace_id": null, "stage": "fuse", "event": "finish", "duration_ms": 0.065, "candidates_in": 34, "candidates_out": 24, "top_score": 0.03278688524590164}
{"ts": "2026-09-23T03:56:24.442054+00:00", "trace_id": null, "stage": "gate", "event": "start", "candidates_in": 5}
{"ts": "2026-09-23T03:56:24.442132+00:00", "trace_id": null, "stage": "gate", "event": "finish", "duration_ms": 0.078, "candidates_in": 5, "candidates_out": 5, "top_score": 0.09737704918032787}
{"ts": "2026-09-23T03:56:24.442158+00:00", "trace_id": null, "stage": "embed_query", "event": "start", "model": "Qwen/Qwen3-Embedding-0.6B"}
{"ts": "2026-09-23T03:56:24.466775+00:00", "trace_id": null, "stage": "embed_query", "event": "finish", "duration_ms": 24.615, "model": "Qwen/Qwen3-Embedding-0.6B"}
{"ts": "2026-09-23T03:56:24.466813+00:00", "trace_id": null, "stage": "dense", "event": "start"}
{"ts": "2026-09-23T03:56:24.466995+00:00", "trace_id": null, "stage": "dense", "event": "finish", "duration_ms": 0.181, "candidates_out": 20}
{"ts": "2026-09-23T03:56:24.467012+00:00", "trace_id": null, "stage": "lexical", "event": "start"}
{"ts": "2026-09-23T03:56:24.467303+00:00", "trace_id": null, "stage": "lexical", "event": "finish", "duration_ms": 0.292, "candidates_out": 20}
{"ts": "2026-09-23T03:56:24.467330+00:00", "trace_id": null, "stage": "fuse", "event": "start", "candidates_in": 31}
{"ts": "2026-09-23T03:56:24.467412+00:00", "trace_id": null, "stage": "fuse", "event": "finish", "duration_ms": 0.082, "candidates_in": 31, "candidates_out": 22, "top_score": 0.03278688524590164}
{"ts": "2026-09-23T03:56:24.471947+00:00", "trace_id": null, "stage": "gate", "event": "start", "candidates_in": 5}
{"ts": "2026-09-23T03:56:24.472158+00:00", "trace_id": null, "stage": "gate", "event": "finish", "duration_ms": 0.211, "candidates_in": 5, "candidates_out": 5, "top_score": 0.048375}
{"ts": "2026-09-23T03:56:24.472196+00:00", "trace_id": null, "stage": "embed_query", "event": "start", "model": "Qwen/Qwen3-Embedding-0.6B"}
{"ts": "2026-09-23T03:56:24.495619+00:00", "trace_id": null, "stage": "embed_query", "event": "finish", "duration_ms": 23.421, "model": "Qwen/Qwen3-Embedding-0.6B"}
{"ts": "2026-09-23T03:56:24.495654+00:00", "trace_id": null, "stage": "dense", "event": "start"}
{"ts": "2026-09-23T03:56:24.495843+00:00", "trace_id": null, "stage": "dense", "event": "finish", "duration_ms": 0.189, "candidates_out": 20}
{"ts": "2026-09-23T03:56:24.495859+00:00", "trace_id": null, "stage": "lexical", "event": "start"}
{"ts": "2026-09-23T03:56:24.496056+00:00", "trace_id": null, "stage": "lexical", "event": "finish", "duration_ms": 0.197, "candidates_out": 11}
{"ts": "2026-09-23T03:56:24.496078+00:00", "trace_id": null, "stage": "fuse", "event": "start", "candidates_in": 25}
{"ts": "2026-09-23T03:56:24.496144+00:00", "trace_id": null, "stage": "fuse", "event": "finish", "duration_ms": 0.065, "candidates_in": 25, "candidates_out": 19, "top_score": 0.03252247488101534}
{"ts": "2026-09-23T03:56:24.501094+00:00", "trace_id": null, "stage": "gate", "event": "start", "candidates_in": 5}
{"ts": "2026-09-23T03:56:24.501164+00:00", "trace_id": null, "stage": "gate", "event": "finish", "duration_ms": 0.07, "candidates_in": 5, "candidates_out": 5, "top_score": 0.08455843469063988}
{"ts": "2026-09-23T03:56:24.501192+00:00", "trace_id": null, "stage": "embed_query", "event": "start", "model": "Qwen/Qwen3-Embedding-0.6B"}
{"ts": "2026-09-23T03:56:24.523970+00:00", "trace_id": null, "stage": "embed_query", "event": "finish", "duration_ms": 22.776, "model": "Qwen/Qwen3-Embedding-0.6B"}
{"ts": "2026-09-23T03:56:24.524007+00:00", "trace_id": null, "stage": "dense", "event": "start"}
{"ts": "2026-09-23T03:56:24.524245+00:00", "trace_id": null, "stage": "dense", "event": "finish", "duration_ms": 0.238, "candidates_out": 20}
{"ts": "2026-09-23T03:56:24.524262+00:00", "trace_id": null, "stage": "lexical", "event": "start"}
{"ts": "2026-09-23T03:56:24.524482+00:00", "trace_id": null, "stage": "lexical", "event": "finish", "duration_ms": 0.22, "candidates_out": 19}
{"ts": "2026-09-23T03:56:24.524507+00:00", "trace_id": null, "stage": "fuse", "event": "start", "candidates_in": 30}
{"ts": "2026-09-23T03:56:24.524574+00:00", "trace_id": null, "stage": "fuse", "event": "finish", "duration_ms": 0.067, "candidates_in": 30, "candidates_out": 22, "top_score": 0.03278688524590164}
{"ts": "2026-09-23T03:56:24.528052+00:00", "trace_id": null, "stage": "gate", "event": "start", "candidates_in": 5}
{"ts": "2026-09-23T03:56:24.528104+00:00", "trace_id": null, "stage": "gate", "event": "finish", "duration_ms": 0.052, "candidates_in": 5, "candidates_out": 5, "top_score": 0.036571428571428574}
{"ts": "2026-09-23T03:56:24.528128+00:00", "trace_id": null, "stage": "embed_query", "event": "start", "model": "Qwen/Qwen3-Embedding-0.6B"}
{"ts": "2026-09-23T03:56:24.552208+00:00", "trace_id": null, "stage": "embed_query", "event": "finish", "duration_ms": 24.078, "model": "Qwen/Qwen3-Embedding-0.6B"}
{"ts": "2026-09-23T03:56:24.552246+00:00", "trace_id": null, "stage": "dense", "event": "start"}
{"ts": "2026-09-23T03:56:24.552429+00:00", "trace_id": null, "stage": "dense", "event": "finish", "duration_ms": 0.184, "candidates_out": 20}
{"ts": "2026-09-23T03:56:24.552445+00:00", "trace_id": null, "stage": "lexical", "event": "start"}
{"ts": "2026-09-23T03:56:24.552666+00:00", "trace_id": null, "stage": "lexical", "event": "finish", "duration_ms": 0.221, "candidates_out": 16}
{"ts": "2026-09-23T03:56:24.552689+00:00", "trace_id": null, "stage": "fuse", "event": "start", "candidates_in": 28}
{"ts": "2026-09-23T03:56:24.552754+00:00", "trace_id": null, "stage": "fuse", "event": "finish", "duration_ms": 0.065, "candidates_in": 28, "candidates_out": 22, "top_score": 0.03278688524590164}
{"ts": "2026-09-23T03:56:24.556934+00:00", "trace_id": null, "stage": "gate", "event": "start", "candidates_in": 5}
{"ts": "2026-09-23T03:56:24.556994+00:00", "trace_id": null, "stage": "gate", "event": "finish", "duration_ms": 0.06, "candidates_in": 5, "candidates_out": 5, "top_score": 0.08256048387096775}
{"ts": "2026-09-23T03:56:24.557025+00:00", "trace_id": null, "stage": "embed_query", "event": "start", "model": "Qwen/Qwen3-Embedding-0.6B"}
{"ts": "2026-09-23T03:56:24.580897+00:00", "trace_id": null, "stage": "embed_query", "event": "finish", "duration_ms": 23.87, "model": "Qwen/Qwen3-Embedding-0.6B"}
{"ts": "2026-09-23T03:56:24.580934+00:00", "trace_id": null, "stage": "dense", "event": "start"}
{"ts": "2026-09-23T03:56:24.581110+00:00", "trace_id": null, "stage": "dense", "event": "finish", "duration_ms": 0.176, "candidates_out": 20}
{"ts": "2026-09-23T03:56:24.581127+00:00", "trace_id": null, "stage": "lexical", "event": "start"}
{"ts": "2026-09-23T03:56:24.581429+00:00", "trace_id": null, "stage": "lexical", "event": "finish", "duration_ms": 0.301, "candidates_out": 20}
{"ts": "2026-09-23T03:56:24.581465+00:00", "trace_id": null, "stage": "fuse", "event": "start", "candidates_in": 32}
{"ts": "2026-09-23T03:56:24.581543+00:00", "trace_id": null, "stage": "fuse", "event": "finish", "duration_ms": 0.077, "candidates_in": 32, "candidates_out": 20, "top_score": 0.032266458495966696}
{"ts": "2026-09-23T03:56:24.584494+00:00", "trace_id": null, "stage": "gate", "event": "start", "candidates_in": 5}
{"ts": "2026-09-23T03:56:24.584552+00:00", "trace_id": null, "stage": "gate", "event": "finish", "duration_ms": 0.058, "candidates_in": 5, "candidates_out": 5, "top_score": 0.05413839891451832}
{"ts": "2026-09-23T03:56:24.584575+00:00", "trace_id": null, "stage": "embed_query", "event": "start", "model": "Qwen/Qwen3-Embedding-0.6B"}
{"ts": "2026-09-23T03:56:24.612114+00:00", "trace_id": null, "stage": "embed_query", "event": "finish", "duration_ms": 27.536, "model": "Qwen/Qwen3-Embedding-0.6B"}
{"ts": "2026-09-23T03:56:24.612157+00:00", "trace_id": null, "stage": "dense", "event": "start"}
{"ts": "2026-09-23T03:56:24.612366+00:00", "trace_id": null, "stage": "dense", "event": "finish", "duration_ms": 0.209, "candidates_out": 20}
{"ts": "2026-09-23T03:56:24.612383+00:00", "trace_id": null, "stage": "lexical", "event": "start"}
{"ts": "2026-09-23T03:56:24.612668+00:00", "trace_id": null, "stage": "lexical", "event": "finish", "duration_ms": 0.285, "candidates_out": 20}
{"ts": "2026-09-23T03:56:24.612694+00:00", "trace_id": null, "stage": "fuse", "event": "start", "candidates_in": 33}
{"ts": "2026-09-23T03:56:24.612770+00:00", "trace_id": null, "stage": "fuse", "event": "finish", "duration_ms": 0.076, "candidates_in": 33, "candidates_out": 20, "top_score": 0.03278688524590164}
{"ts": "2026-09-23T03:56:24.619006+00:00", "trace_id": null, "stage": "gate", "event": "start", "candidates_in": 5}
{"ts": "2026-09-23T03:56:24.619071+00:00", "trace_id": null, "stage": "gate", "event": "finish", "duration_ms": 0.064, "candidates_in": 5, "candidates_out": 5, "top_score": 0.054098360655737705}
{"ts": "2026-09-23T03:56:24.619100+00:00", "trace_id": null, "stage": "embed_query", "event": "start", "model": "Qwen/Qwen3-Embedding-0.6B"}
{"ts": "2026-09-23T03:56:24.642920+00:00", "trace_id": null, "stage": "embed_query", "event": "finish", "duration_ms": 23.818, "model": "Qwen/Qwen3-Embedding-0.6B"}
{"ts": "2026-09-23T03:56:24.642955+00:00", "trace_id": null, "stage": "dense", "event": "start"}
{"ts": "2026-09-23T03:56:24.643135+00:00", "trace_id": null, "stage": "dense", "event": "finish", "duration_ms": 0.18, "candidates_out": 20}
{"ts": "2026-09-23T03:56:24.643150+00:00", "trace_id": null, "stage": "lexical", "event": "start"}
{"ts": "2026-09-23T03:56:24.643404+00:00", "trace_id": null, "stage": "lexical", "event": "finish", "duration_ms": 0.254, "candidates_out": 20}
{"ts": "2026-09-23T03:56:24.643428+00:00", "trace_id": null, "stage": "fuse", "event": "start", "candidates_in": 34}
{"ts": "2026-09-23T03:56:24.643497+00:00", "trace_id": null, "stage": "fuse", "event": "finish", "duration_ms": 0.068, "candidates_in": 34, "candidates_out": 22, "top_score": 0.03278688524590164}
{"ts": "2026-09-23T03:56:24.650389+00:00", "trace_id": null, "stage": "gate", "event": "start", "candidates_in": 5}
{"ts": "2026-09-23T03:56:24.650452+00:00", "trace_id": null, "stage": "gate", "event": "finish", "duration_ms": 0.062, "candidates_in": 5, "candidates_out": 5, "top_score": 0.13519354838709677}
{"ts": "2026-09-23T03:56:24.650480+00:00", "trace_id": null, "stage": "embed_query", "event": "start", "model": "Qwen/Qwen3-Embedding-0.6B"}
{"ts": "2026-09-23T03:56:24.673452+00:00", "trace_id": null, "stage": "embed_query", "event": "finish", "duration_ms": 22.97, "model": "Qwen/Qwen3-Embedding-0.6B"}
{"ts": "2026-09-23T03:56:24.673496+00:00", "trace_id": null, "stage": "dense", "event": "start"}
{"ts": "2026-09-23T03:56:24.673695+00:00", "trace_id": null, "stage": "dense", "event": "finish", "duration_ms": 0.198, "candidates_out": 20}
{"ts": "2026-09-23T03:56:24.673716+00:00", "trace_id": null, "stage": "lexical", "event": "start"}
{"ts": "2026-09-23T03:56:24.674006+00:00", "trace_id": null, "stage": "lexical", "event": "finish", "duration_ms": 0.29, "candidates_out": 20}
{"ts": "2026-09-23T03:56:24.674034+00:00", "trace_id": null, "stage": "fuse", "event": "start", "candidates_in": 34}
{"ts": "2026-09-23T03:56:24.674114+00:00", "trace_id": null, "stage": "fuse", "event": "finish", "duration_ms": 0.08, "candidates_in": 34, "candidates_out": 25, "top_score": 0.03252247488101534}
{"ts": "2026-09-23T03:56:24.681928+00:00", "trace_id": null, "stage": "gate", "event": "start", "candidates_in": 5}
{"ts": "2026-09-23T03:56:24.682012+00:00", "trace_id": null, "stage": "gate", "event": "finish", "duration_ms": 0.085, "candidates_in": 5, "candidates_out": 5, "top_score": 0.1340625}
{"ts": "2026-09-23T03:56:24.682033+00:00", "trace_id": null, "stage": "embed_query", "event": "start", "model": "Qwen/Qwen3-Embedding-0.6B"}
{"ts": "2026-09-23T03:56:24.705969+00:00", "trace_id": null, "stage": "embed_query", "event": "finish", "duration_ms": 23.933, "model": "Qwen/Qwen3-Embedding-0.6B"}
{"ts": "2026-09-23T03:56:24.706011+00:00", "trace_id": null, "stage": "dense", "event": "start"}
{"ts": "2026-09-23T03:56:24.706212+00:00", "trace_id": null, "stage": "dense", "event": "finish", "duration_ms": 0.201, "candidates_out": 20}
{"ts": "2026-09-23T03:56:24.706229+00:00", "trace_id": null, "stage": "lexical", "event": "start"}
{"ts": "2026-09-23T03:56:24.706633+00:00", "trace_id": null, "stage": "lexical", "event": "finish", "duration_ms": 0.403, "candidates_out": 20}
{"ts": "2026-09-23T03:56:24.706673+00:00", "trace_id": null, "stage": "fuse", "event": "start", "candidates_in": 35}
{"ts": "2026-09-23T03:56:24.706742+00:00", "trace_id": null, "stage": "fuse", "event": "finish", "duration_ms": 0.068, "candidates_in": 35, "candidates_out": 25, "top_score": 0.03252247488101534}
{"ts": "2026-09-23T03:56:24.714416+00:00", "trace_id": null, "stage": "gate", "event": "start", "candidates_in": 5}
{"ts": "2026-09-23T03:56:24.714478+00:00", "trace_id": null, "stage": "gate", "event": "finish", "duration_ms": 0.062, "candidates_in": 5, "candidates_out": 5, "top_score": 0.0880048287971905}
{"ts": "2026-09-23T03:56:24.714531+00:00", "trace_id": null, "stage": "embed_query", "event": "start", "model": "Qwen/Qwen3-Embedding-0.6B"}
{"ts": "2026-09-23T03:56:24.738002+00:00", "trace_id": null, "stage": "embed_query", "event": "finish", "duration_ms": 23.469, "model": "Qwen/Qwen3-Embedding-0.6B"}
{"ts": "2026-09-23T03:56:24.738034+00:00", "trace_id": null, "stage": "dense", "event": "start"}
{"ts": "2026-09-23T03:56:24.738215+00:00", "trace_id": null, "stage": "dense", "event": "finish", "duration_ms": 0.181, "candidates_out": 20}
{"ts": "2026-09-23T03:56:24.738231+00:00", "trace_id": null, "stage": "lexical", "event": "start"}
{"ts": "2026-09-23T03:56:24.738450+00:00", "trace_id": null, "stage": "lexical", "event": "finish", "duration_ms": 0.219, "candidates_out": 20}
{"ts": "2026-09-23T03:56:24.738474+00:00", "trace_id": null, "stage": "fuse", "event": "start", "candidates_in": 33}
{"ts": "2026-09-23T03:56:24.738541+00:00", "trace_id": null, "stage": "fuse", "event": "finish", "duration_ms": 0.067, "candidates_in": 33, "candidates_out": 22, "top_score": 0.03278688524590164}
{"ts": "2026-09-23T03:56:24.743735+00:00", "trace_id": null, "stage": "gate", "event": "start", "candidates_in": 5}
{"ts": "2026-09-23T03:56:24.743788+00:00", "trace_id": null, "stage": "gate", "event": "finish", "duration_ms": 0.053, "candidates_in": 5, "candidates_out": 5, "top_score": 0.14065573770491804}
{"ts": "2026-09-23T03:56:24.743814+00:00", "trace_id": null, "stage": "embed_query", "event": "start", "model": "Qwen/Qwen3-Embedding-0.6B"}
{"ts": "2026-09-23T03:56:24.767632+00:00", "trace_id": null, "stage": "embed_query", "event": "finish", "duration_ms": 23.816, "model": "Qwen/Qwen3-Embedding-0.6B"}
{"ts": "2026-09-23T03:56:24.767669+00:00", "trace_id": null, "stage": "dense", "event": "start"}
{"ts": "2026-09-23T03:56:24.767850+00:00", "trace_id": null, "stage": "dense", "event": "finish", "duration_ms": 0.181, "candidates_out": 20}
{"ts": "2026-09-23T03:56:24.767866+00:00", "trace_id": null, "stage": "lexical", "event": "start"}
{"ts": "2026-09-23T03:56:24.768105+00:00", "trace_id": null, "stage": "lexical", "event": "finish", "duration_ms": 0.239, "candidates_out": 20}
{"ts": "2026-09-23T03:56:24.768129+00:00", "trace_id": null, "stage": "fuse", "event": "start", "candidates_in": 30}
{"ts": "2026-09-23T03:56:24.768190+00:00", "trace_id": null, "stage": "fuse", "event": "finish", "duration_ms": 0.06, "candidates_in": 30, "candidates_out": 18, "top_score": 0.03278688524590164}
{"ts": "2026-09-23T03:56:24.770615+00:00", "trace_id": null, "stage": "gate", "event": "start", "candidates_in": 5}
{"ts": "2026-09-23T03:56:24.770813+00:00", "trace_id": null, "stage": "gate", "event": "finish", "duration_ms": 0.198, "candidates_in": 5, "candidates_out": 5, "top_score": 0.0532258064516129}
{"ts": "2026-09-23T03:56:24.770844+00:00", "trace_id": null, "stage": "embed_query", "event": "start", "model": "Qwen/Qwen3-Embedding-0.6B"}
{"ts": "2026-09-23T03:56:24.793078+00:00", "trace_id": null, "stage": "embed_query", "event": "finish", "duration_ms": 22.232, "model": "Qwen/Qwen3-Embedding-0.6B"}
{"ts": "2026-09-23T03:56:24.793111+00:00", "trace_id": null, "stage": "dense", "event": "start"}
{"ts": "2026-09-23T03:56:24.793288+00:00", "trace_id": null, "stage": "dense", "event": "finish", "duration_ms": 0.177, "candidates_out": 20}
{"ts": "2026-09-23T03:56:24.793304+00:00", "trace_id": null, "stage": "lexical", "event": "start"}
{"ts": "2026-09-23T03:56:24.793549+00:00", "trace_id": null, "stage": "lexical", "event": "finish", "duration_ms": 0.245, "candidates_out": 20}
{"ts": "2026-09-23T03:56:24.793574+00:00", "trace_id": null, "stage": "fuse", "event": "start", "candidates_in": 32}
{"ts": "2026-09-23T03:56:24.793639+00:00", "trace_id": null, "stage": "fuse", "event": "finish", "duration_ms": 0.065, "candidates_in": 32, "candidates_out": 20, "top_score": 0.03278688524590164}
{"ts": "2026-09-23T03:56:24.796576+00:00", "trace_id": null, "stage": "gate", "event": "start", "candidates_in": 5}
{"ts": "2026-09-23T03:56:24.796758+00:00", "trace_id": null, "stage": "gate", "event": "finish", "duration_ms": 0.181, "candidates_in": 5, "candidates_out": 5, "top_score": 0.0532258064516129}
{"ts": "2026-09-23T03:56:24.796789+00:00", "trace_id": null, "stage": "embed_query", "event": "start", "model": "Qwen/Qwen3-Embedding-0.6B"}
{"ts": "2026-09-23T03:56:24.820343+00:00", "trace_id": null, "stage": "embed_query", "event": "finish", "duration_ms": 23.55, "model": "Qwen/Qwen3-Embedding-0.6B"}
{"ts": "2026-09-23T03:56:24.820388+00:00", "trace_id": null, "stage": "dense", "event": "start"}
{"ts": "2026-09-23T03:56:24.820598+00:00", "trace_id": null, "stage": "dense", "event": "finish", "duration_ms": 0.209, "candidates_out": 20}
{"ts": "2026-09-23T03:56:24.820615+00:00", "trace_id": null, "stage": "lexical", "event": "start"}
{"ts": "2026-09-23T03:56:24.820862+00:00", "trace_id": null, "stage": "lexical", "event": "finish", "duration_ms": 0.247, "candidates_out": 20}
{"ts": "2026-09-23T03:56:24.820888+00:00", "trace_id": null, "stage": "fuse", "event": "start", "candidates_in": 28}
{"ts": "2026-09-23T03:56:24.820955+00:00", "trace_id": null, "stage": "fuse", "event": "finish", "duration_ms": 0.066, "candidates_in": 28, "candidates_out": 18, "top_score": 0.031746031746031744}
{"ts": "2026-09-23T03:56:24.824143+00:00", "trace_id": null, "stage": "gate", "event": "start", "candidates_in": 5}
{"ts": "2026-09-23T03:56:24.824354+00:00", "trace_id": null, "stage": "gate", "event": "finish", "duration_ms": 0.211, "candidates_in": 5, "candidates_out": 5, "top_score": 0.05550284629981025}
{"ts": "2026-09-23T03:56:24.824381+00:00", "trace_id": null, "stage": "embed_query", "event": "start", "model": "Qwen/Qwen3-Embedding-0.6B"}
{"ts": "2026-09-23T03:56:24.848013+00:00", "trace_id": null, "stage": "embed_query", "event": "finish", "duration_ms": 23.597, "model": "Qwen/Qwen3-Embedding-0.6B"}
{"ts": "2026-09-23T03:56:24.848062+00:00", "trace_id": null, "stage": "dense", "event": "start"}
{"ts": "2026-09-23T03:56:24.848292+00:00", "trace_id": null, "stage": "dense", "event": "finish", "duration_ms": 0.229, "candidates_out": 20}
{"ts": "2026-09-23T03:56:24.848318+00:00", "trace_id": null, "stage": "lexical", "event": "start"}
{"ts": "2026-09-23T03:56:24.848617+00:00", "trace_id": null, "stage": "lexical", "event": "finish", "duration_ms": 0.3, "candidates_out": 20}
{"ts": "2026-09-23T03:56:24.848644+00:00", "trace_id": null, "stage": "fuse", "event": "start", "candidates_in": 27}
{"ts": "2026-09-23T03:56:24.848712+00:00", "trace_id": null, "stage": "fuse", "event": "finish", "duration_ms": 0.067, "candidates_in": 27, "candidates_out": 19, "top_score": 0.03278688524590164}
{"ts": "2026-09-23T03:56:24.852488+00:00", "trace_id": null, "stage": "gate", "event": "start", "candidates_in": 5}
{"ts": "2026-09-23T03:56:24.852574+00:00", "trace_id": null, "stage": "gate", "event": "finish", "duration_ms": 0.086, "candidates_in": 5, "candidates_out": 5, "top_score": 0.052380952380952375}
{"ts": "2026-09-23T03:56:24.852600+00:00", "trace_id": null, "stage": "embed_query", "event": "start", "model": "Qwen/Qwen3-Embedding-0.6B"}
{"ts": "2026-09-23T03:56:24.876230+00:00", "trace_id": null, "stage": "embed_query", "event": "finish", "duration_ms": 23.628, "model": "Qwen/Qwen3-Embedding-0.6B"}
{"ts": "2026-09-23T03:56:24.876269+00:00", "trace_id": null, "stage": "dense", "event": "start"}
{"ts": "2026-09-23T03:56:24.876466+00:00", "trace_id": null, "stage": "dense", "event": "finish", "duration_ms": 0.198, "candidates_out": 20}
{"ts": "2026-09-23T03:56:24.876483+00:00", "trace_id": null, "stage": "lexical", "event": "start"}
{"ts": "2026-09-23T03:56:24.876754+00:00", "trace_id": null, "stage": "lexical", "event": "finish", "duration_ms": 0.271, "candidates_out": 20}
{"ts": "2026-09-23T03:56:24.876784+00:00", "trace_id": null, "stage": "fuse", "event": "start", "candidates_in": 30}
{"ts": "2026-09-23T03:56:24.876852+00:00", "trace_id": null, "stage": "fuse", "event": "finish", "duration_ms": 0.067, "candidates_in": 30, "candidates_out": 24, "top_score": 0.03278688524590164}
{"ts": "2026-09-23T03:56:24.882810+00:00", "trace_id": null, "stage": "gate", "event": "start", "candidates_in": 5}
{"ts": "2026-09-23T03:56:24.882903+00:00", "trace_id": null, "stage": "gate", "event": "finish", "duration_ms": 0.093, "candidates_in": 5, "candidates_out": 5, "top_score": 0.0532258064516129}
{"ts": "2026-09-23T03:56:24.882927+00:00", "trace_id": null, "stage": "embed_query", "event": "start", "model": "Qwen/Qwen3-Embedding-0.6B"}
{"ts": "2026-09-23T03:56:24.906208+00:00", "trace_id": null, "stage": "embed_query", "event": "finish", "duration_ms": 23.271, "model": "Qwen/Qwen3-Embedding-0.6B"}
{"ts": "2026-09-23T03:56:24.906252+00:00", "trace_id": null, "stage": "dense", "event": "start"}
{"ts": "2026-09-23T03:56:24.906501+00:00", "trace_id": null, "stage": "dense", "event": "finish", "duration_ms": 0.249, "candidates_out": 20}
{"ts": "2026-09-23T03:56:24.906521+00:00", "trace_id": null, "stage": "lexical", "event": "start"}
{"ts": "2026-09-23T03:56:24.906840+00:00", "trace_id": null, "stage": "lexical", "event": "finish", "duration_ms": 0.318, "candidates_out": 20}
{"ts": "2026-09-23T03:56:24.906873+00:00", "trace_id": null, "stage": "fuse", "event": "start", "candidates_in": 32}
{"ts": "2026-09-23T03:56:24.906942+00:00", "trace_id": null, "stage": "fuse", "event": "finish", "duration_ms": 0.068, "candidates_in": 32, "candidates_out": 21, "top_score": 0.03278688524590164}
{"ts": "2026-09-23T03:56:24.911076+00:00", "trace_id": null, "stage": "gate", "event": "start", "candidates_in": 5}
{"ts": "2026-09-23T03:56:24.911288+00:00", "trace_id": null, "stage": "gate", "event": "finish", "duration_ms": 0.213, "candidates_in": 5, "candidates_out": 5, "top_score": 0.13838709677419356}
{"ts": "2026-09-23T03:56:24.911316+00:00", "trace_id": null, "stage": "embed_query", "event": "start", "model": "Qwen/Qwen3-Embedding-0.6B"}
{"ts": "2026-09-23T03:56:24.934696+00:00", "trace_id": null, "stage": "embed_query", "event": "finish", "duration_ms": 23.378, "model": "Qwen/Qwen3-Embedding-0.6B"}
{"ts": "2026-09-23T03:56:24.934732+00:00", "trace_id": null, "stage": "dense", "event": "start"}
{"ts": "2026-09-23T03:56:24.934917+00:00", "trace_id": null, "stage": "dense", "event": "finish", "duration_ms": 0.186, "candidates_out": 20}
{"ts": "2026-09-23T03:56:24.934934+00:00", "trace_id": null, "stage": "lexical", "event": "start"}
{"ts": "2026-09-23T03:56:24.935279+00:00", "trace_id": null, "stage": "lexical", "event": "finish", "duration_ms": 0.344, "candidates_out": 20}
{"ts": "2026-09-23T03:56:24.935305+00:00", "trace_id": null, "stage": "fuse", "event": "start", "candidates_in": 33}
{"ts": "2026-09-23T03:56:24.935367+00:00", "trace_id": null, "stage": "fuse", "event": "finish", "duration_ms": 0.061, "candidates_in": 33, "candidates_out": 22, "top_score": 0.03252247488101534}
{"ts": "2026-09-23T03:56:24.939930+00:00", "trace_id": null, "stage": "gate", "event": "start", "candidates_in": 5}
{"ts": "2026-09-23T03:56:24.940150+00:00", "trace_id": null, "stage": "gate", "event": "finish", "duration_ms": 0.22, "candidates_in": 5, "candidates_out": 5, "top_score": 0.1395214172395558}
{"ts": "2026-09-23T03:56:24.940178+00:00", "trace_id": null, "stage": "embed_query", "event": "start", "model": "Qwen/Qwen3-Embedding-0.6B"}
{"ts": "2026-09-23T03:56:24.962340+00:00", "trace_id": null, "stage": "embed_query", "event": "finish", "duration_ms": 22.161, "model": "Qwen/Qwen3-Embedding-0.6B"}
{"ts": "2026-09-23T03:56:24.962373+00:00", "trace_id": null, "stage": "dense", "event": "start"}
{"ts": "2026-09-23T03:56:24.962548+00:00", "trace_id": null, "stage": "dense", "event": "finish", "duration_ms": 0.176, "candidates_out": 20}
{"ts": "2026-09-23T03:56:24.962563+00:00", "trace_id": null, "stage": "lexical", "event": "start"}
{"ts": "2026-09-23T03:56:24.962803+00:00", "trace_id": null, "stage": "lexical", "event": "finish", "duration_ms": 0.24, "candidates_out": 20}
{"ts": "2026-09-23T03:56:24.962827+00:00", "trace_id": null, "stage": "fuse", "event": "start", "candidates_in": 32}
{"ts": "2026-09-23T03:56:24.962888+00:00", "trace_id": null, "stage": "fuse", "event": "finish", "duration_ms": 0.061, "candidates_in": 32, "candidates_out": 22, "top_score": 0.030886196246139225}
{"ts": "2026-09-23T03:56:24.966410+00:00", "trace_id": null, "stage": "gate", "event": "start", "candidates_in": 5}
{"ts": "2026-09-23T03:56:24.966705+00:00", "trace_id": null, "stage": "gate", "event": "finish", "duration_ms": 0.295, "candidates_in": 5, "candidates_out": 5, "top_score": 0.052571428571428575}
{"ts": "2026-09-23T03:56:24.966734+00:00", "trace_id": null, "stage": "embed_query", "event": "start", "model": "Qwen/Qwen3-Embedding-0.6B"}
{"ts": "2026-09-23T03:56:24.990181+00:00", "trace_id": null, "stage": "embed_query", "event": "finish", "duration_ms": 23.443, "model": "Qwen/Qwen3-Embedding-0.6B"}
{"ts": "2026-09-23T03:56:24.990220+00:00", "trace_id": null, "stage": "dense", "event": "start"}
{"ts": "2026-09-23T03:56:24.990404+00:00", "trace_id": null, "stage": "dense", "event": "finish", "duration_ms": 0.184, "candidates_out": 20}
{"ts": "2026-09-23T03:56:24.990422+00:00", "trace_id": null, "stage": "lexical", "event": "start"}
{"ts": "2026-09-23T03:56:24.990677+00:00", "trace_id": null, "stage": "lexical", "event": "finish", "duration_ms": 0.255, "candidates_out": 20}
{"ts": "2026-09-23T03:56:24.990706+00:00", "trace_id": null, "stage": "fuse", "event": "start", "candidates_in": 33}
{"ts": "2026-09-23T03:56:24.990799+00:00", "trace_id": null, "stage": "fuse", "event": "finish", "duration_ms": 0.092, "candidates_in": 33, "candidates_out": 24, "top_score": 0.03278688524590164}
{"ts": "2026-09-23T03:56:24.996834+00:00", "trace_id": null, "stage": "gate", "event": "start", "candidates_in": 5}
{"ts": "2026-09-23T03:56:24.996893+00:00", "trace_id": null, "stage": "gate", "event": "finish", "duration_ms": 0.059, "candidates_in": 5, "candidates_out": 5, "top_score": 0.14065573770491804}
{"ts": "2026-09-23T03:56:24.996920+00:00", "trace_id": null, "stage": "embed_query", "event": "start", "model": "Qwen/Qwen3-Embedding-0.6B"}
{"ts": "2026-09-23T03:56:25.023600+00:00", "trace_id": null, "stage": "embed_query", "event": "finish", "duration_ms": 26.678, "model": "Qwen/Qwen3-Embedding-0.6B"}
{"ts": "2026-09-23T03:56:25.023637+00:00", "trace_id": null, "stage": "dense", "event": "start"}
{"ts": "2026-09-23T03:56:25.023836+00:00", "trace_id": null, "stage": "dense", "event": "finish", "duration_ms": 0.199, "candidates_out": 20}
{"ts": "2026-09-23T03:56:25.023852+00:00", "trace_id": null, "stage": "lexical", "event": "start"}
{"ts": "2026-09-23T03:56:25.024125+00:00", "trace_id": null, "stage": "lexical", "event": "finish", "duration_ms": 0.272, "candidates_out": 20}
{"ts": "2026-09-23T03:56:25.024150+00:00", "trace_id": null, "stage": "fuse", "event": "start", "candidates_in": 31}
{"ts": "2026-09-23T03:56:25.024211+00:00", "trace_id": null, "stage": "fuse", "event": "finish", "duration_ms": 0.06, "candidates_in": 31, "candidates_out": 19, "top_score": 0.03278688524590164}
{"ts": "2026-09-23T03:56:25.029848+00:00", "trace_id": null, "stage": "gate", "event": "start", "candidates_in": 5}
{"ts": "2026-09-23T03:56:25.029918+00:00", "trace_id": null, "stage": "gate", "event": "finish", "duration_ms": 0.07, "candidates_in": 5, "candidates_out": 5, "top_score": 0.052941176470588235}
{"ts": "2026-09-23T03:56:25.029946+00:00", "trace_id": null, "stage": "embed_query", "event": "start", "model": "Qwen/Qwen3-Embedding-0.6B"}
{"ts": "2026-09-23T03:56:25.053233+00:00", "trace_id": null, "stage": "embed_query", "event": "finish", "duration_ms": 23.286, "model": "Qwen/Qwen3-Embedding-0.6B"}
{"ts": "2026-09-23T03:56:25.053268+00:00", "trace_id": null, "stage": "dense", "event": "start"}
{"ts": "2026-09-23T03:56:25.053458+00:00", "trace_id": null, "stage": "dense", "event": "finish", "duration_ms": 0.19, "candidates_out": 20}
{"ts": "2026-09-23T03:56:25.053475+00:00", "trace_id": null, "stage": "lexical", "event": "start"}
{"ts": "2026-09-23T03:56:25.053741+00:00", "trace_id": null, "stage": "lexical", "event": "finish", "duration_ms": 0.265, "candidates_out": 20}
{"ts": "2026-09-23T03:56:25.053766+00:00", "trace_id": null, "stage": "fuse", "event": "start", "candidates_in": 32}
{"ts": "2026-09-23T03:56:25.053829+00:00", "trace_id": null, "stage": "fuse", "event": "finish", "duration_ms": 0.063, "candidates_in": 32, "candidates_out": 19, "top_score": 0.03278688524590164}
{"ts": "2026-09-23T03:56:25.058117+00:00", "trace_id": null, "stage": "gate", "event": "start", "candidates_in": 5}
{"ts": "2026-09-23T03:56:25.058175+00:00", "trace_id": null, "stage": "gate", "event": "finish", "duration_ms": 0.058, "candidates_in": 5, "candidates_out": 5, "top_score": 0.05239415322580645}
holdout_mrr=0.844 all_recall=0.992
