Loading weights:   0%|          | 0/310 [00:00<?, ?it/s]Loading weights: 100%|██████████| 310/310 [00:00<00:00, 23739.03it/s]
{"ts": "2026-09-23T03:57:38.412912+00:00", "trace_id": null, "stage": "embed_query", "event": "start", "model": "Qwen/Qwen3-Embedding-0.6B"}
{"ts": "2026-09-23T03:57:38.439741+00:00", "trace_id": null, "stage": "embed_query", "event": "finish", "duration_ms": 26.844, "model": "Qwen/Qwen3-Embedding-0.6B"}
{"ts": "2026-09-23T03:57:38.439826+00:00", "trace_id": null, "stage": "dense", "event": "start"}
{"ts": "2026-09-23T03:57:38.440139+00:00", "trace_id": null, "stage": "dense", "event": "finish", "duration_ms": 0.312, "candidates_out": 20}
{"ts": "2026-09-23T03:57:38.440202+00:00", "trace_id": null, "stage": "lexical", "event": "start"}
{"ts": "2026-09-23T03:57:38.441457+00:00", "trace_id": null, "stage": "lexical", "event": "finish", "duration_ms": 1.254, "candidates_out": 20}
{"ts": "2026-09-23T03:57:38.441515+00:00", "trace_id": null, "stage": "fuse", "event": "start", "candidates_in": 33}
{"ts": "2026-09-23T03:57:38.441586+00:00", "trace_id": null, "stage": "fuse", "event": "finish", "duration_ms": 0.07, "candidates_in": 33, "candidates_out": 22, "top_score": 0.03278688524590164}
{"ts": "2026-09-23T03:57:38.445582+00:00", "trace_id": null, "stage": "gate", "event": "start", "candidates_in": 5}
{"ts": "2026-09-23T03:57:38.445655+00:00", "trace_id": null, "stage": "gate", "event": "finish", "duration_ms": 0.074, "candidates_in": 5, "candidates_out": 5, "top_score": 0.14065573770491804}
{"ts": "2026-09-23T03:57:39.951157+00:00", "trace_id": null, "stage": "gate_form", "event": "start"}
{"ts": "2026-09-23T03:57:39.951276+00:00", "trace_id": null, "stage": "gate_form", "event": "finish", "duration_ms": 0.121}
{"ts": "2026-09-23T03:57:39.951331+00:00", "trace_id": null, "stage": "gate_literal", "event": "start"}
{"ts": "2026-09-23T03:57:39.951515+00:00", "trace_id": null, "stage": "gate_literal", "event": "finish", "duration_ms": 0.184}
{"ts": "2026-09-23T03:57:39.951557+00:00", "trace_id": null, "stage": "gate_entail", "event": "start", "skipped": true, "reason": "no_entailment_model"}
{"ts": "2026-09-23T03:57:39.951619+00:00", "trace_id": null, "stage": "gate_entail", "event": "finish", "duration_ms": 0.062, "degraded": true, "skipped": true, "reason": "no_entailment_model"}
{"ts": "2026-09-23T03:57:39.951643+00:00", "trace_id": null, "stage": "gate_coverage", "event": "start", "coverage": 1.0}
{"ts": "2026-09-23T03:57:39.951686+00:00", "trace_id": null, "stage": "gate_coverage", "event": "finish", "duration_ms": 0.042, "coverage": 1.0}
{"ts": "2026-09-23T03:57:39.951708+00:00", "trace_id": null, "stage": "gate_conflict", "event": "start"}
{"ts": "2026-09-23T03:57:39.951763+00:00", "trace_id": null, "stage": "gate_conflict", "event": "finish", "duration_ms": 0.054, "skipped": true, "reason": "no_conflict"}
{"ts": "2026-09-23T03:57:39.951846+00:00", "trace_id": null, "stage": "embed_query", "event": "start", "model": "Qwen/Qwen3-Embedding-0.6B"}
{"ts": "2026-09-23T03:57:39.992145+00:00", "trace_id": null, "stage": "embed_query", "event": "finish", "duration_ms": 40.297, "model": "Qwen/Qwen3-Embedding-0.6B"}
{"ts": "2026-09-23T03:57:39.992216+00:00", "trace_id": null, "stage": "dense", "event": "start"}
{"ts": "2026-09-23T03:57:39.992436+00:00", "trace_id": null, "stage": "dense", "event": "finish", "duration_ms": 0.213, "candidates_out": 20}
{"ts": "2026-09-23T03:57:39.992473+00:00", "trace_id": null, "stage": "lexical", "event": "start"}
{"ts": "2026-09-23T03:57:39.995017+00:00", "trace_id": null, "stage": "lexical", "event": "finish", "duration_ms": 2.542, "candidates_out": 20}
{"ts": "2026-09-23T03:57:39.995088+00:00", "trace_id": null, "stage": "fuse", "event": "start", "candidates_in": 33}
{"ts": "2026-09-23T03:57:39.995175+00:00", "trace_id": null, "stage": "fuse", "event": "finish", "duration_ms": 0.087, "candidates_in": 33, "candidates_out": 19, "top_score": 0.03278688524590164}
{"ts": "2026-09-23T03:57:39.998040+00:00", "trace_id": null, "stage": "gate", "event": "start", "candidates_in": 5}
{"ts": "2026-09-23T03:57:39.998141+00:00", "trace_id": null, "stage": "gate", "event": "finish", "duration_ms": 0.102, "candidates_in": 5, "candidates_out": 5, "top_score": 0.03278688524590164}
{"ts": "2026-09-23T03:57:41.746469+00:00", "trace_id": null, "stage": "gate_form", "event": "start"}
{"ts": "2026-09-23T03:57:41.746561+00:00", "trace_id": null, "stage": "gate_form", "event": "finish", "duration_ms": 0.096}
{"ts": "2026-09-23T03:57:41.746586+00:00", "trace_id": null, "stage": "gate_literal", "event": "start"}
{"ts": "2026-09-23T03:57:41.746681+00:00", "trace_id": null, "stage": "gate_literal", "event": "finish", "duration_ms": 0.094}
{"ts": "2026-09-23T03:57:41.746735+00:00", "trace_id": null, "stage": "gate_entail", "event": "start", "skipped": true, "reason": "no_entailment_model"}
{"ts": "2026-09-23T03:57:41.746771+00:00", "trace_id": null, "stage": "gate_entail", "event": "finish", "duration_ms": 0.037, "degraded": true, "skipped": true, "reason": "no_entailment_model"}
{"ts": "2026-09-23T03:57:41.746784+00:00", "trace_id": null, "stage": "gate_coverage", "event": "start", "coverage": 1.0}
{"ts": "2026-09-23T03:57:41.746821+00:00", "trace_id": null, "stage": "gate_coverage", "event": "finish", "duration_ms": 0.035, "coverage": 1.0}
{"ts": "2026-09-23T03:57:41.746848+00:00", "trace_id": null, "stage": "gate_conflict", "event": "start"}
{"ts": "2026-09-23T03:57:41.746901+00:00", "trace_id": null, "stage": "gate_conflict", "event": "finish", "duration_ms": 0.052, "skipped": true, "reason": "no_conflict"}
{"ts": "2026-09-23T03:57:41.746925+00:00", "trace_id": null, "stage": "embed_query", "event": "start", "model": "Qwen/Qwen3-Embedding-0.6B"}
{"ts": "2026-09-23T03:57:41.780449+00:00", "trace_id": null, "stage": "embed_query", "event": "finish", "duration_ms": 33.521, "model": "Qwen/Qwen3-Embedding-0.6B"}
{"ts": "2026-09-23T03:57:41.780509+00:00", "trace_id": null, "stage": "dense", "event": "start"}
{"ts": "2026-09-23T03:57:41.780690+00:00", "trace_id": null, "stage": "dense", "event": "finish", "duration_ms": 0.181, "candidates_out": 20}
{"ts": "2026-09-23T03:57:41.780715+00:00", "trace_id": null, "stage": "lexical", "event": "start"}
{"ts": "2026-09-23T03:57:41.781016+00:00", "trace_id": null, "stage": "lexical", "event": "finish", "duration_ms": 0.299, "candidates_out": 20}
{"ts": "2026-09-23T03:57:41.781077+00:00", "trace_id": null, "stage": "fuse", "event": "start", "candidates_in": 31}
{"ts": "2026-09-23T03:57:41.781149+00:00", "trace_id": null, "stage": "fuse", "event": "finish", "duration_ms": 0.073, "candidates_in": 31, "candidates_out": 19, "top_score": 0.03278688524590164}
{"ts": "2026-09-23T03:57:41.784749+00:00", "trace_id": null, "stage": "gate", "event": "start", "candidates_in": 5}
{"ts": "2026-09-23T03:57:41.784808+00:00", "trace_id": null, "stage": "gate", "event": "finish", "duration_ms": 0.059, "candidates_in": 5, "candidates_out": 5, "top_score": 0.05901639344262295}
{"ts": "2026-09-23T03:57:43.458351+00:00", "trace_id": null, "stage": "gate_form", "event": "start"}
{"ts": "2026-09-23T03:57:43.458437+00:00", "trace_id": null, "stage": "gate_form", "event": "finish", "duration_ms": 0.09}
{"ts": "2026-09-23T03:57:43.458475+00:00", "trace_id": null, "stage": "gate_literal", "event": "start"}
{"ts": "2026-09-23T03:57:43.458583+00:00", "trace_id": null, "stage": "gate_literal", "event": "finish", "duration_ms": 0.108}
{"ts": "2026-09-23T03:57:43.458627+00:00", "trace_id": null, "stage": "gate_entail", "event": "start", "skipped": true, "reason": "no_entailment_model"}
{"ts": "2026-09-23T03:57:43.458664+00:00", "trace_id": null, "stage": "gate_entail", "event": "finish", "duration_ms": 0.037, "degraded": true, "skipped": true, "reason": "no_entailment_model"}
{"ts": "2026-09-23T03:57:43.458680+00:00", "trace_id": null, "stage": "gate_coverage", "event": "start", "coverage": 1.0}
{"ts": "2026-09-23T03:57:43.458725+00:00", "trace_id": null, "stage": "gate_coverage", "event": "finish", "duration_ms": 0.044, "coverage": 1.0}
{"ts": "2026-09-23T03:57:43.458777+00:00", "trace_id": null, "stage": "gate_conflict", "event": "start"}
{"ts": "2026-09-23T03:57:43.458821+00:00", "trace_id": null, "stage": "gate_conflict", "event": "finish", "duration_ms": 0.044, "skipped": true, "reason": "no_conflict"}
{"ts": "2026-09-23T03:57:43.458844+00:00", "trace_id": null, "stage": "embed_query", "event": "start", "model": "Qwen/Qwen3-Embedding-0.6B"}
{"ts": "2026-09-23T03:57:43.496257+00:00", "trace_id": null, "stage": "embed_query", "event": "finish", "duration_ms": 37.409, "model": "Qwen/Qwen3-Embedding-0.6B"}
{"ts": "2026-09-23T03:57:43.496337+00:00", "trace_id": null, "stage": "dense", "event": "start"}
{"ts": "2026-09-23T03:57:43.496541+00:00", "trace_id": null, "stage": "dense", "event": "finish", "duration_ms": 0.203, "candidates_out": 20}
{"ts": "2026-09-23T03:57:43.496575+00:00", "trace_id": null, "stage": "lexical", "event": "start"}
{"ts": "2026-09-23T03:57:43.497088+00:00", "trace_id": null, "stage": "lexical", "event": "finish", "duration_ms": 0.512, "candidates_out": 20}
{"ts": "2026-09-23T03:57:43.497124+00:00", "trace_id": null, "stage": "fuse", "event": "start", "candidates_in": 33}
{"ts": "2026-09-23T03:57:43.497227+00:00", "trace_id": null, "stage": "fuse", "event": "finish", "duration_ms": 0.102, "candidates_in": 33, "candidates_out": 20, "top_score": 0.03252247488101534}
{"ts": "2026-09-23T03:57:43.501434+00:00", "trace_id": null, "stage": "gate", "event": "start", "candidates_in": 5}
{"ts": "2026-09-23T03:57:43.501675+00:00", "trace_id": null, "stage": "gate", "event": "finish", "duration_ms": 0.243, "candidates_in": 5, "candidates_out": 5, "top_score": 0.03252247488101534}
{"ts": "2026-09-23T03:57:44.976182+00:00", "trace_id": null, "stage": "gate_form", "event": "start"}
{"ts": "2026-09-23T03:57:44.976301+00:00", "trace_id": null, "stage": "gate_form", "event": "finish", "duration_ms": 0.123}
{"ts": "2026-09-23T03:57:44.976348+00:00", "trace_id": null, "stage": "gate_literal", "event": "start"}
{"ts": "2026-09-23T03:57:44.976460+00:00", "trace_id": null, "stage": "gate_literal", "event": "finish", "duration_ms": 0.112}
{"ts": "2026-09-23T03:57:44.976516+00:00", "trace_id": null, "stage": "gate_entail", "event": "start", "skipped": true, "reason": "no_entailment_model"}
{"ts": "2026-09-23T03:57:44.976569+00:00", "trace_id": null, "stage": "gate_entail", "event": "finish", "duration_ms": 0.054, "degraded": true, "skipped": true, "reason": "no_entailment_model"}
{"ts": "2026-09-23T03:57:44.976594+00:00", "trace_id": null, "stage": "gate_coverage", "event": "start", "coverage": 1.0}
{"ts": "2026-09-23T03:57:44.976638+00:00", "trace_id": null, "stage": "gate_coverage", "event": "finish", "duration_ms": 0.044, "coverage": 1.0}
{"ts": "2026-09-23T03:57:44.976661+00:00", "trace_id": null, "stage": "gate_conflict", "event": "start"}
{"ts": "2026-09-23T03:57:44.976714+00:00", "trace_id": null, "stage": "gate_conflict", "event": "finish", "duration_ms": 0.052, "skipped": true, "reason": "no_conflict"}
{"ts": "2026-09-23T03:57:44.976742+00:00", "trace_id": null, "stage": "embed_query", "event": "start", "model": "Qwen/Qwen3-Embedding-0.6B"}
{"ts": "2026-09-23T03:57:45.015639+00:00", "trace_id": null, "stage": "embed_query", "event": "finish", "duration_ms": 38.894, "model": "Qwen/Qwen3-Embedding-0.6B"}
{"ts": "2026-09-23T03:57:45.015711+00:00", "trace_id": null, "stage": "dense", "event": "start"}
{"ts": "2026-09-23T03:57:45.015915+00:00", "trace_id": null, "stage": "dense", "event": "finish", "duration_ms": 0.204, "candidates_out": 20}
{"ts": "2026-09-23T03:57:45.015955+00:00", "trace_id": null, "stage": "lexical", "event": "start"}
{"ts": "2026-09-23T03:57:45.016246+00:00", "trace_id": null, "stage": "lexical", "event": "finish", "duration_ms": 0.291, "candidates_out": 20}
{"ts": "2026-09-23T03:57:45.016296+00:00", "trace_id": null, "stage": "fuse", "event": "start", "candidates_in": 33}
{"ts": "2026-09-23T03:57:45.016366+00:00", "trace_id": null, "stage": "fuse", "event": "finish", "duration_ms": 0.068, "candidates_in": 33, "candidates_out": 20, "top_score": 0.03278688524590164}
{"ts": "2026-09-23T03:57:45.020590+00:00", "trace_id": null, "stage": "gate", "event": "start", "candidates_in": 5}
{"ts": "2026-09-23T03:57:45.020666+00:00", "trace_id": null, "stage": "gate", "event": "finish", "duration_ms": 0.076, "candidates_in": 5, "candidates_out": 5, "top_score": 0.03278688524590164}
{"ts": "2026-09-23T03:57:46.420105+00:00", "trace_id": null, "stage": "gate_form", "event": "start"}
{"ts": "2026-09-23T03:57:46.420246+00:00", "trace_id": null, "stage": "gate_form", "event": "finish", "duration_ms": 0.147}
{"ts": "2026-09-23T03:57:46.420303+00:00", "trace_id": null, "stage": "gate_literal", "event": "start"}
{"ts": "2026-09-23T03:57:46.420433+00:00", "trace_id": null, "stage": "gate_literal", "event": "finish", "duration_ms": 0.132}
{"ts": "2026-09-23T03:57:46.420478+00:00", "trace_id": null, "stage": "gate_entail", "event": "start", "skipped": true, "reason": "no_entailment_model"}
{"ts": "2026-09-23T03:57:46.420546+00:00", "trace_id": null, "stage": "gate_entail", "event": "finish", "duration_ms": 0.067, "degraded": true, "skipped": true, "reason": "no_entailment_model"}
{"ts": "2026-09-23T03:57:46.420616+00:00", "trace_id": null, "stage": "gate_coverage", "event": "start", "coverage": 1.0}
{"ts": "2026-09-23T03:57:46.420691+00:00", "trace_id": null, "stage": "gate_coverage", "event": "finish", "duration_ms": 0.077, "coverage": 1.0}
{"ts": "2026-09-23T03:57:46.420737+00:00", "trace_id": null, "stage": "gate_conflict", "event": "start"}
{"ts": "2026-09-23T03:57:46.420808+00:00", "trace_id": null, "stage": "gate_conflict", "event": "finish", "duration_ms": 0.071, "skipped": true, "reason": "no_conflict"}
{"ts": "2026-09-23T03:57:46.420866+00:00", "trace_id": null, "stage": "embed_query", "event": "start", "model": "Qwen/Qwen3-Embedding-0.6B"}
{"ts": "2026-09-23T03:57:46.472773+00:00", "trace_id": null, "stage": "embed_query", "event": "finish", "duration_ms": 51.903, "model": "Qwen/Qwen3-Embedding-0.6B"}
{"ts": "2026-09-23T03:57:46.472913+00:00", "trace_id": null, "stage": "dense", "event": "start"}
{"ts": "2026-09-23T03:57:46.473212+00:00", "trace_id": null, "stage": "dense", "event": "finish", "duration_ms": 0.299, "candidates_out": 20}
{"ts": "2026-09-23T03:57:46.473274+00:00", "trace_id": null, "stage": "lexical", "event": "start"}
{"ts": "2026-09-23T03:57:46.473685+00:00", "trace_id": null, "stage": "lexical", "event": "finish", "duration_ms": 0.41, "candidates_out": 20}
{"ts": "2026-09-23T03:57:46.473763+00:00", "trace_id": null, "stage": "fuse", "event": "start", "candidates_in": 31}
{"ts": "2026-09-23T03:57:46.473871+00:00", "trace_id": null, "stage": "fuse", "event": "finish", "duration_ms": 0.107, "candidates_in": 31, "candidates_out": 18, "top_score": 0.03252247488101534}
{"ts": "2026-09-23T03:57:46.479390+00:00", "trace_id": null, "stage": "gate", "event": "start", "candidates_in": 5}
{"ts": "2026-09-23T03:57:46.479480+00:00", "trace_id": null, "stage": "gate", "event": "finish", "duration_ms": 0.09, "candidates_in": 5, "candidates_out": 5, "top_score": 0.03252247488101534}
{"ts": "2026-09-23T03:57:48.015426+00:00", "trace_id": null, "stage": "gate_form", "event": "start"}
{"ts": "2026-09-23T03:57:48.015515+00:00", "trace_id": null, "stage": "gate_form", "event": "finish", "duration_ms": 0.092}
{"ts": "2026-09-23T03:57:48.015552+00:00", "trace_id": null, "stage": "gate_literal", "event": "start"}
{"ts": "2026-09-23T03:57:48.015633+00:00", "trace_id": null, "stage": "gate_literal", "event": "finish", "duration_ms": 0.081}
{"ts": "2026-09-23T03:57:48.015674+00:00", "trace_id": null, "stage": "gate_entail", "event": "start", "skipped": true, "reason": "no_entailment_model"}
{"ts": "2026-09-23T03:57:48.015711+00:00", "trace_id": null, "stage": "gate_entail", "event": "finish", "duration_ms": 0.037, "degraded": true, "skipped": true, "reason": "no_entailment_model"}
{"ts": "2026-09-23T03:57:48.015726+00:00", "trace_id": null, "stage": "gate_coverage", "event": "start", "coverage": 1.0}
{"ts": "2026-09-23T03:57:48.015781+00:00", "trace_id": null, "stage": "gate_coverage", "event": "finish", "duration_ms": 0.054, "coverage": 1.0}
{"ts": "2026-09-23T03:57:48.015811+00:00", "trace_id": null, "stage": "gate_conflict", "event": "start"}
{"ts": "2026-09-23T03:57:48.015851+00:00", "trace_id": null, "stage": "gate_conflict", "event": "finish", "duration_ms": 0.04, "skipped": true, "reason": "no_conflict"}
{"ts": "2026-09-23T03:57:48.015873+00:00", "trace_id": null, "stage": "embed_query", "event": "start", "model": "Qwen/Qwen3-Embedding-0.6B"}
{"ts": "2026-09-23T03:57:48.049881+00:00", "trace_id": null, "stage": "embed_query", "event": "finish", "duration_ms": 34.005, "model": "Qwen/Qwen3-Embedding-0.6B"}
{"ts": "2026-09-23T03:57:48.049936+00:00", "trace_id": null, "stage": "dense", "event": "start"}
{"ts": "2026-09-23T03:57:48.050116+00:00", "trace_id": null, "stage": "dense", "event": "finish", "duration_ms": 0.18, "candidates_out": 20}
{"ts": "2026-09-23T03:57:48.050137+00:00", "trace_id": null, "stage": "lexical", "event": "start"}
{"ts": "2026-09-23T03:57:48.050375+00:00", "trace_id": null, "stage": "lexical", "event": "finish", "duration_ms": 0.237, "candidates_out": 20}
{"ts": "2026-09-23T03:57:48.050420+00:00", "trace_id": null, "stage": "fuse", "event": "start", "candidates_in": 31}
{"ts": "2026-09-23T03:57:48.050477+00:00", "trace_id": null, "stage": "fuse", "event": "finish", "duration_ms": 0.058, "candidates_in": 31, "candidates_out": 19, "top_score": 0.03278688524590164}
{"ts": "2026-09-23T03:57:48.053871+00:00", "trace_id": null, "stage": "gate", "event": "start", "candidates_in": 5}
{"ts": "2026-09-23T03:57:48.053929+00:00", "trace_id": null, "stage": "gate", "event": "finish", "duration_ms": 0.058, "candidates_in": 5, "candidates_out": 5, "top_score": 0.05901639344262295}
{"ts": "2026-09-23T03:57:49.525401+00:00", "trace_id": null, "stage": "gate_form", "event": "start"}
{"ts": "2026-09-23T03:57:49.525521+00:00", "trace_id": null, "stage": "gate_form", "event": "finish", "duration_ms": 0.125}
{"ts": "2026-09-23T03:57:49.525575+00:00", "trace_id": null, "stage": "gate_literal", "event": "start"}
{"ts": "2026-09-23T03:57:49.525724+00:00", "trace_id": null, "stage": "gate_literal", "event": "finish", "duration_ms": 0.149}
{"ts": "2026-09-23T03:57:49.525795+00:00", "trace_id": null, "stage": "gate_entail", "event": "start", "skipped": true, "reason": "no_entailment_model"}
{"ts": "2026-09-23T03:57:49.525875+00:00", "trace_id": null, "stage": "gate_entail", "event": "finish", "duration_ms": 0.078, "degraded": true, "skipped": true, "reason": "no_entailment_model"}
{"ts": "2026-09-23T03:57:49.525942+00:00", "trace_id": null, "stage": "gate_coverage", "event": "start", "coverage": 1.0}
{"ts": "2026-09-23T03:57:49.526005+00:00", "trace_id": null, "stage": "gate_coverage", "event": "finish", "duration_ms": 0.064, "coverage": 1.0}
{"ts": "2026-09-23T03:57:49.526029+00:00", "trace_id": null, "stage": "gate_conflict", "event": "start"}
{"ts": "2026-09-23T03:57:49.526092+00:00", "trace_id": null, "stage": "gate_conflict", "event": "finish", "duration_ms": 0.062, "skipped": true, "reason": "no_conflict"}
{"ts": "2026-09-23T03:57:49.526138+00:00", "trace_id": null, "stage": "embed_query", "event": "start", "model": "Qwen/Qwen3-Embedding-0.6B"}
{"ts": "2026-09-23T03:57:49.563987+00:00", "trace_id": null, "stage": "embed_query", "event": "finish", "duration_ms": 37.845, "model": "Qwen/Qwen3-Embedding-0.6B"}
{"ts": "2026-09-23T03:57:49.564066+00:00", "trace_id": null, "stage": "dense", "event": "start"}
{"ts": "2026-09-23T03:57:49.564320+00:00", "trace_id": null, "stage": "dense", "event": "finish", "duration_ms": 0.253, "candidates_out": 20}
{"ts": "2026-09-23T03:57:49.564374+00:00", "trace_id": null, "stage": "lexical", "event": "start"}
{"ts": "2026-09-23T03:57:49.564686+00:00", "trace_id": null, "stage": "lexical", "event": "finish", "duration_ms": 0.312, "candidates_out": 20}
{"ts": "2026-09-23T03:57:49.564732+00:00", "trace_id": null, "stage": "fuse", "event": "start", "candidates_in": 32}
{"ts": "2026-09-23T03:57:49.564807+00:00", "trace_id": null, "stage": "fuse", "event": "finish", "duration_ms": 0.075, "candidates_in": 32, "candidates_out": 21, "top_score": 0.03278688524590164}
{"ts": "2026-09-23T03:57:49.569618+00:00", "trace_id": null, "stage": "gate", "event": "start", "candidates_in": 5}
{"ts": "2026-09-23T03:57:49.569717+00:00", "trace_id": null, "stage": "gate", "event": "finish", "duration_ms": 0.099, "candidates_in": 5, "candidates_out": 5, "top_score": 0.05901639344262295}
{"ts": "2026-09-23T03:57:51.083430+00:00", "trace_id": null, "stage": "gate_form", "event": "start"}
{"ts": "2026-09-23T03:57:51.083524+00:00", "trace_id": null, "stage": "gate_form", "event": "finish", "duration_ms": 0.098}
{"ts": "2026-09-23T03:57:51.083561+00:00", "trace_id": null, "stage": "gate_literal", "event": "start"}
{"ts": "2026-09-23T03:57:51.083653+00:00", "trace_id": null, "stage": "gate_literal", "event": "finish", "duration_ms": 0.092}
{"ts": "2026-09-23T03:57:51.083694+00:00", "trace_id": null, "stage": "gate_entail", "event": "start", "skipped": true, "reason": "no_entailment_model"}
{"ts": "2026-09-23T03:57:51.083730+00:00", "trace_id": null, "stage": "gate_entail", "event": "finish", "duration_ms": 0.036, "degraded": true, "skipped": true, "reason": "no_entailment_model"}
{"ts": "2026-09-23T03:57:51.083747+00:00", "trace_id": null, "stage": "gate_coverage", "event": "start", "coverage": 1.0}
{"ts": "2026-09-23T03:57:51.083784+00:00", "trace_id": null, "stage": "gate_coverage", "event": "finish", "duration_ms": 0.037, "coverage": 1.0}
{"ts": "2026-09-23T03:57:51.083805+00:00", "trace_id": null, "stage": "gate_conflict", "event": "start"}
{"ts": "2026-09-23T03:57:51.083859+00:00", "trace_id": null, "stage": "gate_conflict", "event": "finish", "duration_ms": 0.053, "skipped": true, "reason": "no_conflict"}
{"ts": "2026-09-23T03:57:51.083886+00:00", "trace_id": null, "stage": "embed_query", "event": "start", "model": "Qwen/Qwen3-Embedding-0.6B"}
{"ts": "2026-09-23T03:57:51.121082+00:00", "trace_id": null, "stage": "embed_query", "event": "finish", "duration_ms": 37.193, "model": "Qwen/Qwen3-Embedding-0.6B"}
{"ts": "2026-09-23T03:57:51.121146+00:00", "trace_id": null, "stage": "dense", "event": "start"}
{"ts": "2026-09-23T03:57:51.121325+00:00", "trace_id": null, "stage": "dense", "event": "finish", "duration_ms": 0.179, "candidates_out": 20}
{"ts": "2026-09-23T03:57:51.121345+00:00", "trace_id": null, "stage": "lexical", "event": "start"}
{"ts": "2026-09-23T03:57:51.121592+00:00", "trace_id": null, "stage": "lexical", "event": "finish", "duration_ms": 0.245, "candidates_out": 20}
{"ts": "2026-09-23T03:57:51.121636+00:00", "trace_id": null, "stage": "fuse", "event": "start", "candidates_in": 30}
{"ts": "2026-09-23T03:57:51.121693+00:00", "trace_id": null, "stage": "fuse", "event": "finish", "duration_ms": 0.057, "candidates_in": 30, "candidates_out": 19, "top_score": 0.03252247488101534}
{"ts": "2026-09-23T03:57:51.125282+00:00", "trace_id": null, "stage": "gate", "event": "start", "candidates_in": 5}
{"ts": "2026-09-23T03:57:51.125347+00:00", "trace_id": null, "stage": "gate", "event": "finish", "duration_ms": 0.064, "candidates_in": 5, "candidates_out": 5, "top_score": 0.03252247488101534}
{"ts": "2026-09-23T03:57:52.632289+00:00", "trace_id": null, "stage": "gate_form", "event": "start"}
{"ts": "2026-09-23T03:57:52.632410+00:00", "trace_id": null, "stage": "gate_form", "event": "finish", "duration_ms": 0.126}
{"ts": "2026-09-23T03:57:52.632441+00:00", "trace_id": null, "stage": "gate_literal", "event": "start"}
{"ts": "2026-09-23T03:57:52.632634+00:00", "trace_id": null, "stage": "gate_literal", "event": "finish", "duration_ms": 0.193}
{"ts": "2026-09-23T03:57:52.632659+00:00", "trace_id": null, "stage": "gate_entail", "event": "start", "skipped": true, "reason": "no_entailment_model"}
{"ts": "2026-09-23T03:57:52.632769+00:00", "trace_id": null, "stage": "gate_entail", "event": "finish", "duration_ms": 0.108, "degraded": true, "skipped": true, "reason": "no_entailment_model"}
{"ts": "2026-09-23T03:57:52.632879+00:00", "trace_id": null, "stage": "gate_coverage", "event": "start", "coverage": 1.0}
{"ts": "2026-09-23T03:57:52.632987+00:00", "trace_id": null, "stage": "gate_coverage", "event": "finish", "duration_ms": 0.108, "coverage": 1.0}
{"ts": "2026-09-23T03:57:52.633055+00:00", "trace_id": null, "stage": "gate_conflict", "event": "start"}
{"ts": "2026-09-23T03:57:52.633229+00:00", "trace_id": null, "stage": "gate_conflict", "event": "finish", "duration_ms": 0.171, "skipped": true, "reason": "no_conflict"}
{"ts": "2026-09-23T03:57:52.633336+00:00", "trace_id": null, "stage": "embed_query", "event": "start", "model": "Qwen/Qwen3-Embedding-0.6B"}
{"ts": "2026-09-23T03:57:52.670566+00:00", "trace_id": null, "stage": "embed_query", "event": "finish", "duration_ms": 37.231, "model": "Qwen/Qwen3-Embedding-0.6B"}
{"ts": "2026-09-23T03:57:52.670643+00:00", "trace_id": null, "stage": "dense", "event": "start"}
{"ts": "2026-09-23T03:57:52.670863+00:00", "trace_id": null, "stage": "dense", "event": "finish", "duration_ms": 0.219, "candidates_out": 20}
{"ts": "2026-09-23T03:57:52.670889+00:00", "trace_id": null, "stage": "lexical", "event": "start"}
{"ts": "2026-09-23T03:57:52.671180+00:00", "trace_id": null, "stage": "lexical", "event": "finish", "duration_ms": 0.29, "candidates_out": 20}
{"ts": "2026-09-23T03:57:52.671234+00:00", "trace_id": null, "stage": "fuse", "event": "start", "candidates_in": 30}
{"ts": "2026-09-23T03:57:52.671311+00:00", "trace_id": null, "stage": "fuse", "event": "finish", "duration_ms": 0.077, "candidates_in": 30, "candidates_out": 17, "top_score": 0.03252247488101534}
{"ts": "2026-09-23T03:57:52.674780+00:00", "trace_id": null, "stage": "gate", "event": "start", "candidates_in": 5}
{"ts": "2026-09-23T03:57:52.674849+00:00", "trace_id": null, "stage": "gate", "event": "finish", "duration_ms": 0.069, "candidates_in": 5, "candidates_out": 5, "top_score": 0.05854045478582761}
{"ts": "2026-09-23T03:57:54.202066+00:00", "trace_id": null, "stage": "gate_form", "event": "start"}
{"ts": "2026-09-23T03:57:54.202185+00:00", "trace_id": null, "stage": "gate_form", "event": "finish", "duration_ms": 0.123}
{"ts": "2026-09-23T03:57:54.206704+00:00", "trace_id": null, "stage": "gate_literal", "event": "start"}
{"ts": "2026-09-23T03:57:54.206872+00:00", "trace_id": null, "stage": "gate_literal", "event": "finish", "duration_ms": 0.169}
{"ts": "2026-09-23T03:57:54.206922+00:00", "trace_id": null, "stage": "gate_entail", "event": "start", "skipped": true, "reason": "no_entailment_model"}
{"ts": "2026-09-23T03:57:54.206975+00:00", "trace_id": null, "stage": "gate_entail", "event": "finish", "duration_ms": 0.052, "degraded": true, "skipped": true, "reason": "no_entailment_model"}
{"ts": "2026-09-23T03:57:54.207022+00:00", "trace_id": null, "stage": "gate_coverage", "event": "start", "coverage": 1.0}
{"ts": "2026-09-23T03:57:54.207068+00:00", "trace_id": null, "stage": "gate_coverage", "event": "finish", "duration_ms": 0.046, "coverage": 1.0}
{"ts": "2026-09-23T03:57:54.207090+00:00", "trace_id": null, "stage": "gate_conflict", "event": "start"}
{"ts": "2026-09-23T03:57:54.207146+00:00", "trace_id": null, "stage": "gate_conflict", "event": "finish", "duration_ms": 0.056, "skipped": true, "reason": "no_conflict"}
{"ts": "2026-09-23T03:57:54.207180+00:00", "trace_id": null, "stage": "embed_query", "event": "start", "model": "Qwen/Qwen3-Embedding-0.6B"}
{"ts": "2026-09-23T03:57:54.244741+00:00", "trace_id": null, "stage": "embed_query", "event": "finish", "duration_ms": 37.559, "model": "Qwen/Qwen3-Embedding-0.6B"}
{"ts": "2026-09-23T03:57:54.244806+00:00", "trace_id": null, "stage": "dense", "event": "start"}
{"ts": "2026-09-23T03:57:54.245009+00:00", "trace_id": null, "stage": "dense", "event": "finish", "duration_ms": 0.202, "candidates_out": 20}
{"ts": "2026-09-23T03:57:54.245031+00:00", "trace_id": null, "stage": "lexical", "event": "start"}
{"ts": "2026-09-23T03:57:54.245329+00:00", "trace_id": null, "stage": "lexical", "event": "finish", "duration_ms": 0.297, "candidates_out": 20}
{"ts": "2026-09-23T03:57:54.245379+00:00", "trace_id": null, "stage": "fuse", "event": "start", "candidates_in": 30}
{"ts": "2026-09-23T03:57:54.245451+00:00", "trace_id": null, "stage": "fuse", "event": "finish", "duration_ms": 0.072, "candidates_in": 30, "candidates_out": 19, "top_score": 0.03252247488101534}
{"ts": "2026-09-23T03:57:54.249780+00:00", "trace_id": null, "stage": "gate", "event": "start", "candidates_in": 5}
{"ts": "2026-09-23T03:57:54.249847+00:00", "trace_id": null, "stage": "gate", "event": "finish", "duration_ms": 0.068, "candidates_in": 5, "candidates_out": 5, "top_score": 0.03252247488101534}
{"ts": "2026-09-23T03:57:55.693320+00:00", "trace_id": null, "stage": "gate_form", "event": "start"}
{"ts": "2026-09-23T03:57:55.693434+00:00", "trace_id": null, "stage": "gate_form", "event": "finish", "duration_ms": 0.117}
{"ts": "2026-09-23T03:57:55.693484+00:00", "trace_id": null, "stage": "gate_literal", "event": "start"}
{"ts": "2026-09-23T03:57:55.693576+00:00", "trace_id": null, "stage": "gate_literal", "event": "finish", "duration_ms": 0.093}
{"ts": "2026-09-23T03:57:55.693621+00:00", "trace_id": null, "stage": "gate_entail", "event": "start", "skipped": true, "reason": "no_entailment_model"}
{"ts": "2026-09-23T03:57:55.693679+00:00", "trace_id": null, "stage": "gate_entail", "event": "finish", "duration_ms": 0.055, "degraded": true, "skipped": true, "reason": "no_entailment_model"}
{"ts": "2026-09-23T03:57:55.693744+00:00", "trace_id": null, "stage": "gate_coverage", "event": "start", "coverage": 1.0}
{"ts": "2026-09-23T03:57:55.693783+00:00", "trace_id": null, "stage": "gate_coverage", "event": "finish", "duration_ms": 0.039, "coverage": 1.0}
{"ts": "2026-09-23T03:57:55.693800+00:00", "trace_id": null, "stage": "gate_conflict", "event": "start"}
{"ts": "2026-09-23T03:57:55.693861+00:00", "trace_id": null, "stage": "gate_conflict", "event": "finish", "duration_ms": 0.06, "skipped": true, "reason": "no_conflict"}
{"ts": "2026-09-23T03:57:55.693929+00:00", "trace_id": null, "stage": "embed_query", "event": "start", "model": "Qwen/Qwen3-Embedding-0.6B"}
{"ts": "2026-09-23T03:57:55.730655+00:00", "trace_id": null, "stage": "embed_query", "event": "finish", "duration_ms": 36.723, "model": "Qwen/Qwen3-Embedding-0.6B"}
{"ts": "2026-09-23T03:57:55.730724+00:00", "trace_id": null, "stage": "dense", "event": "start"}
{"ts": "2026-09-23T03:57:55.730976+00:00", "trace_id": null, "stage": "dense", "event": "finish", "duration_ms": 0.243, "candidates_out": 20}
{"ts": "2026-09-23T03:57:55.731033+00:00", "trace_id": null, "stage": "lexical", "event": "start"}
{"ts": "2026-09-23T03:57:55.731370+00:00", "trace_id": null, "stage": "lexical", "event": "finish", "duration_ms": 0.338, "candidates_out": 20}
{"ts": "2026-09-23T03:57:55.731405+00:00", "trace_id": null, "stage": "fuse", "event": "start", "candidates_in": 31}
{"ts": "2026-09-23T03:57:55.731480+00:00", "trace_id": null, "stage": "fuse", "event": "finish", "duration_ms": 0.074, "candidates_in": 31, "candidates_out": 21, "top_score": 0.03252247488101534}
{"ts": "2026-09-23T03:57:55.735688+00:00", "trace_id": null, "stage": "gate", "event": "start", "candidates_in": 5}
{"ts": "2026-09-23T03:57:55.735765+00:00", "trace_id": null, "stage": "gate", "event": "finish", "duration_ms": 0.076, "candidates_in": 5, "candidates_out": 5, "top_score": 0.03252247488101534}
{"ts": "2026-09-23T03:57:56.972487+00:00", "trace_id": null, "stage": "gate_form", "event": "start"}
{"ts": "2026-09-23T03:57:56.972609+00:00", "trace_id": null, "stage": "gate_form", "event": "finish", "duration_ms": 0.125}
{"ts": "2026-09-23T03:57:56.972665+00:00", "trace_id": null, "stage": "gate_literal", "event": "start"}
{"ts": "2026-09-23T03:57:56.972762+00:00", "trace_id": null, "stage": "gate_literal", "event": "finish", "duration_ms": 0.097}
{"ts": "2026-09-23T03:57:56.972790+00:00", "trace_id": null, "stage": "gate_entail", "event": "start", "skipped": true, "reason": "no_entailment_model"}
{"ts": "2026-09-23T03:57:56.972847+00:00", "trace_id": null, "stage": "gate_entail", "event": "finish", "duration_ms": 0.058, "degraded": true, "skipped": true, "reason": "no_entailment_model"}
{"ts": "2026-09-23T03:57:56.972866+00:00", "trace_id": null, "stage": "gate_coverage", "event": "start", "coverage": 1.0}
{"ts": "2026-09-23T03:57:56.972923+00:00", "trace_id": null, "stage": "gate_coverage", "event": "finish", "duration_ms": 0.056, "coverage": 1.0}
{"ts": "2026-09-23T03:57:56.972974+00:00", "trace_id": null, "stage": "gate_conflict", "event": "start"}
{"ts": "2026-09-23T03:57:56.973017+00:00", "trace_id": null, "stage": "gate_conflict", "event": "finish", "duration_ms": 0.043, "skipped": true, "reason": "no_conflict"}
{"ts": "2026-09-23T03:57:56.973045+00:00", "trace_id": null, "stage": "embed_query", "event": "start", "model": "Qwen/Qwen3-Embedding-0.6B"}
{"ts": "2026-09-23T03:57:57.005789+00:00", "trace_id": null, "stage": "embed_query", "event": "finish", "duration_ms": 32.742, "model": "Qwen/Qwen3-Embedding-0.6B"}
{"ts": "2026-09-23T03:57:57.005903+00:00", "trace_id": null, "stage": "dense", "event": "start"}
{"ts": "2026-09-23T03:57:57.006115+00:00", "trace_id": null, "stage": "dense", "event": "finish", "duration_ms": 0.212, "candidates_out": 20}
{"ts": "2026-09-23T03:57:57.006144+00:00", "trace_id": null, "stage": "lexical", "event": "start"}
{"ts": "2026-09-23T03:57:57.006412+00:00", "trace_id": null, "stage": "lexical", "event": "finish", "duration_ms": 0.267, "candidates_out": 20}
{"ts": "2026-09-23T03:57:57.006462+00:00", "trace_id": null, "stage": "fuse", "event": "start", "candidates_in": 31}
{"ts": "2026-09-23T03:57:57.006526+00:00", "trace_id": null, "stage": "fuse", "event": "finish", "duration_ms": 0.063, "candidates_in": 31, "candidates_out": 20, "top_score": 0.032266458495966696}
{"ts": "2026-09-23T03:57:57.009910+00:00", "trace_id": null, "stage": "gate", "event": "start", "candidates_in": 5}
{"ts": "2026-09-23T03:57:57.009970+00:00", "trace_id": null, "stage": "gate", "event": "finish", "duration_ms": 0.06, "candidates_in": 5, "candidates_out": 5, "top_score": 0.03225806451612903}
{"ts": "2026-09-23T03:57:58.503029+00:00", "trace_id": null, "stage": "gate_form", "event": "start"}
{"ts": "2026-09-23T03:57:58.503127+00:00", "trace_id": null, "stage": "gate_form", "event": "finish", "duration_ms": 0.102}
{"ts": "2026-09-23T03:57:58.503170+00:00", "trace_id": null, "stage": "gate_literal", "event": "start"}
{"ts": "2026-09-23T03:57:58.503252+00:00", "trace_id": null, "stage": "gate_literal", "event": "finish", "duration_ms": 0.082}
{"ts": "2026-09-23T03:57:58.503300+00:00", "trace_id": null, "stage": "gate_entail", "event": "start", "skipped": true, "reason": "no_entailment_model"}
{"ts": "2026-09-23T03:57:58.503346+00:00", "trace_id": null, "stage": "gate_entail", "event": "finish", "duration_ms": 0.046, "degraded": true, "skipped": true, "reason": "no_entailment_model"}
{"ts": "2026-09-23T03:57:58.503365+00:00", "trace_id": null, "stage": "gate_coverage", "event": "start", "coverage": 1.0}
{"ts": "2026-09-23T03:57:58.503406+00:00", "trace_id": null, "stage": "gate_coverage", "event": "finish", "duration_ms": 0.041, "coverage": 1.0}
{"ts": "2026-09-23T03:57:58.503426+00:00", "trace_id": null, "stage": "gate_conflict", "event": "start"}
{"ts": "2026-09-23T03:57:58.503476+00:00", "trace_id": null, "stage": "gate_conflict", "event": "finish", "duration_ms": 0.051, "skipped": true, "reason": "no_conflict"}
{"ts": "2026-09-23T03:57:58.503500+00:00", "trace_id": null, "stage": "embed_query", "event": "start", "model": "Qwen/Qwen3-Embedding-0.6B"}
{"ts": "2026-09-23T03:57:58.540056+00:00", "trace_id": null, "stage": "embed_query", "event": "finish", "duration_ms": 36.552, "model": "Qwen/Qwen3-Embedding-0.6B"}
{"ts": "2026-09-23T03:57:58.540131+00:00", "trace_id": null, "stage": "dense", "event": "start"}
{"ts": "2026-09-23T03:57:58.540334+00:00", "trace_id": null, "stage": "dense", "event": "finish", "duration_ms": 0.203, "candidates_out": 20}
{"ts": "2026-09-23T03:57:58.540361+00:00", "trace_id": null, "stage": "lexical", "event": "start"}
{"ts": "2026-09-23T03:57:58.543120+00:00", "trace_id": null, "stage": "lexical", "event": "finish", "duration_ms": 2.757, "candidates_out": 20}
{"ts": "2026-09-23T03:57:58.543177+00:00", "trace_id": null, "stage": "fuse", "event": "start", "candidates_in": 33}
{"ts": "2026-09-23T03:57:58.543255+00:00", "trace_id": null, "stage": "fuse", "event": "finish", "duration_ms": 0.078, "candidates_in": 33, "candidates_out": 23, "top_score": 0.03278688524590164}
{"ts": "2026-09-23T03:57:58.548426+00:00", "trace_id": null, "stage": "gate", "event": "start", "candidates_in": 5}
{"ts": "2026-09-23T03:57:58.548499+00:00", "trace_id": null, "stage": "gate", "event": "finish", "duration_ms": 0.073, "candidates_in": 5, "candidates_out": 5, "top_score": 0.08524590163934427}
{"ts": "2026-09-23T03:57:59.874131+00:00", "trace_id": null, "stage": "gate_form", "event": "start"}
{"ts": "2026-09-23T03:57:59.874228+00:00", "trace_id": null, "stage": "gate_form", "event": "finish", "duration_ms": 0.1}
{"ts": "2026-09-23T03:57:59.874273+00:00", "trace_id": null, "stage": "gate_literal", "event": "start"}
{"ts": "2026-09-23T03:57:59.874402+00:00", "trace_id": null, "stage": "gate_literal", "event": "finish", "duration_ms": 0.129}
{"ts": "2026-09-23T03:57:59.874451+00:00", "trace_id": null, "stage": "gate_entail", "event": "start", "skipped": true, "reason": "no_entailment_model"}
{"ts": "2026-09-23T03:57:59.874502+00:00", "trace_id": null, "stage": "gate_entail", "event": "finish", "duration_ms": 0.049, "degraded": true, "skipped": true, "reason": "no_entailment_model"}
{"ts": "2026-09-23T03:57:59.874554+00:00", "trace_id": null, "stage": "gate_coverage", "event": "start", "coverage": 1.0}
{"ts": "2026-09-23T03:57:59.874598+00:00", "trace_id": null, "stage": "gate_coverage", "event": "finish", "duration_ms": 0.044, "coverage": 1.0}
{"ts": "2026-09-23T03:57:59.874617+00:00", "trace_id": null, "stage": "gate_conflict", "event": "start"}
{"ts": "2026-09-23T03:57:59.874666+00:00", "trace_id": null, "stage": "gate_conflict", "event": "finish", "duration_ms": 0.049, "skipped": true, "reason": "no_conflict"}
{"ts": "2026-09-23T03:57:59.874694+00:00", "trace_id": null, "stage": "embed_query", "event": "start", "model": "Qwen/Qwen3-Embedding-0.6B"}
{"ts": "2026-09-23T03:57:59.911071+00:00", "trace_id": null, "stage": "embed_query", "event": "finish", "duration_ms": 36.374, "model": "Qwen/Qwen3-Embedding-0.6B"}
{"ts": "2026-09-23T03:57:59.911142+00:00", "trace_id": null, "stage": "dense", "event": "start"}
{"ts": "2026-09-23T03:57:59.911331+00:00", "trace_id": null, "stage": "dense", "event": "finish", "duration_ms": 0.189, "candidates_out": 20}
{"ts": "2026-09-23T03:57:59.911355+00:00", "trace_id": null, "stage": "lexical", "event": "start"}
{"ts": "2026-09-23T03:57:59.911614+00:00", "trace_id": null, "stage": "lexical", "event": "finish", "duration_ms": 0.258, "candidates_out": 20}
{"ts": "2026-09-23T03:57:59.911663+00:00", "trace_id": null, "stage": "fuse", "event": "start", "candidates_in": 29}
{"ts": "2026-09-23T03:57:59.911732+00:00", "trace_id": null, "stage": "fuse", "event": "finish", "duration_ms": 0.067, "candidates_in": 29, "candidates_out": 21, "top_score": 0.032018442622950824}
{"ts": "2026-09-23T03:57:59.914757+00:00", "trace_id": null, "stage": "gate", "event": "start", "candidates_in": 5}
{"ts": "2026-09-23T03:57:59.914824+00:00", "trace_id": null, "stage": "gate", "event": "finish", "duration_ms": 0.066, "candidates_in": 5, "candidates_out": 5, "top_score": 0.2641521516393443}
{"ts": "2026-09-23T03:58:00.310929+00:00", "trace_id": null, "stage": "gate_form", "event": "start"}
{"ts": "2026-09-23T03:58:00.311061+00:00", "trace_id": null, "stage": "gate_form", "event": "finish", "duration_ms": 0.134}
{"ts": "2026-09-23T03:58:00.311114+00:00", "trace_id": null, "stage": "gate_literal", "event": "start"}
{"ts": "2026-09-23T03:58:00.311177+00:00", "trace_id": null, "stage": "gate_literal", "event": "finish", "duration_ms": 0.057}
{"ts": "2026-09-23T03:58:00.311203+00:00", "trace_id": null, "stage": "gate_entail", "event": "start", "skipped": true, "reason": "no_entailment_model"}
{"ts": "2026-09-23T03:58:00.311251+00:00", "trace_id": null, "stage": "gate_entail", "event": "finish", "duration_ms": 0.048, "degraded": true, "skipped": true, "reason": "no_entailment_model"}
{"ts": "2026-09-23T03:58:00.311270+00:00", "trace_id": null, "stage": "gate_coverage", "event": "start", "coverage": 1.0}
{"ts": "2026-09-23T03:58:00.311352+00:00", "trace_id": null, "stage": "gate_coverage", "event": "finish", "duration_ms": 0.082, "coverage": 1.0}
{"ts": "2026-09-23T03:58:00.311370+00:00", "trace_id": null, "stage": "gate_conflict", "event": "start"}
{"ts": "2026-09-23T03:58:00.311427+00:00", "trace_id": null, "stage": "gate_conflict", "event": "finish", "duration_ms": 0.057, "skipped": true, "reason": "no_conflict"}
{"ts": "2026-09-23T03:58:00.311450+00:00", "trace_id": null, "stage": "embed_query", "event": "start", "model": "Qwen/Qwen3-Embedding-0.6B"}
{"ts": "2026-09-23T03:58:00.337880+00:00", "trace_id": null, "stage": "embed_query", "event": "finish", "duration_ms": 26.427, "model": "Qwen/Qwen3-Embedding-0.6B"}
{"ts": "2026-09-23T03:58:00.337946+00:00", "trace_id": null, "stage": "dense", "event": "start"}
{"ts": "2026-09-23T03:58:00.338132+00:00", "trace_id": null, "stage": "dense", "event": "finish", "duration_ms": 0.185, "candidates_out": 20}
{"ts": "2026-09-23T03:58:00.338153+00:00", "trace_id": null, "stage": "lexical", "event": "start"}
{"ts": "2026-09-23T03:58:00.338419+00:00", "trace_id": null, "stage": "lexical", "event": "finish", "duration_ms": 0.264, "candidates_out": 20}
{"ts": "2026-09-23T03:58:00.338470+00:00", "trace_id": null, "stage": "fuse", "event": "start", "candidates_in": 34}
{"ts": "2026-09-23T03:58:00.338531+00:00", "trace_id": null, "stage": "fuse", "event": "finish", "duration_ms": 0.061, "candidates_in": 34, "candidates_out": 21, "top_score": 0.03252247488101534}
{"ts": "2026-09-23T03:58:00.342017+00:00", "trace_id": null, "stage": "gate", "event": "start", "candidates_in": 5}
{"ts": "2026-09-23T03:58:00.342082+00:00", "trace_id": null, "stage": "gate", "event": "finish", "duration_ms": 0.065, "candidates_in": 5, "candidates_out": 5, "top_score": 0.13303125000000002}
{"ts": "2026-09-23T03:58:01.418315+00:00", "trace_id": null, "stage": "gate_form", "event": "start"}
{"ts": "2026-09-23T03:58:01.418418+00:00", "trace_id": null, "stage": "gate_form", "event": "finish", "duration_ms": 0.106}
{"ts": "2026-09-23T03:58:01.418462+00:00", "trace_id": null, "stage": "gate_literal", "event": "start"}
{"ts": "2026-09-23T03:58:01.418533+00:00", "trace_id": null, "stage": "gate_literal", "event": "finish", "duration_ms": 0.071}
{"ts": "2026-09-23T03:58:01.418579+00:00", "trace_id": null, "stage": "gate_entail", "event": "start", "skipped": true, "reason": "no_entailment_model"}
{"ts": "2026-09-23T03:58:01.418624+00:00", "trace_id": null, "stage": "gate_entail", "event": "finish", "duration_ms": 0.045, "degraded": true, "skipped": true, "reason": "no_entailment_model"}
{"ts": "2026-09-23T03:58:01.418643+00:00", "trace_id": null, "stage": "gate_coverage", "event": "start", "coverage": 1.0}
{"ts": "2026-09-23T03:58:01.418683+00:00", "trace_id": null, "stage": "gate_coverage", "event": "finish", "duration_ms": 0.041, "coverage": 1.0}
{"ts": "2026-09-23T03:58:01.418702+00:00", "trace_id": null, "stage": "gate_conflict", "event": "start"}
{"ts": "2026-09-23T03:58:01.418753+00:00", "trace_id": null, "stage": "gate_conflict", "event": "finish", "duration_ms": 0.051, "skipped": true, "reason": "no_conflict"}
{"ts": "2026-09-23T03:58:01.418776+00:00", "trace_id": null, "stage": "embed_query", "event": "start", "model": "Qwen/Qwen3-Embedding-0.6B"}
{"ts": "2026-09-23T03:58:01.444159+00:00", "trace_id": null, "stage": "embed_query", "event": "finish", "duration_ms": 25.38, "model": "Qwen/Qwen3-Embedding-0.6B"}
{"ts": "2026-09-23T03:58:01.444231+00:00", "trace_id": null, "stage": "dense", "event": "start"}
{"ts": "2026-09-23T03:58:01.444472+00:00", "trace_id": null, "stage": "dense", "event": "finish", "duration_ms": 0.24, "candidates_out": 20}
{"ts": "2026-09-23T03:58:01.444504+00:00", "trace_id": null, "stage": "lexical", "event": "start"}
{"ts": "2026-09-23T03:58:01.444780+00:00", "trace_id": null, "stage": "lexical", "event": "finish", "duration_ms": 0.276, "candidates_out": 20}
{"ts": "2026-09-23T03:58:01.444815+00:00", "trace_id": null, "stage": "fuse", "event": "start", "candidates_in": 30}
{"ts": "2026-09-23T03:58:01.444885+00:00", "trace_id": null, "stage": "fuse", "event": "finish", "duration_ms": 0.07, "candidates_in": 30, "candidates_out": 19, "top_score": 0.03278688524590164}
{"ts": "2026-09-23T03:58:01.448142+00:00", "trace_id": null, "stage": "gate", "event": "start", "candidates_in": 5}
{"ts": "2026-09-23T03:58:01.448207+00:00", "trace_id": null, "stage": "gate", "event": "finish", "duration_ms": 0.065, "candidates_in": 5, "candidates_out": 5, "top_score": 0.09737704918032787}
{"ts": "2026-09-23T03:58:02.780384+00:00", "trace_id": null, "stage": "gate_form", "event": "start"}
{"ts": "2026-09-23T03:58:02.780485+00:00", "trace_id": null, "stage": "gate_form", "event": "finish", "duration_ms": 0.105}
{"ts": "2026-09-23T03:58:02.780528+00:00", "trace_id": null, "stage": "gate_literal", "event": "start"}
{"ts": "2026-09-23T03:58:02.780613+00:00", "trace_id": null, "stage": "gate_literal", "event": "finish", "duration_ms": 0.085}
{"ts": "2026-09-23T03:58:02.780661+00:00", "trace_id": null, "stage": "gate_entail", "event": "start", "skipped": true, "reason": "no_entailment_model"}
{"ts": "2026-09-23T03:58:02.780706+00:00", "trace_id": null, "stage": "gate_entail", "event": "finish", "duration_ms": 0.044, "degraded": true, "skipped": true, "reason": "no_entailment_model"}
{"ts": "2026-09-23T03:58:02.780726+00:00", "trace_id": null, "stage": "gate_coverage", "event": "start", "coverage": 1.0}
{"ts": "2026-09-23T03:58:02.780780+00:00", "trace_id": null, "stage": "gate_coverage", "event": "finish", "duration_ms": 0.054, "coverage": 1.0}
{"ts": "2026-09-23T03:58:02.780800+00:00", "trace_id": null, "stage": "gate_conflict", "event": "start"}
{"ts": "2026-09-23T03:58:02.780886+00:00", "trace_id": null, "stage": "gate_conflict", "event": "finish", "duration_ms": 0.085, "skipped": true, "reason": "no_conflict"}
{"ts": "2026-09-23T03:58:02.780912+00:00", "trace_id": null, "stage": "embed_query", "event": "start", "model": "Qwen/Qwen3-Embedding-0.6B"}
{"ts": "2026-09-23T03:58:02.813869+00:00", "trace_id": null, "stage": "embed_query", "event": "finish", "duration_ms": 32.954, "model": "Qwen/Qwen3-Embedding-0.6B"}
{"ts": "2026-09-23T03:58:02.813930+00:00", "trace_id": null, "stage": "dense", "event": "start"}
{"ts": "2026-09-23T03:58:02.814131+00:00", "trace_id": null, "stage": "dense", "event": "finish", "duration_ms": 0.201, "candidates_out": 20}
{"ts": "2026-09-23T03:58:02.814203+00:00", "trace_id": null, "stage": "lexical", "event": "start"}
{"ts": "2026-09-23T03:58:02.814487+00:00", "trace_id": null, "stage": "lexical", "event": "finish", "duration_ms": 0.282, "candidates_out": 20}
{"ts": "2026-09-23T03:58:02.814541+00:00", "trace_id": null, "stage": "fuse", "event": "start", "candidates_in": 31}
{"ts": "2026-09-23T03:58:02.814609+00:00", "trace_id": null, "stage": "fuse", "event": "finish", "duration_ms": 0.067, "candidates_in": 31, "candidates_out": 19, "top_score": 0.03278688524590164}
{"ts": "2026-09-23T03:58:02.818727+00:00", "trace_id": null, "stage": "gate", "event": "start", "candidates_in": 5}
{"ts": "2026-09-23T03:58:02.818788+00:00", "trace_id": null, "stage": "gate", "event": "finish", "duration_ms": 0.059, "candidates_in": 5, "candidates_out": 5, "top_score": 0.09737704918032787}
{"ts": "2026-09-23T03:58:03.798479+00:00", "trace_id": null, "stage": "gate_form", "event": "start"}
{"ts": "2026-09-23T03:58:03.798633+00:00", "trace_id": null, "stage": "gate_form", "event": "finish", "duration_ms": 0.158}
{"ts": "2026-09-23T03:58:03.798702+00:00", "trace_id": null, "stage": "gate_literal", "event": "start"}
{"ts": "2026-09-23T03:58:03.798849+00:00", "trace_id": null, "stage": "gate_literal", "event": "finish", "duration_ms": 0.148}
{"ts": "2026-09-23T03:58:03.798905+00:00", "trace_id": null, "stage": "gate_entail", "event": "start", "skipped": true, "reason": "no_entailment_model"}
{"ts": "2026-09-23T03:58:03.798947+00:00", "trace_id": null, "stage": "gate_entail", "event": "finish", "duration_ms": 0.042, "degraded": true, "skipped": true, "reason": "no_entailment_model"}
{"ts": "2026-09-23T03:58:03.798982+00:00", "trace_id": null, "stage": "gate_coverage", "event": "start", "coverage": 1.0}
{"ts": "2026-09-23T03:58:03.799014+00:00", "trace_id": null, "stage": "gate_coverage", "event": "finish", "duration_ms": 0.032, "coverage": 1.0}
{"ts": "2026-09-23T03:58:03.799030+00:00", "trace_id": null, "stage": "gate_conflict", "event": "start"}
{"ts": "2026-09-23T03:58:03.799080+00:00", "trace_id": null, "stage": "gate_conflict", "event": "finish", "duration_ms": 0.049, "skipped": true, "reason": "no_conflict"}
{"ts": "2026-09-23T03:58:03.799150+00:00", "trace_id": null, "stage": "embed_query", "event": "start", "model": "Qwen/Qwen3-Embedding-0.6B"}
{"ts": "2026-09-23T03:58:03.836673+00:00", "trace_id": null, "stage": "embed_query", "event": "finish", "duration_ms": 37.521, "model": "Qwen/Qwen3-Embedding-0.6B"}
{"ts": "2026-09-23T03:58:03.836748+00:00", "trace_id": null, "stage": "dense", "event": "start"}
{"ts": "2026-09-23T03:58:03.836942+00:00", "trace_id": null, "stage": "dense", "event": "finish", "duration_ms": 0.194, "candidates_out": 20}
{"ts": "2026-09-23T03:58:03.836964+00:00", "trace_id": null, "stage": "lexical", "event": "start"}
{"ts": "2026-09-23T03:58:03.837219+00:00", "trace_id": null, "stage": "lexical", "event": "finish", "duration_ms": 0.254, "candidates_out": 20}
{"ts": "2026-09-23T03:58:03.837268+00:00", "trace_id": null, "stage": "fuse", "event": "start", "candidates_in": 25}
{"ts": "2026-09-23T03:58:03.837329+00:00", "trace_id": null, "stage": "fuse", "event": "finish", "duration_ms": 0.061, "candidates_in": 25, "candidates_out": 18, "top_score": 0.032266458495966696}
{"ts": "2026-09-23T03:58:03.840439+00:00", "trace_id": null, "stage": "gate", "event": "start", "candidates_in": 5}
{"ts": "2026-09-23T03:58:03.840509+00:00", "trace_id": null, "stage": "gate", "event": "finish", "duration_ms": 0.071, "candidates_in": 5, "candidates_out": 5, "top_score": 0.032018442622950824}
{"ts": "2026-09-23T03:58:05.580157+00:00", "trace_id": null, "stage": "gate_form", "event": "start"}
{"ts": "2026-09-23T03:58:05.580256+00:00", "trace_id": null, "stage": "gate_form", "event": "finish", "duration_ms": 0.102}
{"ts": "2026-09-23T03:58:05.580296+00:00", "trace_id": null, "stage": "gate_literal", "event": "start"}
{"ts": "2026-09-23T03:58:05.580408+00:00", "trace_id": null, "stage": "gate_literal", "event": "finish", "duration_ms": 0.111}
{"ts": "2026-09-23T03:58:05.580456+00:00", "trace_id": null, "stage": "gate_entail", "event": "start", "skipped": true, "reason": "no_entailment_model"}
{"ts": "2026-09-23T03:58:05.580500+00:00", "trace_id": null, "stage": "gate_entail", "event": "finish", "duration_ms": 0.044, "degraded": true, "skipped": true, "reason": "no_entailment_model"}
{"ts": "2026-09-23T03:58:05.580521+00:00", "trace_id": null, "stage": "gate_coverage", "event": "start", "coverage": 1.0}
{"ts": "2026-09-23T03:58:05.580560+00:00", "trace_id": null, "stage": "gate_coverage", "event": "finish", "duration_ms": 0.039, "coverage": 1.0}
{"ts": "2026-09-23T03:58:05.580582+00:00", "trace_id": null, "stage": "gate_conflict", "event": "start"}
{"ts": "2026-09-23T03:58:05.580630+00:00", "trace_id": null, "stage": "gate_conflict", "event": "finish", "duration_ms": 0.048, "skipped": true, "reason": "no_conflict"}
{"ts": "2026-09-23T03:58:05.580704+00:00", "trace_id": null, "stage": "embed_query", "event": "start", "model": "Qwen/Qwen3-Embedding-0.6B"}
{"ts": "2026-09-23T03:58:05.614233+00:00", "trace_id": null, "stage": "embed_query", "event": "finish", "duration_ms": 33.526, "model": "Qwen/Qwen3-Embedding-0.6B"}
{"ts": "2026-09-23T03:58:05.614307+00:00", "trace_id": null, "stage": "dense", "event": "start"}
{"ts": "2026-09-23T03:58:05.614496+00:00", "trace_id": null, "stage": "dense", "event": "finish", "duration_ms": 0.189, "candidates_out": 20}
{"ts": "2026-09-23T03:58:05.614522+00:00", "trace_id": null, "stage": "lexical", "event": "start"}
{"ts": "2026-09-23T03:58:05.614791+00:00", "trace_id": null, "stage": "lexical", "event": "finish", "duration_ms": 0.268, "candidates_out": 20}
{"ts": "2026-09-23T03:58:05.614829+00:00", "trace_id": null, "stage": "fuse", "event": "start", "candidates_in": 31}
{"ts": "2026-09-23T03:58:05.614895+00:00", "trace_id": null, "stage": "fuse", "event": "finish", "duration_ms": 0.065, "candidates_in": 31, "candidates_out": 25, "top_score": 0.03252247488101534}
{"ts": "2026-09-23T03:58:05.623578+00:00", "trace_id": null, "stage": "gate", "event": "start", "candidates_in": 5}
{"ts": "2026-09-23T03:58:05.623642+00:00", "trace_id": null, "stage": "gate", "event": "finish", "duration_ms": 0.064, "candidates_in": 5, "candidates_out": 5, "top_score": 0.03252247488101534}
{"ts": "2026-09-23T03:58:08.189710+00:00", "trace_id": null, "stage": "gate_form", "event": "start"}
{"ts": "2026-09-23T03:58:08.189805+00:00", "trace_id": null, "stage": "gate_form", "event": "finish", "duration_ms": 0.098}
{"ts": "2026-09-23T03:58:08.189845+00:00", "trace_id": null, "stage": "gate_literal", "event": "start"}
{"ts": "2026-09-23T03:58:08.189946+00:00", "trace_id": null, "stage": "gate_literal", "event": "finish", "duration_ms": 0.1}
{"ts": "2026-09-23T03:58:08.189990+00:00", "trace_id": null, "stage": "gate_entail", "event": "start", "skipped": true, "reason": "no_entailment_model"}
{"ts": "2026-09-23T03:58:08.190036+00:00", "trace_id": null, "stage": "gate_entail", "event": "finish", "duration_ms": 0.045, "degraded": true, "skipped": true, "reason": "no_entailment_model"}
{"ts": "2026-09-23T03:58:08.190056+00:00", "trace_id": null, "stage": "gate_coverage", "event": "start", "coverage": 1.0}
{"ts": "2026-09-23T03:58:08.190115+00:00", "trace_id": null, "stage": "gate_coverage", "event": "finish", "duration_ms": 0.057, "coverage": 1.0}
{"ts": "2026-09-23T03:58:08.190158+00:00", "trace_id": null, "stage": "gate_conflict", "event": "start"}
{"ts": "2026-09-23T03:58:08.190213+00:00", "trace_id": null, "stage": "gate_conflict", "event": "finish", "duration_ms": 0.054, "skipped": true, "reason": "no_conflict"}
... 20/122 abstain=0
{"ts": "2026-09-23T03:58:08.190265+00:00", "trace_id": null, "stage": "embed_query", "event": "start", "model": "Qwen/Qwen3-Embedding-0.6B"}
{"ts": "2026-09-23T03:58:08.229448+00:00", "trace_id": null, "stage": "embed_query", "event": "finish", "duration_ms": 39.181, "model": "Qwen/Qwen3-Embedding-0.6B"}
{"ts": "2026-09-23T03:58:08.229518+00:00", "trace_id": null, "stage": "dense", "event": "start"}
{"ts": "2026-09-23T03:58:08.229711+00:00", "trace_id": null, "stage": "dense", "event": "finish", "duration_ms": 0.192, "candidates_out": 20}
{"ts": "2026-09-23T03:58:08.229749+00:00", "trace_id": null, "stage": "lexical", "event": "start"}
{"ts": "2026-09-23T03:58:08.230020+00:00", "trace_id": null, "stage": "lexical", "event": "finish", "duration_ms": 0.269, "candidates_out": 20}
{"ts": "2026-09-23T03:58:08.230078+00:00", "trace_id": null, "stage": "fuse", "event": "start", "candidates_in": 30}
{"ts": "2026-09-23T03:58:08.230143+00:00", "trace_id": null, "stage": "fuse", "event": "finish", "duration_ms": 0.065, "candidates_in": 30, "candidates_out": 21, "top_score": 0.03278688524590164}
{"ts": "2026-09-23T03:58:08.233753+00:00", "trace_id": null, "stage": "gate", "event": "start", "candidates_in": 5}
{"ts": "2026-09-23T03:58:08.233814+00:00", "trace_id": null, "stage": "gate", "event": "finish", "duration_ms": 0.061, "candidates_in": 5, "candidates_out": 5, "top_score": 0.051971726190476186}
{"ts": "2026-09-23T03:58:09.759190+00:00", "trace_id": null, "stage": "gate_form", "event": "start"}
{"ts": "2026-09-23T03:58:09.759339+00:00", "trace_id": null, "stage": "gate_form", "event": "finish", "duration_ms": 0.153}
{"ts": "2026-09-23T03:58:09.759404+00:00", "trace_id": null, "stage": "gate_literal", "event": "start"}
{"ts": "2026-09-23T03:58:09.759607+00:00", "trace_id": null, "stage": "gate_literal", "event": "finish", "duration_ms": 0.203}
{"ts": "2026-09-23T03:58:09.759681+00:00", "trace_id": null, "stage": "gate_entail", "event": "start", "skipped": true, "reason": "no_entailment_model"}
{"ts": "2026-09-23T03:58:09.759761+00:00", "trace_id": null, "stage": "gate_entail", "event": "finish", "duration_ms": 0.081, "degraded": true, "skipped": true, "reason": "no_entailment_model"}
{"ts": "2026-09-23T03:58:09.759812+00:00", "trace_id": null, "stage": "gate_coverage", "event": "start", "coverage": 1.0}
{"ts": "2026-09-23T03:58:09.759873+00:00", "trace_id": null, "stage": "gate_coverage", "event": "finish", "duration_ms": 0.061, "coverage": 1.0}
{"ts": "2026-09-23T03:58:09.759900+00:00", "trace_id": null, "stage": "gate_conflict", "event": "start"}
{"ts": "2026-09-23T03:58:09.759975+00:00", "trace_id": null, "stage": "gate_conflict", "event": "finish", "duration_ms": 0.073, "skipped": true, "reason": "no_conflict"}
{"ts": "2026-09-23T03:58:09.760085+00:00", "trace_id": null, "stage": "embed_query", "event": "start", "model": "Qwen/Qwen3-Embedding-0.6B"}
{"ts": "2026-09-23T03:58:09.806079+00:00", "trace_id": null, "stage": "embed_query", "event": "finish", "duration_ms": 45.994, "model": "Qwen/Qwen3-Embedding-0.6B"}
{"ts": "2026-09-23T03:58:09.806156+00:00", "trace_id": null, "stage": "dense", "event": "start"}
{"ts": "2026-09-23T03:58:09.806379+00:00", "trace_id": null, "stage": "dense", "event": "finish", "duration_ms": 0.223, "candidates_out": 20}
{"ts": "2026-09-23T03:58:09.806404+00:00", "trace_id": null, "stage": "lexical", "event": "start"}
{"ts": "2026-09-23T03:58:09.806725+00:00", "trace_id": null, "stage": "lexical", "event": "finish", "duration_ms": 0.321, "candidates_out": 20}
{"ts": "2026-09-23T03:58:09.806780+00:00", "trace_id": null, "stage": "fuse", "event": "start", "candidates_in": 30}
{"ts": "2026-09-23T03:58:09.806858+00:00", "trace_id": null, "stage": "fuse", "event": "finish", "duration_ms": 0.078, "candidates_in": 30, "candidates_out": 20, "top_score": 0.03278688524590164}
{"ts": "2026-09-23T03:58:09.812018+00:00", "trace_id": null, "stage": "gate", "event": "start", "candidates_in": 5}
{"ts": "2026-09-23T03:58:09.812094+00:00", "trace_id": null, "stage": "gate", "event": "finish", "duration_ms": 0.076, "candidates_in": 5, "candidates_out": 5, "top_score": 0.09428571428571428}
{"ts": "2026-09-23T03:58:11.271801+00:00", "trace_id": null, "stage": "gate_form", "event": "start"}
{"ts": "2026-09-23T03:58:11.271894+00:00", "trace_id": null, "stage": "gate_form", "event": "finish", "duration_ms": 0.097}
{"ts": "2026-09-23T03:58:11.271935+00:00", "trace_id": null, "stage": "gate_literal", "event": "start"}
{"ts": "2026-09-23T03:58:11.272053+00:00", "trace_id": null, "stage": "gate_literal", "event": "finish", "duration_ms": 0.117}
{"ts": "2026-09-23T03:58:11.272098+00:00", "trace_id": null, "stage": "gate_entail", "event": "start", "skipped": true, "reason": "no_entailment_model"}
{"ts": "2026-09-23T03:58:11.272142+00:00", "trace_id": null, "stage": "gate_entail", "event": "finish", "duration_ms": 0.044, "degraded": true, "skipped": true, "reason": "no_entailment_model"}
{"ts": "2026-09-23T03:58:11.272159+00:00", "trace_id": null, "stage": "gate_coverage", "event": "start", "coverage": 1.0}
{"ts": "2026-09-23T03:58:11.272199+00:00", "trace_id": null, "stage": "gate_coverage", "event": "finish", "duration_ms": 0.039, "coverage": 1.0}
{"ts": "2026-09-23T03:58:11.272218+00:00", "trace_id": null, "stage": "gate_conflict", "event": "start"}
{"ts": "2026-09-23T03:58:11.272268+00:00", "trace_id": null, "stage": "gate_conflict", "event": "finish", "duration_ms": 0.05, "skipped": true, "reason": "no_conflict"}
{"ts": "2026-09-23T03:58:11.272342+00:00", "trace_id": null, "stage": "embed_query", "event": "start", "model": "Qwen/Qwen3-Embedding-0.6B"}
{"ts": "2026-09-23T03:58:11.304996+00:00", "trace_id": null, "stage": "embed_query", "event": "finish", "duration_ms": 32.652, "model": "Qwen/Qwen3-Embedding-0.6B"}
{"ts": "2026-09-23T03:58:11.305072+00:00", "trace_id": null, "stage": "dense", "event": "start"}
{"ts": "2026-09-23T03:58:11.305267+00:00", "trace_id": null, "stage": "dense", "event": "finish", "duration_ms": 0.195, "candidates_out": 20}
{"ts": "2026-09-23T03:58:11.305293+00:00", "trace_id": null, "stage": "lexical", "event": "start"}
{"ts": "2026-09-23T03:58:11.305535+00:00", "trace_id": null, "stage": "lexical", "event": "finish", "duration_ms": 0.241, "candidates_out": 20}
{"ts": "2026-09-23T03:58:11.305580+00:00", "trace_id": null, "stage": "fuse", "event": "start", "candidates_in": 29}
{"ts": "2026-09-23T03:58:11.305642+00:00", "trace_id": null, "stage": "fuse", "event": "finish", "duration_ms": 0.062, "candidates_in": 29, "candidates_out": 20, "top_score": 0.03278688524590164}
{"ts": "2026-09-23T03:58:11.309310+00:00", "trace_id": null, "stage": "gate", "event": "start", "candidates_in": 5}
{"ts": "2026-09-23T03:58:11.309391+00:00", "trace_id": null, "stage": "gate", "event": "finish", "duration_ms": 0.082, "candidates_in": 5, "candidates_out": 5, "top_score": 0.054098360655737705}
{"ts": "2026-09-23T03:58:12.995529+00:00", "trace_id": null, "stage": "gate_form", "event": "start"}
{"ts": "2026-09-23T03:58:12.995667+00:00", "trace_id": null, "stage": "gate_form", "event": "finish", "duration_ms": 0.141}
{"ts": "2026-09-23T03:58:12.995746+00:00", "trace_id": null, "stage": "gate_literal", "event": "start"}
{"ts": "2026-09-23T03:58:12.995933+00:00", "trace_id": null, "stage": "gate_literal", "event": "finish", "duration_ms": 0.188}
{"ts": "2026-09-23T03:58:12.995965+00:00", "trace_id": null, "stage": "gate_entail", "event": "start", "skipped": true, "reason": "no_entailment_model"}
{"ts": "2026-09-23T03:58:12.996028+00:00", "trace_id": null, "stage": "gate_entail", "event": "finish", "duration_ms": 0.064, "degraded": true, "skipped": true, "reason": "no_entailment_model"}
{"ts": "2026-09-23T03:58:12.996053+00:00", "trace_id": null, "stage": "gate_coverage", "event": "start", "coverage": 1.0}
{"ts": "2026-09-23T03:58:12.996114+00:00", "trace_id": null, "stage": "gate_coverage", "event": "finish", "duration_ms": 0.059, "coverage": 1.0}
{"ts": "2026-09-23T03:58:12.996228+00:00", "trace_id": null, "stage": "gate_conflict", "event": "start"}
{"ts": "2026-09-23T03:58:12.996330+00:00", "trace_id": null, "stage": "gate_conflict", "event": "finish", "duration_ms": 0.102, "skipped": true, "reason": "no_conflict"}
{"ts": "2026-09-23T03:58:12.996394+00:00", "trace_id": null, "stage": "embed_query", "event": "start", "model": "Qwen/Qwen3-Embedding-0.6B"}
{"ts": "2026-09-23T03:58:13.035267+00:00", "trace_id": null, "stage": "embed_query", "event": "finish", "duration_ms": 38.871, "model": "Qwen/Qwen3-Embedding-0.6B"}
{"ts": "2026-09-23T03:58:13.035340+00:00", "trace_id": null, "stage": "dense", "event": "start"}
{"ts": "2026-09-23T03:58:13.035564+00:00", "trace_id": null, "stage": "dense", "event": "finish", "duration_ms": 0.224, "candidates_out": 20}
{"ts": "2026-09-23T03:58:13.035593+00:00", "trace_id": null, "stage": "lexical", "event": "start"}
{"ts": "2026-09-23T03:58:13.038910+00:00", "trace_id": null, "stage": "lexical", "event": "finish", "duration_ms": 3.316, "candidates_out": 20}
{"ts": "2026-09-23T03:58:13.038969+00:00", "trace_id": null, "stage": "fuse", "event": "start", "candidates_in": 31}
{"ts": "2026-09-23T03:58:13.039069+00:00", "trace_id": null, "stage": "fuse", "event": "finish", "duration_ms": 0.1, "candidates_in": 31, "candidates_out": 22, "top_score": 0.03278688524590164}
{"ts": "2026-09-23T03:58:13.043597+00:00", "trace_id": null, "stage": "gate", "event": "start", "candidates_in": 5}
{"ts": "2026-09-23T03:58:13.043675+00:00", "trace_id": null, "stage": "gate", "event": "finish", "duration_ms": 0.078, "candidates_in": 5, "candidates_out": 5, "top_score": 0.08524590163934427}
{"ts": "2026-09-23T03:58:14.556911+00:00", "trace_id": null, "stage": "gate_form", "event": "start"}
{"ts": "2026-09-23T03:58:14.557058+00:00", "trace_id": null, "stage": "gate_form", "event": "finish", "duration_ms": 0.151}
{"ts": "2026-09-23T03:58:14.557126+00:00", "trace_id": null, "stage": "gate_literal", "event": "start"}
{"ts": "2026-09-23T03:58:14.557341+00:00", "trace_id": null, "stage": "gate_literal", "event": "finish", "duration_ms": 0.216}
{"ts": "2026-09-23T03:58:14.557387+00:00", "trace_id": null, "stage": "gate_entail", "event": "start", "skipped": true, "reason": "no_entailment_model"}
{"ts": "2026-09-23T03:58:14.557459+00:00", "trace_id": null, "stage": "gate_entail", "event": "finish", "duration_ms": 0.072, "degraded": true, "skipped": true, "reason": "no_entailment_model"}
{"ts": "2026-09-23T03:58:14.557502+00:00", "trace_id": null, "stage": "gate_coverage", "event": "start", "coverage": 1.0}
{"ts": "2026-09-23T03:58:14.557555+00:00", "trace_id": null, "stage": "gate_coverage", "event": "finish", "duration_ms": 0.054, "coverage": 1.0}
{"ts": "2026-09-23T03:58:14.557594+00:00", "trace_id": null, "stage": "gate_conflict", "event": "start"}
{"ts": "2026-09-23T03:58:14.557660+00:00", "trace_id": null, "stage": "gate_conflict", "event": "finish", "duration_ms": 0.065, "skipped": true, "reason": "no_conflict"}
{"ts": "2026-09-23T03:58:14.557702+00:00", "trace_id": null, "stage": "embed_query", "event": "start", "model": "Qwen/Qwen3-Embedding-0.6B"}
{"ts": "2026-09-23T03:58:14.603275+00:00", "trace_id": null, "stage": "embed_query", "event": "finish", "duration_ms": 45.57, "model": "Qwen/Qwen3-Embedding-0.6B"}
{"ts": "2026-09-23T03:58:14.603362+00:00", "trace_id": null, "stage": "dense", "event": "start"}
{"ts": "2026-09-23T03:58:14.603612+00:00", "trace_id": null, "stage": "dense", "event": "finish", "duration_ms": 0.251, "candidates_out": 20}
{"ts": "2026-09-23T03:58:14.603662+00:00", "trace_id": null, "stage": "lexical", "event": "start"}
{"ts": "2026-09-23T03:58:14.604059+00:00", "trace_id": null, "stage": "lexical", "event": "finish", "duration_ms": 0.395, "candidates_out": 20}
{"ts": "2026-09-23T03:58:14.604141+00:00", "trace_id": null, "stage": "fuse", "event": "start", "candidates_in": 30}
{"ts": "2026-09-23T03:58:14.604245+00:00", "trace_id": null, "stage": "fuse", "event": "finish", "duration_ms": 0.104, "candidates_in": 30, "candidates_out": 20, "top_score": 0.03252247488101534}
{"ts": "2026-09-23T03:58:14.609896+00:00", "trace_id": null, "stage": "gate", "event": "start", "candidates_in": 5}
{"ts": "2026-09-23T03:58:14.610001+00:00", "trace_id": null, "stage": "gate", "event": "finish", "duration_ms": 0.106, "candidates_in": 5, "candidates_out": 5, "top_score": 0.09583138173302108}
{"ts": "2026-09-23T03:58:15.933874+00:00", "trace_id": null, "stage": "gate_form", "event": "start"}
{"ts": "2026-09-23T03:58:15.933978+00:00", "trace_id": null, "stage": "gate_form", "event": "finish", "duration_ms": 0.108}
{"ts": "2026-09-23T03:58:15.934017+00:00", "trace_id": null, "stage": "gate_literal", "event": "start"}
{"ts": "2026-09-23T03:58:15.934110+00:00", "trace_id": null, "stage": "gate_literal", "event": "finish", "duration_ms": 0.092}
{"ts": "2026-09-23T03:58:15.934157+00:00", "trace_id": null, "stage": "gate_entail", "event": "start", "skipped": true, "reason": "no_entailment_model"}
{"ts": "2026-09-23T03:58:15.934201+00:00", "trace_id": null, "stage": "gate_entail", "event": "finish", "duration_ms": 0.044, "degraded": true, "skipped": true, "reason": "no_entailment_model"}
{"ts": "2026-09-23T03:58:15.934221+00:00", "trace_id": null, "stage": "gate_coverage", "event": "start", "coverage": 1.0}
{"ts": "2026-09-23T03:58:15.934261+00:00", "trace_id": null, "stage": "gate_coverage", "event": "finish", "duration_ms": 0.04, "coverage": 1.0}
{"ts": "2026-09-23T03:58:15.934282+00:00", "trace_id": null, "stage": "gate_conflict", "event": "start"}
{"ts": "2026-09-23T03:58:15.934333+00:00", "trace_id": null, "stage": "gate_conflict", "event": "finish", "duration_ms": 0.05, "skipped": true, "reason": "no_conflict"}
{"ts": "2026-09-23T03:58:15.934357+00:00", "trace_id": null, "stage": "embed_query", "event": "start", "model": "Qwen/Qwen3-Embedding-0.6B"}
{"ts": "2026-09-23T03:58:15.970440+00:00", "trace_id": null, "stage": "embed_query", "event": "finish", "duration_ms": 36.079, "model": "Qwen/Qwen3-Embedding-0.6B"}
{"ts": "2026-09-23T03:58:15.970518+00:00", "trace_id": null, "stage": "dense", "event": "start"}
{"ts": "2026-09-23T03:58:15.970716+00:00", "trace_id": null, "stage": "dense", "event": "finish", "duration_ms": 0.197, "candidates_out": 20}
{"ts": "2026-09-23T03:58:15.970742+00:00", "trace_id": null, "stage": "lexical", "event": "start"}
{"ts": "2026-09-23T03:58:15.970994+00:00", "trace_id": null, "stage": "lexical", "event": "finish", "duration_ms": 0.252, "candidates_out": 20}
{"ts": "2026-09-23T03:58:15.971023+00:00", "trace_id": null, "stage": "fuse", "event": "start", "candidates_in": 32}
{"ts": "2026-09-23T03:58:15.971094+00:00", "trace_id": null, "stage": "fuse", "event": "finish", "duration_ms": 0.069, "candidates_in": 32, "candidates_out": 21, "top_score": 0.03278688524590164}
{"ts": "2026-09-23T03:58:15.974614+00:00", "trace_id": null, "stage": "gate", "event": "start", "candidates_in": 5}
{"ts": "2026-09-23T03:58:15.974884+00:00", "trace_id": null, "stage": "gate", "event": "finish", "duration_ms": 0.27, "candidates_in": 5, "candidates_out": 5, "top_score": 0.0532258064516129}
{"ts": "2026-09-23T03:58:16.993555+00:00", "trace_id": null, "stage": "gate_form", "event": "start"}
{"ts": "2026-09-23T03:58:16.993738+00:00", "trace_id": null, "stage": "gate_form", "event": "finish", "duration_ms": 0.187}
{"ts": "2026-09-23T03:58:16.993782+00:00", "trace_id": null, "stage": "gate_literal", "event": "start"}
{"ts": "2026-09-23T03:58:16.993854+00:00", "trace_id": null, "stage": "gate_literal", "event": "finish", "duration_ms": 0.071}
{"ts": "2026-09-23T03:58:16.993903+00:00", "trace_id": null, "stage": "gate_entail", "event": "start", "skipped": true, "reason": "no_entailment_model"}
{"ts": "2026-09-23T03:58:16.993948+00:00", "trace_id": null, "stage": "gate_entail", "event": "finish", "duration_ms": 0.046, "degraded": true, "skipped": true, "reason": "no_entailment_model"}
{"ts": "2026-09-23T03:58:16.993968+00:00", "trace_id": null, "stage": "gate_coverage", "event": "start", "coverage": 1.0}
{"ts": "2026-09-23T03:58:16.994005+00:00", "trace_id": null, "stage": "gate_coverage", "event": "finish", "duration_ms": 0.037, "coverage": 1.0}
{"ts": "2026-09-23T03:58:16.994018+00:00", "trace_id": null, "stage": "gate_conflict", "event": "start"}
{"ts": "2026-09-23T03:58:16.994083+00:00", "trace_id": null, "stage": "gate_conflict", "event": "finish", "duration_ms": 0.064, "reason": "version_conflict"}
{"ts": "2026-09-23T03:58:16.994158+00:00", "trace_id": null, "stage": "embed_query", "event": "start", "model": "Qwen/Qwen3-Embedding-0.6B"}
{"ts": "2026-09-23T03:58:17.017069+00:00", "trace_id": null, "stage": "embed_query", "event": "finish", "duration_ms": 22.909, "model": "Qwen/Qwen3-Embedding-0.6B"}
{"ts": "2026-09-23T03:58:17.017130+00:00", "trace_id": null, "stage": "dense", "event": "start"}
{"ts": "2026-09-23T03:58:17.017319+00:00", "trace_id": null, "stage": "dense", "event": "finish", "duration_ms": 0.189, "candidates_out": 20}
{"ts": "2026-09-23T03:58:17.017350+00:00", "trace_id": null, "stage": "lexical", "event": "start"}
{"ts": "2026-09-23T03:58:17.017628+00:00", "trace_id": null, "stage": "lexical", "event": "finish", "duration_ms": 0.277, "candidates_out": 20}
{"ts": "2026-09-23T03:58:17.017675+00:00", "trace_id": null, "stage": "fuse", "event": "start", "candidates_in": 30}
{"ts": "2026-09-23T03:58:17.017740+00:00", "trace_id": null, "stage": "fuse", "event": "finish", "duration_ms": 0.065, "candidates_in": 30, "candidates_out": 18, "top_score": 0.03278688524590164}
{"ts": "2026-09-23T03:58:17.020619+00:00", "trace_id": null, "stage": "gate", "event": "start", "candidates_in": 5}
{"ts": "2026-09-23T03:58:17.020833+00:00", "trace_id": null, "stage": "gate", "event": "finish", "duration_ms": 0.214, "candidates_in": 5, "candidates_out": 5, "top_score": 0.0532258064516129}
{"ts": "2026-09-23T03:58:17.773209+00:00", "trace_id": null, "stage": "gate_form", "event": "start"}
{"ts": "2026-09-23T03:58:17.773299+00:00", "trace_id": null, "stage": "gate_form", "event": "finish", "duration_ms": 0.093}
{"ts": "2026-09-23T03:58:17.773341+00:00", "trace_id": null, "stage": "gate_literal", "event": "start"}
{"ts": "2026-09-23T03:58:17.773411+00:00", "trace_id": null, "stage": "gate_literal", "event": "finish", "duration_ms": 0.07}
{"ts": "2026-09-23T03:58:17.773461+00:00", "trace_id": null, "stage": "gate_entail", "event": "start", "skipped": true, "reason": "no_entailment_model"}
{"ts": "2026-09-23T03:58:17.773505+00:00", "trace_id": null, "stage": "gate_entail", "event": "finish", "duration_ms": 0.044, "degraded": true, "skipped": true, "reason": "no_entailment_model"}
{"ts": "2026-09-23T03:58:17.773523+00:00", "trace_id": null, "stage": "gate_coverage", "event": "start", "coverage": 1.0}
{"ts": "2026-09-23T03:58:17.773564+00:00", "trace_id": null, "stage": "gate_coverage", "event": "finish", "duration_ms": 0.041, "coverage": 1.0}
{"ts": "2026-09-23T03:58:17.773605+00:00", "trace_id": null, "stage": "gate_conflict", "event": "start"}
{"ts": "2026-09-23T03:58:17.773665+00:00", "trace_id": null, "stage": "gate_conflict", "event": "finish", "duration_ms": 0.06, "reason": "version_conflict"}
{"ts": "2026-09-23T03:58:17.773689+00:00", "trace_id": null, "stage": "embed_query", "event": "start", "model": "Qwen/Qwen3-Embedding-0.6B"}
{"ts": "2026-09-23T03:58:17.797241+00:00", "trace_id": null, "stage": "embed_query", "event": "finish", "duration_ms": 23.55, "model": "Qwen/Qwen3-Embedding-0.6B"}
{"ts": "2026-09-23T03:58:17.797308+00:00", "trace_id": null, "stage": "dense", "event": "start"}
{"ts": "2026-09-23T03:58:17.797566+00:00", "trace_id": null, "stage": "dense", "event": "finish", "duration_ms": 0.257, "candidates_out": 20}
{"ts": "2026-09-23T03:58:17.797606+00:00", "trace_id": null, "stage": "lexical", "event": "start"}
{"ts": "2026-09-23T03:58:17.797873+00:00", "trace_id": null, "stage": "lexical", "event": "finish", "duration_ms": 0.267, "candidates_out": 20}
{"ts": "2026-09-23T03:58:17.797903+00:00", "trace_id": null, "stage": "fuse", "event": "start", "candidates_in": 27}
{"ts": "2026-09-23T03:58:17.797969+00:00", "trace_id": null, "stage": "fuse", "event": "finish", "duration_ms": 0.065, "candidates_in": 27, "candidates_out": 18, "top_score": 0.03252247488101534}
{"ts": "2026-09-23T03:58:17.801745+00:00", "trace_id": null, "stage": "gate", "event": "start", "candidates_in": 5}
{"ts": "2026-09-23T03:58:17.801819+00:00", "trace_id": null, "stage": "gate", "event": "finish", "duration_ms": 0.073, "candidates_in": 5, "candidates_out": 5, "top_score": 0.03252247488101534}
{"ts": "2026-09-23T03:58:19.160420+00:00", "trace_id": null, "stage": "gate_form", "event": "start"}
{"ts": "2026-09-23T03:58:19.160549+00:00", "trace_id": null, "stage": "gate_form", "event": "finish", "duration_ms": 0.133}
{"ts": "2026-09-23T03:58:19.160605+00:00", "trace_id": null, "stage": "gate_literal", "event": "start"}
{"ts": "2026-09-23T03:58:19.160715+00:00", "trace_id": null, "stage": "gate_literal", "event": "finish", "duration_ms": 0.109}
{"ts": "2026-09-23T03:58:19.160779+00:00", "trace_id": null, "stage": "gate_entail", "event": "start", "skipped": true, "reason": "no_entailment_model"}
{"ts": "2026-09-23T03:58:19.160850+00:00", "trace_id": null, "stage": "gate_entail", "event": "finish", "duration_ms": 0.069, "degraded": true, "skipped": true, "reason": "no_entailment_model"}
{"ts": "2026-09-23T03:58:19.160917+00:00", "trace_id": null, "stage": "gate_coverage", "event": "start", "coverage": 1.0}
{"ts": "2026-09-23T03:58:19.160987+00:00", "trace_id": null, "stage": "gate_coverage", "event": "finish", "duration_ms": 0.072, "coverage": 1.0}
{"ts": "2026-09-23T03:58:19.161032+00:00", "trace_id": null, "stage": "gate_conflict", "event": "start"}
{"ts": "2026-09-23T03:58:19.161096+00:00", "trace_id": null, "stage": "gate_conflict", "event": "finish", "duration_ms": 0.064, "skipped": true, "reason": "no_conflict"}
{"ts": "2026-09-23T03:58:19.161153+00:00", "trace_id": null, "stage": "embed_query", "event": "start", "model": "Qwen/Qwen3-Embedding-0.6B"}
{"ts": "2026-09-23T03:58:19.205380+00:00", "trace_id": null, "stage": "embed_query", "event": "finish", "duration_ms": 44.224, "model": "Qwen/Qwen3-Embedding-0.6B"}
{"ts": "2026-09-23T03:58:19.205450+00:00", "trace_id": null, "stage": "dense", "event": "start"}
{"ts": "2026-09-23T03:58:19.205672+00:00", "trace_id": null, "stage": "dense", "event": "finish", "duration_ms": 0.222, "candidates_out": 20}
{"ts": "2026-09-23T03:58:19.205706+00:00", "trace_id": null, "stage": "lexical", "event": "start"}
{"ts": "2026-09-23T03:58:19.206132+00:00", "trace_id": null, "stage": "lexical", "event": "finish", "duration_ms": 0.425, "candidates_out": 20}
{"ts": "2026-09-23T03:58:19.206199+00:00", "trace_id": null, "stage": "fuse", "event": "start", "candidates_in": 31}
{"ts": "2026-09-23T03:58:19.206282+00:00", "trace_id": null, "stage": "fuse", "event": "finish", "duration_ms": 0.083, "candidates_in": 31, "candidates_out": 22, "top_score": 0.03278688524590164}
{"ts": "2026-09-23T03:58:19.211406+00:00", "trace_id": null, "stage": "gate", "event": "start", "candidates_in": 5}
{"ts": "2026-09-23T03:58:19.211484+00:00", "trace_id": null, "stage": "gate", "event": "finish", "duration_ms": 0.078, "candidates_in": 5, "candidates_out": 5, "top_score": 0.09580645161290322}
{"ts": "2026-09-23T03:58:21.124565+00:00", "trace_id": null, "stage": "gate_form", "event": "start"}
{"ts": "2026-09-23T03:58:21.124681+00:00", "trace_id": null, "stage": "gate_form", "event": "finish", "duration_ms": 0.119}
{"ts": "2026-09-23T03:58:21.124722+00:00", "trace_id": null, "stage": "gate_literal", "event": "start"}
{"ts": "2026-09-23T03:58:21.124804+00:00", "trace_id": null, "stage": "gate_literal", "event": "finish", "duration_ms": 0.081}
{"ts": "2026-09-23T03:58:21.124850+00:00", "trace_id": null, "stage": "gate_entail", "event": "start", "skipped": true, "reason": "no_entailment_model"}
{"ts": "2026-09-23T03:58:21.124895+00:00", "trace_id": null, "stage": "gate_entail", "event": "finish", "duration_ms": 0.045, "degraded": true, "skipped": true, "reason": "no_entailment_model"}
{"ts": "2026-09-23T03:58:21.124930+00:00", "trace_id": null, "stage": "gate_coverage", "event": "start", "coverage": 1.0}
{"ts": "2026-09-23T03:58:21.124964+00:00", "trace_id": null, "stage": "gate_coverage", "event": "finish", "duration_ms": 0.034, "coverage": 1.0}
{"ts": "2026-09-23T03:58:21.124977+00:00", "trace_id": null, "stage": "gate_conflict", "event": "start"}
{"ts": "2026-09-23T03:58:21.125033+00:00", "trace_id": null, "stage": "gate_conflict", "event": "finish", "duration_ms": 0.055, "skipped": true, "reason": "no_conflict"}
{"ts": "2026-09-23T03:58:21.125054+00:00", "trace_id": null, "stage": "embed_query", "event": "start", "model": "Qwen/Qwen3-Embedding-0.6B"}
{"ts": "2026-09-23T03:58:21.159268+00:00", "trace_id": null, "stage": "embed_query", "event": "finish", "duration_ms": 34.21, "model": "Qwen/Qwen3-Embedding-0.6B"}
{"ts": "2026-09-23T03:58:21.159344+00:00", "trace_id": null, "stage": "dense", "event": "start"}
{"ts": "2026-09-23T03:58:21.159539+00:00", "trace_id": null, "stage": "dense", "event": "finish", "duration_ms": 0.194, "candidates_out": 20}
{"ts": "2026-09-23T03:58:21.159574+00:00", "trace_id": null, "stage": "lexical", "event": "start"}
{"ts": "2026-09-23T03:58:21.159868+00:00", "trace_id": null, "stage": "lexical", "event": "finish", "duration_ms": 0.293, "candidates_out": 20}
{"ts": "2026-09-23T03:58:21.159920+00:00", "trace_id": null, "stage": "fuse", "event": "start", "candidates_in": 29}
{"ts": "2026-09-23T03:58:21.159984+00:00", "trace_id": null, "stage": "fuse", "event": "finish", "duration_ms": 0.064, "candidates_in": 29, "candidates_out": 20, "top_score": 0.03131881575727918}
{"ts": "2026-09-23T03:58:21.163753+00:00", "trace_id": null, "stage": "gate", "event": "start", "candidates_in": 5}
{"ts": "2026-09-23T03:58:21.163812+00:00", "trace_id": null, "stage": "gate", "event": "finish", "duration_ms": 0.058, "candidates_in": 5, "candidates_out": 5, "top_score": 0.09283516483516482}
{"ts": "2026-09-23T03:58:23.383649+00:00", "trace_id": null, "stage": "gate_form", "event": "start"}
{"ts": "2026-09-23T03:58:23.383761+00:00", "trace_id": null, "stage": "gate_form", "event": "finish", "duration_ms": 0.115}
{"ts": "2026-09-23T03:58:23.383811+00:00", "trace_id": null, "stage": "gate_literal", "event": "start", "skipped": true, "reason": "form_failed"}
{"ts": "2026-09-23T03:58:23.383860+00:00", "trace_id": null, "stage": "gate_literal", "event": "finish", "duration_ms": 0.05, "skipped": true, "reason": "form_failed"}
{"ts": "2026-09-23T03:58:23.383898+00:00", "trace_id": null, "stage": "gate_conflict", "event": "start"}
{"ts": "2026-09-23T03:58:23.383945+00:00", "trace_id": null, "stage": "gate_conflict", "event": "finish", "duration_ms": 0.047, "skipped": true, "reason": "no_conflict"}
ABSTAIN lex-030 reason=missing_citation raw='The Environmental_Sustainability_Policy_2026.pdf sets a year-on-year GHG reduction target of 5%.'
{"ts": "2026-09-23T03:58:23.384006+00:00", "trace_id": null, "stage": "embed_query", "event": "start", "model": "Qwen/Qwen3-Embedding-0.6B"}
{"ts": "2026-09-23T03:58:23.433019+00:00", "trace_id": null, "stage": "embed_query", "event": "finish", "duration_ms": 49.01, "model": "Qwen/Qwen3-Embedding-0.6B"}
{"ts": "2026-09-23T03:58:23.433109+00:00", "trace_id": null, "stage": "dense", "event": "start"}
{"ts": "2026-09-23T03:58:23.433350+00:00", "trace_id": null, "stage": "dense", "event": "finish", "duration_ms": 0.241, "candidates_out": 20}
{"ts": "2026-09-23T03:58:23.433393+00:00", "trace_id": null, "stage": "lexical", "event": "start"}
{"ts": "2026-09-23T03:58:23.433781+00:00", "trace_id": null, "stage": "lexical", "event": "finish", "duration_ms": 0.387, "candidates_out": 20}
{"ts": "2026-09-23T03:58:23.433845+00:00", "trace_id": null, "stage": "fuse", "event": "start", "candidates_in": 32}
{"ts": "2026-09-23T03:58:23.433933+00:00", "trace_id": null, "stage": "fuse", "event": "finish", "duration_ms": 0.088, "candidates_in": 32, "candidates_out": 26, "top_score": 0.03252247488101534}
{"ts": "2026-09-23T03:58:23.441576+00:00", "trace_id": null, "stage": "gate", "event": "start", "candidates_in": 5}
{"ts": "2026-09-23T03:58:23.441652+00:00", "trace_id": null, "stage": "gate", "event": "finish", "duration_ms": 0.077, "candidates_in": 5, "candidates_out": 5, "top_score": 0.05119047619047619}
{"ts": "2026-09-23T03:58:25.373679+00:00", "trace_id": null, "stage": "gate_form", "event": "start"}
{"ts": "2026-09-23T03:58:25.373790+00:00", "trace_id": null, "stage": "gate_form", "event": "finish", "duration_ms": 0.115}
{"ts": "2026-09-23T03:58:25.373832+00:00", "trace_id": null, "stage": "gate_literal", "event": "start"}
{"ts": "2026-09-23T03:58:25.373939+00:00", "trace_id": null, "stage": "gate_literal", "event": "finish", "duration_ms": 0.107}
{"ts": "2026-09-23T03:58:25.373987+00:00", "trace_id": null, "stage": "gate_entail", "event": "start", "skipped": true, "reason": "no_entailment_model"}
{"ts": "2026-09-23T03:58:25.374033+00:00", "trace_id": null, "stage": "gate_entail", "event": "finish", "duration_ms": 0.046, "degraded": true, "skipped": true, "reason": "no_entailment_model"}
{"ts": "2026-09-23T03:58:25.374068+00:00", "trace_id": null, "stage": "gate_coverage", "event": "start", "coverage": 1.0}
{"ts": "2026-09-23T03:58:25.374102+00:00", "trace_id": null, "stage": "gate_coverage", "event": "finish", "duration_ms": 0.035, "coverage": 1.0}
{"ts": "2026-09-23T03:58:25.374116+00:00", "trace_id": null, "stage": "gate_conflict", "event": "start"}
{"ts": "2026-09-23T03:58:25.374163+00:00", "trace_id": null, "stage": "gate_conflict", "event": "finish", "duration_ms": 0.047, "skipped": true, "reason": "no_conflict"}
{"ts": "2026-09-23T03:58:25.374190+00:00", "trace_id": null, "stage": "embed_query", "event": "start", "model": "Qwen/Qwen3-Embedding-0.6B"}
{"ts": "2026-09-23T03:58:25.408887+00:00", "trace_id": null, "stage": "embed_query", "event": "finish", "duration_ms": 34.693, "model": "Qwen/Qwen3-Embedding-0.6B"}
{"ts": "2026-09-23T03:58:25.408964+00:00", "trace_id": null, "stage": "dense", "event": "start"}
{"ts": "2026-09-23T03:58:25.409169+00:00", "trace_id": null, "stage": "dense", "event": "finish", "duration_ms": 0.204, "candidates_out": 20}
{"ts": "2026-09-23T03:58:25.409209+00:00", "trace_id": null, "stage": "lexical", "event": "start"}
{"ts": "2026-09-23T03:58:25.409477+00:00", "trace_id": null, "stage": "lexical", "event": "finish", "duration_ms": 0.267, "candidates_out": 20}
{"ts": "2026-09-23T03:58:25.409531+00:00", "trace_id": null, "stage": "fuse", "event": "start", "candidates_in": 29}
{"ts": "2026-09-23T03:58:25.409599+00:00", "trace_id": null, "stage": "fuse", "event": "finish", "duration_ms": 0.068, "candidates_in": 29, "candidates_out": 20, "top_score": 0.03252247488101534}
{"ts": "2026-09-23T03:58:25.414882+00:00", "trace_id": null, "stage": "gate", "event": "start", "candidates_in": 5}
{"ts": "2026-09-23T03:58:25.414957+00:00", "trace_id": null, "stage": "gate", "event": "finish", "duration_ms": 0.075, "candidates_in": 5, "candidates_out": 5, "top_score": 0.0576036866359447}
{"ts": "2026-09-23T03:58:26.955807+00:00", "trace_id": null, "stage": "gate_form", "event": "start"}
{"ts": "2026-09-23T03:58:26.958767+00:00", "trace_id": null, "stage": "gate_form", "event": "finish", "duration_ms": 2.964}
{"ts": "2026-09-23T03:58:26.958819+00:00", "trace_id": null, "stage": "gate_literal", "event": "start"}
{"ts": "2026-09-23T03:58:26.958913+00:00", "trace_id": null, "stage": "gate_literal", "event": "finish", "duration_ms": 0.094}
{"ts": "2026-09-23T03:58:26.958961+00:00", "trace_id": null, "stage": "gate_entail", "event": "start", "skipped": true, "reason": "no_entailment_model"}
{"ts": "2026-09-23T03:58:26.959007+00:00", "trace_id": null, "stage": "gate_entail", "event": "finish", "duration_ms": 0.052, "degraded": true, "skipped": true, "reason": "no_entailment_model"}
{"ts": "2026-09-23T03:58:26.959031+00:00", "trace_id": null, "stage": "gate_coverage", "event": "start", "coverage": 1.0}
{"ts": "2026-09-23T03:58:26.959092+00:00", "trace_id": null, "stage": "gate_coverage", "event": "finish", "duration_ms": 0.061, "coverage": 1.0}
{"ts": "2026-09-23T03:58:26.959116+00:00", "trace_id": null, "stage": "gate_conflict", "event": "start"}
{"ts": "2026-09-23T03:58:26.959178+00:00", "trace_id": null, "stage": "gate_conflict", "event": "finish", "duration_ms": 0.062, "skipped": true, "reason": "no_conflict"}
{"ts": "2026-09-23T03:58:26.959201+00:00", "trace_id": null, "stage": "embed_query", "event": "start", "model": "Qwen/Qwen3-Embedding-0.6B"}
{"ts": "2026-09-23T03:58:26.992352+00:00", "trace_id": null, "stage": "embed_query", "event": "finish", "duration_ms": 33.148, "model": "Qwen/Qwen3-Embedding-0.6B"}
{"ts": "2026-09-23T03:58:26.992425+00:00", "trace_id": null, "stage": "dense", "event": "start"}
{"ts": "2026-09-23T03:58:26.992630+00:00", "trace_id": null, "stage": "dense", "event": "finish", "duration_ms": 0.205, "candidates_out": 20}
{"ts": "2026-09-23T03:58:26.992665+00:00", "trace_id": null, "stage": "lexical", "event": "start"}
{"ts": "2026-09-23T03:58:26.992939+00:00", "trace_id": null, "stage": "lexical", "event": "finish", "duration_ms": 0.274, "candidates_out": 20}
{"ts": "2026-09-23T03:58:26.993000+00:00", "trace_id": null, "stage": "fuse", "event": "start", "candidates_in": 31}
{"ts": "2026-09-23T03:58:26.993069+00:00", "trace_id": null, "stage": "fuse", "event": "finish", "duration_ms": 0.068, "candidates_in": 31, "candidates_out": 22, "top_score": 0.031754032258064516}
{"ts": "2026-09-23T03:58:26.995989+00:00", "trace_id": null, "stage": "gate", "event": "start", "candidates_in": 5}
{"ts": "2026-09-23T03:58:26.996048+00:00", "trace_id": null, "stage": "gate", "event": "finish", "duration_ms": 0.058, "candidates_in": 5, "candidates_out": 5, "top_score": 0.25787545787545785}
{"ts": "2026-09-23T03:58:27.364881+00:00", "trace_id": null, "stage": "gate_form", "event": "start"}
{"ts": "2026-09-23T03:58:27.364990+00:00", "trace_id": null, "stage": "gate_form", "event": "finish", "duration_ms": 0.111}
{"ts": "2026-09-23T03:58:27.365044+00:00", "trace_id": null, "stage": "gate_literal", "event": "start"}
{"ts": "2026-09-23T03:58:27.365104+00:00", "trace_id": null, "stage": "gate_literal", "event": "finish", "duration_ms": 0.06}
{"ts": "2026-09-23T03:58:27.365141+00:00", "trace_id": null, "stage": "gate_entail", "event": "start", "skipped": true, "reason": "no_entailment_model"}
{"ts": "2026-09-23T03:58:27.365182+00:00", "trace_id": null, "stage": "gate_entail", "event": "finish", "duration_ms": 0.041, "degraded": true, "skipped": true, "reason": "no_entailment_model"}
{"ts": "2026-09-23T03:58:27.365221+00:00", "trace_id": null, "stage": "gate_coverage", "event": "start", "coverage": 1.0}
{"ts": "2026-09-23T03:58:27.365255+00:00", "trace_id": null, "stage": "gate_coverage", "event": "finish", "duration_ms": 0.035, "coverage": 1.0}
{"ts": "2026-09-23T03:58:27.365269+00:00", "trace_id": null, "stage": "gate_conflict", "event": "start"}
{"ts": "2026-09-23T03:58:27.365333+00:00", "trace_id": null, "stage": "gate_conflict", "event": "finish", "duration_ms": 0.061, "skipped": true, "reason": "no_conflict"}
{"ts": "2026-09-23T03:58:27.365389+00:00", "trace_id": null, "stage": "embed_query", "event": "start", "model": "Qwen/Qwen3-Embedding-0.6B"}
{"ts": "2026-09-23T03:58:27.388073+00:00", "trace_id": null, "stage": "embed_query", "event": "finish", "duration_ms": 22.682, "model": "Qwen/Qwen3-Embedding-0.6B"}
{"ts": "2026-09-23T03:58:27.388137+00:00", "trace_id": null, "stage": "dense", "event": "start"}
{"ts": "2026-09-23T03:58:27.388326+00:00", "trace_id": null, "stage": "dense", "event": "finish", "duration_ms": 0.188, "candidates_out": 20}
{"ts": "2026-09-23T03:58:27.388360+00:00", "trace_id": null, "stage": "lexical", "event": "start"}
{"ts": "2026-09-23T03:58:27.388619+00:00", "trace_id": null, "stage": "lexical", "event": "finish", "duration_ms": 0.258, "candidates_out": 20}
{"ts": "2026-09-23T03:58:27.388680+00:00", "trace_id": null, "stage": "fuse", "event": "start", "candidates_in": 32}
{"ts": "2026-09-23T03:58:27.388743+00:00", "trace_id": null, "stage": "fuse", "event": "finish", "duration_ms": 0.063, "candidates_in": 32, "candidates_out": 21, "top_score": 0.03252247488101534}
{"ts": "2026-09-23T03:58:27.391891+00:00", "trace_id": null, "stage": "gate", "event": "start", "candidates_in": 5}
{"ts": "2026-09-23T03:58:27.391973+00:00", "trace_id": null, "stage": "gate", "event": "finish", "duration_ms": 0.084, "candidates_in": 5, "candidates_out": 5, "top_score": 0.05359701492537314}
{"ts": "2026-09-23T03:58:28.672742+00:00", "trace_id": null, "stage": "gate_form", "event": "start"}
{"ts": "2026-09-23T03:58:28.672852+00:00", "trace_id": null, "stage": "gate_form", "event": "finish", "duration_ms": 0.115}
{"ts": "2026-09-23T03:58:28.672894+00:00", "trace_id": null, "stage": "gate_literal", "event": "start"}
{"ts": "2026-09-23T03:58:28.672953+00:00", "trace_id": null, "stage": "gate_literal", "event": "finish", "duration_ms": 0.058}
{"ts": "2026-09-23T03:58:28.672997+00:00", "trace_id": null, "stage": "gate_entail", "event": "start", "skipped": true, "reason": "no_entailment_model"}
{"ts": "2026-09-23T03:58:28.673042+00:00", "trace_id": null, "stage": "gate_entail", "event": "finish", "duration_ms": 0.045, "degraded": true, "skipped": true, "reason": "no_entailment_model"}
{"ts": "2026-09-23T03:58:28.673063+00:00", "trace_id": null, "stage": "gate_coverage", "event": "start", "coverage": 1.0}
{"ts": "2026-09-23T03:58:28.673117+00:00", "trace_id": null, "stage": "gate_coverage", "event": "finish", "duration_ms": 0.054, "coverage": 1.0}
{"ts": "2026-09-23T03:58:28.673136+00:00", "trace_id": null, "stage": "gate_conflict", "event": "start"}
{"ts": "2026-09-23T03:58:28.673182+00:00", "trace_id": null, "stage": "gate_conflict", "event": "finish", "duration_ms": 0.046, "skipped": true, "reason": "no_conflict"}
{"ts": "2026-09-23T03:58:28.673209+00:00", "trace_id": null, "stage": "embed_query", "event": "start", "model": "Qwen/Qwen3-Embedding-0.6B"}
{"ts": "2026-09-23T03:58:28.706766+00:00", "trace_id": null, "stage": "embed_query", "event": "finish", "duration_ms": 33.553, "model": "Qwen/Qwen3-Embedding-0.6B"}
{"ts": "2026-09-23T03:58:28.706845+00:00", "trace_id": null, "stage": "dense", "event": "start"}
{"ts": "2026-09-23T03:58:28.707052+00:00", "trace_id": null, "stage": "dense", "event": "finish", "duration_ms": 0.206, "candidates_out": 20}
{"ts": "2026-09-23T03:58:28.707100+00:00", "trace_id": null, "stage": "lexical", "event": "start"}
{"ts": "2026-09-23T03:58:28.707370+00:00", "trace_id": null, "stage": "lexical", "event": "finish", "duration_ms": 0.269, "candidates_out": 20}
{"ts": "2026-09-23T03:58:28.707423+00:00", "trace_id": null, "stage": "fuse", "event": "start", "candidates_in": 35}
{"ts": "2026-09-23T03:58:28.707491+00:00", "trace_id": null, "stage": "fuse", "event": "finish", "duration_ms": 0.068, "candidates_in": 35, "candidates_out": 26, "top_score": 0.03278688524590164}
{"ts": "2026-09-23T03:58:28.711928+00:00", "trace_id": null, "stage": "gate", "event": "start", "candidates_in": 5}
{"ts": "2026-09-23T03:58:28.711989+00:00", "trace_id": null, "stage": "gate", "event": "finish", "duration_ms": 0.061, "candidates_in": 5, "candidates_out": 5, "top_score": 0.03200204813108039}
{"ts": "2026-09-23T03:58:29.920605+00:00", "trace_id": null, "stage": "gate_form", "event": "start"}
{"ts": "2026-09-23T03:58:29.920702+00:00", "trace_id": null, "stage": "gate_form", "event": "finish", "duration_ms": 0.1}
{"ts": "2026-09-23T03:58:29.920745+00:00", "trace_id": null, "stage": "gate_literal", "event": "start"}
{"ts": "2026-09-23T03:58:29.920834+00:00", "trace_id": null, "stage": "gate_literal", "event": "finish", "duration_ms": 0.088}
{"ts": "2026-09-23T03:58:29.920881+00:00", "trace_id": null, "stage": "gate_entail", "event": "start", "skipped": true, "reason": "no_entailment_model"}
{"ts": "2026-09-23T03:58:29.920925+00:00", "trace_id": null, "stage": "gate_entail", "event": "finish", "duration_ms": 0.044, "degraded": true, "skipped": true, "reason": "no_entailment_model"}
{"ts": "2026-09-23T03:58:29.920946+00:00", "trace_id": null, "stage": "gate_coverage", "event": "start", "coverage": 1.0}
{"ts": "2026-09-23T03:58:29.920988+00:00", "trace_id": null, "stage": "gate_coverage", "event": "finish", "duration_ms": 0.041, "coverage": 1.0}
{"ts": "2026-09-23T03:58:29.921030+00:00", "trace_id": null, "stage": "gate_conflict", "event": "start"}
{"ts": "2026-09-23T03:58:29.921074+00:00", "trace_id": null, "stage": "gate_conflict", "event": "finish", "duration_ms": 0.044, "skipped": true, "reason": "no_conflict"}
{"ts": "2026-09-23T03:58:29.921098+00:00", "trace_id": null, "stage": "embed_query", "event": "start", "model": "Qwen/Qwen3-Embedding-0.6B"}
{"ts": "2026-09-23T03:58:29.967891+00:00", "trace_id": null, "stage": "embed_query", "event": "finish", "duration_ms": 46.776, "model": "Qwen/Qwen3-Embedding-0.6B"}
{"ts": "2026-09-23T03:58:29.968025+00:00", "trace_id": null, "stage": "dense", "event": "start"}
{"ts": "2026-09-23T03:58:29.968525+00:00", "trace_id": null, "stage": "dense", "event": "finish", "duration_ms": 0.498, "candidates_out": 20}
{"ts": "2026-09-23T03:58:29.968671+00:00", "trace_id": null, "stage": "lexical", "event": "start"}
{"ts": "2026-09-23T03:58:29.969354+00:00", "trace_id": null, "stage": "lexical", "event": "finish", "duration_ms": 0.681, "candidates_out": 20}
{"ts": "2026-09-23T03:58:29.969463+00:00", "trace_id": null, "stage": "fuse", "event": "start", "candidates_in": 32}
{"ts": "2026-09-23T03:58:29.969577+00:00", "trace_id": null, "stage": "fuse", "event": "finish", "duration_ms": 0.114, "candidates_in": 32, "candidates_out": 21, "top_score": 0.03252247488101534}
{"ts": "2026-09-23T03:58:29.975965+00:00", "trace_id": null, "stage": "gate", "event": "start", "candidates_in": 5}
{"ts": "2026-09-23T03:58:29.976126+00:00", "trace_id": null, "stage": "gate", "event": "finish", "duration_ms": 0.165, "candidates_in": 5, "candidates_out": 5, "top_score": 0.034579918032786885}
{"ts": "2026-09-23T03:58:31.280856+00:00", "trace_id": null, "stage": "gate_form", "event": "start"}
{"ts": "2026-09-23T03:58:31.280957+00:00", "trace_id": null, "stage": "gate_form", "event": "finish", "duration_ms": 0.104}
{"ts": "2026-09-23T03:58:31.280996+00:00", "trace_id": null, "stage": "gate_literal", "event": "start"}
{"ts": "2026-09-23T03:58:31.281083+00:00", "trace_id": null, "stage": "gate_literal", "event": "finish", "duration_ms": 0.087}
{"ts": "2026-09-23T03:58:31.281126+00:00", "trace_id": null, "stage": "gate_entail", "event": "start", "skipped": true, "reason": "no_entailment_model"}
{"ts": "2026-09-23T03:58:31.281170+00:00", "trace_id": null, "stage": "gate_entail", "event": "finish", "duration_ms": 0.043, "degraded": true, "skipped": true, "reason": "no_entailment_model"}
{"ts": "2026-09-23T03:58:31.281200+00:00", "trace_id": null, "stage": "gate_coverage", "event": "start", "coverage": 1.0}
{"ts": "2026-09-23T03:58:31.281230+00:00", "trace_id": null, "stage": "gate_coverage", "event": "finish", "duration_ms": 0.031, "coverage": 1.0}
{"ts": "2026-09-23T03:58:31.281244+00:00", "trace_id": null, "stage": "gate_conflict", "event": "start"}
{"ts": "2026-09-23T03:58:31.281290+00:00", "trace_id": null, "stage": "gate_conflict", "event": "finish", "duration_ms": 0.045, "skipped": true, "reason": "no_conflict"}
{"ts": "2026-09-23T03:58:31.281340+00:00", "trace_id": null, "stage": "embed_query", "event": "start", "model": "Qwen/Qwen3-Embedding-0.6B"}
{"ts": "2026-09-23T03:58:31.315031+00:00", "trace_id": null, "stage": "embed_query", "event": "finish", "duration_ms": 33.688, "model": "Qwen/Qwen3-Embedding-0.6B"}
{"ts": "2026-09-23T03:58:31.315106+00:00", "trace_id": null, "stage": "dense", "event": "start"}
{"ts": "2026-09-23T03:58:31.315309+00:00", "trace_id": null, "stage": "dense", "event": "finish", "duration_ms": 0.201, "candidates_out": 20}
{"ts": "2026-09-23T03:58:31.315360+00:00", "trace_id": null, "stage": "lexical", "event": "start"}
{"ts": "2026-09-23T03:58:31.315654+00:00", "trace_id": null, "stage": "lexical", "event": "finish", "duration_ms": 0.294, "candidates_out": 20}
{"ts": "2026-09-23T03:58:31.315707+00:00", "trace_id": null, "stage": "fuse", "event": "start", "candidates_in": 33}
{"ts": "2026-09-23T03:58:31.315774+00:00", "trace_id": null, "stage": "fuse", "event": "finish", "duration_ms": 0.066, "candidates_in": 33, "candidates_out": 22, "top_score": 0.03278688524590164}
{"ts": "2026-09-23T03:58:31.319955+00:00", "trace_id": null, "stage": "gate", "event": "start", "candidates_in": 5}
{"ts": "2026-09-23T03:58:31.320032+00:00", "trace_id": null, "stage": "gate", "event": "finish", "duration_ms": 0.077, "candidates_in": 5, "candidates_out": 5, "top_score": 0.054098360655737705}
{"ts": "2026-09-23T03:58:33.585709+00:00", "trace_id": null, "stage": "gate_form", "event": "start"}
{"ts": "2026-09-23T03:58:33.585853+00:00", "trace_id": null, "stage": "gate_form", "event": "finish", "duration_ms": 0.149}
{"ts": "2026-09-23T03:58:33.585929+00:00", "trace_id": null, "stage": "gate_literal", "event": "start"}
{"ts": "2026-09-23T03:58:33.586102+00:00", "trace_id": null, "stage": "gate_literal", "event": "finish", "duration_ms": 0.175}
{"ts": "2026-09-23T03:58:33.586155+00:00", "trace_id": null, "stage": "gate_entail", "event": "start", "skipped": true, "reason": "no_entailment_model"}
{"ts": "2026-09-23T03:58:33.586218+00:00", "trace_id": null, "stage": "gate_entail", "event": "finish", "duration_ms": 0.061, "degraded": true, "skipped": true, "reason": "no_entailment_model"}
{"ts": "2026-09-23T03:58:33.586288+00:00", "trace_id": null, "stage": "gate_coverage", "event": "start", "coverage": 1.0}
{"ts": "2026-09-23T03:58:33.586356+00:00", "trace_id": null, "stage": "gate_coverage", "event": "finish", "duration_ms": 0.069, "coverage": 1.0}
{"ts": "2026-09-23T03:58:33.586398+00:00", "trace_id": null, "stage": "gate_conflict", "event": "start"}
{"ts": "2026-09-23T03:58:33.586538+00:00", "trace_id": null, "stage": "gate_conflict", "event": "finish", "duration_ms": 0.139, "reason": "version_conflict"}
{"ts": "2026-09-23T03:58:33.586600+00:00", "trace_id": null, "stage": "embed_query", "event": "start", "model": "Qwen/Qwen3-Embedding-0.6B"}
{"ts": "2026-09-23T03:58:33.625559+00:00", "trace_id": null, "stage": "embed_query", "event": "finish", "duration_ms": 38.957, "model": "Qwen/Qwen3-Embedding-0.6B"}
{"ts": "2026-09-23T03:58:33.625630+00:00", "trace_id": null, "stage": "dense", "event": "start"}
{"ts": "2026-09-23T03:58:33.625848+00:00", "trace_id": null, "stage": "dense", "event": "finish", "duration_ms": 0.217, "candidates_out": 20}
{"ts": "2026-09-23T03:58:33.625872+00:00", "trace_id": null, "stage": "lexical", "event": "start"}
{"ts": "2026-09-23T03:58:33.626217+00:00", "trace_id": null, "stage": "lexical", "event": "finish", "duration_ms": 0.344, "candidates_out": 20}
{"ts": "2026-09-23T03:58:33.626268+00:00", "trace_id": null, "stage": "fuse", "event": "start", "candidates_in": 33}
{"ts": "2026-09-23T03:58:33.626338+00:00", "trace_id": null, "stage": "fuse", "event": "finish", "duration_ms": 0.07, "candidates_in": 33, "candidates_out": 22, "top_score": 0.03278688524590164}
{"ts": "2026-09-23T03:58:33.631380+00:00", "trace_id": null, "stage": "gate", "event": "start", "candidates_in": 5}
{"ts": "2026-09-23T03:58:33.631471+00:00", "trace_id": null, "stage": "gate", "event": "finish", "duration_ms": 0.091, "candidates_in": 5, "candidates_out": 5, "top_score": 0.054098360655737705}
{"ts": "2026-09-23T03:58:35.880240+00:00", "trace_id": null, "stage": "gate_form", "event": "start"}
{"ts": "2026-09-23T03:58:35.880368+00:00", "trace_id": null, "stage": "gate_form", "event": "finish", "duration_ms": 0.131}
{"ts": "2026-09-23T03:58:35.880432+00:00", "trace_id": null, "stage": "gate_literal", "event": "start"}
{"ts": "2026-09-23T03:58:35.880559+00:00", "trace_id": null, "stage": "gate_literal", "event": "finish", "duration_ms": 0.128}
{"ts": "2026-09-23T03:58:35.880629+00:00", "trace_id": null, "stage": "gate_entail", "event": "start", "skipped": true, "reason": "no_entailment_model"}
{"ts": "2026-09-23T03:58:35.880734+00:00", "trace_id": null, "stage": "gate_entail", "event": "finish", "duration_ms": 0.099, "degraded": true, "skipped": true, "reason": "no_entailment_model"}
{"ts": "2026-09-23T03:58:35.880805+00:00", "trace_id": null, "stage": "gate_coverage", "event": "start", "coverage": 1.0}
{"ts": "2026-09-23T03:58:35.880871+00:00", "trace_id": null, "stage": "gate_coverage", "event": "finish", "duration_ms": 0.067, "coverage": 1.0}
{"ts": "2026-09-23T03:58:35.880921+00:00", "trace_id": null, "stage": "gate_conflict", "event": "start"}
{"ts": "2026-09-23T03:58:35.881069+00:00", "trace_id": null, "stage": "gate_conflict", "event": "finish", "duration_ms": 0.146, "reason": "version_conflict"}
{"ts": "2026-09-23T03:58:35.881134+00:00", "trace_id": null, "stage": "embed_query", "event": "start", "model": "Qwen/Qwen3-Embedding-0.6B"}
{"ts": "2026-09-23T03:58:35.918971+00:00", "trace_id": null, "stage": "embed_query", "event": "finish", "duration_ms": 37.835, "model": "Qwen/Qwen3-Embedding-0.6B"}
{"ts": "2026-09-23T03:58:35.919049+00:00", "trace_id": null, "stage": "dense", "event": "start"}
{"ts": "2026-09-23T03:58:35.919312+00:00", "trace_id": null, "stage": "dense", "event": "finish", "duration_ms": 0.262, "candidates_out": 20}
{"ts": "2026-09-23T03:58:35.919355+00:00", "trace_id": null, "stage": "lexical", "event": "start"}
{"ts": "2026-09-23T03:58:35.919680+00:00", "trace_id": null, "stage": "lexical", "event": "finish", "duration_ms": 0.324, "candidates_out": 20}
{"ts": "2026-09-23T03:58:35.919731+00:00", "trace_id": null, "stage": "fuse", "event": "start", "candidates_in": 33}
{"ts": "2026-09-23T03:58:35.919798+00:00", "trace_id": null, "stage": "fuse", "event": "finish", "duration_ms": 0.067, "candidates_in": 33, "candidates_out": 22, "top_score": 0.03278688524590164}
{"ts": "2026-09-23T03:58:35.926353+00:00", "trace_id": null, "stage": "gate", "event": "start", "candidates_in": 5}
{"ts": "2026-09-23T03:58:35.926422+00:00", "trace_id": null, "stage": "gate", "event": "finish", "duration_ms": 0.069, "candidates_in": 5, "candidates_out": 5, "top_score": 0.054098360655737705}
{"ts": "2026-09-23T03:58:37.017181+00:00", "trace_id": null, "stage": "gate_form", "event": "start"}
{"ts": "2026-09-23T03:58:37.017310+00:00", "trace_id": null, "stage": "gate_form", "event": "finish", "duration_ms": 0.134}
{"ts": "2026-09-23T03:58:37.017375+00:00", "trace_id": null, "stage": "gate_literal", "event": "start"}
{"ts": "2026-09-23T03:58:37.017457+00:00", "trace_id": null, "stage": "gate_literal", "event": "finish", "duration_ms": 0.083}
{"ts": "2026-09-23T03:58:37.017506+00:00", "trace_id": null, "stage": "gate_entail", "event": "start", "skipped": true, "reason": "no_entailment_model"}
{"ts": "2026-09-23T03:58:37.017561+00:00", "trace_id": null, "stage": "gate_entail", "event": "finish", "duration_ms": 0.054, "degraded": true, "skipped": true, "reason": "no_entailment_model"}
{"ts": "2026-09-23T03:58:37.017606+00:00", "trace_id": null, "stage": "gate_coverage", "event": "start", "coverage": 1.0}
{"ts": "2026-09-23T03:58:37.017653+00:00", "trace_id": null, "stage": "gate_coverage", "event": "finish", "duration_ms": 0.048, "coverage": 1.0}
{"ts": "2026-09-23T03:58:37.017691+00:00", "trace_id": null, "stage": "gate_conflict", "event": "start"}
{"ts": "2026-09-23T03:58:37.017744+00:00", "trace_id": null, "stage": "gate_conflict", "event": "finish", "duration_ms": 0.053, "skipped": true, "reason": "no_conflict"}
{"ts": "2026-09-23T03:58:37.017780+00:00", "trace_id": null, "stage": "embed_query", "event": "start", "model": "Qwen/Qwen3-Embedding-0.6B"}
{"ts": "2026-09-23T03:58:37.042523+00:00", "trace_id": null, "stage": "embed_query", "event": "finish", "duration_ms": 24.74, "model": "Qwen/Qwen3-Embedding-0.6B"}
{"ts": "2026-09-23T03:58:37.042601+00:00", "trace_id": null, "stage": "dense", "event": "start"}
{"ts": "2026-09-23T03:58:37.042857+00:00", "trace_id": null, "stage": "dense", "event": "finish", "duration_ms": 0.256, "candidates_out": 20}
{"ts": "2026-09-23T03:58:37.042901+00:00", "trace_id": null, "stage": "lexical", "event": "start"}
{"ts": "2026-09-23T03:58:37.043239+00:00", "trace_id": null, "stage": "lexical", "event": "finish", "duration_ms": 0.337, "candidates_out": 20}
{"ts": "2026-09-23T03:58:37.043298+00:00", "trace_id": null, "stage": "fuse", "event": "start", "candidates_in": 32}
{"ts": "2026-09-23T03:58:37.043386+00:00", "trace_id": null, "stage": "fuse", "event": "finish", "duration_ms": 0.086, "candidates_in": 32, "candidates_out": 22, "top_score": 0.03278688524590164}
{"ts": "2026-09-23T03:58:37.046766+00:00", "trace_id": null, "stage": "gate", "event": "start", "candidates_in": 5}
{"ts": "2026-09-23T03:58:37.046844+00:00", "trace_id": null, "stage": "gate", "event": "finish", "duration_ms": 0.078, "candidates_in": 5, "candidates_out": 5, "top_score": 0.05901639344262295}
{"ts": "2026-09-23T03:58:38.974027+00:00", "trace_id": null, "stage": "gate_form", "event": "start"}
{"ts": "2026-09-23T03:58:38.974354+00:00", "trace_id": null, "stage": "gate_form", "event": "finish", "duration_ms": 0.33}
{"ts": "2026-09-23T03:58:38.974405+00:00", "trace_id": null, "stage": "gate_literal", "event": "start"}
{"ts": "2026-09-23T03:58:38.974501+00:00", "trace_id": null, "stage": "gate_literal", "event": "finish", "duration_ms": 0.095}
{"ts": "2026-09-23T03:58:38.974546+00:00", "trace_id": null, "stage": "gate_entail", "event": "start", "skipped": true, "reason": "no_entailment_model"}
{"ts": "2026-09-23T03:58:38.974594+00:00", "trace_id": null, "stage": "gate_entail", "event": "finish", "duration_ms": 0.047, "degraded": true, "skipped": true, "reason": "no_entailment_model"}
{"ts": "2026-09-23T03:58:38.974630+00:00", "trace_id": null, "stage": "gate_coverage", "event": "start", "coverage": 1.0}
{"ts": "2026-09-23T03:58:38.974669+00:00", "trace_id": null, "stage": "gate_coverage", "event": "finish", "duration_ms": 0.039, "coverage": 1.0}
{"ts": "2026-09-23T03:58:38.974689+00:00", "trace_id": null, "stage": "gate_conflict", "event": "start"}
{"ts": "2026-09-23T03:58:38.974745+00:00", "trace_id": null, "stage": "gate_conflict", "event": "finish", "duration_ms": 0.056, "skipped": true, "reason": "no_conflict"}
... 40/122 abstain=1
{"ts": "2026-09-23T03:58:38.974797+00:00", "trace_id": null, "stage": "embed_query", "event": "start", "model": "Qwen/Qwen3-Embedding-0.6B"}
{"ts": "2026-09-23T03:58:39.009469+00:00", "trace_id": null, "stage": "embed_query", "event": "finish", "duration_ms": 34.668, "model": "Qwen/Qwen3-Embedding-0.6B"}
{"ts": "2026-09-23T03:58:39.009548+00:00", "trace_id": null, "stage": "dense", "event": "start"}
{"ts": "2026-09-23T03:58:39.009751+00:00", "trace_id": null, "stage": "dense", "event": "finish", "duration_ms": 0.202, "candidates_out": 20}
{"ts": "2026-09-23T03:58:39.009790+00:00", "trace_id": null, "stage": "lexical", "event": "start"}
{"ts": "2026-09-23T03:58:39.010089+00:00", "trace_id": null, "stage": "lexical", "event": "finish", "duration_ms": 0.298, "candidates_out": 20}
{"ts": "2026-09-23T03:58:39.010140+00:00", "trace_id": null, "stage": "fuse", "event": "start", "candidates_in": 31}
{"ts": "2026-09-23T03:58:39.010207+00:00", "trace_id": null, "stage": "fuse", "event": "finish", "duration_ms": 0.066, "candidates_in": 31, "candidates_out": 22, "top_score": 0.03278688524590164}
{"ts": "2026-09-23T03:58:39.015330+00:00", "trace_id": null, "stage": "gate", "event": "start", "candidates_in": 5}
{"ts": "2026-09-23T03:58:39.015401+00:00", "trace_id": null, "stage": "gate", "event": "finish", "duration_ms": 0.07, "candidates_in": 5, "candidates_out": 5, "top_score": 0.14065573770491804}
{"ts": "2026-09-23T03:58:40.855579+00:00", "trace_id": null, "stage": "gate_form", "event": "start"}
{"ts": "2026-09-23T03:58:40.855685+00:00", "trace_id": null, "stage": "gate_form", "event": "finish", "duration_ms": 0.107}
{"ts": "2026-09-23T03:58:40.855740+00:00", "trace_id": null, "stage": "gate_literal", "event": "start"}
{"ts": "2026-09-23T03:58:40.855838+00:00", "trace_id": null, "stage": "gate_literal", "event": "finish", "duration_ms": 0.098}
{"ts": "2026-09-23T03:58:40.855885+00:00", "trace_id": null, "stage": "gate_entail", "event": "start", "skipped": true, "reason": "no_entailment_model"}
{"ts": "2026-09-23T03:58:40.855930+00:00", "trace_id": null, "stage": "gate_entail", "event": "finish", "duration_ms": 0.045, "degraded": true, "skipped": true, "reason": "no_entailment_model"}
{"ts": "2026-09-23T03:58:40.855957+00:00", "trace_id": null, "stage": "gate_coverage", "event": "start", "coverage": 1.0}
{"ts": "2026-09-23T03:58:40.855993+00:00", "trace_id": null, "stage": "gate_coverage", "event": "finish", "duration_ms": 0.036, "coverage": 1.0}
{"ts": "2026-09-23T03:58:40.856008+00:00", "trace_id": null, "stage": "gate_conflict", "event": "start"}
{"ts": "2026-09-23T03:58:40.856054+00:00", "trace_id": null, "stage": "gate_conflict", "event": "finish", "duration_ms": 0.045, "skipped": true, "reason": "no_conflict"}
{"ts": "2026-09-23T03:58:40.856082+00:00", "trace_id": null, "stage": "embed_query", "event": "start", "model": "Qwen/Qwen3-Embedding-0.6B"}
{"ts": "2026-09-23T03:58:40.888489+00:00", "trace_id": null, "stage": "embed_query", "event": "finish", "duration_ms": 32.405, "model": "Qwen/Qwen3-Embedding-0.6B"}
{"ts": "2026-09-23T03:58:40.888555+00:00", "trace_id": null, "stage": "dense", "event": "start"}
{"ts": "2026-09-23T03:58:40.888755+00:00", "trace_id": null, "stage": "dense", "event": "finish", "duration_ms": 0.2, "candidates_out": 20}
{"ts": "2026-09-23T03:58:40.888794+00:00", "trace_id": null, "stage": "lexical", "event": "start"}
{"ts": "2026-09-23T03:58:40.889044+00:00", "trace_id": null, "stage": "lexical", "event": "finish", "duration_ms": 0.249, "candidates_out": 20}
{"ts": "2026-09-23T03:58:40.889093+00:00", "trace_id": null, "stage": "fuse", "event": "start", "candidates_in": 34}
{"ts": "2026-09-23T03:58:40.889152+00:00", "trace_id": null, "stage": "fuse", "event": "finish", "duration_ms": 0.059, "candidates_in": 34, "candidates_out": 23, "top_score": 0.03252247488101534}
{"ts": "2026-09-23T03:58:40.892303+00:00", "trace_id": null, "stage": "gate", "event": "start", "candidates_in": 5}
{"ts": "2026-09-23T03:58:40.892357+00:00", "trace_id": null, "stage": "gate", "event": "finish", "duration_ms": 0.053, "candidates_in": 5, "candidates_out": 5, "top_score": 0.03252247488101534}
{"ts": "2026-09-23T03:58:42.259043+00:00", "trace_id": null, "stage": "gate_form", "event": "start"}
{"ts": "2026-09-23T03:58:42.259148+00:00", "trace_id": null, "stage": "gate_form", "event": "finish", "duration_ms": 0.108}
{"ts": "2026-09-23T03:58:42.259192+00:00", "trace_id": null, "stage": "gate_literal", "event": "start"}
{"ts": "2026-09-23T03:58:42.259280+00:00", "trace_id": null, "stage": "gate_literal", "event": "finish", "duration_ms": 0.087}
{"ts": "2026-09-23T03:58:42.259328+00:00", "trace_id": null, "stage": "gate_entail", "event": "start", "skipped": true, "reason": "no_entailment_model"}
{"ts": "2026-09-23T03:58:42.259390+00:00", "trace_id": null, "stage": "gate_entail", "event": "finish", "duration_ms": 0.063, "degraded": true, "skipped": true, "reason": "no_entailment_model"}
{"ts": "2026-09-23T03:58:42.259409+00:00", "trace_id": null, "stage": "gate_coverage", "event": "start", "coverage": 1.0}
{"ts": "2026-09-23T03:58:42.259466+00:00", "trace_id": null, "stage": "gate_coverage", "event": "finish", "duration_ms": 0.057, "coverage": 1.0}
{"ts": "2026-09-23T03:58:42.259504+00:00", "trace_id": null, "stage": "gate_conflict", "event": "start"}
{"ts": "2026-09-23T03:58:42.259549+00:00", "trace_id": null, "stage": "gate_conflict", "event": "finish", "duration_ms": 0.044, "skipped": true, "reason": "no_conflict"}
{"ts": "2026-09-23T03:58:42.259576+00:00", "trace_id": null, "stage": "embed_query", "event": "start", "model": "Qwen/Qwen3-Embedding-0.6B"}
{"ts": "2026-09-23T03:58:42.292954+00:00", "trace_id": null, "stage": "embed_query", "event": "finish", "duration_ms": 33.375, "model": "Qwen/Qwen3-Embedding-0.6B"}
{"ts": "2026-09-23T03:58:42.293036+00:00", "trace_id": null, "stage": "dense", "event": "start"}
{"ts": "2026-09-23T03:58:42.293234+00:00", "trace_id": null, "stage": "dense", "event": "finish", "duration_ms": 0.197, "candidates_out": 20}
{"ts": "2026-09-23T03:58:42.293274+00:00", "trace_id": null, "stage": "lexical", "event": "start"}
{"ts": "2026-09-23T03:58:42.293550+00:00", "trace_id": null, "stage": "lexical", "event": "finish", "duration_ms": 0.275, "candidates_out": 20}
{"ts": "2026-09-23T03:58:42.293606+00:00", "trace_id": null, "stage": "fuse", "event": "start", "candidates_in": 33}
{"ts": "2026-09-23T03:58:42.293672+00:00", "trace_id": null, "stage": "fuse", "event": "finish", "duration_ms": 0.066, "candidates_in": 33, "candidates_out": 20, "top_score": 0.03225806451612903}
{"ts": "2026-09-23T03:58:42.296514+00:00", "trace_id": null, "stage": "gate", "event": "start", "candidates_in": 5}
{"ts": "2026-09-23T03:58:42.296572+00:00", "trace_id": null, "stage": "gate", "event": "finish", "duration_ms": 0.057, "candidates_in": 5, "candidates_out": 5, "top_score": 0.0532258064516129}
{"ts": "2026-09-23T03:58:43.724774+00:00", "trace_id": null, "stage": "gate_form", "event": "start"}
{"ts": "2026-09-23T03:58:43.724881+00:00", "trace_id": null, "stage": "gate_form", "event": "finish", "duration_ms": 0.11}
{"ts": "2026-09-23T03:58:43.724923+00:00", "trace_id": null, "stage": "gate_literal", "event": "start"}
{"ts": "2026-09-23T03:58:43.725006+00:00", "trace_id": null, "stage": "gate_literal", "event": "finish", "duration_ms": 0.082}
{"ts": "2026-09-23T03:58:43.725053+00:00", "trace_id": null, "stage": "gate_entail", "event": "start", "skipped": true, "reason": "no_entailment_model"}
{"ts": "2026-09-23T03:58:43.725098+00:00", "trace_id": null, "stage": "gate_entail", "event": "finish", "duration_ms": 0.044, "degraded": true, "skipped": true, "reason": "no_entailment_model"}
{"ts": "2026-09-23T03:58:43.725119+00:00", "trace_id": null, "stage": "gate_coverage", "event": "start", "coverage": 1.0}
{"ts": "2026-09-23T03:58:43.725161+00:00", "trace_id": null, "stage": "gate_coverage", "event": "finish", "duration_ms": 0.041, "coverage": 1.0}
{"ts": "2026-09-23T03:58:43.725203+00:00", "trace_id": null, "stage": "gate_conflict", "event": "start"}
{"ts": "2026-09-23T03:58:43.725244+00:00", "trace_id": null, "stage": "gate_conflict", "event": "finish", "duration_ms": 0.041, "skipped": true, "reason": "no_conflict"}
{"ts": "2026-09-23T03:58:43.725269+00:00", "trace_id": null, "stage": "embed_query", "event": "start", "model": "Qwen/Qwen3-Embedding-0.6B"}
{"ts": "2026-09-23T03:58:43.758088+00:00", "trace_id": null, "stage": "embed_query", "event": "finish", "duration_ms": 32.816, "model": "Qwen/Qwen3-Embedding-0.6B"}
{"ts": "2026-09-23T03:58:43.758148+00:00", "trace_id": null, "stage": "dense", "event": "start"}
{"ts": "2026-09-23T03:58:43.758351+00:00", "trace_id": null, "stage": "dense", "event": "finish", "duration_ms": 0.201, "candidates_out": 20}
{"ts": "2026-09-23T03:58:43.758396+00:00", "trace_id": null, "stage": "lexical", "event": "start"}
{"ts": "2026-09-23T03:58:43.758672+00:00", "trace_id": null, "stage": "lexical", "event": "finish", "duration_ms": 0.275, "candidates_out": 20}
{"ts": "2026-09-23T03:58:43.758706+00:00", "trace_id": null, "stage": "fuse", "event": "start", "candidates_in": 34}
{"ts": "2026-09-23T03:58:43.758786+00:00", "trace_id": null, "stage": "fuse", "event": "finish", "duration_ms": 0.079, "candidates_in": 34, "candidates_out": 24, "top_score": 0.03278688524590164}
{"ts": "2026-09-23T03:58:43.765304+00:00", "trace_id": null, "stage": "gate", "event": "start", "candidates_in": 5}
{"ts": "2026-09-23T03:58:43.765366+00:00", "trace_id": null, "stage": "gate", "event": "finish", "duration_ms": 0.061, "candidates_in": 5, "candidates_out": 5, "top_score": 0.03225806451612903}
{"ts": "2026-09-23T03:58:45.771603+00:00", "trace_id": null, "stage": "gate_form", "event": "start"}
{"ts": "2026-09-23T03:58:45.771705+00:00", "trace_id": null, "stage": "gate_form", "event": "finish", "duration_ms": 0.106}
{"ts": "2026-09-23T03:58:45.771748+00:00", "trace_id": null, "stage": "gate_literal", "event": "start"}
{"ts": "2026-09-23T03:58:45.771869+00:00", "trace_id": null, "stage": "gate_literal", "event": "finish", "duration_ms": 0.121}
{"ts": "2026-09-23T03:58:45.771914+00:00", "trace_id": null, "stage": "gate_entail", "event": "start", "skipped": true, "reason": "no_entailment_model"}
{"ts": "2026-09-23T03:58:45.771964+00:00", "trace_id": null, "stage": "gate_entail", "event": "finish", "duration_ms": 0.05, "degraded": true, "skipped": true, "reason": "no_entailment_model"}
{"ts": "2026-09-23T03:58:45.771988+00:00", "trace_id": null, "stage": "gate_coverage", "event": "start", "coverage": 1.0}
{"ts": "2026-09-23T03:58:45.772025+00:00", "trace_id": null, "stage": "gate_coverage", "event": "finish", "duration_ms": 0.038, "coverage": 1.0}
{"ts": "2026-09-23T03:58:45.772041+00:00", "trace_id": null, "stage": "gate_conflict", "event": "start"}
{"ts": "2026-09-23T03:58:45.772094+00:00", "trace_id": null, "stage": "gate_conflict", "event": "finish", "duration_ms": 0.052, "skipped": true, "reason": "no_conflict"}
{"ts": "2026-09-23T03:58:45.772128+00:00", "trace_id": null, "stage": "embed_query", "event": "start", "model": "Qwen/Qwen3-Embedding-0.6B"}
{"ts": "2026-09-23T03:58:45.807137+00:00", "trace_id": null, "stage": "embed_query", "event": "finish", "duration_ms": 35.006, "model": "Qwen/Qwen3-Embedding-0.6B"}
{"ts": "2026-09-23T03:58:45.807202+00:00", "trace_id": null, "stage": "dense", "event": "start"}
{"ts": "2026-09-23T03:58:45.807408+00:00", "trace_id": null, "stage": "dense", "event": "finish", "duration_ms": 0.206, "candidates_out": 20}
{"ts": "2026-09-23T03:58:45.807432+00:00", "trace_id": null, "stage": "lexical", "event": "start"}
{"ts": "2026-09-23T03:58:45.807735+00:00", "trace_id": null, "stage": "lexical", "event": "finish", "duration_ms": 0.301, "candidates_out": 20}
{"ts": "2026-09-23T03:58:45.807788+00:00", "trace_id": null, "stage": "fuse", "event": "start", "candidates_in": 34}
{"ts": "2026-09-23T03:58:45.807860+00:00", "trace_id": null, "stage": "fuse", "event": "finish", "duration_ms": 0.072, "candidates_in": 34, "candidates_out": 26, "top_score": 0.03278688524590164}
{"ts": "2026-09-23T03:58:45.813381+00:00", "trace_id": null, "stage": "gate", "event": "start", "candidates_in": 5}
{"ts": "2026-09-23T03:58:45.813441+00:00", "trace_id": null, "stage": "gate", "event": "finish", "duration_ms": 0.06, "candidates_in": 5, "candidates_out": 5, "top_score": 0.08524590163934427}
{"ts": "2026-09-23T03:58:47.886343+00:00", "trace_id": null, "stage": "gate_form", "event": "start"}
{"ts": "2026-09-23T03:58:47.886553+00:00", "trace_id": null, "stage": "gate_form", "event": "finish", "duration_ms": 0.221}
{"ts": "2026-09-23T03:58:47.886616+00:00", "trace_id": null, "stage": "gate_literal", "event": "start"}
{"ts": "2026-09-23T03:58:47.886748+00:00", "trace_id": null, "stage": "gate_literal", "event": "finish", "duration_ms": 0.133}
{"ts": "2026-09-23T03:58:47.886799+00:00", "trace_id": null, "stage": "gate_entail", "event": "start", "skipped": true, "reason": "no_entailment_model"}
{"ts": "2026-09-23T03:58:47.886860+00:00", "trace_id": null, "stage": "gate_entail", "event": "finish", "duration_ms": 0.06, "degraded": true, "skipped": true, "reason": "no_entailment_model"}
{"ts": "2026-09-23T03:58:47.886906+00:00", "trace_id": null, "stage": "gate_coverage", "event": "start", "coverage": 1.0}
{"ts": "2026-09-23T03:58:47.886956+00:00", "trace_id": null, "stage": "gate_coverage", "event": "finish", "duration_ms": 0.05, "coverage": 1.0}
{"ts": "2026-09-23T03:58:47.886996+00:00", "trace_id": null, "stage": "gate_conflict", "event": "start"}
{"ts": "2026-09-23T03:58:47.887056+00:00", "trace_id": null, "stage": "gate_conflict", "event": "finish", "duration_ms": 0.06, "skipped": true, "reason": "no_conflict"}
{"ts": "2026-09-23T03:58:47.887094+00:00", "trace_id": null, "stage": "embed_query", "event": "start", "model": "Qwen/Qwen3-Embedding-0.6B"}
{"ts": "2026-09-23T03:58:47.923919+00:00", "trace_id": null, "stage": "embed_query", "event": "finish", "duration_ms": 36.824, "model": "Qwen/Qwen3-Embedding-0.6B"}
{"ts": "2026-09-23T03:58:47.923983+00:00", "trace_id": null, "stage": "dense", "event": "start"}
{"ts": "2026-09-23T03:58:47.924224+00:00", "trace_id": null, "stage": "dense", "event": "finish", "duration_ms": 0.24, "candidates_out": 20}
{"ts": "2026-09-23T03:58:47.924268+00:00", "trace_id": null, "stage": "lexical", "event": "start"}
{"ts": "2026-09-23T03:58:47.924574+00:00", "trace_id": null, "stage": "lexical", "event": "finish", "duration_ms": 0.304, "candidates_out": 20}
{"ts": "2026-09-23T03:58:47.924627+00:00", "trace_id": null, "stage": "fuse", "event": "start", "candidates_in": 34}
{"ts": "2026-09-23T03:58:47.924705+00:00", "trace_id": null, "stage": "fuse", "event": "finish", "duration_ms": 0.078, "candidates_in": 34, "candidates_out": 26, "top_score": 0.03278688524590164}
{"ts": "2026-09-23T03:58:47.930879+00:00", "trace_id": null, "stage": "gate", "event": "start", "candidates_in": 5}
{"ts": "2026-09-23T03:58:47.930973+00:00", "trace_id": null, "stage": "gate", "event": "finish", "duration_ms": 0.095, "candidates_in": 5, "candidates_out": 5, "top_score": 0.05901639344262295}
{"ts": "2026-09-23T03:58:49.475895+00:00", "trace_id": null, "stage": "gate_form", "event": "start"}
{"ts": "2026-09-23T03:58:49.476007+00:00", "trace_id": null, "stage": "gate_form", "event": "finish", "duration_ms": 0.114}
{"ts": "2026-09-23T03:58:49.476065+00:00", "trace_id": null, "stage": "gate_literal", "event": "start", "skipped": true, "reason": "declined"}
{"ts": "2026-09-23T03:58:49.476117+00:00", "trace_id": null, "stage": "gate_literal", "event": "finish", "duration_ms": 0.053, "skipped": true, "reason": "declined"}
{"ts": "2026-09-23T03:58:49.476137+00:00", "trace_id": null, "stage": "gate_conflict", "event": "start"}
{"ts": "2026-09-23T03:58:49.476188+00:00", "trace_id": null, "stage": "gate_conflict", "event": "finish", "duration_ms": 0.049, "skipped": true, "reason": "no_conflict"}
ABSTAIN lex-046 reason=declined raw='The documents do not say.'
{"ts": "2026-09-23T03:58:49.476257+00:00", "trace_id": null, "stage": "embed_query", "event": "start", "model": "Qwen/Qwen3-Embedding-0.6B"}
{"ts": "2026-09-23T03:58:49.509675+00:00", "trace_id": null, "stage": "embed_query", "event": "finish", "duration_ms": 33.414, "model": "Qwen/Qwen3-Embedding-0.6B"}
{"ts": "2026-09-23T03:58:49.509745+00:00", "trace_id": null, "stage": "dense", "event": "start"}
{"ts": "2026-09-23T03:58:49.509946+00:00", "trace_id": null, "stage": "dense", "event": "finish", "duration_ms": 0.2, "candidates_out": 20}
{"ts": "2026-09-23T03:58:49.509984+00:00", "trace_id": null, "stage": "lexical", "event": "start"}
{"ts": "2026-09-23T03:58:49.510251+00:00", "trace_id": null, "stage": "lexical", "event": "finish", "duration_ms": 0.265, "candidates_out": 20}
{"ts": "2026-09-23T03:58:49.510310+00:00", "trace_id": null, "stage": "fuse", "event": "start", "candidates_in": 32}
{"ts": "2026-09-23T03:58:49.510386+00:00", "trace_id": null, "stage": "fuse", "event": "finish", "duration_ms": 0.075, "candidates_in": 32, "candidates_out": 20, "top_score": 0.03278688524590164}
{"ts": "2026-09-23T03:58:49.513210+00:00", "trace_id": null, "stage": "gate", "event": "start", "candidates_in": 5}
{"ts": "2026-09-23T03:58:49.513268+00:00", "trace_id": null, "stage": "gate", "event": "finish", "duration_ms": 0.057, "candidates_in": 5, "candidates_out": 5, "top_score": 0.09737704918032787}
{"ts": "2026-09-23T03:58:50.942161+00:00", "trace_id": null, "stage": "gate_form", "event": "start"}
{"ts": "2026-09-23T03:58:50.942278+00:00", "trace_id": null, "stage": "gate_form", "event": "finish", "duration_ms": 0.119}
{"ts": "2026-09-23T03:58:50.942333+00:00", "trace_id": null, "stage": "gate_literal", "event": "start"}
{"ts": "2026-09-23T03:58:50.942405+00:00", "trace_id": null, "stage": "gate_literal", "event": "finish", "duration_ms": 0.072}
{"ts": "2026-09-23T03:58:50.942446+00:00", "trace_id": null, "stage": "gate_entail", "event": "start", "skipped": true, "reason": "no_entailment_model"}
{"ts": "2026-09-23T03:58:50.942489+00:00", "trace_id": null, "stage": "gate_entail", "event": "finish", "duration_ms": 0.043, "degraded": true, "skipped": true, "reason": "no_entailment_model"}
{"ts": "2026-09-23T03:58:50.942526+00:00", "trace_id": null, "stage": "gate_coverage", "event": "start", "coverage": 1.0}
{"ts": "2026-09-23T03:58:50.942560+00:00", "trace_id": null, "stage": "gate_coverage", "event": "finish", "duration_ms": 0.035, "coverage": 1.0}
{"ts": "2026-09-23T03:58:50.942575+00:00", "trace_id": null, "stage": "gate_conflict", "event": "start"}
{"ts": "2026-09-23T03:58:50.942636+00:00", "trace_id": null, "stage": "gate_conflict", "event": "finish", "duration_ms": 0.06, "skipped": true, "reason": "no_conflict"}
{"ts": "2026-09-23T03:58:50.942660+00:00", "trace_id": null, "stage": "embed_query", "event": "start", "model": "Qwen/Qwen3-Embedding-0.6B"}
{"ts": "2026-09-23T03:58:50.975797+00:00", "trace_id": null, "stage": "embed_query", "event": "finish", "duration_ms": 33.134, "model": "Qwen/Qwen3-Embedding-0.6B"}
{"ts": "2026-09-23T03:58:50.975861+00:00", "trace_id": null, "stage": "dense", "event": "start"}
{"ts": "2026-09-23T03:58:50.976048+00:00", "trace_id": null, "stage": "dense", "event": "finish", "duration_ms": 0.187, "candidates_out": 20}
{"ts": "2026-09-23T03:58:50.976081+00:00", "trace_id": null, "stage": "lexical", "event": "start"}
{"ts": "2026-09-23T03:58:50.976345+00:00", "trace_id": null, "stage": "lexical", "event": "finish", "duration_ms": 0.262, "candidates_out": 20}
{"ts": "2026-09-23T03:58:50.976400+00:00", "trace_id": null, "stage": "fuse", "event": "start", "candidates_in": 33}
{"ts": "2026-09-23T03:58:50.976473+00:00", "trace_id": null, "stage": "fuse", "event": "finish", "duration_ms": 0.071, "candidates_in": 33, "candidates_out": 25, "top_score": 0.032018442622950824}
{"ts": "2026-09-23T03:58:50.980976+00:00", "trace_id": null, "stage": "gate", "event": "start", "candidates_in": 5}
{"ts": "2026-09-23T03:58:50.981034+00:00", "trace_id": null, "stage": "gate", "event": "finish", "duration_ms": 0.058, "candidates_in": 5, "candidates_out": 5, "top_score": 0.09509477459016394}
{"ts": "2026-09-23T03:58:52.828668+00:00", "trace_id": null, "stage": "gate_form", "event": "start"}
{"ts": "2026-09-23T03:58:52.828827+00:00", "trace_id": null, "stage": "gate_form", "event": "finish", "duration_ms": 0.164}
{"ts": "2026-09-23T03:58:52.828896+00:00", "trace_id": null, "stage": "gate_literal", "event": "start"}
{"ts": "2026-09-23T03:58:52.829054+00:00", "trace_id": null, "stage": "gate_literal", "event": "finish", "duration_ms": 0.159}
{"ts": "2026-09-23T03:58:52.829100+00:00", "trace_id": null, "stage": "gate_entail", "event": "start", "skipped": true, "reason": "no_entailment_model"}
{"ts": "2026-09-23T03:58:52.829161+00:00", "trace_id": null, "stage": "gate_entail", "event": "finish", "duration_ms": 0.061, "degraded": true, "skipped": true, "reason": "no_entailment_model"}
{"ts": "2026-09-23T03:58:52.829205+00:00", "trace_id": null, "stage": "gate_coverage", "event": "start", "coverage": 1.0}
{"ts": "2026-09-23T03:58:52.829262+00:00", "trace_id": null, "stage": "gate_coverage", "event": "finish", "duration_ms": 0.058, "coverage": 1.0}
{"ts": "2026-09-23T03:58:52.829302+00:00", "trace_id": null, "stage": "gate_conflict", "event": "start"}
{"ts": "2026-09-23T03:58:52.829373+00:00", "trace_id": null, "stage": "gate_conflict", "event": "finish", "duration_ms": 0.071, "skipped": true, "reason": "no_conflict"}
{"ts": "2026-09-23T03:58:52.829434+00:00", "trace_id": null, "stage": "embed_query", "event": "start", "model": "Qwen/Qwen3-Embedding-0.6B"}
{"ts": "2026-09-23T03:58:52.867909+00:00", "trace_id": null, "stage": "embed_query", "event": "finish", "duration_ms": 38.472, "model": "Qwen/Qwen3-Embedding-0.6B"}
{"ts": "2026-09-23T03:58:52.867990+00:00", "trace_id": null, "stage": "dense", "event": "start"}
{"ts": "2026-09-23T03:58:52.868262+00:00", "trace_id": null, "stage": "dense", "event": "finish", "duration_ms": 0.271, "candidates_out": 20}
{"ts": "2026-09-23T03:58:52.868321+00:00", "trace_id": null, "stage": "lexical", "event": "start"}
{"ts": "2026-09-23T03:58:52.868825+00:00", "trace_id": null, "stage": "lexical", "event": "finish", "duration_ms": 0.503, "candidates_out": 20}
{"ts": "2026-09-23T03:58:52.868920+00:00", "trace_id": null, "stage": "fuse", "event": "start", "candidates_in": 34}
{"ts": "2026-09-23T03:58:52.869062+00:00", "trace_id": null, "stage": "fuse", "event": "finish", "duration_ms": 0.142, "candidates_in": 34, "candidates_out": 22, "top_score": 0.03278688524590164}
{"ts": "2026-09-23T03:58:52.879501+00:00", "trace_id": null, "stage": "gate", "event": "start", "candidates_in": 5}
{"ts": "2026-09-23T03:58:52.879594+00:00", "trace_id": null, "stage": "gate", "event": "finish", "duration_ms": 0.093, "candidates_in": 5, "candidates_out": 5, "top_score": 0.054098360655737705}
{"ts": "2026-09-23T03:58:54.221824+00:00", "trace_id": null, "stage": "gate_form", "event": "start"}
{"ts": "2026-09-23T03:58:54.222181+00:00", "trace_id": null, "stage": "gate_form", "event": "finish", "duration_ms": 0.36}
{"ts": "2026-09-23T03:58:54.222220+00:00", "trace_id": null, "stage": "gate_literal", "event": "start"}
{"ts": "2026-09-23T03:58:54.222328+00:00", "trace_id": null, "stage": "gate_literal", "event": "finish", "duration_ms": 0.107}
{"ts": "2026-09-23T03:58:54.222384+00:00", "trace_id": null, "stage": "gate_entail", "event": "start", "skipped": true, "reason": "no_entailment_model"}
{"ts": "2026-09-23T03:58:54.222440+00:00", "trace_id": null, "stage": "gate_entail", "event": "finish", "duration_ms": 0.057, "degraded": true, "skipped": true, "reason": "no_entailment_model"}
{"ts": "2026-09-23T03:58:54.222464+00:00", "trace_id": null, "stage": "gate_coverage", "event": "start", "coverage": 1.0}
{"ts": "2026-09-23T03:58:54.222506+00:00", "trace_id": null, "stage": "gate_coverage", "event": "finish", "duration_ms": 0.042, "coverage": 1.0}
{"ts": "2026-09-23T03:58:54.222550+00:00", "trace_id": null, "stage": "gate_conflict", "event": "start"}
{"ts": "2026-09-23T03:58:54.222592+00:00", "trace_id": null, "stage": "gate_conflict", "event": "finish", "duration_ms": 0.042, "skipped": true, "reason": "no_conflict"}
{"ts": "2026-09-23T03:58:54.222616+00:00", "trace_id": null, "stage": "embed_query", "event": "start", "model": "Qwen/Qwen3-Embedding-0.6B"}
{"ts": "2026-09-23T03:58:54.255891+00:00", "trace_id": null, "stage": "embed_query", "event": "finish", "duration_ms": 33.272, "model": "Qwen/Qwen3-Embedding-0.6B"}
{"ts": "2026-09-23T03:58:54.255958+00:00", "trace_id": null, "stage": "dense", "event": "start"}
{"ts": "2026-09-23T03:58:54.256159+00:00", "trace_id": null, "stage": "dense", "event": "finish", "duration_ms": 0.2, "candidates_out": 20}
{"ts": "2026-09-23T03:58:54.256205+00:00", "trace_id": null, "stage": "lexical", "event": "start"}
{"ts": "2026-09-23T03:58:54.256466+00:00", "trace_id": null, "stage": "lexical", "event": "finish", "duration_ms": 0.26, "candidates_out": 20}
{"ts": "2026-09-23T03:58:54.256518+00:00", "trace_id": null, "stage": "fuse", "event": "start", "candidates_in": 30}
{"ts": "2026-09-23T03:58:54.256590+00:00", "trace_id": null, "stage": "fuse", "event": "finish", "duration_ms": 0.072, "candidates_in": 30, "candidates_out": 25, "top_score": 0.03278688524590164}
{"ts": "2026-09-23T03:58:54.262933+00:00", "trace_id": null, "stage": "gate", "event": "start", "candidates_in": 5}
{"ts": "2026-09-23T03:58:54.262992+00:00", "trace_id": null, "stage": "gate", "event": "finish", "duration_ms": 0.058, "candidates_in": 5, "candidates_out": 5, "top_score": 0.11147540983606559}
{"ts": "2026-09-23T03:58:56.747903+00:00", "trace_id": null, "stage": "gate_form", "event": "start"}
{"ts": "2026-09-23T03:58:56.748094+00:00", "trace_id": null, "stage": "gate_form", "event": "finish", "duration_ms": 0.196}
{"ts": "2026-09-23T03:58:56.748168+00:00", "trace_id": null, "stage": "gate_literal", "event": "start"}
{"ts": "2026-09-23T03:58:56.748365+00:00", "trace_id": null, "stage": "gate_literal", "event": "finish", "duration_ms": 0.198}
{"ts": "2026-09-23T03:58:56.748413+00:00", "trace_id": null, "stage": "gate_entail", "event": "start", "skipped": true, "reason": "no_entailment_model"}
{"ts": "2026-09-23T03:58:56.748476+00:00", "trace_id": null, "stage": "gate_entail", "event": "finish", "duration_ms": 0.064, "degraded": true, "skipped": true, "reason": "no_entailment_model"}
{"ts": "2026-09-23T03:58:56.748542+00:00", "trace_id": null, "stage": "gate_coverage", "event": "start", "coverage": 1.0}
{"ts": "2026-09-23T03:58:56.748624+00:00", "trace_id": null, "stage": "gate_coverage", "event": "finish", "duration_ms": 0.085, "coverage": 1.0}
{"ts": "2026-09-23T03:58:56.748683+00:00", "trace_id": null, "stage": "gate_conflict", "event": "start"}
{"ts": "2026-09-23T03:58:56.748761+00:00", "trace_id": null, "stage": "gate_conflict", "event": "finish", "duration_ms": 0.077, "skipped": true, "reason": "no_conflict"}
{"ts": "2026-09-23T03:58:56.748819+00:00", "trace_id": null, "stage": "embed_query", "event": "start", "model": "Qwen/Qwen3-Embedding-0.6B"}
{"ts": "2026-09-23T03:58:56.799401+00:00", "trace_id": null, "stage": "embed_query", "event": "finish", "duration_ms": 50.578, "model": "Qwen/Qwen3-Embedding-0.6B"}
{"ts": "2026-09-23T03:58:56.799505+00:00", "trace_id": null, "stage": "dense", "event": "start"}
{"ts": "2026-09-23T03:58:56.799802+00:00", "trace_id": null, "stage": "dense", "event": "finish", "duration_ms": 0.296, "candidates_out": 20}
{"ts": "2026-09-23T03:58:56.799876+00:00", "trace_id": null, "stage": "lexical", "event": "start"}
{"ts": "2026-09-23T03:58:56.800318+00:00", "trace_id": null, "stage": "lexical", "event": "finish", "duration_ms": 0.442, "candidates_out": 20}
{"ts": "2026-09-23T03:58:56.800365+00:00", "trace_id": null, "stage": "fuse", "event": "start", "candidates_in": 30}
{"ts": "2026-09-23T03:58:56.800496+00:00", "trace_id": null, "stage": "fuse", "event": "finish", "duration_ms": 0.121, "candidates_in": 30, "candidates_out": 22, "top_score": 0.03278688524590164}
{"ts": "2026-09-23T03:58:56.809003+00:00", "trace_id": null, "stage": "gate", "event": "start", "candidates_in": 5}
{"ts": "2026-09-23T03:58:56.809110+00:00", "trace_id": null, "stage": "gate", "event": "finish", "duration_ms": 0.109, "candidates_in": 5, "candidates_out": 5, "top_score": 0.09428571428571428}
{"ts": "2026-09-23T03:58:58.651726+00:00", "trace_id": null, "stage": "gate_form", "event": "start"}
{"ts": "2026-09-23T03:58:58.651854+00:00", "trace_id": null, "stage": "gate_form", "event": "finish", "duration_ms": 0.133}
{"ts": "2026-09-23T03:58:58.651913+00:00", "trace_id": null, "stage": "gate_literal", "event": "start"}
{"ts": "2026-09-23T03:58:58.652106+00:00", "trace_id": null, "stage": "gate_literal", "event": "finish", "duration_ms": 0.193}
{"ts": "2026-09-23T03:58:58.652194+00:00", "trace_id": null, "stage": "gate_entail", "event": "start", "skipped": true, "reason": "no_entailment_model"}
{"ts": "2026-09-23T03:58:58.652280+00:00", "trace_id": null, "stage": "gate_entail", "event": "finish", "duration_ms": 0.088, "degraded": true, "skipped": true, "reason": "no_entailment_model"}
{"ts": "2026-09-23T03:58:58.652314+00:00", "trace_id": null, "stage": "gate_coverage", "event": "start", "coverage": 1.0}
{"ts": "2026-09-23T03:58:58.652395+00:00", "trace_id": null, "stage": "gate_coverage", "event": "finish", "duration_ms": 0.08, "coverage": 1.0}
{"ts": "2026-09-23T03:58:58.652440+00:00", "trace_id": null, "stage": "gate_conflict", "event": "start"}
{"ts": "2026-09-23T03:58:58.652540+00:00", "trace_id": null, "stage": "gate_conflict", "event": "finish", "duration_ms": 0.099, "skipped": true, "reason": "no_conflict"}
{"ts": "2026-09-23T03:58:58.652584+00:00", "trace_id": null, "stage": "embed_query", "event": "start", "model": "Qwen/Qwen3-Embedding-0.6B"}
{"ts": "2026-09-23T03:58:58.692993+00:00", "trace_id": null, "stage": "embed_query", "event": "finish", "duration_ms": 40.407, "model": "Qwen/Qwen3-Embedding-0.6B"}
{"ts": "2026-09-23T03:58:58.693065+00:00", "trace_id": null, "stage": "dense", "event": "start"}
{"ts": "2026-09-23T03:58:58.693288+00:00", "trace_id": null, "stage": "dense", "event": "finish", "duration_ms": 0.223, "candidates_out": 20}
{"ts": "2026-09-23T03:58:58.693322+00:00", "trace_id": null, "stage": "lexical", "event": "start"}
{"ts": "2026-09-23T03:58:58.693650+00:00", "trace_id": null, "stage": "lexical", "event": "finish", "duration_ms": 0.329, "candidates_out": 20}
{"ts": "2026-09-23T03:58:58.693682+00:00", "trace_id": null, "stage": "fuse", "event": "start", "candidates_in": 30}
{"ts": "2026-09-23T03:58:58.693756+00:00", "trace_id": null, "stage": "fuse", "event": "finish", "duration_ms": 0.073, "candidates_in": 30, "candidates_out": 21, "top_score": 0.03252247488101534}
{"ts": "2026-09-23T03:58:58.700509+00:00", "trace_id": null, "stage": "gate", "event": "start", "candidates_in": 5}
{"ts": "2026-09-23T03:58:58.700614+00:00", "trace_id": null, "stage": "gate", "event": "finish", "duration_ms": 0.107, "candidates_in": 5, "candidates_out": 5, "top_score": 0.13842310694769713}
{"ts": "2026-09-23T03:59:00.294900+00:00", "trace_id": null, "stage": "gate_form", "event": "start"}
{"ts": "2026-09-23T03:59:00.295004+00:00", "trace_id": null, "stage": "gate_form", "event": "finish", "duration_ms": 0.108}
{"ts": "2026-09-23T03:59:00.295048+00:00", "trace_id": null, "stage": "gate_literal", "event": "start"}
{"ts": "2026-09-23T03:59:00.295161+00:00", "trace_id": null, "stage": "gate_literal", "event": "finish", "duration_ms": 0.113}
{"ts": "2026-09-23T03:59:00.295207+00:00", "trace_id": null, "stage": "gate_entail", "event": "start", "skipped": true, "reason": "no_entailment_model"}
{"ts": "2026-09-23T03:59:00.295251+00:00", "trace_id": null, "stage": "gate_entail", "event": "finish", "duration_ms": 0.044, "degraded": true, "skipped": true, "reason": "no_entailment_model"}
{"ts": "2026-09-23T03:59:00.295271+00:00", "trace_id": null, "stage": "gate_coverage", "event": "start", "coverage": 1.0}
{"ts": "2026-09-23T03:59:00.295310+00:00", "trace_id": null, "stage": "gate_coverage", "event": "finish", "duration_ms": 0.04, "coverage": 1.0}
{"ts": "2026-09-23T03:59:00.295332+00:00", "trace_id": null, "stage": "gate_conflict", "event": "start"}
{"ts": "2026-09-23T03:59:00.295382+00:00", "trace_id": null, "stage": "gate_conflict", "event": "finish", "duration_ms": 0.05, "skipped": true, "reason": "no_conflict"}
{"ts": "2026-09-23T03:59:00.295407+00:00", "trace_id": null, "stage": "embed_query", "event": "start", "model": "Qwen/Qwen3-Embedding-0.6B"}
{"ts": "2026-09-23T03:59:00.329994+00:00", "trace_id": null, "stage": "embed_query", "event": "finish", "duration_ms": 34.583, "model": "Qwen/Qwen3-Embedding-0.6B"}
{"ts": "2026-09-23T03:59:00.330071+00:00", "trace_id": null, "stage": "dense", "event": "start"}
{"ts": "2026-09-23T03:59:00.330280+00:00", "trace_id": null, "stage": "dense", "event": "finish", "duration_ms": 0.209, "candidates_out": 20}
{"ts": "2026-09-23T03:59:00.330305+00:00", "trace_id": null, "stage": "lexical", "event": "start"}
{"ts": "2026-09-23T03:59:00.330601+00:00", "trace_id": null, "stage": "lexical", "event": "finish", "duration_ms": 0.266, "candidates_out": 19}
{"ts": "2026-09-23T03:59:00.330641+00:00", "trace_id": null, "stage": "fuse", "event": "start", "candidates_in": 26}
{"ts": "2026-09-23T03:59:00.330706+00:00", "trace_id": null, "stage": "fuse", "event": "finish", "duration_ms": 0.064, "candidates_in": 26, "candidates_out": 16, "top_score": 0.03278688524590164}
{"ts": "2026-09-23T03:59:00.333951+00:00", "trace_id": null, "stage": "gate", "event": "start", "candidates_in": 5}
{"ts": "2026-09-23T03:59:00.334036+00:00", "trace_id": null, "stage": "gate", "event": "finish", "duration_ms": 0.085, "candidates_in": 5, "candidates_out": 5, "top_score": 0.14065573770491804}
{"ts": "2026-09-23T03:59:01.719398+00:00", "trace_id": null, "stage": "gate_form", "event": "start"}
{"ts": "2026-09-23T03:59:01.719500+00:00", "trace_id": null, "stage": "gate_form", "event": "finish", "duration_ms": 0.105}
{"ts": "2026-09-23T03:59:01.719543+00:00", "trace_id": null, "stage": "gate_literal", "event": "start"}
{"ts": "2026-09-23T03:59:01.719648+00:00", "trace_id": null, "stage": "gate_literal", "event": "finish", "duration_ms": 0.104}
{"ts": "2026-09-23T03:59:01.719695+00:00", "trace_id": null, "stage": "gate_entail", "event": "start", "skipped": true, "reason": "no_entailment_model"}
{"ts": "2026-09-23T03:59:01.719739+00:00", "trace_id": null, "stage": "gate_entail", "event": "finish", "duration_ms": 0.044, "degraded": true, "skipped": true, "reason": "no_entailment_model"}
{"ts": "2026-09-23T03:59:01.719759+00:00", "trace_id": null, "stage": "gate_coverage", "event": "start", "coverage": 1.0}
{"ts": "2026-09-23T03:59:01.719800+00:00", "trace_id": null, "stage": "gate_coverage", "event": "finish", "duration_ms": 0.041, "coverage": 1.0}
{"ts": "2026-09-23T03:59:01.719821+00:00", "trace_id": null, "stage": "gate_conflict", "event": "start"}
{"ts": "2026-09-23T03:59:01.719869+00:00", "trace_id": null, "stage": "gate_conflict", "event": "finish", "duration_ms": 0.048, "skipped": true, "reason": "no_conflict"}
{"ts": "2026-09-23T03:59:01.719893+00:00", "trace_id": null, "stage": "embed_query", "event": "start", "model": "Qwen/Qwen3-Embedding-0.6B"}
{"ts": "2026-09-23T03:59:01.752693+00:00", "trace_id": null, "stage": "embed_query", "event": "finish", "duration_ms": 32.797, "model": "Qwen/Qwen3-Embedding-0.6B"}
{"ts": "2026-09-23T03:59:01.752760+00:00", "trace_id": null, "stage": "dense", "event": "start"}
{"ts": "2026-09-23T03:59:01.752948+00:00", "trace_id": null, "stage": "dense", "event": "finish", "duration_ms": 0.188, "candidates_out": 20}
{"ts": "2026-09-23T03:59:01.752973+00:00", "trace_id": null, "stage": "lexical", "event": "start"}
{"ts": "2026-09-23T03:59:01.753204+00:00", "trace_id": null, "stage": "lexical", "event": "finish", "duration_ms": 0.231, "candidates_out": 14}
{"ts": "2026-09-23T03:59:01.753252+00:00", "trace_id": null, "stage": "fuse", "event": "start", "candidates_in": 26}
{"ts": "2026-09-23T03:59:01.753311+00:00", "trace_id": null, "stage": "fuse", "event": "finish", "duration_ms": 0.059, "candidates_in": 26, "candidates_out": 16, "top_score": 0.03278688524590164}
{"ts": "2026-09-23T03:59:01.755732+00:00", "trace_id": null, "stage": "gate", "event": "start", "candidates_in": 5}
{"ts": "2026-09-23T03:59:01.755788+00:00", "trace_id": null, "stage": "gate", "event": "finish", "duration_ms": 0.056, "candidates_in": 5, "candidates_out": 5, "top_score": 0.11147540983606559}
{"ts": "2026-09-23T03:59:03.458137+00:00", "trace_id": null, "stage": "gate_form", "event": "start"}
{"ts": "2026-09-23T03:59:03.458313+00:00", "trace_id": null, "stage": "gate_form", "event": "finish", "duration_ms": 0.18}
{"ts": "2026-09-23T03:59:03.458427+00:00", "trace_id": null, "stage": "gate_literal", "event": "start"}
{"ts": "2026-09-23T03:59:03.458742+00:00", "trace_id": null, "stage": "gate_literal", "event": "finish", "duration_ms": 0.317}
{"ts": "2026-09-23T03:59:03.458831+00:00", "trace_id": null, "stage": "gate_entail", "event": "start", "skipped": true, "reason": "no_entailment_model"}
{"ts": "2026-09-23T03:59:03.458927+00:00", "trace_id": null, "stage": "gate_entail", "event": "finish", "duration_ms": 0.095, "degraded": true, "skipped": true, "reason": "no_entailment_model"}
{"ts": "2026-09-23T03:59:03.459019+00:00", "trace_id": null, "stage": "gate_coverage", "event": "start", "coverage": 1.0}
{"ts": "2026-09-23T03:59:03.459099+00:00", "trace_id": null, "stage": "gate_coverage", "event": "finish", "duration_ms": 0.081, "coverage": 1.0}
{"ts": "2026-09-23T03:59:03.459164+00:00", "trace_id": null, "stage": "gate_conflict", "event": "start"}
{"ts": "2026-09-23T03:59:03.459256+00:00", "trace_id": null, "stage": "gate_conflict", "event": "finish", "duration_ms": 0.092, "skipped": true, "reason": "no_conflict"}
{"ts": "2026-09-23T03:59:03.459341+00:00", "trace_id": null, "stage": "embed_query", "event": "start", "model": "Qwen/Qwen3-Embedding-0.6B"}
{"ts": "2026-09-23T03:59:03.504471+00:00", "trace_id": null, "stage": "embed_query", "event": "finish", "duration_ms": 45.13, "model": "Qwen/Qwen3-Embedding-0.6B"}
{"ts": "2026-09-23T03:59:03.504540+00:00", "trace_id": null, "stage": "dense", "event": "start"}
{"ts": "2026-09-23T03:59:03.504758+00:00", "trace_id": null, "stage": "dense", "event": "finish", "duration_ms": 0.218, "candidates_out": 20}
{"ts": "2026-09-23T03:59:03.504797+00:00", "trace_id": null, "stage": "lexical", "event": "start"}
{"ts": "2026-09-23T03:59:03.505152+00:00", "trace_id": null, "stage": "lexical", "event": "finish", "duration_ms": 0.354, "candidates_out": 20}
{"ts": "2026-09-23T03:59:03.505213+00:00", "trace_id": null, "stage": "fuse", "event": "start", "candidates_in": 28}
{"ts": "2026-09-23T03:59:03.505298+00:00", "trace_id": null, "stage": "fuse", "event": "finish", "duration_ms": 0.085, "candidates_in": 28, "candidates_out": 22, "top_score": 0.03252247488101534}
{"ts": "2026-09-23T03:59:03.512059+00:00", "trace_id": null, "stage": "gate", "event": "start", "candidates_in": 5}
{"ts": "2026-09-23T03:59:03.512150+00:00", "trace_id": null, "stage": "gate", "event": "finish", "duration_ms": 0.092, "candidates_in": 5, "candidates_out": 5, "top_score": 0.09659175039661555}
{"ts": "2026-09-23T03:59:05.366012+00:00", "trace_id": null, "stage": "gate_form", "event": "start"}
{"ts": "2026-09-23T03:59:05.366111+00:00", "trace_id": null, "stage": "gate_form", "event": "finish", "duration_ms": 0.101}
{"ts": "2026-09-23T03:59:05.366153+00:00", "trace_id": null, "stage": "gate_literal", "event": "start"}
{"ts": "2026-09-23T03:59:05.366269+00:00", "trace_id": null, "stage": "gate_literal", "event": "finish", "duration_ms": 0.116}
{"ts": "2026-09-23T03:59:05.366319+00:00", "trace_id": null, "stage": "gate_entail", "event": "start", "skipped": true, "reason": "no_entailment_model"}
{"ts": "2026-09-23T03:59:05.366363+00:00", "trace_id": null, "stage": "gate_entail", "event": "finish", "duration_ms": 0.044, "degraded": true, "skipped": true, "reason": "no_entailment_model"}
{"ts": "2026-09-23T03:59:05.366385+00:00", "trace_id": null, "stage": "gate_coverage", "event": "start", "coverage": 1.0}
{"ts": "2026-09-23T03:59:05.366425+00:00", "trace_id": null, "stage": "gate_coverage", "event": "finish", "duration_ms": 0.04, "coverage": 1.0}
{"ts": "2026-09-23T03:59:05.366445+00:00", "trace_id": null, "stage": "gate_conflict", "event": "start"}
{"ts": "2026-09-23T03:59:05.366495+00:00", "trace_id": null, "stage": "gate_conflict", "event": "finish", "duration_ms": 0.049, "skipped": true, "reason": "no_conflict"}
{"ts": "2026-09-23T03:59:05.366519+00:00", "trace_id": null, "stage": "embed_query", "event": "start", "model": "Qwen/Qwen3-Embedding-0.6B"}
{"ts": "2026-09-23T03:59:05.401357+00:00", "trace_id": null, "stage": "embed_query", "event": "finish", "duration_ms": 34.833, "model": "Qwen/Qwen3-Embedding-0.6B"}
{"ts": "2026-09-23T03:59:05.401440+00:00", "trace_id": null, "stage": "dense", "event": "start"}
{"ts": "2026-09-23T03:59:05.401635+00:00", "trace_id": null, "stage": "dense", "event": "finish", "duration_ms": 0.195, "candidates_out": 20}
{"ts": "2026-09-23T03:59:05.401675+00:00", "trace_id": null, "stage": "lexical", "event": "start"}
{"ts": "2026-09-23T03:59:05.401952+00:00", "trace_id": null, "stage": "lexical", "event": "finish", "duration_ms": 0.276, "candidates_out": 20}
{"ts": "2026-09-23T03:59:05.402004+00:00", "trace_id": null, "stage": "fuse", "event": "start", "candidates_in": 30}
{"ts": "2026-09-23T03:59:05.402080+00:00", "trace_id": null, "stage": "fuse", "event": "finish", "duration_ms": 0.075, "candidates_in": 30, "candidates_out": 21, "top_score": 0.032266458495966696}
{"ts": "2026-09-23T03:59:05.406598+00:00", "trace_id": null, "stage": "gate", "event": "start", "candidates_in": 5}
{"ts": "2026-09-23T03:59:05.406683+00:00", "trace_id": null, "stage": "gate", "event": "finish", "duration_ms": 0.085, "candidates_in": 5, "candidates_out": 5, "top_score": 0.05038461538461538}
{"ts": "2026-09-23T03:59:07.888613+00:00", "trace_id": null, "stage": "gate_form", "event": "start"}
{"ts": "2026-09-23T03:59:07.889002+00:00", "trace_id": null, "stage": "gate_form", "event": "finish", "duration_ms": 0.39}
{"ts": "2026-09-23T03:59:07.889073+00:00", "trace_id": null, "stage": "gate_literal", "event": "start"}
{"ts": "2026-09-23T03:59:07.889255+00:00", "trace_id": null, "stage": "gate_literal", "event": "finish", "duration_ms": 0.183}
{"ts": "2026-09-23T03:59:07.889322+00:00", "trace_id": null, "stage": "gate_entail", "event": "start", "skipped": true, "reason": "no_entailment_model"}
{"ts": "2026-09-23T03:59:07.889384+00:00", "trace_id": null, "stage": "gate_entail", "event": "finish", "duration_ms": 0.061, "degraded": true, "skipped": true, "reason": "no_entailment_model"}
{"ts": "2026-09-23T03:59:07.889455+00:00", "trace_id": null, "stage": "gate_coverage", "event": "start", "coverage": 1.0}
{"ts": "2026-09-23T03:59:07.889517+00:00", "trace_id": null, "stage": "gate_coverage", "event": "finish", "duration_ms": 0.061, "coverage": 1.0}
{"ts": "2026-09-23T03:59:07.889575+00:00", "trace_id": null, "stage": "gate_conflict", "event": "start"}
{"ts": "2026-09-23T03:59:07.889650+00:00", "trace_id": null, "stage": "gate_conflict", "event": "finish", "duration_ms": 0.074, "skipped": true, "reason": "no_conflict"}
{"ts": "2026-09-23T03:59:07.889702+00:00", "trace_id": null, "stage": "embed_query", "event": "start", "model": "Qwen/Qwen3-Embedding-0.6B"}
{"ts": "2026-09-23T03:59:07.928851+00:00", "trace_id": null, "stage": "embed_query", "event": "finish", "duration_ms": 39.148, "model": "Qwen/Qwen3-Embedding-0.6B"}
{"ts": "2026-09-23T03:59:07.928921+00:00", "trace_id": null, "stage": "dense", "event": "start"}
{"ts": "2026-09-23T03:59:07.929136+00:00", "trace_id": null, "stage": "dense", "event": "finish", "duration_ms": 0.215, "candidates_out": 20}
{"ts": "2026-09-23T03:59:07.929173+00:00", "trace_id": null, "stage": "lexical", "event": "start"}
{"ts": "2026-09-23T03:59:07.929503+00:00", "trace_id": null, "stage": "lexical", "event": "finish", "duration_ms": 0.328, "candidates_out": 20}
{"ts": "2026-09-23T03:59:07.929560+00:00", "trace_id": null, "stage": "fuse", "event": "start", "candidates_in": 27}
{"ts": "2026-09-23T03:59:07.929642+00:00", "trace_id": null, "stage": "fuse", "event": "finish", "duration_ms": 0.081, "candidates_in": 27, "candidates_out": 19, "top_score": 0.032266458495966696}
{"ts": "2026-09-23T03:59:07.935421+00:00", "trace_id": null, "stage": "gate", "event": "start", "candidates_in": 5}
{"ts": "2026-09-23T03:59:07.935785+00:00", "trace_id": null, "stage": "gate", "event": "finish", "duration_ms": 0.364, "candidates_in": 5, "candidates_out": 5, "top_score": 0.04817774936061381}
{"ts": "2026-09-23T03:59:10.398383+00:00", "trace_id": null, "stage": "gate_form", "event": "start"}
{"ts": "2026-09-23T03:59:10.398491+00:00", "trace_id": null, "stage": "gate_form", "event": "finish", "duration_ms": 0.113}
{"ts": "2026-09-23T03:59:10.398532+00:00", "trace_id": null, "stage": "gate_literal", "event": "start", "skipped": true, "reason": "form_failed"}
{"ts": "2026-09-23T03:59:10.398576+00:00", "trace_id": null, "stage": "gate_literal", "event": "finish", "duration_ms": 0.043, "skipped": true, "reason": "form_failed"}
{"ts": "2026-09-23T03:59:10.398619+00:00", "trace_id": null, "stage": "gate_conflict", "event": "start"}
{"ts": "2026-09-23T03:59:10.398698+00:00", "trace_id": null, "stage": "gate_conflict", "event": "finish", "duration_ms": 0.079, "reason": "version_conflict"}
{"ts": "2026-09-23T03:59:10.398724+00:00", "trace_id": null, "stage": "embed_query", "event": "start", "model": "Qwen/Qwen3-Embedding-0.6B"}
{"ts": "2026-09-23T03:59:10.433667+00:00", "trace_id": null, "stage": "embed_query", "event": "finish", "duration_ms": 34.939, "model": "Qwen/Qwen3-Embedding-0.6B"}
{"ts": "2026-09-23T03:59:10.433738+00:00", "trace_id": null, "stage": "dense", "event": "start"}
{"ts": "2026-09-23T03:59:10.433936+00:00", "trace_id": null, "stage": "dense", "event": "finish", "duration_ms": 0.197, "candidates_out": 20}
{"ts": "2026-09-23T03:59:10.433959+00:00", "trace_id": null, "stage": "lexical", "event": "start"}
{"ts": "2026-09-23T03:59:10.434233+00:00", "trace_id": null, "stage": "lexical", "event": "finish", "duration_ms": 0.273, "candidates_out": 20}
{"ts": "2026-09-23T03:59:10.434283+00:00", "trace_id": null, "stage": "fuse", "event": "start", "candidates_in": 25}
{"ts": "2026-09-23T03:59:10.434359+00:00", "trace_id": null, "stage": "fuse", "event": "finish", "duration_ms": 0.074, "candidates_in": 25, "candidates_out": 19, "top_score": 0.032018442622950824}
{"ts": "2026-09-23T03:59:10.437280+00:00", "trace_id": null, "stage": "gate", "event": "start", "candidates_in": 5}
{"ts": "2026-09-23T03:59:10.437347+00:00", "trace_id": null, "stage": "gate", "event": "finish", "duration_ms": 0.067, "candidates_in": 5, "candidates_out": 5, "top_score": 0.05052594670406732}
{"ts": "2026-09-23T03:59:14.051111+00:00", "trace_id": null, "stage": "gate_form", "event": "start"}
{"ts": "2026-09-23T03:59:14.051428+00:00", "trace_id": null, "stage": "gate_form", "event": "finish", "duration_ms": 0.32}
{"ts": "2026-09-23T03:59:14.051479+00:00", "trace_id": null, "stage": "gate_literal", "event": "start"}
{"ts": "2026-09-23T03:59:14.051642+00:00", "trace_id": null, "stage": "gate_literal", "event": "finish", "duration_ms": 0.163}
{"ts": "2026-09-23T03:59:14.051699+00:00", "trace_id": null, "stage": "gate_entail", "event": "start", "skipped": true, "reason": "no_entailment_model"}
{"ts": "2026-09-23T03:59:14.051760+00:00", "trace_id": null, "stage": "gate_entail", "event": "finish", "duration_ms": 0.062, "degraded": true, "skipped": true, "reason": "no_entailment_model"}
{"ts": "2026-09-23T03:59:14.051804+00:00", "trace_id": null, "stage": "gate_coverage", "event": "start", "coverage": 1.0}
{"ts": "2026-09-23T03:59:14.051854+00:00", "trace_id": null, "stage": "gate_coverage", "event": "finish", "duration_ms": 0.05, "coverage": 1.0}
{"ts": "2026-09-23T03:59:14.051897+00:00", "trace_id": null, "stage": "gate_conflict", "event": "start"}
{"ts": "2026-09-23T03:59:14.051951+00:00", "trace_id": null, "stage": "gate_conflict", "event": "finish", "duration_ms": 0.054, "skipped": true, "reason": "no_conflict"}
{"ts": "2026-09-23T03:59:14.051984+00:00", "trace_id": null, "stage": "embed_query", "event": "start", "model": "Qwen/Qwen3-Embedding-0.6B"}
{"ts": "2026-09-23T03:59:14.092523+00:00", "trace_id": null, "stage": "embed_query", "event": "finish", "duration_ms": 40.536, "model": "Qwen/Qwen3-Embedding-0.6B"}
{"ts": "2026-09-23T03:59:14.092610+00:00", "trace_id": null, "stage": "dense", "event": "start"}
{"ts": "2026-09-23T03:59:14.092847+00:00", "trace_id": null, "stage": "dense", "event": "finish", "duration_ms": 0.237, "candidates_out": 20}
{"ts": "2026-09-23T03:59:14.092910+00:00", "trace_id": null, "stage": "lexical", "event": "start"}
{"ts": "2026-09-23T03:59:14.093246+00:00", "trace_id": null, "stage": "lexical", "event": "finish", "duration_ms": 0.336, "candidates_out": 20}
{"ts": "2026-09-23T03:59:14.093301+00:00", "trace_id": null, "stage": "fuse", "event": "start", "candidates_in": 21}
{"ts": "2026-09-23T03:59:14.093383+00:00", "trace_id": null, "stage": "fuse", "event": "finish", "duration_ms": 0.082, "candidates_in": 21, "candidates_out": 15, "top_score": 0.032018442622950824}
{"ts": "2026-09-23T03:59:14.096701+00:00", "trace_id": null, "stage": "gate", "event": "start", "candidates_in": 5}
{"ts": "2026-09-23T03:59:14.096762+00:00", "trace_id": null, "stage": "gate", "event": "finish", "duration_ms": 0.061, "candidates_in": 5, "candidates_out": 5, "top_score": 0.05280337941628264}
{"ts": "2026-09-23T03:59:16.702335+00:00", "trace_id": null, "stage": "gate_form", "event": "start"}
{"ts": "2026-09-23T03:59:16.702455+00:00", "trace_id": null, "stage": "gate_form", "event": "finish", "duration_ms": 0.124}
{"ts": "2026-09-23T03:59:16.702504+00:00", "trace_id": null, "stage": "gate_literal", "event": "start"}
{"ts": "2026-09-23T03:59:16.702651+00:00", "trace_id": null, "stage": "gate_literal", "event": "finish", "duration_ms": 0.147}
{"ts": "2026-09-23T03:59:16.702710+00:00", "trace_id": null, "stage": "gate_entail", "event": "start", "skipped": true, "reason": "no_entailment_model"}
{"ts": "2026-09-23T03:59:16.702766+00:00", "trace_id": null, "stage": "gate_entail", "event": "finish", "duration_ms": 0.056, "degraded": true, "skipped": true, "reason": "no_entailment_model"}
{"ts": "2026-09-23T03:59:16.702792+00:00", "trace_id": null, "stage": "gate_coverage", "event": "start", "coverage": 1.0}
{"ts": "2026-09-23T03:59:16.702838+00:00", "trace_id": null, "stage": "gate_coverage", "event": "finish", "duration_ms": 0.047, "coverage": 1.0}
{"ts": "2026-09-23T03:59:16.702892+00:00", "trace_id": null, "stage": "gate_conflict", "event": "start"}
{"ts": "2026-09-23T03:59:16.702946+00:00", "trace_id": null, "stage": "gate_conflict", "event": "finish", "duration_ms": 0.054, "skipped": true, "reason": "no_conflict"}
{"ts": "2026-09-23T03:59:16.702975+00:00", "trace_id": null, "stage": "embed_query", "event": "start", "model": "Qwen/Qwen3-Embedding-0.6B"}
{"ts": "2026-09-23T03:59:16.744246+00:00", "trace_id": null, "stage": "embed_query", "event": "finish", "duration_ms": 41.268, "model": "Qwen/Qwen3-Embedding-0.6B"}
{"ts": "2026-09-23T03:59:16.744342+00:00", "trace_id": null, "stage": "dense", "event": "start"}
{"ts": "2026-09-23T03:59:16.744578+00:00", "trace_id": null, "stage": "dense", "event": "finish", "duration_ms": 0.237, "candidates_out": 20}
{"ts": "2026-09-23T03:59:16.744621+00:00", "trace_id": null, "stage": "lexical", "event": "start"}
{"ts": "2026-09-23T03:59:16.744942+00:00", "trace_id": null, "stage": "lexical", "event": "finish", "duration_ms": 0.321, "candidates_out": 20}
{"ts": "2026-09-23T03:59:16.745009+00:00", "trace_id": null, "stage": "fuse", "event": "start", "candidates_in": 24}
{"ts": "2026-09-23T03:59:16.745096+00:00", "trace_id": null, "stage": "fuse", "event": "finish", "duration_ms": 0.087, "candidates_in": 24, "candidates_out": 18, "top_score": 0.032018442622950824}
{"ts": "2026-09-23T03:59:16.748923+00:00", "trace_id": null, "stage": "gate", "event": "start", "candidates_in": 5}
{"ts": "2026-09-23T03:59:16.748999+00:00", "trace_id": null, "stage": "gate", "event": "finish", "duration_ms": 0.075, "candidates_in": 5, "candidates_out": 5, "top_score": 0.05280337941628264}
{"ts": "2026-09-23T03:59:19.842615+00:00", "trace_id": null, "stage": "gate_form", "event": "start"}
{"ts": "2026-09-23T03:59:19.842741+00:00", "trace_id": null, "stage": "gate_form", "event": "finish", "duration_ms": 0.129}
{"ts": "2026-09-23T03:59:19.842795+00:00", "trace_id": null, "stage": "gate_literal", "event": "start"}
{"ts": "2026-09-23T03:59:19.842954+00:00", "trace_id": null, "stage": "gate_literal", "event": "finish", "duration_ms": 0.159}
{"ts": "2026-09-23T03:59:19.843012+00:00", "trace_id": null, "stage": "gate_entail", "event": "start", "skipped": true, "reason": "no_entailment_model"}
{"ts": "2026-09-23T03:59:19.843076+00:00", "trace_id": null, "stage": "gate_entail", "event": "finish", "duration_ms": 0.065, "degraded": true, "skipped": true, "reason": "no_entailment_model"}
{"ts": "2026-09-23T03:59:19.843102+00:00", "trace_id": null, "stage": "gate_coverage", "event": "start", "coverage": 1.0}
{"ts": "2026-09-23T03:59:19.843153+00:00", "trace_id": null, "stage": "gate_coverage", "event": "finish", "duration_ms": 0.051, "coverage": 1.0}
{"ts": "2026-09-23T03:59:19.843212+00:00", "trace_id": null, "stage": "gate_conflict", "event": "start"}
{"ts": "2026-09-23T03:59:19.843273+00:00", "trace_id": null, "stage": "gate_conflict", "event": "finish", "duration_ms": 0.06, "skipped": true, "reason": "no_conflict"}
... 60/122 abstain=2
{"ts": "2026-09-23T03:59:19.843334+00:00", "trace_id": null, "stage": "embed_query", "event": "start", "model": "Qwen/Qwen3-Embedding-0.6B"}
{"ts": "2026-09-23T03:59:19.882726+00:00", "trace_id": null, "stage": "embed_query", "event": "finish", "duration_ms": 39.39, "model": "Qwen/Qwen3-Embedding-0.6B"}
{"ts": "2026-09-23T03:59:19.882795+00:00", "trace_id": null, "stage": "dense", "event": "start"}
{"ts": "2026-09-23T03:59:19.882999+00:00", "trace_id": null, "stage": "dense", "event": "finish", "duration_ms": 0.204, "candidates_out": 20}
{"ts": "2026-09-23T03:59:19.883021+00:00", "trace_id": null, "stage": "lexical", "event": "start"}
{"ts": "2026-09-23T03:59:19.883355+00:00", "trace_id": null, "stage": "lexical", "event": "finish", "duration_ms": 0.334, "candidates_out": 20}
{"ts": "2026-09-23T03:59:19.883392+00:00", "trace_id": null, "stage": "fuse", "event": "start", "candidates_in": 36}
{"ts": "2026-09-23T03:59:19.883466+00:00", "trace_id": null, "stage": "fuse", "event": "finish", "duration_ms": 0.073, "candidates_in": 36, "candidates_out": 27, "top_score": 0.03278688524590164}
{"ts": "2026-09-23T03:59:19.890064+00:00", "trace_id": null, "stage": "gate", "event": "start", "candidates_in": 5}
{"ts": "2026-09-23T03:59:19.890131+00:00", "trace_id": null, "stage": "gate", "event": "finish", "duration_ms": 0.066, "candidates_in": 5, "candidates_out": 5, "top_score": 0.04969429347826087}
{"ts": "2026-09-23T03:59:22.483117+00:00", "trace_id": null, "stage": "gate_form", "event": "start"}
{"ts": "2026-09-23T03:59:22.483302+00:00", "trace_id": null, "stage": "gate_form", "event": "finish", "duration_ms": 0.192}
{"ts": "2026-09-23T03:59:22.483345+00:00", "trace_id": null, "stage": "gate_literal", "event": "start"}
{"ts": "2026-09-23T03:59:22.483791+00:00", "trace_id": null, "stage": "gate_literal", "event": "finish", "duration_ms": 0.446}
{"ts": "2026-09-23T03:59:22.483858+00:00", "trace_id": null, "stage": "gate_entail", "event": "start", "skipped": true, "reason": "no_entailment_model"}
{"ts": "2026-09-23T03:59:22.483936+00:00", "trace_id": null, "stage": "gate_entail", "event": "finish", "duration_ms": 0.078, "degraded": true, "skipped": true, "reason": "no_entailment_model"}
{"ts": "2026-09-23T03:59:22.483967+00:00", "trace_id": null, "stage": "gate_coverage", "event": "start", "coverage": 1.0}
{"ts": "2026-09-23T03:59:22.484061+00:00", "trace_id": null, "stage": "gate_coverage", "event": "finish", "duration_ms": 0.094, "coverage": 1.0}
{"ts": "2026-09-23T03:59:22.484094+00:00", "trace_id": null, "stage": "gate_conflict", "event": "start"}
{"ts": "2026-09-23T03:59:22.484229+00:00", "trace_id": null, "stage": "gate_conflict", "event": "finish", "duration_ms": 0.134, "skipped": true, "reason": "no_conflict"}
{"ts": "2026-09-23T03:59:22.484282+00:00", "trace_id": null, "stage": "embed_query", "event": "start", "model": "Qwen/Qwen3-Embedding-0.6B"}
{"ts": "2026-09-23T03:59:22.523200+00:00", "trace_id": null, "stage": "embed_query", "event": "finish", "duration_ms": 38.923, "model": "Qwen/Qwen3-Embedding-0.6B"}
{"ts": "2026-09-23T03:59:22.523282+00:00", "trace_id": null, "stage": "dense", "event": "start"}
{"ts": "2026-09-23T03:59:22.523485+00:00", "trace_id": null, "stage": "dense", "event": "finish", "duration_ms": 0.203, "candidates_out": 20}
{"ts": "2026-09-23T03:59:22.523521+00:00", "trace_id": null, "stage": "lexical", "event": "start"}
{"ts": "2026-09-23T03:59:22.523811+00:00", "trace_id": null, "stage": "lexical", "event": "finish", "duration_ms": 0.289, "candidates_out": 20}
{"ts": "2026-09-23T03:59:22.523865+00:00", "trace_id": null, "stage": "fuse", "event": "start", "candidates_in": 29}
{"ts": "2026-09-23T03:59:22.523935+00:00", "trace_id": null, "stage": "fuse", "event": "finish", "duration_ms": 0.07, "candidates_in": 29, "candidates_out": 19, "top_score": 0.03278688524590164}
{"ts": "2026-09-23T03:59:22.528375+00:00", "trace_id": null, "stage": "gate", "event": "start", "candidates_in": 5}
{"ts": "2026-09-23T03:59:22.528428+00:00", "trace_id": null, "stage": "gate", "event": "finish", "duration_ms": 0.054, "candidates_in": 5, "candidates_out": 5, "top_score": 0.052380952380952375}
{"ts": "2026-09-23T03:59:24.459956+00:00", "trace_id": null, "stage": "gate_form", "event": "start"}
{"ts": "2026-09-23T03:59:24.460305+00:00", "trace_id": null, "stage": "gate_form", "event": "finish", "duration_ms": 0.354}
{"ts": "2026-09-23T03:59:24.460370+00:00", "trace_id": null, "stage": "gate_literal", "event": "start"}
{"ts": "2026-09-23T03:59:24.460576+00:00", "trace_id": null, "stage": "gate_literal", "event": "finish", "duration_ms": 0.205}
{"ts": "2026-09-23T03:59:24.460665+00:00", "trace_id": null, "stage": "gate_entail", "event": "start", "skipped": true, "reason": "no_entailment_model"}
{"ts": "2026-09-23T03:59:24.460746+00:00", "trace_id": null, "stage": "gate_entail", "event": "finish", "duration_ms": 0.082, "degraded": true, "skipped": true, "reason": "no_entailment_model"}
{"ts": "2026-09-23T03:59:24.460800+00:00", "trace_id": null, "stage": "gate_coverage", "event": "start", "coverage": 1.0}
{"ts": "2026-09-23T03:59:24.460864+00:00", "trace_id": null, "stage": "gate_coverage", "event": "finish", "duration_ms": 0.064, "coverage": 1.0}
{"ts": "2026-09-23T03:59:24.460918+00:00", "trace_id": null, "stage": "gate_conflict", "event": "start"}
{"ts": "2026-09-23T03:59:24.460986+00:00", "trace_id": null, "stage": "gate_conflict", "event": "finish", "duration_ms": 0.067, "skipped": true, "reason": "no_conflict"}
{"ts": "2026-09-23T03:59:24.461025+00:00", "trace_id": null, "stage": "embed_query", "event": "start", "model": "Qwen/Qwen3-Embedding-0.6B"}
{"ts": "2026-09-23T03:59:24.501708+00:00", "trace_id": null, "stage": "embed_query", "event": "finish", "duration_ms": 40.681, "model": "Qwen/Qwen3-Embedding-0.6B"}
{"ts": "2026-09-23T03:59:24.501772+00:00", "trace_id": null, "stage": "dense", "event": "start"}
{"ts": "2026-09-23T03:59:24.501983+00:00", "trace_id": null, "stage": "dense", "event": "finish", "duration_ms": 0.21, "candidates_out": 20}
{"ts": "2026-09-23T03:59:24.502022+00:00", "trace_id": null, "stage": "lexical", "event": "start"}
{"ts": "2026-09-23T03:59:24.502341+00:00", "trace_id": null, "stage": "lexical", "event": "finish", "duration_ms": 0.318, "candidates_out": 20}
{"ts": "2026-09-23T03:59:24.502410+00:00", "trace_id": null, "stage": "fuse", "event": "start", "candidates_in": 31}
{"ts": "2026-09-23T03:59:24.502468+00:00", "trace_id": null, "stage": "fuse", "event": "finish", "duration_ms": 0.058, "candidates_in": 31, "candidates_out": 20, "top_score": 0.03278688524590164}
{"ts": "2026-09-23T03:59:24.506267+00:00", "trace_id": null, "stage": "gate", "event": "start", "candidates_in": 5}
{"ts": "2026-09-23T03:59:24.506322+00:00", "trace_id": null, "stage": "gate", "event": "finish", "duration_ms": 0.055, "candidates_in": 5, "candidates_out": 5, "top_score": 0.08615934412444817}
{"ts": "2026-09-23T03:59:26.263100+00:00", "trace_id": null, "stage": "gate_form", "event": "start"}
{"ts": "2026-09-23T03:59:26.263202+00:00", "trace_id": null, "stage": "gate_form", "event": "finish", "duration_ms": 0.105}
{"ts": "2026-09-23T03:59:26.263242+00:00", "trace_id": null, "stage": "gate_literal", "event": "start"}
{"ts": "2026-09-23T03:59:26.263355+00:00", "trace_id": null, "stage": "gate_literal", "event": "finish", "duration_ms": 0.112}
{"ts": "2026-09-23T03:59:26.263399+00:00", "trace_id": null, "stage": "gate_entail", "event": "start", "skipped": true, "reason": "no_entailment_model"}
{"ts": "2026-09-23T03:59:26.263444+00:00", "trace_id": null, "stage": "gate_entail", "event": "finish", "duration_ms": 0.045, "degraded": true, "skipped": true, "reason": "no_entailment_model"}
{"ts": "2026-09-23T03:59:26.263479+00:00", "trace_id": null, "stage": "gate_coverage", "event": "start", "coverage": 1.0}
{"ts": "2026-09-23T03:59:26.263512+00:00", "trace_id": null, "stage": "gate_coverage", "event": "finish", "duration_ms": 0.033, "coverage": 1.0}
{"ts": "2026-09-23T03:59:26.263525+00:00", "trace_id": null, "stage": "gate_conflict", "event": "start"}
{"ts": "2026-09-23T03:59:26.263580+00:00", "trace_id": null, "stage": "gate_conflict", "event": "finish", "duration_ms": 0.054, "skipped": true, "reason": "no_conflict"}
{"ts": "2026-09-23T03:59:26.263609+00:00", "trace_id": null, "stage": "embed_query", "event": "start", "model": "Qwen/Qwen3-Embedding-0.6B"}
{"ts": "2026-09-23T03:59:26.297721+00:00", "trace_id": null, "stage": "embed_query", "event": "finish", "duration_ms": 34.109, "model": "Qwen/Qwen3-Embedding-0.6B"}
{"ts": "2026-09-23T03:59:26.297794+00:00", "trace_id": null, "stage": "dense", "event": "start"}
{"ts": "2026-09-23T03:59:26.297991+00:00", "trace_id": null, "stage": "dense", "event": "finish", "duration_ms": 0.196, "candidates_out": 20}
{"ts": "2026-09-23T03:59:26.298029+00:00", "trace_id": null, "stage": "lexical", "event": "start"}
{"ts": "2026-09-23T03:59:26.298306+00:00", "trace_id": null, "stage": "lexical", "event": "finish", "duration_ms": 0.276, "candidates_out": 20}
{"ts": "2026-09-23T03:59:26.298362+00:00", "trace_id": null, "stage": "fuse", "event": "start", "candidates_in": 27}
{"ts": "2026-09-23T03:59:26.298421+00:00", "trace_id": null, "stage": "fuse", "event": "finish", "duration_ms": 0.059, "candidates_in": 27, "candidates_out": 20, "top_score": 0.03252247488101534}
{"ts": "2026-09-23T03:59:26.304858+00:00", "trace_id": null, "stage": "gate", "event": "start", "candidates_in": 5}
{"ts": "2026-09-23T03:59:26.304918+00:00", "trace_id": null, "stage": "gate", "event": "finish", "duration_ms": 0.06, "candidates_in": 5, "candidates_out": 5, "top_score": 0.053662083553675306}
{"ts": "2026-09-23T03:59:27.977539+00:00", "trace_id": null, "stage": "gate_form", "event": "start"}
{"ts": "2026-09-23T03:59:27.977639+00:00", "trace_id": null, "stage": "gate_form", "event": "finish", "duration_ms": 0.103}
{"ts": "2026-09-23T03:59:27.977680+00:00", "trace_id": null, "stage": "gate_literal", "event": "start"}
{"ts": "2026-09-23T03:59:27.977791+00:00", "trace_id": null, "stage": "gate_literal", "event": "finish", "duration_ms": 0.11}
{"ts": "2026-09-23T03:59:27.977838+00:00", "trace_id": null, "stage": "gate_entail", "event": "start", "skipped": true, "reason": "no_entailment_model"}
{"ts": "2026-09-23T03:59:27.977883+00:00", "trace_id": null, "stage": "gate_entail", "event": "finish", "duration_ms": 0.045, "degraded": true, "skipped": true, "reason": "no_entailment_model"}
{"ts": "2026-09-23T03:59:27.977904+00:00", "trace_id": null, "stage": "gate_coverage", "event": "start", "coverage": 1.0}
{"ts": "2026-09-23T03:59:27.977943+00:00", "trace_id": null, "stage": "gate_coverage", "event": "finish", "duration_ms": 0.04, "coverage": 1.0}
{"ts": "2026-09-23T03:59:27.977966+00:00", "trace_id": null, "stage": "gate_conflict", "event": "start"}
{"ts": "2026-09-23T03:59:27.978014+00:00", "trace_id": null, "stage": "gate_conflict", "event": "finish", "duration_ms": 0.048, "skipped": true, "reason": "no_conflict"}
{"ts": "2026-09-23T03:59:27.978038+00:00", "trace_id": null, "stage": "embed_query", "event": "start", "model": "Qwen/Qwen3-Embedding-0.6B"}
{"ts": "2026-09-23T03:59:28.012861+00:00", "trace_id": null, "stage": "embed_query", "event": "finish", "duration_ms": 34.82, "model": "Qwen/Qwen3-Embedding-0.6B"}
{"ts": "2026-09-23T03:59:28.012924+00:00", "trace_id": null, "stage": "dense", "event": "start"}
{"ts": "2026-09-23T03:59:28.013115+00:00", "trace_id": null, "stage": "dense", "event": "finish", "duration_ms": 0.191, "candidates_out": 20}
{"ts": "2026-09-23T03:59:28.013148+00:00", "trace_id": null, "stage": "lexical", "event": "start"}
{"ts": "2026-09-23T03:59:28.013414+00:00", "trace_id": null, "stage": "lexical", "event": "finish", "duration_ms": 0.266, "candidates_out": 20}
{"ts": "2026-09-23T03:59:28.013463+00:00", "trace_id": null, "stage": "fuse", "event": "start", "candidates_in": 31}
{"ts": "2026-09-23T03:59:28.013530+00:00", "trace_id": null, "stage": "fuse", "event": "finish", "duration_ms": 0.066, "candidates_in": 31, "candidates_out": 23, "top_score": 0.03278688524590164}
{"ts": "2026-09-23T03:59:28.017755+00:00", "trace_id": null, "stage": "gate", "event": "start", "candidates_in": 5}
{"ts": "2026-09-23T03:59:28.017833+00:00", "trace_id": null, "stage": "gate", "event": "finish", "duration_ms": 0.078, "candidates_in": 5, "candidates_out": 5, "top_score": 0.053839285714285715}
{"ts": "2026-09-23T03:59:30.269920+00:00", "trace_id": null, "stage": "gate_form", "event": "start"}
{"ts": "2026-09-23T03:59:30.270025+00:00", "trace_id": null, "stage": "gate_form", "event": "finish", "duration_ms": 0.108}
{"ts": "2026-09-23T03:59:30.270077+00:00", "trace_id": null, "stage": "gate_literal", "event": "start"}
{"ts": "2026-09-23T03:59:30.270182+00:00", "trace_id": null, "stage": "gate_literal", "event": "finish", "duration_ms": 0.105}
{"ts": "2026-09-23T03:59:30.270225+00:00", "trace_id": null, "stage": "gate_entail", "event": "start", "skipped": true, "reason": "no_entailment_model"}
{"ts": "2026-09-23T03:59:30.270269+00:00", "trace_id": null, "stage": "gate_entail", "event": "finish", "duration_ms": 0.044, "degraded": true, "skipped": true, "reason": "no_entailment_model"}
{"ts": "2026-09-23T03:59:30.270306+00:00", "trace_id": null, "stage": "gate_coverage", "event": "start", "coverage": 1.0}
{"ts": "2026-09-23T03:59:30.270341+00:00", "trace_id": null, "stage": "gate_coverage", "event": "finish", "duration_ms": 0.035, "coverage": 1.0}
{"ts": "2026-09-23T03:59:30.270355+00:00", "trace_id": null, "stage": "gate_conflict", "event": "start"}
{"ts": "2026-09-23T03:59:30.270403+00:00", "trace_id": null, "stage": "gate_conflict", "event": "finish", "duration_ms": 0.047, "skipped": true, "reason": "no_conflict"}
{"ts": "2026-09-23T03:59:30.270457+00:00", "trace_id": null, "stage": "embed_query", "event": "start", "model": "Qwen/Qwen3-Embedding-0.6B"}
{"ts": "2026-09-23T03:59:30.304260+00:00", "trace_id": null, "stage": "embed_query", "event": "finish", "duration_ms": 33.8, "model": "Qwen/Qwen3-Embedding-0.6B"}
{"ts": "2026-09-23T03:59:30.304330+00:00", "trace_id": null, "stage": "dense", "event": "start"}
{"ts": "2026-09-23T03:59:30.304522+00:00", "trace_id": null, "stage": "dense", "event": "finish", "duration_ms": 0.191, "candidates_out": 20}
{"ts": "2026-09-23T03:59:30.304560+00:00", "trace_id": null, "stage": "lexical", "event": "start"}
{"ts": "2026-09-23T03:59:30.304882+00:00", "trace_id": null, "stage": "lexical", "event": "finish", "duration_ms": 0.321, "candidates_out": 20}
{"ts": "2026-09-23T03:59:30.304933+00:00", "trace_id": null, "stage": "fuse", "event": "start", "candidates_in": 30}
{"ts": "2026-09-23T03:59:30.305012+00:00", "trace_id": null, "stage": "fuse", "event": "finish", "duration_ms": 0.079, "candidates_in": 30, "candidates_out": 20, "top_score": 0.03252247488101534}
{"ts": "2026-09-23T03:59:30.308262+00:00", "trace_id": null, "stage": "gate", "event": "start", "candidates_in": 5}
{"ts": "2026-09-23T03:59:30.308330+00:00", "trace_id": null, "stage": "gate", "event": "finish", "duration_ms": 0.066, "candidates_in": 5, "candidates_out": 5, "top_score": 0.0559787849566056}
{"ts": "2026-09-23T03:59:32.199549+00:00", "trace_id": null, "stage": "gate_form", "event": "start"}
{"ts": "2026-09-23T03:59:32.199653+00:00", "trace_id": null, "stage": "gate_form", "event": "finish", "duration_ms": 0.106}
{"ts": "2026-09-23T03:59:32.199701+00:00", "trace_id": null, "stage": "gate_literal", "event": "start"}
{"ts": "2026-09-23T03:59:32.199805+00:00", "trace_id": null, "stage": "gate_literal", "event": "finish", "duration_ms": 0.104}
{"ts": "2026-09-23T03:59:32.199846+00:00", "trace_id": null, "stage": "gate_entail", "event": "start", "skipped": true, "reason": "no_entailment_model"}
{"ts": "2026-09-23T03:59:32.199882+00:00", "trace_id": null, "stage": "gate_entail", "event": "finish", "duration_ms": 0.037, "degraded": true, "skipped": true, "reason": "no_entailment_model"}
{"ts": "2026-09-23T03:59:32.199898+00:00", "trace_id": null, "stage": "gate_coverage", "event": "start", "coverage": 1.0}
{"ts": "2026-09-23T03:59:32.199937+00:00", "trace_id": null, "stage": "gate_coverage", "event": "finish", "duration_ms": 0.039, "coverage": 1.0}
{"ts": "2026-09-23T03:59:32.199980+00:00", "trace_id": null, "stage": "gate_conflict", "event": "start"}
{"ts": "2026-09-23T03:59:32.200024+00:00", "trace_id": null, "stage": "gate_conflict", "event": "finish", "duration_ms": 0.044, "skipped": true, "reason": "no_conflict"}
{"ts": "2026-09-23T03:59:32.200045+00:00", "trace_id": null, "stage": "embed_query", "event": "start", "model": "Qwen/Qwen3-Embedding-0.6B"}
{"ts": "2026-09-23T03:59:32.234330+00:00", "trace_id": null, "stage": "embed_query", "event": "finish", "duration_ms": 34.282, "model": "Qwen/Qwen3-Embedding-0.6B"}
{"ts": "2026-09-23T03:59:32.234408+00:00", "trace_id": null, "stage": "dense", "event": "start"}
{"ts": "2026-09-23T03:59:32.234612+00:00", "trace_id": null, "stage": "dense", "event": "finish", "duration_ms": 0.204, "candidates_out": 20}
{"ts": "2026-09-23T03:59:32.234647+00:00", "trace_id": null, "stage": "lexical", "event": "start"}
{"ts": "2026-09-23T03:59:32.234923+00:00", "trace_id": null, "stage": "lexical", "event": "finish", "duration_ms": 0.275, "candidates_out": 20}
{"ts": "2026-09-23T03:59:32.234982+00:00", "trace_id": null, "stage": "fuse", "event": "start", "candidates_in": 32}
{"ts": "2026-09-23T03:59:32.235049+00:00", "trace_id": null, "stage": "fuse", "event": "finish", "duration_ms": 0.067, "candidates_in": 32, "candidates_out": 22, "top_score": 0.03252247488101534}
{"ts": "2026-09-23T03:59:32.240305+00:00", "trace_id": null, "stage": "gate", "event": "start", "candidates_in": 5}
{"ts": "2026-09-23T03:59:32.240382+00:00", "trace_id": null, "stage": "gate", "event": "finish", "duration_ms": 0.078, "candidates_in": 5, "candidates_out": 5, "top_score": 0.08455843469063988}
{"ts": "2026-09-23T03:59:33.978013+00:00", "trace_id": null, "stage": "gate_form", "event": "start"}
{"ts": "2026-09-23T03:59:33.978118+00:00", "trace_id": null, "stage": "gate_form", "event": "finish", "duration_ms": 0.107}
{"ts": "2026-09-23T03:59:33.978158+00:00", "trace_id": null, "stage": "gate_literal", "event": "start"}
{"ts": "2026-09-23T03:59:33.978264+00:00", "trace_id": null, "stage": "gate_literal", "event": "finish", "duration_ms": 0.106}
{"ts": "2026-09-23T03:59:33.978309+00:00", "trace_id": null, "stage": "gate_entail", "event": "start", "skipped": true, "reason": "no_entailment_model"}
{"ts": "2026-09-23T03:59:33.978355+00:00", "trace_id": null, "stage": "gate_entail", "event": "finish", "duration_ms": 0.046, "degraded": true, "skipped": true, "reason": "no_entailment_model"}
{"ts": "2026-09-23T03:59:33.978376+00:00", "trace_id": null, "stage": "gate_coverage", "event": "start", "coverage": 1.0}
{"ts": "2026-09-23T03:59:33.978417+00:00", "trace_id": null, "stage": "gate_coverage", "event": "finish", "duration_ms": 0.04, "coverage": 1.0}
{"ts": "2026-09-23T03:59:33.978439+00:00", "trace_id": null, "stage": "gate_conflict", "event": "start"}
{"ts": "2026-09-23T03:59:33.978492+00:00", "trace_id": null, "stage": "gate_conflict", "event": "finish", "duration_ms": 0.052, "skipped": true, "reason": "no_conflict"}
{"ts": "2026-09-23T03:59:33.978517+00:00", "trace_id": null, "stage": "embed_query", "event": "start", "model": "Qwen/Qwen3-Embedding-0.6B"}
{"ts": "2026-09-23T03:59:34.011375+00:00", "trace_id": null, "stage": "embed_query", "event": "finish", "duration_ms": 32.855, "model": "Qwen/Qwen3-Embedding-0.6B"}
{"ts": "2026-09-23T03:59:34.011436+00:00", "trace_id": null, "stage": "dense", "event": "start"}
{"ts": "2026-09-23T03:59:34.011625+00:00", "trace_id": null, "stage": "dense", "event": "finish", "duration_ms": 0.188, "candidates_out": 20}
{"ts": "2026-09-23T03:59:34.011666+00:00", "trace_id": null, "stage": "lexical", "event": "start"}
{"ts": "2026-09-23T03:59:34.011941+00:00", "trace_id": null, "stage": "lexical", "event": "finish", "duration_ms": 0.274, "candidates_out": 20}
{"ts": "2026-09-23T03:59:34.011994+00:00", "trace_id": null, "stage": "fuse", "event": "start", "candidates_in": 29}
{"ts": "2026-09-23T03:59:34.012063+00:00", "trace_id": null, "stage": "fuse", "event": "finish", "duration_ms": 0.069, "candidates_in": 29, "candidates_out": 19, "top_score": 0.032266458495966696}
{"ts": "2026-09-23T03:59:34.015182+00:00", "trace_id": null, "stage": "gate", "event": "start", "candidates_in": 5}
{"ts": "2026-09-23T03:59:34.015241+00:00", "trace_id": null, "stage": "gate", "event": "finish", "duration_ms": 0.058, "candidates_in": 5, "candidates_out": 5, "top_score": 0.09283516483516482}
{"ts": "2026-09-23T03:59:35.933856+00:00", "trace_id": null, "stage": "gate_form", "event": "start"}
{"ts": "2026-09-23T03:59:35.933983+00:00", "trace_id": null, "stage": "gate_form", "event": "finish", "duration_ms": 0.129}
{"ts": "2026-09-23T03:59:35.934049+00:00", "trace_id": null, "stage": "gate_literal", "event": "start"}
{"ts": "2026-09-23T03:59:35.934326+00:00", "trace_id": null, "stage": "gate_literal", "event": "finish", "duration_ms": 0.278}
{"ts": "2026-09-23T03:59:35.934379+00:00", "trace_id": null, "stage": "gate_entail", "event": "start", "skipped": true, "reason": "no_entailment_model"}
{"ts": "2026-09-23T03:59:35.934434+00:00", "trace_id": null, "stage": "gate_entail", "event": "finish", "duration_ms": 0.054, "degraded": true, "skipped": true, "reason": "no_entailment_model"}
{"ts": "2026-09-23T03:59:35.934486+00:00", "trace_id": null, "stage": "gate_coverage", "event": "start", "coverage": 1.0}
{"ts": "2026-09-23T03:59:35.934538+00:00", "trace_id": null, "stage": "gate_coverage", "event": "finish", "duration_ms": 0.053, "coverage": 1.0}
{"ts": "2026-09-23T03:59:35.934578+00:00", "trace_id": null, "stage": "gate_conflict", "event": "start"}
{"ts": "2026-09-23T03:59:35.934636+00:00", "trace_id": null, "stage": "gate_conflict", "event": "finish", "duration_ms": 0.058, "skipped": true, "reason": "no_conflict"}
{"ts": "2026-09-23T03:59:35.934671+00:00", "trace_id": null, "stage": "embed_query", "event": "start", "model": "Qwen/Qwen3-Embedding-0.6B"}
{"ts": "2026-09-23T03:59:35.971049+00:00", "trace_id": null, "stage": "embed_query", "event": "finish", "duration_ms": 36.374, "model": "Qwen/Qwen3-Embedding-0.6B"}
{"ts": "2026-09-23T03:59:35.971137+00:00", "trace_id": null, "stage": "dense", "event": "start"}
{"ts": "2026-09-23T03:59:35.971372+00:00", "trace_id": null, "stage": "dense", "event": "finish", "duration_ms": 0.234, "candidates_out": 20}
{"ts": "2026-09-23T03:59:35.971416+00:00", "trace_id": null, "stage": "lexical", "event": "start"}
{"ts": "2026-09-23T03:59:35.971753+00:00", "trace_id": null, "stage": "lexical", "event": "finish", "duration_ms": 0.336, "candidates_out": 20}
{"ts": "2026-09-23T03:59:35.971812+00:00", "trace_id": null, "stage": "fuse", "event": "start", "candidates_in": 32}
{"ts": "2026-09-23T03:59:35.971889+00:00", "trace_id": null, "stage": "fuse", "event": "finish", "duration_ms": 0.077, "candidates_in": 32, "candidates_out": 18, "top_score": 0.03278688524590164}
{"ts": "2026-09-23T03:59:35.974784+00:00", "trace_id": null, "stage": "gate", "event": "start", "candidates_in": 5}
{"ts": "2026-09-23T03:59:35.974875+00:00", "trace_id": null, "stage": "gate", "event": "finish", "duration_ms": 0.092, "candidates_in": 5, "candidates_out": 5, "top_score": 0.14065573770491804}
{"ts": "2026-09-23T03:59:37.777588+00:00", "trace_id": null, "stage": "gate_form", "event": "start"}
{"ts": "2026-09-23T03:59:37.777693+00:00", "trace_id": null, "stage": "gate_form", "event": "finish", "duration_ms": 0.107}
{"ts": "2026-09-23T03:59:37.777735+00:00", "trace_id": null, "stage": "gate_literal", "event": "start"}
{"ts": "2026-09-23T03:59:37.777916+00:00", "trace_id": null, "stage": "gate_literal", "event": "finish", "duration_ms": 0.18}
{"ts": "2026-09-23T03:59:37.777964+00:00", "trace_id": null, "stage": "gate_entail", "event": "start", "skipped": true, "reason": "no_entailment_model"}
{"ts": "2026-09-23T03:59:37.778011+00:00", "trace_id": null, "stage": "gate_entail", "event": "finish", "duration_ms": 0.047, "degraded": true, "skipped": true, "reason": "no_entailment_model"}
{"ts": "2026-09-23T03:59:37.778042+00:00", "trace_id": null, "stage": "gate_coverage", "event": "start", "coverage": 1.0}
{"ts": "2026-09-23T03:59:37.778080+00:00", "trace_id": null, "stage": "gate_coverage", "event": "finish", "duration_ms": 0.038, "coverage": 1.0}
{"ts": "2026-09-23T03:59:37.778116+00:00", "trace_id": null, "stage": "gate_conflict", "event": "start"}
{"ts": "2026-09-23T03:59:37.778162+00:00", "trace_id": null, "stage": "gate_conflict", "event": "finish", "duration_ms": 0.046, "skipped": true, "reason": "no_conflict"}
{"ts": "2026-09-23T03:59:37.778190+00:00", "trace_id": null, "stage": "embed_query", "event": "start", "model": "Qwen/Qwen3-Embedding-0.6B"}
{"ts": "2026-09-23T03:59:37.812833+00:00", "trace_id": null, "stage": "embed_query", "event": "finish", "duration_ms": 34.64, "model": "Qwen/Qwen3-Embedding-0.6B"}
{"ts": "2026-09-23T03:59:37.812909+00:00", "trace_id": null, "stage": "dense", "event": "start"}
{"ts": "2026-09-23T03:59:37.813106+00:00", "trace_id": null, "stage": "dense", "event": "finish", "duration_ms": 0.196, "candidates_out": 20}
{"ts": "2026-09-23T03:59:37.813143+00:00", "trace_id": null, "stage": "lexical", "event": "start"}
{"ts": "2026-09-23T03:59:37.813438+00:00", "trace_id": null, "stage": "lexical", "event": "finish", "duration_ms": 0.294, "candidates_out": 20}
{"ts": "2026-09-23T03:59:37.813492+00:00", "trace_id": null, "stage": "fuse", "event": "start", "candidates_in": 33}
{"ts": "2026-09-23T03:59:37.813554+00:00", "trace_id": null, "stage": "fuse", "event": "finish", "duration_ms": 0.062, "candidates_in": 33, "candidates_out": 20, "top_score": 0.03278688524590164}
{"ts": "2026-09-23T03:59:37.820992+00:00", "trace_id": null, "stage": "gate", "event": "start", "candidates_in": 5}
{"ts": "2026-09-23T03:59:37.821054+00:00", "trace_id": null, "stage": "gate", "event": "finish", "duration_ms": 0.063, "candidates_in": 5, "candidates_out": 5, "top_score": 0.14065573770491804}
{"ts": "2026-09-23T03:59:40.146819+00:00", "trace_id": null, "stage": "gate_form", "event": "start"}
{"ts": "2026-09-23T03:59:40.147168+00:00", "trace_id": null, "stage": "gate_form", "event": "finish", "duration_ms": 0.352}
{"ts": "2026-09-23T03:59:40.147233+00:00", "trace_id": null, "stage": "gate_literal", "event": "start"}
{"ts": "2026-09-23T03:59:40.147518+00:00", "trace_id": null, "stage": "gate_literal", "event": "finish", "duration_ms": 0.284}
{"ts": "2026-09-23T03:59:40.147581+00:00", "trace_id": null, "stage": "gate_entail", "event": "start", "skipped": true, "reason": "no_entailment_model"}
{"ts": "2026-09-23T03:59:40.147654+00:00", "trace_id": null, "stage": "gate_entail", "event": "finish", "duration_ms": 0.073, "degraded": true, "skipped": true, "reason": "no_entailment_model"}
{"ts": "2026-09-23T03:59:40.147700+00:00", "trace_id": null, "stage": "gate_coverage", "event": "start", "coverage": 1.0}
{"ts": "2026-09-23T03:59:40.147755+00:00", "trace_id": null, "stage": "gate_coverage", "event": "finish", "duration_ms": 0.053, "coverage": 1.0}
{"ts": "2026-09-23T03:59:40.147815+00:00", "trace_id": null, "stage": "gate_conflict", "event": "start"}
{"ts": "2026-09-23T03:59:40.147890+00:00", "trace_id": null, "stage": "gate_conflict", "event": "finish", "duration_ms": 0.075, "skipped": true, "reason": "no_conflict"}
{"ts": "2026-09-23T03:59:40.147944+00:00", "trace_id": null, "stage": "embed_query", "event": "start", "model": "Qwen/Qwen3-Embedding-0.6B"}
{"ts": "2026-09-23T03:59:40.187137+00:00", "trace_id": null, "stage": "embed_query", "event": "finish", "duration_ms": 39.192, "model": "Qwen/Qwen3-Embedding-0.6B"}
{"ts": "2026-09-23T03:59:40.187224+00:00", "trace_id": null, "stage": "dense", "event": "start"}
{"ts": "2026-09-23T03:59:40.187460+00:00", "trace_id": null, "stage": "dense", "event": "finish", "duration_ms": 0.237, "candidates_out": 20}
{"ts": "2026-09-23T03:59:40.187503+00:00", "trace_id": null, "stage": "lexical", "event": "start"}
{"ts": "2026-09-23T03:59:40.187779+00:00", "trace_id": null, "stage": "lexical", "event": "finish", "duration_ms": 0.276, "candidates_out": 13}
{"ts": "2026-09-23T03:59:40.187832+00:00", "trace_id": null, "stage": "fuse", "event": "start", "candidates_in": 25}
{"ts": "2026-09-23T03:59:40.187905+00:00", "trace_id": null, "stage": "fuse", "event": "finish", "duration_ms": 0.072, "candidates_in": 25, "candidates_out": 19, "top_score": 0.03278688524590164}
{"ts": "2026-09-23T03:59:40.192821+00:00", "trace_id": null, "stage": "gate", "event": "start", "candidates_in": 5}
{"ts": "2026-09-23T03:59:40.192893+00:00", "trace_id": null, "stage": "gate", "event": "finish", "duration_ms": 0.072, "candidates_in": 5, "candidates_out": 5, "top_score": 0.05901639344262295}
{"ts": "2026-09-23T03:59:41.926612+00:00", "trace_id": null, "stage": "gate_form", "event": "start"}
{"ts": "2026-09-23T03:59:41.926762+00:00", "trace_id": null, "stage": "gate_form", "event": "finish", "duration_ms": 0.154}
{"ts": "2026-09-23T03:59:41.926834+00:00", "trace_id": null, "stage": "gate_literal", "event": "start"}
{"ts": "2026-09-23T03:59:41.927085+00:00", "trace_id": null, "stage": "gate_literal", "event": "finish", "duration_ms": 0.25}
{"ts": "2026-09-23T03:59:41.927174+00:00", "trace_id": null, "stage": "gate_entail", "event": "start", "skipped": true, "reason": "no_entailment_model"}
{"ts": "2026-09-23T03:59:41.927263+00:00", "trace_id": null, "stage": "gate_entail", "event": "finish", "duration_ms": 0.091, "degraded": true, "skipped": true, "reason": "no_entailment_model"}
{"ts": "2026-09-23T03:59:41.927329+00:00", "trace_id": null, "stage": "gate_coverage", "event": "start", "coverage": 1.0}
{"ts": "2026-09-23T03:59:41.927401+00:00", "trace_id": null, "stage": "gate_coverage", "event": "finish", "duration_ms": 0.071, "coverage": 1.0}
{"ts": "2026-09-23T03:59:41.927461+00:00", "trace_id": null, "stage": "gate_conflict", "event": "start"}
{"ts": "2026-09-23T03:59:41.927541+00:00", "trace_id": null, "stage": "gate_conflict", "event": "finish", "duration_ms": 0.08, "skipped": true, "reason": "no_conflict"}
{"ts": "2026-09-23T03:59:41.927609+00:00", "trace_id": null, "stage": "embed_query", "event": "start", "model": "Qwen/Qwen3-Embedding-0.6B"}
{"ts": "2026-09-23T03:59:41.968453+00:00", "trace_id": null, "stage": "embed_query", "event": "finish", "duration_ms": 40.843, "model": "Qwen/Qwen3-Embedding-0.6B"}
{"ts": "2026-09-23T03:59:41.968524+00:00", "trace_id": null, "stage": "dense", "event": "start"}
{"ts": "2026-09-23T03:59:41.968807+00:00", "trace_id": null, "stage": "dense", "event": "finish", "duration_ms": 0.283, "candidates_out": 20}
{"ts": "2026-09-23T03:59:41.968849+00:00", "trace_id": null, "stage": "lexical", "event": "start"}
{"ts": "2026-09-23T03:59:41.969203+00:00", "trace_id": null, "stage": "lexical", "event": "finish", "duration_ms": 0.354, "candidates_out": 20}
{"ts": "2026-09-23T03:59:41.969263+00:00", "trace_id": null, "stage": "fuse", "event": "start", "candidates_in": 32}
{"ts": "2026-09-23T03:59:41.969347+00:00", "trace_id": null, "stage": "fuse", "event": "finish", "duration_ms": 0.084, "candidates_in": 32, "candidates_out": 20, "top_score": 0.03278688524590164}
{"ts": "2026-09-23T03:59:41.974087+00:00", "trace_id": null, "stage": "gate", "event": "start", "candidates_in": 5}
{"ts": "2026-09-23T03:59:41.974182+00:00", "trace_id": null, "stage": "gate", "event": "finish", "duration_ms": 0.096, "candidates_in": 5, "candidates_out": 5, "top_score": 0.09737704918032787}
{"ts": "2026-09-23T03:59:43.670401+00:00", "trace_id": null, "stage": "gate_form", "event": "start"}
{"ts": "2026-09-23T03:59:43.670508+00:00", "trace_id": null, "stage": "gate_form", "event": "finish", "duration_ms": 0.111}
{"ts": "2026-09-23T03:59:43.670549+00:00", "trace_id": null, "stage": "gate_literal", "event": "start"}
{"ts": "2026-09-23T03:59:43.670726+00:00", "trace_id": null, "stage": "gate_literal", "event": "finish", "duration_ms": 0.177}
{"ts": "2026-09-23T03:59:43.670771+00:00", "trace_id": null, "stage": "gate_entail", "event": "start", "skipped": true, "reason": "no_entailment_model"}
{"ts": "2026-09-23T03:59:43.670818+00:00", "trace_id": null, "stage": "gate_entail", "event": "finish", "duration_ms": 0.046, "degraded": true, "skipped": true, "reason": "no_entailment_model"}
{"ts": "2026-09-23T03:59:43.670853+00:00", "trace_id": null, "stage": "gate_coverage", "event": "start", "coverage": 1.0}
{"ts": "2026-09-23T03:59:43.670888+00:00", "trace_id": null, "stage": "gate_coverage", "event": "finish", "duration_ms": 0.035, "coverage": 1.0}
{"ts": "2026-09-23T03:59:43.670901+00:00", "trace_id": null, "stage": "gate_conflict", "event": "start"}
{"ts": "2026-09-23T03:59:43.670957+00:00", "trace_id": null, "stage": "gate_conflict", "event": "finish", "duration_ms": 0.055, "skipped": true, "reason": "no_conflict"}
{"ts": "2026-09-23T03:59:43.670985+00:00", "trace_id": null, "stage": "embed_query", "event": "start", "model": "Qwen/Qwen3-Embedding-0.6B"}
{"ts": "2026-09-23T03:59:43.705032+00:00", "trace_id": null, "stage": "embed_query", "event": "finish", "duration_ms": 34.043, "model": "Qwen/Qwen3-Embedding-0.6B"}
{"ts": "2026-09-23T03:59:43.705100+00:00", "trace_id": null, "stage": "dense", "event": "start"}
{"ts": "2026-09-23T03:59:43.705301+00:00", "trace_id": null, "stage": "dense", "event": "finish", "duration_ms": 0.201, "candidates_out": 20}
{"ts": "2026-09-23T03:59:43.705349+00:00", "trace_id": null, "stage": "lexical", "event": "start"}
{"ts": "2026-09-23T03:59:43.705659+00:00", "trace_id": null, "stage": "lexical", "event": "finish", "duration_ms": 0.308, "candidates_out": 20}
{"ts": "2026-09-23T03:59:43.705721+00:00", "trace_id": null, "stage": "fuse", "event": "start", "candidates_in": 33}
{"ts": "2026-09-23T03:59:43.705792+00:00", "trace_id": null, "stage": "fuse", "event": "finish", "duration_ms": 0.071, "candidates_in": 33, "candidates_out": 22, "top_score": 0.03278688524590164}
{"ts": "2026-09-23T03:59:43.711918+00:00", "trace_id": null, "stage": "gate", "event": "start", "candidates_in": 5}
{"ts": "2026-09-23T03:59:43.712001+00:00", "trace_id": null, "stage": "gate", "event": "finish", "duration_ms": 0.084, "candidates_in": 5, "candidates_out": 5, "top_score": 0.05901639344262295}
{"ts": "2026-09-23T03:59:45.691319+00:00", "trace_id": null, "stage": "gate_form", "event": "start"}
{"ts": "2026-09-23T03:59:45.691443+00:00", "trace_id": null, "stage": "gate_form", "event": "finish", "duration_ms": 0.127}
{"ts": "2026-09-23T03:59:45.691496+00:00", "trace_id": null, "stage": "gate_literal", "event": "start"}
{"ts": "2026-09-23T03:59:45.691657+00:00", "trace_id": null, "stage": "gate_literal", "event": "finish", "duration_ms": 0.161}
{"ts": "2026-09-23T03:59:45.691713+00:00", "trace_id": null, "stage": "gate_entail", "event": "start", "skipped": true, "reason": "no_entailment_model"}
{"ts": "2026-09-23T03:59:45.691783+00:00", "trace_id": null, "stage": "gate_entail", "event": "finish", "duration_ms": 0.067, "degraded": true, "skipped": true, "reason": "no_entailment_model"}
{"ts": "2026-09-23T03:59:45.691848+00:00", "trace_id": null, "stage": "gate_coverage", "event": "start", "coverage": 1.0}
{"ts": "2026-09-23T03:59:45.691921+00:00", "trace_id": null, "stage": "gate_coverage", "event": "finish", "duration_ms": 0.073, "coverage": 1.0}
{"ts": "2026-09-23T03:59:45.691946+00:00", "trace_id": null, "stage": "gate_conflict", "event": "start"}
{"ts": "2026-09-23T03:59:45.692009+00:00", "trace_id": null, "stage": "gate_conflict", "event": "finish", "duration_ms": 0.062, "skipped": true, "reason": "no_conflict"}
{"ts": "2026-09-23T03:59:45.692091+00:00", "trace_id": null, "stage": "embed_query", "event": "start", "model": "Qwen/Qwen3-Embedding-0.6B"}
{"ts": "2026-09-23T03:59:45.729811+00:00", "trace_id": null, "stage": "embed_query", "event": "finish", "duration_ms": 37.717, "model": "Qwen/Qwen3-Embedding-0.6B"}
{"ts": "2026-09-23T03:59:45.729973+00:00", "trace_id": null, "stage": "dense", "event": "start"}
{"ts": "2026-09-23T03:59:45.730288+00:00", "trace_id": null, "stage": "dense", "event": "finish", "duration_ms": 0.325, "candidates_out": 20}
{"ts": "2026-09-23T03:59:45.730348+00:00", "trace_id": null, "stage": "lexical", "event": "start"}
{"ts": "2026-09-23T03:59:45.730690+00:00", "trace_id": null, "stage": "lexical", "event": "finish", "duration_ms": 0.342, "candidates_out": 20}
{"ts": "2026-09-23T03:59:45.730747+00:00", "trace_id": null, "stage": "fuse", "event": "start", "candidates_in": 35}
{"ts": "2026-09-23T03:59:45.730834+00:00", "trace_id": null, "stage": "fuse", "event": "finish", "duration_ms": 0.087, "candidates_in": 35, "candidates_out": 22, "top_score": 0.032266458495966696}
{"ts": "2026-09-23T03:59:45.733762+00:00", "trace_id": null, "stage": "gate", "event": "start", "candidates_in": 5}
{"ts": "2026-09-23T03:59:45.733837+00:00", "trace_id": null, "stage": "gate", "event": "finish", "duration_ms": 0.075, "candidates_in": 5, "candidates_out": 5, "top_score": 0.09583138173302108}
{"ts": "2026-09-23T03:59:46.810162+00:00", "trace_id": null, "stage": "gate_form", "event": "start"}
{"ts": "2026-09-23T03:59:46.810378+00:00", "trace_id": null, "stage": "gate_form", "event": "finish", "duration_ms": 0.22}
{"ts": "2026-09-23T03:59:46.810446+00:00", "trace_id": null, "stage": "gate_literal", "event": "start"}
{"ts": "2026-09-23T03:59:46.810648+00:00", "trace_id": null, "stage": "gate_literal", "event": "finish", "duration_ms": 0.203}
{"ts": "2026-09-23T03:59:46.810695+00:00", "trace_id": null, "stage": "gate_entail", "event": "start", "skipped": true, "reason": "no_entailment_model"}
{"ts": "2026-09-23T03:59:46.810755+00:00", "trace_id": null, "stage": "gate_entail", "event": "finish", "duration_ms": 0.06, "degraded": true, "skipped": true, "reason": "no_entailment_model"}
{"ts": "2026-09-23T03:59:46.810798+00:00", "trace_id": null, "stage": "gate_coverage", "event": "start", "coverage": 1.0}
{"ts": "2026-09-23T03:59:46.810853+00:00", "trace_id": null, "stage": "gate_coverage", "event": "finish", "duration_ms": 0.056, "coverage": 1.0}
{"ts": "2026-09-23T03:59:46.810892+00:00", "trace_id": null, "stage": "gate_conflict", "event": "start"}
{"ts": "2026-09-23T03:59:46.810960+00:00", "trace_id": null, "stage": "gate_conflict", "event": "finish", "duration_ms": 0.067, "skipped": true, "reason": "no_conflict"}
{"ts": "2026-09-23T03:59:46.811017+00:00", "trace_id": null, "stage": "embed_query", "event": "start", "model": "Qwen/Qwen3-Embedding-0.6B"}
{"ts": "2026-09-23T03:59:46.844918+00:00", "trace_id": null, "stage": "embed_query", "event": "finish", "duration_ms": 33.897, "model": "Qwen/Qwen3-Embedding-0.6B"}
{"ts": "2026-09-23T03:59:46.845042+00:00", "trace_id": null, "stage": "dense", "event": "start"}
{"ts": "2026-09-23T03:59:46.845414+00:00", "trace_id": null, "stage": "dense", "event": "finish", "duration_ms": 0.37, "candidates_out": 20}
{"ts": "2026-09-23T03:59:46.845503+00:00", "trace_id": null, "stage": "lexical", "event": "start"}
{"ts": "2026-09-23T03:59:46.846053+00:00", "trace_id": null, "stage": "lexical", "event": "finish", "duration_ms": 0.55, "candidates_out": 20}
{"ts": "2026-09-23T03:59:46.846143+00:00", "trace_id": null, "stage": "fuse", "event": "start", "candidates_in": 36}
{"ts": "2026-09-23T03:59:46.846272+00:00", "trace_id": null, "stage": "fuse", "event": "finish", "duration_ms": 0.129, "candidates_in": 36, "candidates_out": 25, "top_score": 0.03252247488101534}
{"ts": "2026-09-23T03:59:46.856987+00:00", "trace_id": null, "stage": "gate", "event": "start", "candidates_in": 5}
{"ts": "2026-09-23T03:59:46.857089+00:00", "trace_id": null, "stage": "gate", "event": "finish", "duration_ms": 0.103, "candidates_in": 5, "candidates_out": 5, "top_score": 0.05854045478582761}
{"ts": "2026-09-23T03:59:48.650404+00:00", "trace_id": null, "stage": "gate_form", "event": "start"}
{"ts": "2026-09-23T03:59:48.650507+00:00", "trace_id": null, "stage": "gate_form", "event": "finish", "duration_ms": 0.105}
{"ts": "2026-09-23T03:59:48.650552+00:00", "trace_id": null, "stage": "gate_literal", "event": "start"}
{"ts": "2026-09-23T03:59:48.650669+00:00", "trace_id": null, "stage": "gate_literal", "event": "finish", "duration_ms": 0.116}
{"ts": "2026-09-23T03:59:48.650715+00:00", "trace_id": null, "stage": "gate_entail", "event": "start", "skipped": true, "reason": "no_entailment_model"}
{"ts": "2026-09-23T03:59:48.650762+00:00", "trace_id": null, "stage": "gate_entail", "event": "finish", "duration_ms": 0.047, "degraded": true, "skipped": true, "reason": "no_entailment_model"}
{"ts": "2026-09-23T03:59:48.650799+00:00", "trace_id": null, "stage": "gate_coverage", "event": "start", "coverage": 1.0}
{"ts": "2026-09-23T03:59:48.650836+00:00", "trace_id": null, "stage": "gate_coverage", "event": "finish", "duration_ms": 0.038, "coverage": 1.0}
{"ts": "2026-09-23T03:59:48.650850+00:00", "trace_id": null, "stage": "gate_conflict", "event": "start"}
{"ts": "2026-09-23T03:59:48.650898+00:00", "trace_id": null, "stage": "gate_conflict", "event": "finish", "duration_ms": 0.047, "skipped": true, "reason": "no_conflict"}
{"ts": "2026-09-23T03:59:48.650950+00:00", "trace_id": null, "stage": "embed_query", "event": "start", "model": "Qwen/Qwen3-Embedding-0.6B"}
{"ts": "2026-09-23T03:59:48.684959+00:00", "trace_id": null, "stage": "embed_query", "event": "finish", "duration_ms": 34.006, "model": "Qwen/Qwen3-Embedding-0.6B"}
{"ts": "2026-09-23T03:59:48.685041+00:00", "trace_id": null, "stage": "dense", "event": "start"}
{"ts": "2026-09-23T03:59:48.685251+00:00", "trace_id": null, "stage": "dense", "event": "finish", "duration_ms": 0.21, "candidates_out": 20}
{"ts": "2026-09-23T03:59:48.685291+00:00", "trace_id": null, "stage": "lexical", "event": "start"}
{"ts": "2026-09-23T03:59:48.685575+00:00", "trace_id": null, "stage": "lexical", "event": "finish", "duration_ms": 0.283, "candidates_out": 20}
{"ts": "2026-09-23T03:59:48.685629+00:00", "trace_id": null, "stage": "fuse", "event": "start", "candidates_in": 32}
{"ts": "2026-09-23T03:59:48.685694+00:00", "trace_id": null, "stage": "fuse", "event": "finish", "duration_ms": 0.065, "candidates_in": 32, "candidates_out": 22, "top_score": 0.03278688524590164}
{"ts": "2026-09-23T03:59:48.689130+00:00", "trace_id": null, "stage": "gate", "event": "start", "candidates_in": 5}
{"ts": "2026-09-23T03:59:48.689179+00:00", "trace_id": null, "stage": "gate", "event": "finish", "duration_ms": 0.05, "candidates_in": 5, "candidates_out": 5, "top_score": 0.09737704918032787}
{"ts": "2026-09-23T03:59:51.063108+00:00", "trace_id": null, "stage": "gate_form", "event": "start"}
{"ts": "2026-09-23T03:59:51.063234+00:00", "trace_id": null, "stage": "gate_form", "event": "finish", "duration_ms": 0.129}
{"ts": "2026-09-23T03:59:51.063287+00:00", "trace_id": null, "stage": "gate_literal", "event": "start"}
{"ts": "2026-09-23T03:59:51.063558+00:00", "trace_id": null, "stage": "gate_literal", "event": "finish", "duration_ms": 0.27}
{"ts": "2026-09-23T03:59:51.063621+00:00", "trace_id": null, "stage": "gate_entail", "event": "start", "skipped": true, "reason": "no_entailment_model"}
{"ts": "2026-09-23T03:59:51.063683+00:00", "trace_id": null, "stage": "gate_entail", "event": "finish", "duration_ms": 0.062, "degraded": true, "skipped": true, "reason": "no_entailment_model"}
{"ts": "2026-09-23T03:59:51.063729+00:00", "trace_id": null, "stage": "gate_coverage", "event": "start", "coverage": 1.0}
{"ts": "2026-09-23T03:59:51.063780+00:00", "trace_id": null, "stage": "gate_coverage", "event": "finish", "duration_ms": 0.05, "coverage": 1.0}
{"ts": "2026-09-23T03:59:51.063822+00:00", "trace_id": null, "stage": "gate_conflict", "event": "start"}
{"ts": "2026-09-23T03:59:51.063876+00:00", "trace_id": null, "stage": "gate_conflict", "event": "finish", "duration_ms": 0.053, "skipped": true, "reason": "no_conflict"}
{"ts": "2026-09-23T03:59:51.063911+00:00", "trace_id": null, "stage": "embed_query", "event": "start", "model": "Qwen/Qwen3-Embedding-0.6B"}
{"ts": "2026-09-23T03:59:51.122346+00:00", "trace_id": null, "stage": "embed_query", "event": "finish", "duration_ms": 58.431, "model": "Qwen/Qwen3-Embedding-0.6B"}
{"ts": "2026-09-23T03:59:51.122473+00:00", "trace_id": null, "stage": "dense", "event": "start"}
{"ts": "2026-09-23T03:59:51.122724+00:00", "trace_id": null, "stage": "dense", "event": "finish", "duration_ms": 0.251, "candidates_out": 20}
{"ts": "2026-09-23T03:59:51.122762+00:00", "trace_id": null, "stage": "lexical", "event": "start"}
{"ts": "2026-09-23T03:59:51.123109+00:00", "trace_id": null, "stage": "lexical", "event": "finish", "duration_ms": 0.346, "candidates_out": 20}
{"ts": "2026-09-23T03:59:51.123170+00:00", "trace_id": null, "stage": "fuse", "event": "start", "candidates_in": 32}
{"ts": "2026-09-23T03:59:51.123253+00:00", "trace_id": null, "stage": "fuse", "event": "finish", "duration_ms": 0.083, "candidates_in": 32, "candidates_out": 22, "top_score": 0.03252247488101534}
{"ts": "2026-09-23T03:59:51.128571+00:00", "trace_id": null, "stage": "gate", "event": "start", "candidates_in": 5}
{"ts": "2026-09-23T03:59:51.128652+00:00", "trace_id": null, "stage": "gate", "event": "finish", "duration_ms": 0.082, "candidates_in": 5, "candidates_out": 5, "top_score": 0.09659175039661555}
{"ts": "2026-09-23T03:59:53.095394+00:00", "trace_id": null, "stage": "gate_form", "event": "start"}
{"ts": "2026-09-23T03:59:53.095534+00:00", "trace_id": null, "stage": "gate_form", "event": "finish", "duration_ms": 0.144}
{"ts": "2026-09-23T03:59:53.095592+00:00", "trace_id": null, "stage": "gate_literal", "event": "start"}
{"ts": "2026-09-23T03:59:53.095705+00:00", "trace_id": null, "stage": "gate_literal", "event": "finish", "duration_ms": 0.113}
{"ts": "2026-09-23T03:59:53.095744+00:00", "trace_id": null, "stage": "gate_entail", "event": "start", "skipped": true, "reason": "no_entailment_model"}
{"ts": "2026-09-23T03:59:53.095789+00:00", "trace_id": null, "stage": "gate_entail", "event": "finish", "duration_ms": 0.045, "degraded": true, "skipped": true, "reason": "no_entailment_model"}
{"ts": "2026-09-23T03:59:53.095808+00:00", "trace_id": null, "stage": "gate_coverage", "event": "start", "coverage": 1.0}
{"ts": "2026-09-23T03:59:53.095848+00:00", "trace_id": null, "stage": "gate_coverage", "event": "finish", "duration_ms": 0.039, "coverage": 1.0}
{"ts": "2026-09-23T03:59:53.095893+00:00", "trace_id": null, "stage": "gate_conflict", "event": "start"}
{"ts": "2026-09-23T03:59:53.095949+00:00", "trace_id": null, "stage": "gate_conflict", "event": "finish", "duration_ms": 0.057, "skipped": true, "reason": "no_conflict"}
{"ts": "2026-09-23T03:59:53.095991+00:00", "trace_id": null, "stage": "embed_query", "event": "start", "model": "Qwen/Qwen3-Embedding-0.6B"}
{"ts": "2026-09-23T03:59:53.174977+00:00", "trace_id": null, "stage": "embed_query", "event": "finish", "duration_ms": 78.945, "model": "Qwen/Qwen3-Embedding-0.6B"}
{"ts": "2026-09-23T03:59:53.175247+00:00", "trace_id": null, "stage": "dense", "event": "start"}
{"ts": "2026-09-23T03:59:53.175566+00:00", "trace_id": null, "stage": "dense", "event": "finish", "duration_ms": 0.321, "candidates_out": 20}
{"ts": "2026-09-23T03:59:53.175638+00:00", "trace_id": null, "stage": "lexical", "event": "start"}
{"ts": "2026-09-23T03:59:53.176024+00:00", "trace_id": null, "stage": "lexical", "event": "finish", "duration_ms": 0.385, "candidates_out": 20}
{"ts": "2026-09-23T03:59:53.176097+00:00", "trace_id": null, "stage": "fuse", "event": "start", "candidates_in": 23}
{"ts": "2026-09-23T03:59:53.176169+00:00", "trace_id": null, "stage": "fuse", "event": "finish", "duration_ms": 0.071, "candidates_in": 23, "candidates_out": 18, "top_score": 0.032266458495966696}
{"ts": "2026-09-23T03:59:53.180078+00:00", "trace_id": null, "stage": "gate", "event": "start", "candidates_in": 5}
{"ts": "2026-09-23T03:59:53.180164+00:00", "trace_id": null, "stage": "gate", "event": "finish", "duration_ms": 0.087, "candidates_in": 5, "candidates_out": 5, "top_score": 0.05239415322580645}
{"ts": "2026-09-23T03:59:56.460712+00:00", "trace_id": null, "stage": "gate_form", "event": "start"}
{"ts": "2026-09-23T03:59:56.460908+00:00", "trace_id": null, "stage": "gate_form", "event": "finish", "duration_ms": 0.194}
{"ts": "2026-09-23T03:59:56.460983+00:00", "trace_id": null, "stage": "gate_literal", "event": "start"}
{"ts": "2026-09-23T03:59:56.461421+00:00", "trace_id": null, "stage": "gate_literal", "event": "finish", "duration_ms": 0.44}
{"ts": "2026-09-23T03:59:56.461480+00:00", "trace_id": null, "stage": "gate_entail", "event": "start", "skipped": true, "reason": "no_entailment_model"}
{"ts": "2026-09-23T03:59:56.461568+00:00", "trace_id": null, "stage": "gate_entail", "event": "finish", "duration_ms": 0.085, "degraded": true, "skipped": true, "reason": "no_entailment_model"}
{"ts": "2026-09-23T03:59:56.461651+00:00", "trace_id": null, "stage": "gate_coverage", "event": "start", "coverage": 1.0}
{"ts": "2026-09-23T03:59:56.461755+00:00", "trace_id": null, "stage": "gate_coverage", "event": "finish", "duration_ms": 0.105, "coverage": 1.0}
{"ts": "2026-09-23T03:59:56.461819+00:00", "trace_id": null, "stage": "gate_conflict", "event": "start"}
{"ts": "2026-09-23T03:59:56.461915+00:00", "trace_id": null, "stage": "gate_conflict", "event": "finish", "duration_ms": 0.092, "skipped": true, "reason": "no_conflict"}
{"ts": "2026-09-23T03:59:56.462030+00:00", "trace_id": null, "stage": "embed_query", "event": "start", "model": "Qwen/Qwen3-Embedding-0.6B"}
{"ts": "2026-09-23T03:59:56.536479+00:00", "trace_id": null, "stage": "embed_query", "event": "finish", "duration_ms": 74.447, "model": "Qwen/Qwen3-Embedding-0.6B"}
{"ts": "2026-09-23T03:59:56.536554+00:00", "trace_id": null, "stage": "dense", "event": "start"}
{"ts": "2026-09-23T03:59:56.536791+00:00", "trace_id": null, "stage": "dense", "event": "finish", "duration_ms": 0.237, "candidates_out": 20}
{"ts": "2026-09-23T03:59:56.536834+00:00", "trace_id": null, "stage": "lexical", "event": "start"}
{"ts": "2026-09-23T03:59:56.537197+00:00", "trace_id": null, "stage": "lexical", "event": "finish", "duration_ms": 0.363, "candidates_out": 20}
{"ts": "2026-09-23T03:59:56.537248+00:00", "trace_id": null, "stage": "fuse", "event": "start", "candidates_in": 31}
{"ts": "2026-09-23T03:59:56.537371+00:00", "trace_id": null, "stage": "fuse", "event": "finish", "duration_ms": 0.121, "candidates_in": 31, "candidates_out": 22, "top_score": 0.03177805800756621}
{"ts": "2026-09-23T03:59:56.545251+00:00", "trace_id": null, "stage": "gate", "event": "start", "candidates_in": 5}
{"ts": "2026-09-23T03:59:56.545338+00:00", "trace_id": null, "stage": "gate", "event": "finish", "duration_ms": 0.089, "candidates_in": 5, "candidates_out": 5, "top_score": 0.03177805800756621}
{"ts": "2026-09-23T03:59:58.529033+00:00", "trace_id": null, "stage": "gate_form", "event": "start"}
{"ts": "2026-09-23T03:59:58.529306+00:00", "trace_id": null, "stage": "gate_form", "event": "finish", "duration_ms": 0.27}
{"ts": "2026-09-23T03:59:58.529423+00:00", "trace_id": null, "stage": "gate_literal", "event": "start"}
{"ts": "2026-09-23T03:59:58.529702+00:00", "trace_id": null, "stage": "gate_literal", "event": "finish", "duration_ms": 0.28}
{"ts": "2026-09-23T03:59:58.529805+00:00", "trace_id": null, "stage": "gate_entail", "event": "start", "skipped": true, "reason": "no_entailment_model"}
{"ts": "2026-09-23T03:59:58.529913+00:00", "trace_id": null, "stage": "gate_entail", "event": "finish", "duration_ms": 0.109, "degraded": true, "skipped": true, "reason": "no_entailment_model"}
{"ts": "2026-09-23T03:59:58.529983+00:00", "trace_id": null, "stage": "gate_coverage", "event": "start", "coverage": 1.0}
{"ts": "2026-09-23T03:59:58.530066+00:00", "trace_id": null, "stage": "gate_coverage", "event": "finish", "duration_ms": 0.082, "coverage": 1.0}
{"ts": "2026-09-23T03:59:58.530131+00:00", "trace_id": null, "stage": "gate_conflict", "event": "start"}
{"ts": "2026-09-23T03:59:58.530220+00:00", "trace_id": null, "stage": "gate_conflict", "event": "finish", "duration_ms": 0.088, "skipped": true, "reason": "no_conflict"}
{"ts": "2026-09-23T03:59:58.530290+00:00", "trace_id": null, "stage": "embed_query", "event": "start", "model": "Qwen/Qwen3-Embedding-0.6B"}
{"ts": "2026-09-23T03:59:58.582403+00:00", "trace_id": null, "stage": "embed_query", "event": "finish", "duration_ms": 52.11, "model": "Qwen/Qwen3-Embedding-0.6B"}
{"ts": "2026-09-23T03:59:58.582484+00:00", "trace_id": null, "stage": "dense", "event": "start"}
{"ts": "2026-09-23T03:59:58.582750+00:00", "trace_id": null, "stage": "dense", "event": "finish", "duration_ms": 0.266, "candidates_out": 20}
{"ts": "2026-09-23T03:59:58.582792+00:00", "trace_id": null, "stage": "lexical", "event": "start"}
{"ts": "2026-09-23T03:59:58.583191+00:00", "trace_id": null, "stage": "lexical", "event": "finish", "duration_ms": 0.398, "candidates_out": 20}
{"ts": "2026-09-23T03:59:58.583256+00:00", "trace_id": null, "stage": "fuse", "event": "start", "candidates_in": 34}
{"ts": "2026-09-23T03:59:58.583340+00:00", "trace_id": null, "stage": "fuse", "event": "finish", "duration_ms": 0.084, "candidates_in": 34, "candidates_out": 24, "top_score": 0.03252247488101534}
{"ts": "2026-09-23T03:59:58.590472+00:00", "trace_id": null, "stage": "gate", "event": "start", "candidates_in": 5}
{"ts": "2026-09-23T03:59:58.590569+00:00", "trace_id": null, "stage": "gate", "event": "finish", "duration_ms": 0.098, "candidates_in": 5, "candidates_out": 5, "top_score": 0.053662083553675306}
{"ts": "2026-09-23T04:00:00.737151+00:00", "trace_id": null, "stage": "gate_form", "event": "start"}
{"ts": "2026-09-23T04:00:00.737257+00:00", "trace_id": null, "stage": "gate_form", "event": "finish", "duration_ms": 0.108}
{"ts": "2026-09-23T04:00:00.737312+00:00", "trace_id": null, "stage": "gate_literal", "event": "start"}
{"ts": "2026-09-23T04:00:00.737512+00:00", "trace_id": null, "stage": "gate_literal", "event": "finish", "duration_ms": 0.2}
{"ts": "2026-09-23T04:00:00.737552+00:00", "trace_id": null, "stage": "gate_entail", "event": "start", "skipped": true, "reason": "no_entailment_model"}
{"ts": "2026-09-23T04:00:00.737596+00:00", "trace_id": null, "stage": "gate_entail", "event": "finish", "duration_ms": 0.043, "degraded": true, "skipped": true, "reason": "no_entailment_model"}
{"ts": "2026-09-23T04:00:00.737620+00:00", "trace_id": null, "stage": "gate_coverage", "event": "start", "coverage": 1.0}
{"ts": "2026-09-23T04:00:00.737658+00:00", "trace_id": null, "stage": "gate_coverage", "event": "finish", "duration_ms": 0.039, "coverage": 1.0}
{"ts": "2026-09-23T04:00:00.737674+00:00", "trace_id": null, "stage": "gate_conflict", "event": "start"}
{"ts": "2026-09-23T04:00:00.737724+00:00", "trace_id": null, "stage": "gate_conflict", "event": "finish", "duration_ms": 0.05, "skipped": true, "reason": "no_conflict"}
... 80/122 abstain=2
{"ts": "2026-09-23T04:00:00.737789+00:00", "trace_id": null, "stage": "embed_query", "event": "start", "model": "Qwen/Qwen3-Embedding-0.6B"}
{"ts": "2026-09-23T04:00:00.792371+00:00", "trace_id": null, "stage": "embed_query", "event": "finish", "duration_ms": 54.578, "model": "Qwen/Qwen3-Embedding-0.6B"}
{"ts": "2026-09-23T04:00:00.792475+00:00", "trace_id": null, "stage": "dense", "event": "start"}
{"ts": "2026-09-23T04:00:00.792722+00:00", "trace_id": null, "stage": "dense", "event": "finish", "duration_ms": 0.247, "candidates_out": 20}
{"ts": "2026-09-23T04:00:00.792777+00:00", "trace_id": null, "stage": "lexical", "event": "start"}
{"ts": "2026-09-23T04:00:00.793145+00:00", "trace_id": null, "stage": "lexical", "event": "finish", "duration_ms": 0.369, "candidates_out": 20}
{"ts": "2026-09-23T04:00:00.793207+00:00", "trace_id": null, "stage": "fuse", "event": "start", "candidates_in": 32}
{"ts": "2026-09-23T04:00:00.793294+00:00", "trace_id": null, "stage": "fuse", "event": "finish", "duration_ms": 0.087, "candidates_in": 32, "candidates_out": 25, "top_score": 0.03252247488101534}
{"ts": "2026-09-23T04:00:00.798916+00:00", "trace_id": null, "stage": "gate", "event": "start", "candidates_in": 5}
{"ts": "2026-09-23T04:00:00.799001+00:00", "trace_id": null, "stage": "gate", "event": "finish", "duration_ms": 0.086, "candidates_in": 5, "candidates_out": 5, "top_score": 0.05854045478582761}
{"ts": "2026-09-23T04:00:02.460527+00:00", "trace_id": null, "stage": "gate_form", "event": "start"}
{"ts": "2026-09-23T04:00:02.460641+00:00", "trace_id": null, "stage": "gate_form", "event": "finish", "duration_ms": 0.117}
{"ts": "2026-09-23T04:00:02.460687+00:00", "trace_id": null, "stage": "gate_literal", "event": "start"}
{"ts": "2026-09-23T04:00:02.460815+00:00", "trace_id": null, "stage": "gate_literal", "event": "finish", "duration_ms": 0.129}
{"ts": "2026-09-23T04:00:02.460862+00:00", "trace_id": null, "stage": "gate_entail", "event": "start", "skipped": true, "reason": "no_entailment_model"}
{"ts": "2026-09-23T04:00:02.460906+00:00", "trace_id": null, "stage": "gate_entail", "event": "finish", "duration_ms": 0.045, "degraded": true, "skipped": true, "reason": "no_entailment_model"}
{"ts": "2026-09-23T04:00:02.460940+00:00", "trace_id": null, "stage": "gate_coverage", "event": "start", "coverage": 1.0}
{"ts": "2026-09-23T04:00:02.460975+00:00", "trace_id": null, "stage": "gate_coverage", "event": "finish", "duration_ms": 0.035, "coverage": 1.0}
{"ts": "2026-09-23T04:00:02.460992+00:00", "trace_id": null, "stage": "gate_conflict", "event": "start"}
{"ts": "2026-09-23T04:00:02.461060+00:00", "trace_id": null, "stage": "gate_conflict", "event": "finish", "duration_ms": 0.066, "skipped": true, "reason": "no_conflict"}
{"ts": "2026-09-23T04:00:02.461111+00:00", "trace_id": null, "stage": "embed_query", "event": "start", "model": "Qwen/Qwen3-Embedding-0.6B"}
{"ts": "2026-09-23T04:00:02.525703+00:00", "trace_id": null, "stage": "embed_query", "event": "finish", "duration_ms": 64.584, "model": "Qwen/Qwen3-Embedding-0.6B"}
{"ts": "2026-09-23T04:00:02.525863+00:00", "trace_id": null, "stage": "dense", "event": "start"}
{"ts": "2026-09-23T04:00:02.526128+00:00", "trace_id": null, "stage": "dense", "event": "finish", "duration_ms": 0.265, "candidates_out": 20}
{"ts": "2026-09-23T04:00:02.526173+00:00", "trace_id": null, "stage": "lexical", "event": "start"}
{"ts": "2026-09-23T04:00:02.526576+00:00", "trace_id": null, "stage": "lexical", "event": "finish", "duration_ms": 0.402, "candidates_out": 20}
{"ts": "2026-09-23T04:00:02.526644+00:00", "trace_id": null, "stage": "fuse", "event": "start", "candidates_in": 30}
{"ts": "2026-09-23T04:00:02.526734+00:00", "trace_id": null, "stage": "fuse", "event": "finish", "duration_ms": 0.09, "candidates_in": 30, "candidates_out": 20, "top_score": 0.03252247488101534}
{"ts": "2026-09-23T04:00:02.529912+00:00", "trace_id": null, "stage": "gate", "event": "start", "candidates_in": 5}
{"ts": "2026-09-23T04:00:02.529987+00:00", "trace_id": null, "stage": "gate", "event": "finish", "duration_ms": 0.074, "candidates_in": 5, "candidates_out": 5, "top_score": 0.09209855769230768}
{"ts": "2026-09-23T04:00:04.021094+00:00", "trace_id": null, "stage": "gate_form", "event": "start"}
{"ts": "2026-09-23T04:00:04.021232+00:00", "trace_id": null, "stage": "gate_form", "event": "finish", "duration_ms": 0.143}
{"ts": "2026-09-23T04:00:04.021294+00:00", "trace_id": null, "stage": "gate_literal", "event": "start"}
{"ts": "2026-09-23T04:00:04.021496+00:00", "trace_id": null, "stage": "gate_literal", "event": "finish", "duration_ms": 0.201}
{"ts": "2026-09-23T04:00:04.021562+00:00", "trace_id": null, "stage": "gate_entail", "event": "start", "skipped": true, "reason": "no_entailment_model"}
{"ts": "2026-09-23T04:00:04.021633+00:00", "trace_id": null, "stage": "gate_entail", "event": "finish", "duration_ms": 0.072, "degraded": true, "skipped": true, "reason": "no_entailment_model"}
{"ts": "2026-09-23T04:00:04.021679+00:00", "trace_id": null, "stage": "gate_coverage", "event": "start", "coverage": 1.0}
{"ts": "2026-09-23T04:00:04.021733+00:00", "trace_id": null, "stage": "gate_coverage", "event": "finish", "duration_ms": 0.054, "coverage": 1.0}
{"ts": "2026-09-23T04:00:04.021779+00:00", "trace_id": null, "stage": "gate_conflict", "event": "start"}
{"ts": "2026-09-23T04:00:04.021848+00:00", "trace_id": null, "stage": "gate_conflict", "event": "finish", "duration_ms": 0.068, "skipped": true, "reason": "no_conflict"}
{"ts": "2026-09-23T04:00:04.021885+00:00", "trace_id": null, "stage": "embed_query", "event": "start", "model": "Qwen/Qwen3-Embedding-0.6B"}
{"ts": "2026-09-23T04:00:04.063266+00:00", "trace_id": null, "stage": "embed_query", "event": "finish", "duration_ms": 41.378, "model": "Qwen/Qwen3-Embedding-0.6B"}
{"ts": "2026-09-23T04:00:04.063357+00:00", "trace_id": null, "stage": "dense", "event": "start"}
{"ts": "2026-09-23T04:00:04.063595+00:00", "trace_id": null, "stage": "dense", "event": "finish", "duration_ms": 0.237, "candidates_out": 20}
{"ts": "2026-09-23T04:00:04.063635+00:00", "trace_id": null, "stage": "lexical", "event": "start"}
{"ts": "2026-09-23T04:00:04.064056+00:00", "trace_id": null, "stage": "lexical", "event": "finish", "duration_ms": 0.42, "candidates_out": 20}
{"ts": "2026-09-23T04:00:04.064115+00:00", "trace_id": null, "stage": "fuse", "event": "start", "candidates_in": 30}
{"ts": "2026-09-23T04:00:04.064209+00:00", "trace_id": null, "stage": "fuse", "event": "finish", "duration_ms": 0.091, "candidates_in": 30, "candidates_out": 21, "top_score": 0.03131881575727918}
{"ts": "2026-09-23T04:00:04.069686+00:00", "trace_id": null, "stage": "gate", "event": "start", "candidates_in": 5}
{"ts": "2026-09-23T04:00:04.069762+00:00", "trace_id": null, "stage": "gate", "event": "finish", "duration_ms": 0.077, "candidates_in": 5, "candidates_out": 5, "top_score": 0.08142892096892586}
{"ts": "2026-09-23T04:00:05.164886+00:00", "trace_id": null, "stage": "gate_form", "event": "start"}
{"ts": "2026-09-23T04:00:05.164991+00:00", "trace_id": null, "stage": "gate_form", "event": "finish", "duration_ms": 0.108}
{"ts": "2026-09-23T04:00:05.165036+00:00", "trace_id": null, "stage": "gate_literal", "event": "start", "skipped": true, "reason": "declined"}
{"ts": "2026-09-23T04:00:05.165082+00:00", "trace_id": null, "stage": "gate_literal", "event": "finish", "duration_ms": 0.045, "skipped": true, "reason": "declined"}
{"ts": "2026-09-23T04:00:05.165131+00:00", "trace_id": null, "stage": "gate_conflict", "event": "start"}
{"ts": "2026-09-23T04:00:05.165189+00:00", "trace_id": null, "stage": "gate_conflict", "event": "finish", "duration_ms": 0.057, "skipped": true, "reason": "no_conflict"}
ABSTAIN multi-002 reason=declined raw='The documents do not say.'
{"ts": "2026-09-23T04:00:05.165977+00:00", "trace_id": null, "stage": "embed_query", "event": "start", "model": "Qwen/Qwen3-Embedding-0.6B"}
{"ts": "2026-09-23T04:00:05.189707+00:00", "trace_id": null, "stage": "embed_query", "event": "finish", "duration_ms": 23.728, "model": "Qwen/Qwen3-Embedding-0.6B"}
{"ts": "2026-09-23T04:00:05.189805+00:00", "trace_id": null, "stage": "dense", "event": "start"}
{"ts": "2026-09-23T04:00:05.189996+00:00", "trace_id": null, "stage": "dense", "event": "finish", "duration_ms": 0.192, "candidates_out": 20}
{"ts": "2026-09-23T04:00:05.190030+00:00", "trace_id": null, "stage": "lexical", "event": "start"}
{"ts": "2026-09-23T04:00:05.190315+00:00", "trace_id": null, "stage": "lexical", "event": "finish", "duration_ms": 0.283, "candidates_out": 20}
{"ts": "2026-09-23T04:00:05.190371+00:00", "trace_id": null, "stage": "fuse", "event": "start", "candidates_in": 30}
{"ts": "2026-09-23T04:00:05.190442+00:00", "trace_id": null, "stage": "fuse", "event": "finish", "duration_ms": 0.07, "candidates_in": 30, "candidates_out": 24, "top_score": 0.032018442622950824}
{"ts": "2026-09-23T04:00:05.194541+00:00", "trace_id": null, "stage": "gate", "event": "start", "candidates_in": 5}
{"ts": "2026-09-23T04:00:05.194612+00:00", "trace_id": null, "stage": "gate", "event": "finish", "duration_ms": 0.068, "candidates_in": 5, "candidates_out": 5, "top_score": 0.16009221311475413}
{"ts": "2026-09-23T04:00:05.725475+00:00", "trace_id": null, "stage": "gate_form", "event": "start"}
{"ts": "2026-09-23T04:00:05.725626+00:00", "trace_id": null, "stage": "gate_form", "event": "finish", "duration_ms": 0.154}
{"ts": "2026-09-23T04:00:05.725667+00:00", "trace_id": null, "stage": "gate_literal", "event": "start"}
{"ts": "2026-09-23T04:00:05.725725+00:00", "trace_id": null, "stage": "gate_literal", "event": "finish", "duration_ms": 0.057}
{"ts": "2026-09-23T04:00:05.725770+00:00", "trace_id": null, "stage": "gate_entail", "event": "start", "skipped": true, "reason": "no_entailment_model"}
{"ts": "2026-09-23T04:00:05.725818+00:00", "trace_id": null, "stage": "gate_entail", "event": "finish", "duration_ms": 0.046, "degraded": true, "skipped": true, "reason": "no_entailment_model"}
{"ts": "2026-09-23T04:00:05.725865+00:00", "trace_id": null, "stage": "gate_coverage", "event": "start", "coverage": 1.0}
{"ts": "2026-09-23T04:00:05.725908+00:00", "trace_id": null, "stage": "gate_coverage", "event": "finish", "duration_ms": 0.043, "coverage": 1.0}
{"ts": "2026-09-23T04:00:05.725938+00:00", "trace_id": null, "stage": "gate_conflict", "event": "start"}
{"ts": "2026-09-23T04:00:05.725980+00:00", "trace_id": null, "stage": "gate_conflict", "event": "finish", "duration_ms": 0.041, "skipped": true, "reason": "no_conflict"}
{"ts": "2026-09-23T04:00:05.726020+00:00", "trace_id": null, "stage": "embed_query", "event": "start", "model": "Qwen/Qwen3-Embedding-0.6B"}
{"ts": "2026-09-23T04:00:05.754735+00:00", "trace_id": null, "stage": "embed_query", "event": "finish", "duration_ms": 28.713, "model": "Qwen/Qwen3-Embedding-0.6B"}
{"ts": "2026-09-23T04:00:05.754802+00:00", "trace_id": null, "stage": "dense", "event": "start"}
{"ts": "2026-09-23T04:00:05.754989+00:00", "trace_id": null, "stage": "dense", "event": "finish", "duration_ms": 0.187, "candidates_out": 20}
{"ts": "2026-09-23T04:00:05.755011+00:00", "trace_id": null, "stage": "lexical", "event": "start"}
{"ts": "2026-09-23T04:00:05.755296+00:00", "trace_id": null, "stage": "lexical", "event": "finish", "duration_ms": 0.284, "candidates_out": 19}
{"ts": "2026-09-23T04:00:05.755348+00:00", "trace_id": null, "stage": "fuse", "event": "start", "candidates_in": 33}
{"ts": "2026-09-23T04:00:05.755417+00:00", "trace_id": null, "stage": "fuse", "event": "finish", "duration_ms": 0.069, "candidates_in": 33, "candidates_out": 29, "top_score": 0.03278688524590164}
{"ts": "2026-09-23T04:00:05.764704+00:00", "trace_id": null, "stage": "gate", "event": "start", "candidates_in": 5}
{"ts": "2026-09-23T04:00:05.764793+00:00", "trace_id": null, "stage": "gate", "event": "finish", "duration_ms": 0.09, "candidates_in": 5, "candidates_out": 5, "top_score": 0.11147540983606559}
{"ts": "2026-09-23T04:00:08.982356+00:00", "trace_id": null, "stage": "gate_form", "event": "start"}
{"ts": "2026-09-23T04:00:08.982521+00:00", "trace_id": null, "stage": "gate_form", "event": "finish", "duration_ms": 0.177}
{"ts": "2026-09-23T04:00:08.982578+00:00", "trace_id": null, "stage": "gate_literal", "event": "start", "skipped": true, "reason": "declined"}
{"ts": "2026-09-23T04:00:08.982639+00:00", "trace_id": null, "stage": "gate_literal", "event": "finish", "duration_ms": 0.059, "skipped": true, "reason": "declined"}
{"ts": "2026-09-23T04:00:08.982701+00:00", "trace_id": null, "stage": "gate_conflict", "event": "start"}
{"ts": "2026-09-23T04:00:08.982798+00:00", "trace_id": null, "stage": "gate_conflict", "event": "finish", "duration_ms": 0.095, "skipped": true, "reason": "no_conflict"}
ABSTAIN multi-004 reason=declined raw='The document that cites PPN 06/21 is the Carbon_Reduction_Plan.pdf. The rooftop solar capacity of 75 KWp is mentioned in the Water_Managemen'
{"ts": "2026-09-23T04:00:08.982902+00:00", "trace_id": null, "stage": "embed_query", "event": "start", "model": "Qwen/Qwen3-Embedding-0.6B"}
{"ts": "2026-09-23T04:00:09.026661+00:00", "trace_id": null, "stage": "embed_query", "event": "finish", "duration_ms": 43.757, "model": "Qwen/Qwen3-Embedding-0.6B"}
{"ts": "2026-09-23T04:00:09.026733+00:00", "trace_id": null, "stage": "dense", "event": "start"}
{"ts": "2026-09-23T04:00:09.027013+00:00", "trace_id": null, "stage": "dense", "event": "finish", "duration_ms": 0.28, "candidates_out": 20}
{"ts": "2026-09-23T04:00:09.027053+00:00", "trace_id": null, "stage": "lexical", "event": "start"}
{"ts": "2026-09-23T04:00:09.027435+00:00", "trace_id": null, "stage": "lexical", "event": "finish", "duration_ms": 0.381, "candidates_out": 20}
{"ts": "2026-09-23T04:00:09.027489+00:00", "trace_id": null, "stage": "fuse", "event": "start", "candidates_in": 34}
{"ts": "2026-09-23T04:00:09.027567+00:00", "trace_id": null, "stage": "fuse", "event": "finish", "duration_ms": 0.078, "candidates_in": 34, "candidates_out": 25, "top_score": 0.032266458495966696}
{"ts": "2026-09-23T04:00:09.034756+00:00", "trace_id": null, "stage": "gate", "event": "start", "candidates_in": 5}
{"ts": "2026-09-23T04:00:09.034855+00:00", "trace_id": null, "stage": "gate", "event": "finish", "duration_ms": 0.1, "candidates_in": 5, "candidates_out": 5, "top_score": 0.032266458495966696}
{"ts": "2026-09-23T04:00:11.574304+00:00", "trace_id": null, "stage": "gate_form", "event": "start"}
{"ts": "2026-09-23T04:00:11.574445+00:00", "trace_id": null, "stage": "gate_form", "event": "finish", "duration_ms": 0.146}
{"ts": "2026-09-23T04:00:11.574508+00:00", "trace_id": null, "stage": "gate_literal", "event": "start"}
{"ts": "2026-09-23T04:00:11.574705+00:00", "trace_id": null, "stage": "gate_literal", "event": "finish", "duration_ms": 0.196}
{"ts": "2026-09-23T04:00:11.574778+00:00", "trace_id": null, "stage": "gate_entail", "event": "start", "skipped": true, "reason": "no_entailment_model"}
{"ts": "2026-09-23T04:00:11.574857+00:00", "trace_id": null, "stage": "gate_entail", "event": "finish", "duration_ms": 0.079, "degraded": true, "skipped": true, "reason": "no_entailment_model"}
{"ts": "2026-09-23T04:00:11.574907+00:00", "trace_id": null, "stage": "gate_coverage", "event": "start", "coverage": 1.0}
{"ts": "2026-09-23T04:00:11.574969+00:00", "trace_id": null, "stage": "gate_coverage", "event": "finish", "duration_ms": 0.061, "coverage": 1.0}
{"ts": "2026-09-23T04:00:11.575020+00:00", "trace_id": null, "stage": "gate_conflict", "event": "start"}
{"ts": "2026-09-23T04:00:11.575089+00:00", "trace_id": null, "stage": "gate_conflict", "event": "finish", "duration_ms": 0.069, "skipped": true, "reason": "no_conflict"}
{"ts": "2026-09-23T04:00:11.575158+00:00", "trace_id": null, "stage": "embed_query", "event": "start", "model": "Qwen/Qwen3-Embedding-0.6B"}
{"ts": "2026-09-23T04:00:11.619560+00:00", "trace_id": null, "stage": "embed_query", "event": "finish", "duration_ms": 44.4, "model": "Qwen/Qwen3-Embedding-0.6B"}
{"ts": "2026-09-23T04:00:11.619696+00:00", "trace_id": null, "stage": "dense", "event": "start"}
{"ts": "2026-09-23T04:00:11.619910+00:00", "trace_id": null, "stage": "dense", "event": "finish", "duration_ms": 0.214, "candidates_out": 20}
{"ts": "2026-09-23T04:00:11.619950+00:00", "trace_id": null, "stage": "lexical", "event": "start"}
{"ts": "2026-09-23T04:00:11.620304+00:00", "trace_id": null, "stage": "lexical", "event": "finish", "duration_ms": 0.354, "candidates_out": 20}
{"ts": "2026-09-23T04:00:11.620334+00:00", "trace_id": null, "stage": "fuse", "event": "start", "candidates_in": 33}
{"ts": "2026-09-23T04:00:11.620452+00:00", "trace_id": null, "stage": "fuse", "event": "finish", "duration_ms": 0.117, "candidates_in": 33, "candidates_out": 23, "top_score": 0.03252247488101534}
{"ts": "2026-09-23T04:00:11.627313+00:00", "trace_id": null, "stage": "gate", "event": "start", "candidates_in": 5}
{"ts": "2026-09-23T04:00:11.627416+00:00", "trace_id": null, "stage": "gate", "event": "finish", "duration_ms": 0.104, "candidates_in": 5, "candidates_out": 5, "top_score": 0.05854045478582761}
{"ts": "2026-09-23T04:00:13.940282+00:00", "trace_id": null, "stage": "gate_form", "event": "start"}
{"ts": "2026-09-23T04:00:13.940405+00:00", "trace_id": null, "stage": "gate_form", "event": "finish", "duration_ms": 0.127}
{"ts": "2026-09-23T04:00:13.940457+00:00", "trace_id": null, "stage": "gate_literal", "event": "start"}
{"ts": "2026-09-23T04:00:13.940585+00:00", "trace_id": null, "stage": "gate_literal", "event": "finish", "duration_ms": 0.128}
{"ts": "2026-09-23T04:00:13.940643+00:00", "trace_id": null, "stage": "gate_entail", "event": "start", "skipped": true, "reason": "no_entailment_model"}
{"ts": "2026-09-23T04:00:13.940707+00:00", "trace_id": null, "stage": "gate_entail", "event": "finish", "duration_ms": 0.062, "degraded": true, "skipped": true, "reason": "no_entailment_model"}
{"ts": "2026-09-23T04:00:13.940764+00:00", "trace_id": null, "stage": "gate_coverage", "event": "start", "coverage": 1.0}
{"ts": "2026-09-23T04:00:13.940823+00:00", "trace_id": null, "stage": "gate_coverage", "event": "finish", "duration_ms": 0.059, "coverage": 1.0}
{"ts": "2026-09-23T04:00:13.940847+00:00", "trace_id": null, "stage": "gate_conflict", "event": "start"}
{"ts": "2026-09-23T04:00:13.940909+00:00", "trace_id": null, "stage": "gate_conflict", "event": "finish", "duration_ms": 0.061, "skipped": true, "reason": "no_conflict"}
{"ts": "2026-09-23T04:00:13.940979+00:00", "trace_id": null, "stage": "embed_query", "event": "start", "model": "Qwen/Qwen3-Embedding-0.6B"}
{"ts": "2026-09-23T04:00:14.003012+00:00", "trace_id": null, "stage": "embed_query", "event": "finish", "duration_ms": 62.03, "model": "Qwen/Qwen3-Embedding-0.6B"}
{"ts": "2026-09-23T04:00:14.003089+00:00", "trace_id": null, "stage": "dense", "event": "start"}
{"ts": "2026-09-23T04:00:14.003290+00:00", "trace_id": null, "stage": "dense", "event": "finish", "duration_ms": 0.2, "candidates_out": 20}
{"ts": "2026-09-23T04:00:14.003331+00:00", "trace_id": null, "stage": "lexical", "event": "start"}
{"ts": "2026-09-23T04:00:14.003634+00:00", "trace_id": null, "stage": "lexical", "event": "finish", "duration_ms": 0.302, "candidates_out": 20}
{"ts": "2026-09-23T04:00:14.003692+00:00", "trace_id": null, "stage": "fuse", "event": "start", "candidates_in": 31}
{"ts": "2026-09-23T04:00:14.003760+00:00", "trace_id": null, "stage": "fuse", "event": "finish", "duration_ms": 0.067, "candidates_in": 31, "candidates_out": 18, "top_score": 0.03278688524590164}
{"ts": "2026-09-23T04:00:14.007204+00:00", "trace_id": null, "stage": "gate", "event": "start", "candidates_in": 5}
{"ts": "2026-09-23T04:00:14.007290+00:00", "trace_id": null, "stage": "gate", "event": "finish", "duration_ms": 0.087, "candidates_in": 5, "candidates_out": 5, "top_score": 0.05901639344262295}
{"ts": "2026-09-23T04:00:15.202567+00:00", "trace_id": null, "stage": "gate_form", "event": "start"}
{"ts": "2026-09-23T04:00:15.202668+00:00", "trace_id": null, "stage": "gate_form", "event": "finish", "duration_ms": 0.105}
{"ts": "2026-09-23T04:00:15.202710+00:00", "trace_id": null, "stage": "gate_literal", "event": "start"}
{"ts": "2026-09-23T04:00:15.202792+00:00", "trace_id": null, "stage": "gate_literal", "event": "finish", "duration_ms": 0.081}
{"ts": "2026-09-23T04:00:15.202838+00:00", "trace_id": null, "stage": "gate_entail", "event": "start", "skipped": true, "reason": "no_entailment_model"}
{"ts": "2026-09-23T04:00:15.202892+00:00", "trace_id": null, "stage": "gate_entail", "event": "finish", "duration_ms": 0.054, "degraded": true, "skipped": true, "reason": "no_entailment_model"}
{"ts": "2026-09-23T04:00:15.202933+00:00", "trace_id": null, "stage": "gate_coverage", "event": "start", "coverage": 1.0}
{"ts": "2026-09-23T04:00:15.202965+00:00", "trace_id": null, "stage": "gate_coverage", "event": "finish", "duration_ms": 0.033, "coverage": 1.0}
{"ts": "2026-09-23T04:00:15.202979+00:00", "trace_id": null, "stage": "gate_conflict", "event": "start"}
{"ts": "2026-09-23T04:00:15.203043+00:00", "trace_id": null, "stage": "gate_conflict", "event": "finish", "duration_ms": 0.061, "skipped": true, "reason": "no_conflict"}
{"ts": "2026-09-23T04:00:15.203101+00:00", "trace_id": null, "stage": "embed_query", "event": "start", "model": "Qwen/Qwen3-Embedding-0.6B"}
{"ts": "2026-09-23T04:00:15.238751+00:00", "trace_id": null, "stage": "embed_query", "event": "finish", "duration_ms": 35.648, "model": "Qwen/Qwen3-Embedding-0.6B"}
{"ts": "2026-09-23T04:00:15.238813+00:00", "trace_id": null, "stage": "dense", "event": "start"}
{"ts": "2026-09-23T04:00:15.238998+00:00", "trace_id": null, "stage": "dense", "event": "finish", "duration_ms": 0.184, "candidates_out": 20}
{"ts": "2026-09-23T04:00:15.239036+00:00", "trace_id": null, "stage": "lexical", "event": "start"}
{"ts": "2026-09-23T04:00:15.239404+00:00", "trace_id": null, "stage": "lexical", "event": "finish", "duration_ms": 0.368, "candidates_out": 20}
{"ts": "2026-09-23T04:00:15.239438+00:00", "trace_id": null, "stage": "fuse", "event": "start", "candidates_in": 28}
{"ts": "2026-09-23T04:00:15.239515+00:00", "trace_id": null, "stage": "fuse", "event": "finish", "duration_ms": 0.076, "candidates_in": 28, "candidates_out": 19, "top_score": 0.03278688524590164}
{"ts": "2026-09-23T04:00:15.244442+00:00", "trace_id": null, "stage": "gate", "event": "start", "candidates_in": 5}
{"ts": "2026-09-23T04:00:15.244506+00:00", "trace_id": null, "stage": "gate", "event": "finish", "duration_ms": 0.063, "candidates_in": 5, "candidates_out": 5, "top_score": 0.04545608108108108}
{"ts": "2026-09-23T04:00:17.021616+00:00", "trace_id": null, "stage": "gate_form", "event": "start"}
{"ts": "2026-09-23T04:00:17.021716+00:00", "trace_id": null, "stage": "gate_form", "event": "finish", "duration_ms": 0.104}
{"ts": "2026-09-23T04:00:17.021758+00:00", "trace_id": null, "stage": "gate_literal", "event": "start"}
{"ts": "2026-09-23T04:00:17.021862+00:00", "trace_id": null, "stage": "gate_literal", "event": "finish", "duration_ms": 0.103}
{"ts": "2026-09-23T04:00:17.021910+00:00", "trace_id": null, "stage": "gate_entail", "event": "start", "skipped": true, "reason": "no_entailment_model"}
{"ts": "2026-09-23T04:00:17.021953+00:00", "trace_id": null, "stage": "gate_entail", "event": "finish", "duration_ms": 0.043, "degraded": true, "skipped": true, "reason": "no_entailment_model"}
{"ts": "2026-09-23T04:00:17.021971+00:00", "trace_id": null, "stage": "gate_coverage", "event": "start", "coverage": 1.0}
{"ts": "2026-09-23T04:00:17.022010+00:00", "trace_id": null, "stage": "gate_coverage", "event": "finish", "duration_ms": 0.038, "coverage": 1.0}
{"ts": "2026-09-23T04:00:17.022030+00:00", "trace_id": null, "stage": "gate_conflict", "event": "start"}
{"ts": "2026-09-23T04:00:17.022079+00:00", "trace_id": null, "stage": "gate_conflict", "event": "finish", "duration_ms": 0.048, "skipped": true, "reason": "no_conflict"}
{"ts": "2026-09-23T04:00:17.022107+00:00", "trace_id": null, "stage": "embed_query", "event": "start", "model": "Qwen/Qwen3-Embedding-0.6B"}
{"ts": "2026-09-23T04:00:17.074929+00:00", "trace_id": null, "stage": "embed_query", "event": "finish", "duration_ms": 52.819, "model": "Qwen/Qwen3-Embedding-0.6B"}
{"ts": "2026-09-23T04:00:17.075006+00:00", "trace_id": null, "stage": "dense", "event": "start"}
{"ts": "2026-09-23T04:00:17.075197+00:00", "trace_id": null, "stage": "dense", "event": "finish", "duration_ms": 0.191, "candidates_out": 20}
{"ts": "2026-09-23T04:00:17.075237+00:00", "trace_id": null, "stage": "lexical", "event": "start"}
{"ts": "2026-09-23T04:00:17.075562+00:00", "trace_id": null, "stage": "lexical", "event": "finish", "duration_ms": 0.324, "candidates_out": 20}
{"ts": "2026-09-23T04:00:17.075616+00:00", "trace_id": null, "stage": "fuse", "event": "start", "candidates_in": 34}
{"ts": "2026-09-23T04:00:17.075688+00:00", "trace_id": null, "stage": "fuse", "event": "finish", "duration_ms": 0.071, "candidates_in": 34, "candidates_out": 23, "top_score": 0.032266458495966696}
{"ts": "2026-09-23T04:00:17.083553+00:00", "trace_id": null, "stage": "gate", "event": "start", "candidates_in": 5}
{"ts": "2026-09-23T04:00:17.083640+00:00", "trace_id": null, "stage": "gate", "event": "finish", "duration_ms": 0.088, "candidates_in": 5, "candidates_out": 5, "top_score": 0.055119214586255266}
{"ts": "2026-09-23T04:00:19.254062+00:00", "trace_id": null, "stage": "gate_form", "event": "start"}
{"ts": "2026-09-23T04:00:19.254355+00:00", "trace_id": null, "stage": "gate_form", "event": "finish", "duration_ms": 0.296}
{"ts": "2026-09-23T04:00:19.254396+00:00", "trace_id": null, "stage": "gate_literal", "event": "start"}
{"ts": "2026-09-23T04:00:19.254479+00:00", "trace_id": null, "stage": "gate_literal", "event": "finish", "duration_ms": 0.082}
{"ts": "2026-09-23T04:00:19.254525+00:00", "trace_id": null, "stage": "gate_conflict", "event": "start"}
{"ts": "2026-09-23T04:00:19.254579+00:00", "trace_id": null, "stage": "gate_conflict", "event": "finish", "duration_ms": 0.053, "skipped": true, "reason": "no_conflict"}
ABSTAIN multi-009 reason=unsupported_figure raw='10 October 2025 [1]'
{"ts": "2026-09-23T04:00:19.254628+00:00", "trace_id": null, "stage": "embed_query", "event": "start", "model": "Qwen/Qwen3-Embedding-0.6B"}
{"ts": "2026-09-23T04:00:19.293832+00:00", "trace_id": null, "stage": "embed_query", "event": "finish", "duration_ms": 39.2, "model": "Qwen/Qwen3-Embedding-0.6B"}
{"ts": "2026-09-23T04:00:19.293908+00:00", "trace_id": null, "stage": "dense", "event": "start"}
{"ts": "2026-09-23T04:00:19.294103+00:00", "trace_id": null, "stage": "dense", "event": "finish", "duration_ms": 0.194, "candidates_out": 20}
{"ts": "2026-09-23T04:00:19.294137+00:00", "trace_id": null, "stage": "lexical", "event": "start"}
{"ts": "2026-09-23T04:00:19.294472+00:00", "trace_id": null, "stage": "lexical", "event": "finish", "duration_ms": 0.334, "candidates_out": 20}
{"ts": "2026-09-23T04:00:19.294528+00:00", "trace_id": null, "stage": "fuse", "event": "start", "candidates_in": 30}
{"ts": "2026-09-23T04:00:19.294596+00:00", "trace_id": null, "stage": "fuse", "event": "finish", "duration_ms": 0.068, "candidates_in": 30, "candidates_out": 21, "top_score": 0.03252247488101534}
{"ts": "2026-09-23T04:00:19.300157+00:00", "trace_id": null, "stage": "gate", "event": "start", "candidates_in": 5}
{"ts": "2026-09-23T04:00:19.300254+00:00", "trace_id": null, "stage": "gate", "event": "finish", "duration_ms": 0.099, "candidates_in": 5, "candidates_out": 5, "top_score": 0.08455843469063988}
{"ts": "2026-09-23T04:00:21.612539+00:00", "trace_id": null, "stage": "gate_form", "event": "start"}
{"ts": "2026-09-23T04:00:21.612659+00:00", "trace_id": null, "stage": "gate_form", "event": "finish", "duration_ms": 0.123}
{"ts": "2026-09-23T04:00:21.612709+00:00", "trace_id": null, "stage": "gate_literal", "event": "start"}
{"ts": "2026-09-23T04:00:21.612881+00:00", "trace_id": null, "stage": "gate_literal", "event": "finish", "duration_ms": 0.172}
{"ts": "2026-09-23T04:00:21.612936+00:00", "trace_id": null, "stage": "gate_entail", "event": "start", "skipped": true, "reason": "no_entailment_model"}
{"ts": "2026-09-23T04:00:21.613004+00:00", "trace_id": null, "stage": "gate_entail", "event": "finish", "duration_ms": 0.066, "degraded": true, "skipped": true, "reason": "no_entailment_model"}
{"ts": "2026-09-23T04:00:21.613065+00:00", "trace_id": null, "stage": "gate_coverage", "event": "start", "coverage": 1.0}
{"ts": "2026-09-23T04:00:21.613128+00:00", "trace_id": null, "stage": "gate_coverage", "event": "finish", "duration_ms": 0.064, "coverage": 1.0}
{"ts": "2026-09-23T04:00:21.613153+00:00", "trace_id": null, "stage": "gate_conflict", "event": "start"}
{"ts": "2026-09-23T04:00:21.613218+00:00", "trace_id": null, "stage": "gate_conflict", "event": "finish", "duration_ms": 0.065, "skipped": true, "reason": "no_conflict"}
{"ts": "2026-09-23T04:00:21.613292+00:00", "trace_id": null, "stage": "embed_query", "event": "start", "model": "Qwen/Qwen3-Embedding-0.6B"}
{"ts": "2026-09-23T04:00:21.664533+00:00", "trace_id": null, "stage": "embed_query", "event": "finish", "duration_ms": 51.239, "model": "Qwen/Qwen3-Embedding-0.6B"}
{"ts": "2026-09-23T04:00:21.664603+00:00", "trace_id": null, "stage": "dense", "event": "start"}
{"ts": "2026-09-23T04:00:21.664853+00:00", "trace_id": null, "stage": "dense", "event": "finish", "duration_ms": 0.25, "candidates_out": 20}
{"ts": "2026-09-23T04:00:21.664899+00:00", "trace_id": null, "stage": "lexical", "event": "start"}
{"ts": "2026-09-23T04:00:21.665296+00:00", "trace_id": null, "stage": "lexical", "event": "finish", "duration_ms": 0.397, "candidates_out": 20}
{"ts": "2026-09-23T04:00:21.665344+00:00", "trace_id": null, "stage": "fuse", "event": "start", "candidates_in": 32}
{"ts": "2026-09-23T04:00:21.665413+00:00", "trace_id": null, "stage": "fuse", "event": "finish", "duration_ms": 0.068, "candidates_in": 32, "candidates_out": 22, "top_score": 0.03278688524590164}
{"ts": "2026-09-23T04:00:21.672678+00:00", "trace_id": null, "stage": "gate", "event": "start", "candidates_in": 5}
{"ts": "2026-09-23T04:00:21.672818+00:00", "trace_id": null, "stage": "gate", "event": "finish", "duration_ms": 0.141, "candidates_in": 5, "candidates_out": 5, "top_score": 0.09737704918032787}
{"ts": "2026-09-23T04:00:23.935818+00:00", "trace_id": null, "stage": "gate_form", "event": "start"}
{"ts": "2026-09-23T04:00:23.935960+00:00", "trace_id": null, "stage": "gate_form", "event": "finish", "duration_ms": 0.145}
{"ts": "2026-09-23T04:00:23.936035+00:00", "trace_id": null, "stage": "gate_literal", "event": "start", "skipped": true, "reason": "form_failed"}
{"ts": "2026-09-23T04:00:23.936108+00:00", "trace_id": null, "stage": "gate_literal", "event": "finish", "duration_ms": 0.074, "skipped": true, "reason": "form_failed"}
{"ts": "2026-09-23T04:00:23.936154+00:00", "trace_id": null, "stage": "gate_conflict", "event": "start"}
{"ts": "2026-09-23T04:00:23.936283+00:00", "trace_id": null, "stage": "gate_conflict", "event": "finish", "duration_ms": 0.129, "reason": "version_conflict"}
{"ts": "2026-09-23T04:00:23.936350+00:00", "trace_id": null, "stage": "embed_query", "event": "start", "model": "Qwen/Qwen3-Embedding-0.6B"}
{"ts": "2026-09-23T04:00:23.989378+00:00", "trace_id": null, "stage": "embed_query", "event": "finish", "duration_ms": 53.026, "model": "Qwen/Qwen3-Embedding-0.6B"}
{"ts": "2026-09-23T04:00:23.989455+00:00", "trace_id": null, "stage": "dense", "event": "start"}
{"ts": "2026-09-23T04:00:23.989680+00:00", "trace_id": null, "stage": "dense", "event": "finish", "duration_ms": 0.225, "candidates_out": 20}
{"ts": "2026-09-23T04:00:23.989718+00:00", "trace_id": null, "stage": "lexical", "event": "start"}
{"ts": "2026-09-23T04:00:23.990123+00:00", "trace_id": null, "stage": "lexical", "event": "finish", "duration_ms": 0.404, "candidates_out": 20}
{"ts": "2026-09-23T04:00:23.990181+00:00", "trace_id": null, "stage": "fuse", "event": "start", "candidates_in": 34}
{"ts": "2026-09-23T04:00:23.990263+00:00", "trace_id": null, "stage": "fuse", "event": "finish", "duration_ms": 0.081, "candidates_in": 34, "candidates_out": 27, "top_score": 0.03278688524590164}
{"ts": "2026-09-23T04:00:23.998694+00:00", "trace_id": null, "stage": "gate", "event": "start", "candidates_in": 5}
{"ts": "2026-09-23T04:00:23.998796+00:00", "trace_id": null, "stage": "gate", "event": "finish", "duration_ms": 0.101, "candidates_in": 5, "candidates_out": 5, "top_score": 0.2401967213114754}
{"ts": "2026-09-23T04:00:25.238627+00:00", "trace_id": null, "stage": "gate_form", "event": "start"}
{"ts": "2026-09-23T04:00:25.238738+00:00", "trace_id": null, "stage": "gate_form", "event": "finish", "duration_ms": 0.114}
{"ts": "2026-09-23T04:00:25.238788+00:00", "trace_id": null, "stage": "gate_literal", "event": "start"}
{"ts": "2026-09-23T04:00:25.238854+00:00", "trace_id": null, "stage": "gate_literal", "event": "finish", "duration_ms": 0.066}
{"ts": "2026-09-23T04:00:25.238899+00:00", "trace_id": null, "stage": "gate_entail", "event": "start", "skipped": true, "reason": "no_entailment_model"}
{"ts": "2026-09-23T04:00:25.238944+00:00", "trace_id": null, "stage": "gate_entail", "event": "finish", "duration_ms": 0.045, "degraded": true, "skipped": true, "reason": "no_entailment_model"}
{"ts": "2026-09-23T04:00:25.238981+00:00", "trace_id": null, "stage": "gate_coverage", "event": "start", "coverage": 1.0}
{"ts": "2026-09-23T04:00:25.239013+00:00", "trace_id": null, "stage": "gate_coverage", "event": "finish", "duration_ms": 0.033, "coverage": 1.0}
{"ts": "2026-09-23T04:00:25.239027+00:00", "trace_id": null, "stage": "gate_conflict", "event": "start"}
{"ts": "2026-09-23T04:00:25.239097+00:00", "trace_id": null, "stage": "gate_conflict", "event": "finish", "duration_ms": 0.064, "skipped": true, "reason": "no_conflict"}
{"ts": "2026-09-23T04:00:25.239121+00:00", "trace_id": null, "stage": "embed_query", "event": "start", "model": "Qwen/Qwen3-Embedding-0.6B"}
{"ts": "2026-09-23T04:00:25.273899+00:00", "trace_id": null, "stage": "embed_query", "event": "finish", "duration_ms": 34.774, "model": "Qwen/Qwen3-Embedding-0.6B"}
{"ts": "2026-09-23T04:00:25.273959+00:00", "trace_id": null, "stage": "dense", "event": "start"}
{"ts": "2026-09-23T04:00:25.274151+00:00", "trace_id": null, "stage": "dense", "event": "finish", "duration_ms": 0.192, "candidates_out": 20}
{"ts": "2026-09-23T04:00:25.274185+00:00", "trace_id": null, "stage": "lexical", "event": "start"}
{"ts": "2026-09-23T04:00:25.274517+00:00", "trace_id": null, "stage": "lexical", "event": "finish", "duration_ms": 0.33, "candidates_out": 20}
{"ts": "2026-09-23T04:00:25.274570+00:00", "trace_id": null, "stage": "fuse", "event": "start", "candidates_in": 34}
{"ts": "2026-09-23T04:00:25.274635+00:00", "trace_id": null, "stage": "fuse", "event": "finish", "duration_ms": 0.064, "candidates_in": 34, "candidates_out": 20, "top_score": 0.03278688524590164}
{"ts": "2026-09-23T04:00:25.279916+00:00", "trace_id": null, "stage": "gate", "event": "start", "candidates_in": 5}
{"ts": "2026-09-23T04:00:25.279973+00:00", "trace_id": null, "stage": "gate", "event": "finish", "duration_ms": 0.056, "candidates_in": 5, "candidates_out": 5, "top_score": 0.09737704918032787}
{"ts": "2026-09-23T04:00:26.475920+00:00", "trace_id": null, "stage": "gate_form", "event": "start"}
{"ts": "2026-09-23T04:00:26.476295+00:00", "trace_id": null, "stage": "gate_form", "event": "finish", "duration_ms": 0.38}
{"ts": "2026-09-23T04:00:26.476369+00:00", "trace_id": null, "stage": "gate_literal", "event": "start"}
{"ts": "2026-09-23T04:00:26.476589+00:00", "trace_id": null, "stage": "gate_literal", "event": "finish", "duration_ms": 0.22}
{"ts": "2026-09-23T04:00:26.476657+00:00", "trace_id": null, "stage": "gate_entail", "event": "start", "skipped": true, "reason": "no_entailment_model"}
{"ts": "2026-09-23T04:00:26.476727+00:00", "trace_id": null, "stage": "gate_entail", "event": "finish", "duration_ms": 0.071, "degraded": true, "skipped": true, "reason": "no_entailment_model"}
{"ts": "2026-09-23T04:00:26.476771+00:00", "trace_id": null, "stage": "gate_coverage", "event": "start", "coverage": 1.0}
{"ts": "2026-09-23T04:00:26.476825+00:00", "trace_id": null, "stage": "gate_coverage", "event": "finish", "duration_ms": 0.055, "coverage": 1.0}
{"ts": "2026-09-23T04:00:26.476863+00:00", "trace_id": null, "stage": "gate_conflict", "event": "start"}
{"ts": "2026-09-23T04:00:26.476935+00:00", "trace_id": null, "stage": "gate_conflict", "event": "finish", "duration_ms": 0.072, "skipped": true, "reason": "no_conflict"}
{"ts": "2026-09-23T04:00:26.476989+00:00", "trace_id": null, "stage": "embed_query", "event": "start", "model": "Qwen/Qwen3-Embedding-0.6B"}
{"ts": "2026-09-23T04:00:26.529045+00:00", "trace_id": null, "stage": "embed_query", "event": "finish", "duration_ms": 52.052, "model": "Qwen/Qwen3-Embedding-0.6B"}
{"ts": "2026-09-23T04:00:26.529149+00:00", "trace_id": null, "stage": "dense", "event": "start"}
{"ts": "2026-09-23T04:00:26.529431+00:00", "trace_id": null, "stage": "dense", "event": "finish", "duration_ms": 0.282, "candidates_out": 20}
{"ts": "2026-09-23T04:00:26.529503+00:00", "trace_id": null, "stage": "lexical", "event": "start"}
{"ts": "2026-09-23T04:00:26.530148+00:00", "trace_id": null, "stage": "lexical", "event": "finish", "duration_ms": 0.647, "candidates_out": 20}
{"ts": "2026-09-23T04:00:26.530200+00:00", "trace_id": null, "stage": "fuse", "event": "start", "candidates_in": 33}
{"ts": "2026-09-23T04:00:26.530343+00:00", "trace_id": null, "stage": "fuse", "event": "finish", "duration_ms": 0.143, "candidates_in": 33, "candidates_out": 24, "top_score": 0.03278688524590164}
{"ts": "2026-09-23T04:00:26.538988+00:00", "trace_id": null, "stage": "gate", "event": "start", "candidates_in": 5}
{"ts": "2026-09-23T04:00:26.539083+00:00", "trace_id": null, "stage": "gate", "event": "finish", "duration_ms": 0.097, "candidates_in": 5, "candidates_out": 5, "top_score": 0.03278688524590164}
{"ts": "2026-09-23T04:00:27.831573+00:00", "trace_id": null, "stage": "gate_form", "event": "start"}
{"ts": "2026-09-23T04:00:27.831690+00:00", "trace_id": null, "stage": "gate_form", "event": "finish", "duration_ms": 0.121}
{"ts": "2026-09-23T04:00:27.831741+00:00", "trace_id": null, "stage": "gate_literal", "event": "start"}
{"ts": "2026-09-23T04:00:27.831864+00:00", "trace_id": null, "stage": "gate_literal", "event": "finish", "duration_ms": 0.123}
{"ts": "2026-09-23T04:00:27.831920+00:00", "trace_id": null, "stage": "gate_entail", "event": "start", "skipped": true, "reason": "no_entailment_model"}
{"ts": "2026-09-23T04:00:27.831979+00:00", "trace_id": null, "stage": "gate_entail", "event": "finish", "duration_ms": 0.059, "degraded": true, "skipped": true, "reason": "no_entailment_model"}
{"ts": "2026-09-23T04:00:27.832023+00:00", "trace_id": null, "stage": "gate_coverage", "event": "start", "coverage": 1.0}
{"ts": "2026-09-23T04:00:27.832063+00:00", "trace_id": null, "stage": "gate_coverage", "event": "finish", "duration_ms": 0.04, "coverage": 1.0}
{"ts": "2026-09-23T04:00:27.832082+00:00", "trace_id": null, "stage": "gate_conflict", "event": "start"}
{"ts": "2026-09-23T04:00:27.832150+00:00", "trace_id": null, "stage": "gate_conflict", "event": "finish", "duration_ms": 0.068, "skipped": true, "reason": "no_conflict"}
{"ts": "2026-09-23T04:00:27.832179+00:00", "trace_id": null, "stage": "embed_query", "event": "start", "model": "Qwen/Qwen3-Embedding-0.6B"}
{"ts": "2026-09-23T04:00:27.872840+00:00", "trace_id": null, "stage": "embed_query", "event": "finish", "duration_ms": 40.659, "model": "Qwen/Qwen3-Embedding-0.6B"}
{"ts": "2026-09-23T04:00:27.872923+00:00", "trace_id": null, "stage": "dense", "event": "start"}
{"ts": "2026-09-23T04:00:27.873147+00:00", "trace_id": null, "stage": "dense", "event": "finish", "duration_ms": 0.223, "candidates_out": 20}
{"ts": "2026-09-23T04:00:27.873189+00:00", "trace_id": null, "stage": "lexical", "event": "start"}
{"ts": "2026-09-23T04:00:27.873578+00:00", "trace_id": null, "stage": "lexical", "event": "finish", "duration_ms": 0.388, "candidates_out": 20}
{"ts": "2026-09-23T04:00:27.873641+00:00", "trace_id": null, "stage": "fuse", "event": "start", "candidates_in": 33}
{"ts": "2026-09-23T04:00:27.873712+00:00", "trace_id": null, "stage": "fuse", "event": "finish", "duration_ms": 0.07, "candidates_in": 33, "candidates_out": 24, "top_score": 0.03278688524590164}
{"ts": "2026-09-23T04:00:27.882226+00:00", "trace_id": null, "stage": "gate", "event": "start", "candidates_in": 5}
{"ts": "2026-09-23T04:00:27.882310+00:00", "trace_id": null, "stage": "gate", "event": "finish", "duration_ms": 0.084, "candidates_in": 5, "candidates_out": 5, "top_score": 0.08387096774193549}
{"ts": "2026-09-23T04:00:30.624420+00:00", "trace_id": null, "stage": "gate_form", "event": "start"}
{"ts": "2026-09-23T04:00:30.624582+00:00", "trace_id": null, "stage": "gate_form", "event": "finish", "duration_ms": 0.167}
{"ts": "2026-09-23T04:00:30.624655+00:00", "trace_id": null, "stage": "gate_literal", "event": "start"}
{"ts": "2026-09-23T04:00:30.624896+00:00", "trace_id": null, "stage": "gate_literal", "event": "finish", "duration_ms": 0.241}
{"ts": "2026-09-23T04:00:30.624979+00:00", "trace_id": null, "stage": "gate_entail", "event": "start", "skipped": true, "reason": "no_entailment_model"}
{"ts": "2026-09-23T04:00:30.625068+00:00", "trace_id": null, "stage": "gate_entail", "event": "finish", "duration_ms": 0.09, "degraded": true, "skipped": true, "reason": "no_entailment_model"}
{"ts": "2026-09-23T04:00:30.625124+00:00", "trace_id": null, "stage": "gate_coverage", "event": "start", "coverage": 1.0}
{"ts": "2026-09-23T04:00:30.625195+00:00", "trace_id": null, "stage": "gate_coverage", "event": "finish", "duration_ms": 0.07, "coverage": 1.0}
{"ts": "2026-09-23T04:00:30.625255+00:00", "trace_id": null, "stage": "gate_conflict", "event": "start"}
{"ts": "2026-09-23T04:00:30.625342+00:00", "trace_id": null, "stage": "gate_conflict", "event": "finish", "duration_ms": 0.087, "skipped": true, "reason": "no_conflict"}
{"ts": "2026-09-23T04:00:30.625422+00:00", "trace_id": null, "stage": "embed_query", "event": "start", "model": "Qwen/Qwen3-Embedding-0.6B"}
{"ts": "2026-09-23T04:00:30.625537+00:00", "trace_id": null, "stage": "embed_query", "event": "finish", "duration_ms": 0.114, "model": "Qwen/Qwen3-Embedding-0.6B"}
{"ts": "2026-09-23T04:00:30.625571+00:00", "trace_id": null, "stage": "dense", "event": "start"}
{"ts": "2026-09-23T04:00:30.625989+00:00", "trace_id": null, "stage": "dense", "event": "finish", "duration_ms": 0.415, "candidates_out": 20}
{"ts": "2026-09-23T04:00:30.626072+00:00", "trace_id": null, "stage": "lexical", "event": "start"}
{"ts": "2026-09-23T04:00:30.626597+00:00", "trace_id": null, "stage": "lexical", "event": "finish", "duration_ms": 0.525, "candidates_out": 20}
{"ts": "2026-09-23T04:00:30.626683+00:00", "trace_id": null, "stage": "fuse", "event": "start", "candidates_in": 31}
{"ts": "2026-09-23T04:00:30.626809+00:00", "trace_id": null, "stage": "fuse", "event": "finish", "duration_ms": 0.126, "candidates_in": 31, "candidates_out": 19, "top_score": 0.03278688524590164}
{"ts": "2026-09-23T04:00:30.634275+00:00", "trace_id": null, "stage": "gate", "event": "start", "candidates_in": 5}
{"ts": "2026-09-23T04:00:30.634378+00:00", "trace_id": null, "stage": "gate", "event": "finish", "duration_ms": 0.104, "candidates_in": 5, "candidates_out": 5, "top_score": 0.05901639344262295}
{"ts": "2026-09-23T04:00:33.209513+00:00", "trace_id": null, "stage": "gate_form", "event": "start"}
{"ts": "2026-09-23T04:00:33.209652+00:00", "trace_id": null, "stage": "gate_form", "event": "finish", "duration_ms": 0.143}
{"ts": "2026-09-23T04:00:33.209713+00:00", "trace_id": null, "stage": "gate_literal", "event": "start"}
{"ts": "2026-09-23T04:00:33.209892+00:00", "trace_id": null, "stage": "gate_literal", "event": "finish", "duration_ms": 0.18}
{"ts": "2026-09-23T04:00:33.209960+00:00", "trace_id": null, "stage": "gate_entail", "event": "start", "skipped": true, "reason": "no_entailment_model"}
{"ts": "2026-09-23T04:00:33.210035+00:00", "trace_id": null, "stage": "gate_entail", "event": "finish", "duration_ms": 0.073, "degraded": true, "skipped": true, "reason": "no_entailment_model"}
{"ts": "2026-09-23T04:00:33.210100+00:00", "trace_id": null, "stage": "gate_coverage", "event": "start", "coverage": 1.0}
{"ts": "2026-09-23T04:00:33.210169+00:00", "trace_id": null, "stage": "gate_coverage", "event": "finish", "duration_ms": 0.071, "coverage": 1.0}
{"ts": "2026-09-23T04:00:33.210212+00:00", "trace_id": null, "stage": "gate_conflict", "event": "start"}
{"ts": "2026-09-23T04:00:33.210280+00:00", "trace_id": null, "stage": "gate_conflict", "event": "finish", "duration_ms": 0.067, "skipped": true, "reason": "no_conflict"}
{"ts": "2026-09-23T04:00:33.210342+00:00", "trace_id": null, "stage": "embed_query", "event": "start", "model": "Qwen/Qwen3-Embedding-0.6B"}
{"ts": "2026-09-23T04:00:33.253024+00:00", "trace_id": null, "stage": "embed_query", "event": "finish", "duration_ms": 42.68, "model": "Qwen/Qwen3-Embedding-0.6B"}
{"ts": "2026-09-23T04:00:33.253095+00:00", "trace_id": null, "stage": "dense", "event": "start"}
{"ts": "2026-09-23T04:00:33.253306+00:00", "trace_id": null, "stage": "dense", "event": "finish", "duration_ms": 0.211, "candidates_out": 20}
{"ts": "2026-09-23T04:00:33.253339+00:00", "trace_id": null, "stage": "lexical", "event": "start"}
{"ts": "2026-09-23T04:00:33.253645+00:00", "trace_id": null, "stage": "lexical", "event": "finish", "duration_ms": 0.304, "candidates_out": 20}
{"ts": "2026-09-23T04:00:33.253696+00:00", "trace_id": null, "stage": "fuse", "event": "start", "candidates_in": 33}
{"ts": "2026-09-23T04:00:33.253770+00:00", "trace_id": null, "stage": "fuse", "event": "finish", "duration_ms": 0.074, "candidates_in": 33, "candidates_out": 19, "top_score": 0.03252247488101534}
{"ts": "2026-09-23T04:00:33.257199+00:00", "trace_id": null, "stage": "gate", "event": "start", "candidates_in": 5}
{"ts": "2026-09-23T04:00:33.257264+00:00", "trace_id": null, "stage": "gate", "event": "finish", "duration_ms": 0.064, "candidates_in": 5, "candidates_out": 5, "top_score": 0.055817307692307694}
{"ts": "2026-09-23T04:00:34.453749+00:00", "trace_id": null, "stage": "gate_form", "event": "start"}
{"ts": "2026-09-23T04:00:34.453918+00:00", "trace_id": null, "stage": "gate_form", "event": "finish", "duration_ms": 0.174}
{"ts": "2026-09-23T04:00:34.453993+00:00", "trace_id": null, "stage": "gate_literal", "event": "start"}
{"ts": "2026-09-23T04:00:34.454243+00:00", "trace_id": null, "stage": "gate_literal", "event": "finish", "duration_ms": 0.249}
{"ts": "2026-09-23T04:00:34.454321+00:00", "trace_id": null, "stage": "gate_entail", "event": "start", "skipped": true, "reason": "no_entailment_model"}
{"ts": "2026-09-23T04:00:34.454411+00:00", "trace_id": null, "stage": "gate_entail", "event": "finish", "duration_ms": 0.09, "degraded": true, "skipped": true, "reason": "no_entailment_model"}
{"ts": "2026-09-23T04:00:34.454469+00:00", "trace_id": null, "stage": "gate_coverage", "event": "start", "coverage": 1.0}
{"ts": "2026-09-23T04:00:34.454539+00:00", "trace_id": null, "stage": "gate_coverage", "event": "finish", "duration_ms": 0.069, "coverage": 1.0}
{"ts": "2026-09-23T04:00:34.454600+00:00", "trace_id": null, "stage": "gate_conflict", "event": "start"}
{"ts": "2026-09-23T04:00:34.454681+00:00", "trace_id": null, "stage": "gate_conflict", "event": "finish", "duration_ms": 0.08, "skipped": true, "reason": "no_conflict"}
{"ts": "2026-09-23T04:00:34.454727+00:00", "trace_id": null, "stage": "embed_query", "event": "start", "model": "Qwen/Qwen3-Embedding-0.6B"}
{"ts": "2026-09-23T04:00:34.494975+00:00", "trace_id": null, "stage": "embed_query", "event": "finish", "duration_ms": 40.244, "model": "Qwen/Qwen3-Embedding-0.6B"}
{"ts": "2026-09-23T04:00:34.495061+00:00", "trace_id": null, "stage": "dense", "event": "start"}
{"ts": "2026-09-23T04:00:34.495313+00:00", "trace_id": null, "stage": "dense", "event": "finish", "duration_ms": 0.253, "candidates_out": 20}
{"ts": "2026-09-23T04:00:34.495362+00:00", "trace_id": null, "stage": "lexical", "event": "start"}
{"ts": "2026-09-23T04:00:34.495819+00:00", "trace_id": null, "stage": "lexical", "event": "finish", "duration_ms": 0.455, "candidates_out": 20}
{"ts": "2026-09-23T04:00:34.495892+00:00", "trace_id": null, "stage": "fuse", "event": "start", "candidates_in": 32}
{"ts": "2026-09-23T04:00:34.495991+00:00", "trace_id": null, "stage": "fuse", "event": "finish", "duration_ms": 0.099, "candidates_in": 32, "candidates_out": 24, "top_score": 0.03278688524590164}
{"ts": "2026-09-23T04:00:34.505684+00:00", "trace_id": null, "stage": "gate", "event": "start", "candidates_in": 5}
{"ts": "2026-09-23T04:00:34.505776+00:00", "trace_id": null, "stage": "gate", "event": "finish", "duration_ms": 0.094, "candidates_in": 5, "candidates_out": 5, "top_score": 0.07611111111111112}
{"ts": "2026-09-23T04:00:36.051258+00:00", "trace_id": null, "stage": "gate_form", "event": "start"}
{"ts": "2026-09-23T04:00:36.051382+00:00", "trace_id": null, "stage": "gate_form", "event": "finish", "duration_ms": 0.128}
{"ts": "2026-09-23T04:00:36.051435+00:00", "trace_id": null, "stage": "gate_literal", "event": "start"}
{"ts": "2026-09-23T04:00:36.051606+00:00", "trace_id": null, "stage": "gate_literal", "event": "finish", "duration_ms": 0.17}
{"ts": "2026-09-23T04:00:36.051666+00:00", "trace_id": null, "stage": "gate_entail", "event": "start", "skipped": true, "reason": "no_entailment_model"}
{"ts": "2026-09-23T04:00:36.051732+00:00", "trace_id": null, "stage": "gate_entail", "event": "finish", "duration_ms": 0.064, "degraded": true, "skipped": true, "reason": "no_entailment_model"}
{"ts": "2026-09-23T04:00:36.051794+00:00", "trace_id": null, "stage": "gate_coverage", "event": "start", "coverage": 1.0}
{"ts": "2026-09-23T04:00:36.051855+00:00", "trace_id": null, "stage": "gate_coverage", "event": "finish", "duration_ms": 0.062, "coverage": 1.0}
{"ts": "2026-09-23T04:00:36.051878+00:00", "trace_id": null, "stage": "gate_conflict", "event": "start"}
{"ts": "2026-09-23T04:00:36.051942+00:00", "trace_id": null, "stage": "gate_conflict", "event": "finish", "duration_ms": 0.063, "skipped": true, "reason": "no_conflict"}
{"ts": "2026-09-23T04:00:36.051978+00:00", "trace_id": null, "stage": "embed_query", "event": "start", "model": "Qwen/Qwen3-Embedding-0.6B"}
{"ts": "2026-09-23T04:00:36.099957+00:00", "trace_id": null, "stage": "embed_query", "event": "finish", "duration_ms": 47.976, "model": "Qwen/Qwen3-Embedding-0.6B"}
{"ts": "2026-09-23T04:00:36.100029+00:00", "trace_id": null, "stage": "dense", "event": "start"}
{"ts": "2026-09-23T04:00:36.100237+00:00", "trace_id": null, "stage": "dense", "event": "finish", "duration_ms": 0.208, "candidates_out": 20}
{"ts": "2026-09-23T04:00:36.100260+00:00", "trace_id": null, "stage": "lexical", "event": "start"}
{"ts": "2026-09-23T04:00:36.100588+00:00", "trace_id": null, "stage": "lexical", "event": "finish", "duration_ms": 0.326, "candidates_out": 20}
{"ts": "2026-09-23T04:00:36.100640+00:00", "trace_id": null, "stage": "fuse", "event": "start", "candidates_in": 32}
{"ts": "2026-09-23T04:00:36.100711+00:00", "trace_id": null, "stage": "fuse", "event": "finish", "duration_ms": 0.071, "candidates_in": 32, "candidates_out": 22, "top_score": 0.03278688524590164}
{"ts": "2026-09-23T04:00:36.105151+00:00", "trace_id": null, "stage": "gate", "event": "start", "candidates_in": 5}
{"ts": "2026-09-23T04:00:36.105216+00:00", "trace_id": null, "stage": "gate", "event": "finish", "duration_ms": 0.065, "candidates_in": 5, "candidates_out": 5, "top_score": 0.09073460820895522}
{"ts": "2026-09-23T04:00:37.854337+00:00", "trace_id": null, "stage": "gate_form", "event": "start"}
{"ts": "2026-09-23T04:00:37.854653+00:00", "trace_id": null, "stage": "gate_form", "event": "finish", "duration_ms": 0.319}
{"ts": "2026-09-23T04:00:37.854707+00:00", "trace_id": null, "stage": "gate_literal", "event": "start"}
{"ts": "2026-09-23T04:00:37.854875+00:00", "trace_id": null, "stage": "gate_literal", "event": "finish", "duration_ms": 0.168}
{"ts": "2026-09-23T04:00:37.854938+00:00", "trace_id": null, "stage": "gate_entail", "event": "start", "skipped": true, "reason": "no_entailment_model"}
{"ts": "2026-09-23T04:00:37.854999+00:00", "trace_id": null, "stage": "gate_entail", "event": "finish", "duration_ms": 0.062, "degraded": true, "skipped": true, "reason": "no_entailment_model"}
{"ts": "2026-09-23T04:00:37.855044+00:00", "trace_id": null, "stage": "gate_coverage", "event": "start", "coverage": 1.0}
{"ts": "2026-09-23T04:00:37.855094+00:00", "trace_id": null, "stage": "gate_coverage", "event": "finish", "duration_ms": 0.05, "coverage": 1.0}
{"ts": "2026-09-23T04:00:37.855137+00:00", "trace_id": null, "stage": "gate_conflict", "event": "start"}
{"ts": "2026-09-23T04:00:37.855193+00:00", "trace_id": null, "stage": "gate_conflict", "event": "finish", "duration_ms": 0.055, "skipped": true, "reason": "no_conflict"}
... 100/122 abstain=5
{"ts": "2026-09-23T04:00:37.855253+00:00", "trace_id": null, "stage": "embed_query", "event": "start", "model": "Qwen/Qwen3-Embedding-0.6B"}
{"ts": "2026-09-23T04:00:37.900307+00:00", "trace_id": null, "stage": "embed_query", "event": "finish", "duration_ms": 45.052, "model": "Qwen/Qwen3-Embedding-0.6B"}
{"ts": "2026-09-23T04:00:37.900372+00:00", "trace_id": null, "stage": "dense", "event": "start"}
{"ts": "2026-09-23T04:00:37.900589+00:00", "trace_id": null, "stage": "dense", "event": "finish", "duration_ms": 0.216, "candidates_out": 20}
{"ts": "2026-09-23T04:00:37.900630+00:00", "trace_id": null, "stage": "lexical", "event": "start"}
{"ts": "2026-09-23T04:00:37.900992+00:00", "trace_id": null, "stage": "lexical", "event": "finish", "duration_ms": 0.361, "candidates_out": 20}
{"ts": "2026-09-23T04:00:37.901051+00:00", "trace_id": null, "stage": "fuse", "event": "start", "candidates_in": 34}
{"ts": "2026-09-23T04:00:37.901131+00:00", "trace_id": null, "stage": "fuse", "event": "finish", "duration_ms": 0.08, "candidates_in": 34, "candidates_out": 24, "top_score": 0.03278688524590164}
{"ts": "2026-09-23T04:00:37.908641+00:00", "trace_id": null, "stage": "gate", "event": "start", "candidates_in": 5}
{"ts": "2026-09-23T04:00:37.908765+00:00", "trace_id": null, "stage": "gate", "event": "finish", "duration_ms": 0.126, "candidates_in": 5, "candidates_out": 5, "top_score": 0.09737704918032787}
{"ts": "2026-09-23T04:00:39.358217+00:00", "trace_id": null, "stage": "gate_form", "event": "start"}
{"ts": "2026-09-23T04:00:39.358326+00:00", "trace_id": null, "stage": "gate_form", "event": "finish", "duration_ms": 0.113}
{"ts": "2026-09-23T04:00:39.358367+00:00", "trace_id": null, "stage": "gate_literal", "event": "start"}
{"ts": "2026-09-23T04:00:39.358457+00:00", "trace_id": null, "stage": "gate_literal", "event": "finish", "duration_ms": 0.09}
{"ts": "2026-09-23T04:00:39.358499+00:00", "trace_id": null, "stage": "gate_entail", "event": "start", "skipped": true, "reason": "no_entailment_model"}
{"ts": "2026-09-23T04:00:39.358539+00:00", "trace_id": null, "stage": "gate_entail", "event": "finish", "duration_ms": 0.041, "degraded": true, "skipped": true, "reason": "no_entailment_model"}
{"ts": "2026-09-23T04:00:39.358563+00:00", "trace_id": null, "stage": "gate_coverage", "event": "start", "coverage": 1.0}
{"ts": "2026-09-23T04:00:39.358616+00:00", "trace_id": null, "stage": "gate_coverage", "event": "finish", "duration_ms": 0.053, "coverage": 1.0}
{"ts": "2026-09-23T04:00:39.358632+00:00", "trace_id": null, "stage": "gate_conflict", "event": "start"}
{"ts": "2026-09-23T04:00:39.358686+00:00", "trace_id": null, "stage": "gate_conflict", "event": "finish", "duration_ms": 0.053, "reason": "version_conflict"}
{"ts": "2026-09-23T04:00:39.358738+00:00", "trace_id": null, "stage": "embed_query", "event": "start", "model": "Qwen/Qwen3-Embedding-0.6B"}
{"ts": "2026-09-23T04:00:39.396418+00:00", "trace_id": null, "stage": "embed_query", "event": "finish", "duration_ms": 37.676, "model": "Qwen/Qwen3-Embedding-0.6B"}
{"ts": "2026-09-23T04:00:39.396499+00:00", "trace_id": null, "stage": "dense", "event": "start"}
{"ts": "2026-09-23T04:00:39.396698+00:00", "trace_id": null, "stage": "dense", "event": "finish", "duration_ms": 0.198, "candidates_out": 20}
{"ts": "2026-09-23T04:00:39.396737+00:00", "trace_id": null, "stage": "lexical", "event": "start"}
{"ts": "2026-09-23T04:00:39.397064+00:00", "trace_id": null, "stage": "lexical", "event": "finish", "duration_ms": 0.325, "candidates_out": 20}
{"ts": "2026-09-23T04:00:39.397118+00:00", "trace_id": null, "stage": "fuse", "event": "start", "candidates_in": 31}
{"ts": "2026-09-23T04:00:39.397189+00:00", "trace_id": null, "stage": "fuse", "event": "finish", "duration_ms": 0.07, "candidates_in": 31, "candidates_out": 22, "top_score": 0.03278688524590164}
{"ts": "2026-09-23T04:00:39.402063+00:00", "trace_id": null, "stage": "gate", "event": "start", "candidates_in": 5}
{"ts": "2026-09-23T04:00:39.402292+00:00", "trace_id": null, "stage": "gate", "event": "finish", "duration_ms": 0.229, "candidates_in": 5, "candidates_out": 5, "top_score": 0.048375}
{"ts": "2026-09-23T04:00:40.648535+00:00", "trace_id": null, "stage": "gate_form", "event": "start"}
{"ts": "2026-09-23T04:00:40.648649+00:00", "trace_id": null, "stage": "gate_form", "event": "finish", "duration_ms": 0.118}
{"ts": "2026-09-23T04:00:40.648690+00:00", "trace_id": null, "stage": "gate_literal", "event": "start"}
{"ts": "2026-09-23T04:00:40.648799+00:00", "trace_id": null, "stage": "gate_literal", "event": "finish", "duration_ms": 0.109}
{"ts": "2026-09-23T04:00:40.648846+00:00", "trace_id": null, "stage": "gate_conflict", "event": "start"}
{"ts": "2026-09-23T04:00:40.648905+00:00", "trace_id": null, "stage": "gate_conflict", "event": "finish", "duration_ms": 0.058, "reason": "version_conflict"}
{"ts": "2026-09-23T04:00:40.648932+00:00", "trace_id": null, "stage": "embed_query", "event": "start", "model": "Qwen/Qwen3-Embedding-0.6B"}
{"ts": "2026-09-23T04:00:40.684545+00:00", "trace_id": null, "stage": "embed_query", "event": "finish", "duration_ms": 35.609, "model": "Qwen/Qwen3-Embedding-0.6B"}
{"ts": "2026-09-23T04:00:40.684623+00:00", "trace_id": null, "stage": "dense", "event": "start"}
{"ts": "2026-09-23T04:00:40.684826+00:00", "trace_id": null, "stage": "dense", "event": "finish", "duration_ms": 0.203, "candidates_out": 20}
{"ts": "2026-09-23T04:00:40.684865+00:00", "trace_id": null, "stage": "lexical", "event": "start"}
{"ts": "2026-09-23T04:00:40.685106+00:00", "trace_id": null, "stage": "lexical", "event": "finish", "duration_ms": 0.24, "candidates_out": 11}
{"ts": "2026-09-23T04:00:40.685158+00:00", "trace_id": null, "stage": "fuse", "event": "start", "candidates_in": 25}
{"ts": "2026-09-23T04:00:40.685220+00:00", "trace_id": null, "stage": "fuse", "event": "finish", "duration_ms": 0.061, "candidates_in": 25, "candidates_out": 19, "top_score": 0.03252247488101534}
{"ts": "2026-09-23T04:00:40.690510+00:00", "trace_id": null, "stage": "gate", "event": "start", "candidates_in": 5}
{"ts": "2026-09-23T04:00:40.690608+00:00", "trace_id": null, "stage": "gate", "event": "finish", "duration_ms": 0.1, "candidates_in": 5, "candidates_out": 5, "top_score": 0.08455843469063988}
{"ts": "2026-09-23T04:00:42.108278+00:00", "trace_id": null, "stage": "gate_form", "event": "start"}
{"ts": "2026-09-23T04:00:42.108369+00:00", "trace_id": null, "stage": "gate_form", "event": "finish", "duration_ms": 0.095}
{"ts": "2026-09-23T04:00:42.108412+00:00", "trace_id": null, "stage": "gate_literal", "event": "start"}
{"ts": "2026-09-23T04:00:42.108483+00:00", "trace_id": null, "stage": "gate_literal", "event": "finish", "duration_ms": 0.071}
{"ts": "2026-09-23T04:00:42.108531+00:00", "trace_id": null, "stage": "gate_entail", "event": "start", "skipped": true, "reason": "no_entailment_model"}
{"ts": "2026-09-23T04:00:42.108578+00:00", "trace_id": null, "stage": "gate_entail", "event": "finish", "duration_ms": 0.046, "degraded": true, "skipped": true, "reason": "no_entailment_model"}
{"ts": "2026-09-23T04:00:42.108625+00:00", "trace_id": null, "stage": "gate_coverage", "event": "start", "coverage": 1.0}
{"ts": "2026-09-23T04:00:42.108670+00:00", "trace_id": null, "stage": "gate_coverage", "event": "finish", "duration_ms": 0.045, "coverage": 1.0}
{"ts": "2026-09-23T04:00:42.108701+00:00", "trace_id": null, "stage": "gate_conflict", "event": "start"}
{"ts": "2026-09-23T04:00:42.108743+00:00", "trace_id": null, "stage": "gate_conflict", "event": "finish", "duration_ms": 0.042, "skipped": true, "reason": "no_conflict"}
{"ts": "2026-09-23T04:00:42.108769+00:00", "trace_id": null, "stage": "embed_query", "event": "start", "model": "Qwen/Qwen3-Embedding-0.6B"}
{"ts": "2026-09-23T04:00:42.144404+00:00", "trace_id": null, "stage": "embed_query", "event": "finish", "duration_ms": 35.632, "model": "Qwen/Qwen3-Embedding-0.6B"}
{"ts": "2026-09-23T04:00:42.144477+00:00", "trace_id": null, "stage": "dense", "event": "start"}
{"ts": "2026-09-23T04:00:42.144677+00:00", "trace_id": null, "stage": "dense", "event": "finish", "duration_ms": 0.199, "candidates_out": 20}
{"ts": "2026-09-23T04:00:42.144720+00:00", "trace_id": null, "stage": "lexical", "event": "start"}
{"ts": "2026-09-23T04:00:42.145009+00:00", "trace_id": null, "stage": "lexical", "event": "finish", "duration_ms": 0.288, "candidates_out": 19}
{"ts": "2026-09-23T04:00:42.145064+00:00", "trace_id": null, "stage": "fuse", "event": "start", "candidates_in": 30}
{"ts": "2026-09-23T04:00:42.145134+00:00", "trace_id": null, "stage": "fuse", "event": "finish", "duration_ms": 0.069, "candidates_in": 30, "candidates_out": 22, "top_score": 0.03278688524590164}
{"ts": "2026-09-23T04:00:42.148942+00:00", "trace_id": null, "stage": "gate", "event": "start", "candidates_in": 5}
{"ts": "2026-09-23T04:00:42.149008+00:00", "trace_id": null, "stage": "gate", "event": "finish", "duration_ms": 0.066, "candidates_in": 5, "candidates_out": 5, "top_score": 0.036571428571428574}
{"ts": "2026-09-23T04:00:43.110912+00:00", "trace_id": null, "stage": "gate_form", "event": "start"}
{"ts": "2026-09-23T04:00:43.111008+00:00", "trace_id": null, "stage": "gate_form", "event": "finish", "duration_ms": 0.1}
{"ts": "2026-09-23T04:00:43.111045+00:00", "trace_id": null, "stage": "gate_literal", "event": "start"}
{"ts": "2026-09-23T04:00:43.111130+00:00", "trace_id": null, "stage": "gate_literal", "event": "finish", "duration_ms": 0.085}
{"ts": "2026-09-23T04:00:43.111176+00:00", "trace_id": null, "stage": "gate_entail", "event": "start", "skipped": true, "reason": "no_entailment_model"}
{"ts": "2026-09-23T04:00:43.111225+00:00", "trace_id": null, "stage": "gate_entail", "event": "finish", "duration_ms": 0.048, "degraded": true, "skipped": true, "reason": "no_entailment_model"}
{"ts": "2026-09-23T04:00:43.111275+00:00", "trace_id": null, "stage": "gate_coverage", "event": "start", "coverage": 1.0}
{"ts": "2026-09-23T04:00:43.111320+00:00", "trace_id": null, "stage": "gate_coverage", "event": "finish", "duration_ms": 0.045, "coverage": 1.0}
{"ts": "2026-09-23T04:00:43.111351+00:00", "trace_id": null, "stage": "gate_conflict", "event": "start"}
{"ts": "2026-09-23T04:00:43.111391+00:00", "trace_id": null, "stage": "gate_conflict", "event": "finish", "duration_ms": 0.04, "skipped": true, "reason": "no_conflict"}
{"ts": "2026-09-23T04:00:43.111417+00:00", "trace_id": null, "stage": "embed_query", "event": "start", "model": "Qwen/Qwen3-Embedding-0.6B"}
{"ts": "2026-09-23T04:00:43.136778+00:00", "trace_id": null, "stage": "embed_query", "event": "finish", "duration_ms": 25.356, "model": "Qwen/Qwen3-Embedding-0.6B"}
{"ts": "2026-09-23T04:00:43.136848+00:00", "trace_id": null, "stage": "dense", "event": "start"}
{"ts": "2026-09-23T04:00:43.137038+00:00", "trace_id": null, "stage": "dense", "event": "finish", "duration_ms": 0.19, "candidates_out": 20}
{"ts": "2026-09-23T04:00:43.137078+00:00", "trace_id": null, "stage": "lexical", "event": "start"}
{"ts": "2026-09-23T04:00:43.137343+00:00", "trace_id": null, "stage": "lexical", "event": "finish", "duration_ms": 0.264, "candidates_out": 16}
{"ts": "2026-09-23T04:00:43.137393+00:00", "trace_id": null, "stage": "fuse", "event": "start", "candidates_in": 28}
{"ts": "2026-09-23T04:00:43.137455+00:00", "trace_id": null, "stage": "fuse", "event": "finish", "duration_ms": 0.062, "candidates_in": 28, "candidates_out": 22, "top_score": 0.03278688524590164}
{"ts": "2026-09-23T04:00:43.141871+00:00", "trace_id": null, "stage": "gate", "event": "start", "candidates_in": 5}
{"ts": "2026-09-23T04:00:43.141937+00:00", "trace_id": null, "stage": "gate", "event": "finish", "duration_ms": 0.064, "candidates_in": 5, "candidates_out": 5, "top_score": 0.08256048387096775}
{"ts": "2026-09-23T04:00:44.546005+00:00", "trace_id": null, "stage": "gate_form", "event": "start"}
{"ts": "2026-09-23T04:00:44.546233+00:00", "trace_id": null, "stage": "gate_form", "event": "finish", "duration_ms": 0.237}
{"ts": "2026-09-23T04:00:44.546308+00:00", "trace_id": null, "stage": "gate_literal", "event": "start"}
{"ts": "2026-09-23T04:00:44.546525+00:00", "trace_id": null, "stage": "gate_literal", "event": "finish", "duration_ms": 0.218}
{"ts": "2026-09-23T04:00:44.546585+00:00", "trace_id": null, "stage": "gate_entail", "event": "start", "skipped": true, "reason": "no_entailment_model"}
{"ts": "2026-09-23T04:00:44.546663+00:00", "trace_id": null, "stage": "gate_entail", "event": "finish", "duration_ms": 0.074, "degraded": true, "skipped": true, "reason": "no_entailment_model"}
{"ts": "2026-09-23T04:00:44.546747+00:00", "trace_id": null, "stage": "gate_coverage", "event": "start", "coverage": 1.0}
{"ts": "2026-09-23T04:00:44.546833+00:00", "trace_id": null, "stage": "gate_coverage", "event": "finish", "duration_ms": 0.088, "coverage": 1.0}
{"ts": "2026-09-23T04:00:44.546888+00:00", "trace_id": null, "stage": "gate_conflict", "event": "start"}
{"ts": "2026-09-23T04:00:44.546978+00:00", "trace_id": null, "stage": "gate_conflict", "event": "finish", "duration_ms": 0.089, "skipped": true, "reason": "no_conflict"}
{"ts": "2026-09-23T04:00:44.547060+00:00", "trace_id": null, "stage": "embed_query", "event": "start", "model": "Qwen/Qwen3-Embedding-0.6B"}
{"ts": "2026-09-23T04:00:44.594723+00:00", "trace_id": null, "stage": "embed_query", "event": "finish", "duration_ms": 47.661, "model": "Qwen/Qwen3-Embedding-0.6B"}
{"ts": "2026-09-23T04:00:44.594797+00:00", "trace_id": null, "stage": "dense", "event": "start"}
{"ts": "2026-09-23T04:00:44.595032+00:00", "trace_id": null, "stage": "dense", "event": "finish", "duration_ms": 0.235, "candidates_out": 20}
{"ts": "2026-09-23T04:00:44.595070+00:00", "trace_id": null, "stage": "lexical", "event": "start"}
{"ts": "2026-09-23T04:00:44.595442+00:00", "trace_id": null, "stage": "lexical", "event": "finish", "duration_ms": 0.371, "candidates_out": 20}
{"ts": "2026-09-23T04:00:44.595503+00:00", "trace_id": null, "stage": "fuse", "event": "start", "candidates_in": 32}
{"ts": "2026-09-23T04:00:44.595588+00:00", "trace_id": null, "stage": "fuse", "event": "finish", "duration_ms": 0.084, "candidates_in": 32, "candidates_out": 20, "top_score": 0.032266458495966696}
{"ts": "2026-09-23T04:00:44.600137+00:00", "trace_id": null, "stage": "gate", "event": "start", "candidates_in": 5}
{"ts": "2026-09-23T04:00:44.600220+00:00", "trace_id": null, "stage": "gate", "event": "finish", "duration_ms": 0.083, "candidates_in": 5, "candidates_out": 5, "top_score": 0.05413839891451832}
{"ts": "2026-09-23T04:00:45.921777+00:00", "trace_id": null, "stage": "gate_form", "event": "start"}
{"ts": "2026-09-23T04:00:45.921867+00:00", "trace_id": null, "stage": "gate_form", "event": "finish", "duration_ms": 0.092}
{"ts": "2026-09-23T04:00:45.921908+00:00", "trace_id": null, "stage": "gate_literal", "event": "start"}
{"ts": "2026-09-23T04:00:45.922008+00:00", "trace_id": null, "stage": "gate_literal", "event": "finish", "duration_ms": 0.099}
{"ts": "2026-09-23T04:00:45.922051+00:00", "trace_id": null, "stage": "gate_entail", "event": "start", "skipped": true, "reason": "no_entailment_model"}
{"ts": "2026-09-23T04:00:45.922094+00:00", "trace_id": null, "stage": "gate_entail", "event": "finish", "duration_ms": 0.043, "degraded": true, "skipped": true, "reason": "no_entailment_model"}
{"ts": "2026-09-23T04:00:45.922115+00:00", "trace_id": null, "stage": "gate_coverage", "event": "start", "coverage": 1.0}
{"ts": "2026-09-23T04:00:45.922154+00:00", "trace_id": null, "stage": "gate_coverage", "event": "finish", "duration_ms": 0.039, "coverage": 1.0}
{"ts": "2026-09-23T04:00:45.922196+00:00", "trace_id": null, "stage": "gate_conflict", "event": "start"}
{"ts": "2026-09-23T04:00:45.922239+00:00", "trace_id": null, "stage": "gate_conflict", "event": "finish", "duration_ms": 0.043, "skipped": true, "reason": "no_conflict"}
{"ts": "2026-09-23T04:00:45.922268+00:00", "trace_id": null, "stage": "embed_query", "event": "start", "model": "Qwen/Qwen3-Embedding-0.6B"}
{"ts": "2026-09-23T04:00:45.960913+00:00", "trace_id": null, "stage": "embed_query", "event": "finish", "duration_ms": 38.642, "model": "Qwen/Qwen3-Embedding-0.6B"}
{"ts": "2026-09-23T04:00:45.960981+00:00", "trace_id": null, "stage": "dense", "event": "start"}
{"ts": "2026-09-23T04:00:45.961170+00:00", "trace_id": null, "stage": "dense", "event": "finish", "duration_ms": 0.188, "candidates_out": 20}
{"ts": "2026-09-23T04:00:45.961203+00:00", "trace_id": null, "stage": "lexical", "event": "start"}
{"ts": "2026-09-23T04:00:45.961508+00:00", "trace_id": null, "stage": "lexical", "event": "finish", "duration_ms": 0.304, "candidates_out": 20}
{"ts": "2026-09-23T04:00:45.961560+00:00", "trace_id": null, "stage": "fuse", "event": "start", "candidates_in": 33}
{"ts": "2026-09-23T04:00:45.961627+00:00", "trace_id": null, "stage": "fuse", "event": "finish", "duration_ms": 0.067, "candidates_in": 33, "candidates_out": 20, "top_score": 0.03278688524590164}
{"ts": "2026-09-23T04:00:45.968548+00:00", "trace_id": null, "stage": "gate", "event": "start", "candidates_in": 5}
{"ts": "2026-09-23T04:00:45.968647+00:00", "trace_id": null, "stage": "gate", "event": "finish", "duration_ms": 0.1, "candidates_in": 5, "candidates_out": 5, "top_score": 0.054098360655737705}
{"ts": "2026-09-23T04:00:46.930014+00:00", "trace_id": null, "stage": "gate_form", "event": "start"}
{"ts": "2026-09-23T04:00:46.930108+00:00", "trace_id": null, "stage": "gate_form", "event": "finish", "duration_ms": 0.097}
{"ts": "2026-09-23T04:00:46.930150+00:00", "trace_id": null, "stage": "gate_literal", "event": "start", "skipped": true, "reason": "declined"}
{"ts": "2026-09-23T04:00:46.930193+00:00", "trace_id": null, "stage": "gate_literal", "event": "finish", "duration_ms": 0.041, "skipped": true, "reason": "declined"}
{"ts": "2026-09-23T04:00:46.930241+00:00", "trace_id": null, "stage": "gate_conflict", "event": "start"}
{"ts": "2026-09-23T04:00:46.930296+00:00", "trace_id": null, "stage": "gate_conflict", "event": "finish", "duration_ms": 0.055, "skipped": true, "reason": "no_conflict"}
ABSTAIN adv-011 reason=declined raw='The documents do not say.'
{"ts": "2026-09-23T04:00:46.930347+00:00", "trace_id": null, "stage": "embed_query", "event": "start", "model": "Qwen/Qwen3-Embedding-0.6B"}
{"ts": "2026-09-23T04:00:46.954551+00:00", "trace_id": null, "stage": "embed_query", "event": "finish", "duration_ms": 24.201, "model": "Qwen/Qwen3-Embedding-0.6B"}
{"ts": "2026-09-23T04:00:46.954616+00:00", "trace_id": null, "stage": "dense", "event": "start"}
{"ts": "2026-09-23T04:00:46.954952+00:00", "trace_id": null, "stage": "dense", "event": "finish", "duration_ms": 0.334, "candidates_out": 20}
{"ts": "2026-09-23T04:00:46.954995+00:00", "trace_id": null, "stage": "lexical", "event": "start"}
{"ts": "2026-09-23T04:00:46.955326+00:00", "trace_id": null, "stage": "lexical", "event": "finish", "duration_ms": 0.33, "candidates_out": 20}
{"ts": "2026-09-23T04:00:46.955385+00:00", "trace_id": null, "stage": "fuse", "event": "start", "candidates_in": 34}
{"ts": "2026-09-23T04:00:46.955468+00:00", "trace_id": null, "stage": "fuse", "event": "finish", "duration_ms": 0.081, "candidates_in": 34, "candidates_out": 22, "top_score": 0.03278688524590164}
{"ts": "2026-09-23T04:00:46.962627+00:00", "trace_id": null, "stage": "gate", "event": "start", "candidates_in": 5}
{"ts": "2026-09-23T04:00:46.962696+00:00", "trace_id": null, "stage": "gate", "event": "finish", "duration_ms": 0.069, "candidates_in": 5, "candidates_out": 5, "top_score": 0.13519354838709677}
{"ts": "2026-09-23T04:00:48.642094+00:00", "trace_id": null, "stage": "gate_form", "event": "start"}
{"ts": "2026-09-23T04:00:48.642211+00:00", "trace_id": null, "stage": "gate_form", "event": "finish", "duration_ms": 0.12}
{"ts": "2026-09-23T04:00:48.642264+00:00", "trace_id": null, "stage": "gate_literal", "event": "start"}
{"ts": "2026-09-23T04:00:48.642373+00:00", "trace_id": null, "stage": "gate_literal", "event": "finish", "duration_ms": 0.11}
{"ts": "2026-09-23T04:00:48.642427+00:00", "trace_id": null, "stage": "gate_entail", "event": "start", "skipped": true, "reason": "no_entailment_model"}
{"ts": "2026-09-23T04:00:48.642485+00:00", "trace_id": null, "stage": "gate_entail", "event": "finish", "duration_ms": 0.058, "degraded": true, "skipped": true, "reason": "no_entailment_model"}
{"ts": "2026-09-23T04:00:48.642515+00:00", "trace_id": null, "stage": "gate_coverage", "event": "start", "coverage": 1.0}
{"ts": "2026-09-23T04:00:48.642564+00:00", "trace_id": null, "stage": "gate_coverage", "event": "finish", "duration_ms": 0.049, "coverage": 1.0}
{"ts": "2026-09-23T04:00:48.642622+00:00", "trace_id": null, "stage": "gate_conflict", "event": "start"}
{"ts": "2026-09-23T04:00:48.642675+00:00", "trace_id": null, "stage": "gate_conflict", "event": "finish", "duration_ms": 0.053, "skipped": true, "reason": "no_conflict"}
{"ts": "2026-09-23T04:00:48.642705+00:00", "trace_id": null, "stage": "embed_query", "event": "start", "model": "Qwen/Qwen3-Embedding-0.6B"}
{"ts": "2026-09-23T04:00:48.682343+00:00", "trace_id": null, "stage": "embed_query", "event": "finish", "duration_ms": 39.634, "model": "Qwen/Qwen3-Embedding-0.6B"}
{"ts": "2026-09-23T04:00:48.682424+00:00", "trace_id": null, "stage": "dense", "event": "start"}
{"ts": "2026-09-23T04:00:48.682645+00:00", "trace_id": null, "stage": "dense", "event": "finish", "duration_ms": 0.22, "candidates_out": 20}
{"ts": "2026-09-23T04:00:48.682685+00:00", "trace_id": null, "stage": "lexical", "event": "start"}
{"ts": "2026-09-23T04:00:48.683054+00:00", "trace_id": null, "stage": "lexical", "event": "finish", "duration_ms": 0.368, "candidates_out": 20}
{"ts": "2026-09-23T04:00:48.683110+00:00", "trace_id": null, "stage": "fuse", "event": "start", "candidates_in": 34}
{"ts": "2026-09-23T04:00:48.683179+00:00", "trace_id": null, "stage": "fuse", "event": "finish", "duration_ms": 0.069, "candidates_in": 34, "candidates_out": 25, "top_score": 0.03252247488101534}
{"ts": "2026-09-23T04:00:48.692664+00:00", "trace_id": null, "stage": "gate", "event": "start", "candidates_in": 5}
{"ts": "2026-09-23T04:00:48.692747+00:00", "trace_id": null, "stage": "gate", "event": "finish", "duration_ms": 0.085, "candidates_in": 5, "candidates_out": 5, "top_score": 0.1340625}
{"ts": "2026-09-23T04:00:49.755577+00:00", "trace_id": null, "stage": "gate_form", "event": "start"}
{"ts": "2026-09-23T04:00:49.755673+00:00", "trace_id": null, "stage": "gate_form", "event": "finish", "duration_ms": 0.098}
{"ts": "2026-09-23T04:00:49.755721+00:00", "trace_id": null, "stage": "gate_literal", "event": "start"}
{"ts": "2026-09-23T04:00:49.755786+00:00", "trace_id": null, "stage": "gate_literal", "event": "finish", "duration_ms": 0.065}
{"ts": "2026-09-23T04:00:49.755835+00:00", "trace_id": null, "stage": "gate_entail", "event": "start", "skipped": true, "reason": "no_entailment_model"}
{"ts": "2026-09-23T04:00:49.755881+00:00", "trace_id": null, "stage": "gate_entail", "event": "finish", "duration_ms": 0.046, "degraded": true, "skipped": true, "reason": "no_entailment_model"}
{"ts": "2026-09-23T04:00:49.755919+00:00", "trace_id": null, "stage": "gate_coverage", "event": "start", "coverage": 1.0}
{"ts": "2026-09-23T04:00:49.755957+00:00", "trace_id": null, "stage": "gate_coverage", "event": "finish", "duration_ms": 0.038, "coverage": 1.0}
{"ts": "2026-09-23T04:00:49.755975+00:00", "trace_id": null, "stage": "gate_conflict", "event": "start"}
{"ts": "2026-09-23T04:00:49.756024+00:00", "trace_id": null, "stage": "gate_conflict", "event": "finish", "duration_ms": 0.049, "skipped": true, "reason": "no_conflict"}
{"ts": "2026-09-23T04:00:49.756049+00:00", "trace_id": null, "stage": "embed_query", "event": "start", "model": "Qwen/Qwen3-Embedding-0.6B"}
{"ts": "2026-09-23T04:00:49.780041+00:00", "trace_id": null, "stage": "embed_query", "event": "finish", "duration_ms": 23.988, "model": "Qwen/Qwen3-Embedding-0.6B"}
{"ts": "2026-09-23T04:00:49.780115+00:00", "trace_id": null, "stage": "dense", "event": "start"}
{"ts": "2026-09-23T04:00:49.780318+00:00", "trace_id": null, "stage": "dense", "event": "finish", "duration_ms": 0.203, "candidates_out": 20}
{"ts": "2026-09-23T04:00:49.780340+00:00", "trace_id": null, "stage": "lexical", "event": "start"}
{"ts": "2026-09-23T04:00:49.780670+00:00", "trace_id": null, "stage": "lexical", "event": "finish", "duration_ms": 0.327, "candidates_out": 20}
{"ts": "2026-09-23T04:00:49.780721+00:00", "trace_id": null, "stage": "fuse", "event": "start", "candidates_in": 35}
{"ts": "2026-09-23T04:00:49.780794+00:00", "trace_id": null, "stage": "fuse", "event": "finish", "duration_ms": 0.072, "candidates_in": 35, "candidates_out": 25, "top_score": 0.03252247488101534}
{"ts": "2026-09-23T04:00:49.788713+00:00", "trace_id": null, "stage": "gate", "event": "start", "candidates_in": 5}
{"ts": "2026-09-23T04:00:49.788780+00:00", "trace_id": null, "stage": "gate", "event": "finish", "duration_ms": 0.067, "candidates_in": 5, "candidates_out": 5, "top_score": 0.0880048287971905}
{"ts": "2026-09-23T04:00:51.697811+00:00", "trace_id": null, "stage": "gate_form", "event": "start"}
{"ts": "2026-09-23T04:00:51.697992+00:00", "trace_id": null, "stage": "gate_form", "event": "finish", "duration_ms": 0.186}
{"ts": "2026-09-23T04:00:51.698048+00:00", "trace_id": null, "stage": "gate_literal", "event": "start"}
{"ts": "2026-09-23T04:00:51.698303+00:00", "trace_id": null, "stage": "gate_literal", "event": "finish", "duration_ms": 0.255}
{"ts": "2026-09-23T04:00:51.698361+00:00", "trace_id": null, "stage": "gate_entail", "event": "start", "skipped": true, "reason": "no_entailment_model"}
{"ts": "2026-09-23T04:00:51.698424+00:00", "trace_id": null, "stage": "gate_entail", "event": "finish", "duration_ms": 0.064, "degraded": true, "skipped": true, "reason": "no_entailment_model"}
{"ts": "2026-09-23T04:00:51.698465+00:00", "trace_id": null, "stage": "gate_coverage", "event": "start", "coverage": 1.0}
{"ts": "2026-09-23T04:00:51.698516+00:00", "trace_id": null, "stage": "gate_coverage", "event": "finish", "duration_ms": 0.05, "coverage": 1.0}
{"ts": "2026-09-23T04:00:51.698561+00:00", "trace_id": null, "stage": "gate_conflict", "event": "start"}
{"ts": "2026-09-23T04:00:51.698619+00:00", "trace_id": null, "stage": "gate_conflict", "event": "finish", "duration_ms": 0.057, "skipped": true, "reason": "no_conflict"}
{"ts": "2026-09-23T04:00:51.698654+00:00", "trace_id": null, "stage": "embed_query", "event": "start", "model": "Qwen/Qwen3-Embedding-0.6B"}
{"ts": "2026-09-23T04:00:51.743502+00:00", "trace_id": null, "stage": "embed_query", "event": "finish", "duration_ms": 44.839, "model": "Qwen/Qwen3-Embedding-0.6B"}
{"ts": "2026-09-23T04:00:51.746402+00:00", "trace_id": null, "stage": "dense", "event": "start"}
{"ts": "2026-09-23T04:00:51.746740+00:00", "trace_id": null, "stage": "dense", "event": "finish", "duration_ms": 0.339, "candidates_out": 20}
{"ts": "2026-09-23T04:00:51.746778+00:00", "trace_id": null, "stage": "lexical", "event": "start"}
{"ts": "2026-09-23T04:00:51.747131+00:00", "trace_id": null, "stage": "lexical", "event": "finish", "duration_ms": 0.352, "candidates_out": 20}
{"ts": "2026-09-23T04:00:51.747190+00:00", "trace_id": null, "stage": "fuse", "event": "start", "candidates_in": 33}
{"ts": "2026-09-23T04:00:51.747285+00:00", "trace_id": null, "stage": "fuse", "event": "finish", "duration_ms": 0.095, "candidates_in": 33, "candidates_out": 22, "top_score": 0.03278688524590164}
{"ts": "2026-09-23T04:00:51.754133+00:00", "trace_id": null, "stage": "gate", "event": "start", "candidates_in": 5}
{"ts": "2026-09-23T04:00:51.754216+00:00", "trace_id": null, "stage": "gate", "event": "finish", "duration_ms": 0.082, "candidates_in": 5, "candidates_out": 5, "top_score": 0.14065573770491804}
{"ts": "2026-09-23T04:00:53.105811+00:00", "trace_id": null, "stage": "gate_form", "event": "start"}
{"ts": "2026-09-23T04:00:53.105947+00:00", "trace_id": null, "stage": "gate_form", "event": "finish", "duration_ms": 0.143}
{"ts": "2026-09-23T04:00:53.106014+00:00", "trace_id": null, "stage": "gate_literal", "event": "start"}
{"ts": "2026-09-23T04:00:53.106154+00:00", "trace_id": null, "stage": "gate_literal", "event": "finish", "duration_ms": 0.14}
{"ts": "2026-09-23T04:00:53.106218+00:00", "trace_id": null, "stage": "gate_entail", "event": "start", "skipped": true, "reason": "no_entailment_model"}
{"ts": "2026-09-23T04:00:53.106286+00:00", "trace_id": null, "stage": "gate_entail", "event": "finish", "duration_ms": 0.069, "degraded": true, "skipped": true, "reason": "no_entailment_model"}
{"ts": "2026-09-23T04:00:53.106332+00:00", "trace_id": null, "stage": "gate_coverage", "event": "start", "coverage": 1.0}
{"ts": "2026-09-23T04:00:53.106385+00:00", "trace_id": null, "stage": "gate_coverage", "event": "finish", "duration_ms": 0.053, "coverage": 1.0}
{"ts": "2026-09-23T04:00:53.106429+00:00", "trace_id": null, "stage": "gate_conflict", "event": "start"}
{"ts": "2026-09-23T04:00:53.106482+00:00", "trace_id": null, "stage": "gate_conflict", "event": "finish", "duration_ms": 0.052, "skipped": true, "reason": "no_conflict"}
{"ts": "2026-09-23T04:00:53.106518+00:00", "trace_id": null, "stage": "embed_query", "event": "start", "model": "Qwen/Qwen3-Embedding-0.6B"}
{"ts": "2026-09-23T04:00:53.147558+00:00", "trace_id": null, "stage": "embed_query", "event": "finish", "duration_ms": 41.037, "model": "Qwen/Qwen3-Embedding-0.6B"}
{"ts": "2026-09-23T04:00:53.147638+00:00", "trace_id": null, "stage": "dense", "event": "start"}
{"ts": "2026-09-23T04:00:53.147870+00:00", "trace_id": null, "stage": "dense", "event": "finish", "duration_ms": 0.232, "candidates_out": 20}
{"ts": "2026-09-23T04:00:53.147909+00:00", "trace_id": null, "stage": "lexical", "event": "start"}
{"ts": "2026-09-23T04:00:53.148217+00:00", "trace_id": null, "stage": "lexical", "event": "finish", "duration_ms": 0.307, "candidates_out": 20}
{"ts": "2026-09-23T04:00:53.148273+00:00", "trace_id": null, "stage": "fuse", "event": "start", "candidates_in": 30}
{"ts": "2026-09-23T04:00:53.148357+00:00", "trace_id": null, "stage": "fuse", "event": "finish", "duration_ms": 0.083, "candidates_in": 30, "candidates_out": 18, "top_score": 0.03278688524590164}
{"ts": "2026-09-23T04:00:53.151367+00:00", "trace_id": null, "stage": "gate", "event": "start", "candidates_in": 5}
{"ts": "2026-09-23T04:00:53.151623+00:00", "trace_id": null, "stage": "gate", "event": "finish", "duration_ms": 0.256, "candidates_in": 5, "candidates_out": 5, "top_score": 0.0532258064516129}
{"ts": "2026-09-23T04:00:53.841579+00:00", "trace_id": null, "stage": "gate_form", "event": "start"}
{"ts": "2026-09-23T04:00:53.841686+00:00", "trace_id": null, "stage": "gate_form", "event": "finish", "duration_ms": 0.111}
{"ts": "2026-09-23T04:00:53.841727+00:00", "trace_id": null, "stage": "gate_literal", "event": "start"}
{"ts": "2026-09-23T04:00:53.841796+00:00", "trace_id": null, "stage": "gate_literal", "event": "finish", "duration_ms": 0.069}
{"ts": "2026-09-23T04:00:53.841840+00:00", "trace_id": null, "stage": "gate_entail", "event": "start", "skipped": true, "reason": "no_entailment_model"}
{"ts": "2026-09-23T04:00:53.841885+00:00", "trace_id": null, "stage": "gate_entail", "event": "finish", "duration_ms": 0.045, "degraded": true, "skipped": true, "reason": "no_entailment_model"}
{"ts": "2026-09-23T04:00:53.841906+00:00", "trace_id": null, "stage": "gate_coverage", "event": "start", "coverage": 1.0}
{"ts": "2026-09-23T04:00:53.841950+00:00", "trace_id": null, "stage": "gate_coverage", "event": "finish", "duration_ms": 0.043, "coverage": 1.0}
{"ts": "2026-09-23T04:00:53.841970+00:00", "trace_id": null, "stage": "gate_conflict", "event": "start"}
{"ts": "2026-09-23T04:00:53.842034+00:00", "trace_id": null, "stage": "gate_conflict", "event": "finish", "duration_ms": 0.063, "reason": "version_conflict"}
CONFLICT conflict-001 pass=True 'The Review Date on the current policy is 10th March 2026 [1]. Note: a superseded version (Environmental_Sustainability_Policy_2025.pdf) states 10th March 2025 [5].'
{"ts": "2026-09-23T04:00:53.842107+00:00", "trace_id": null, "stage": "embed_query", "event": "start", "model": "Qwen/Qwen3-Embedding-0.6B"}
{"ts": "2026-09-23T04:00:53.864463+00:00", "trace_id": null, "stage": "embed_query", "event": "finish", "duration_ms": 22.354, "model": "Qwen/Qwen3-Embedding-0.6B"}
{"ts": "2026-09-23T04:00:53.864524+00:00", "trace_id": null, "stage": "dense", "event": "start"}
{"ts": "2026-09-23T04:00:53.864713+00:00", "trace_id": null, "stage": "dense", "event": "finish", "duration_ms": 0.189, "candidates_out": 20}
{"ts": "2026-09-23T04:00:53.864745+00:00", "trace_id": null, "stage": "lexical", "event": "start"}
{"ts": "2026-09-23T04:00:53.865011+00:00", "trace_id": null, "stage": "lexical", "event": "finish", "duration_ms": 0.265, "candidates_out": 20}
{"ts": "2026-09-23T04:00:53.865062+00:00", "trace_id": null, "stage": "fuse", "event": "start", "candidates_in": 32}
{"ts": "2026-09-23T04:00:53.865127+00:00", "trace_id": null, "stage": "fuse", "event": "finish", "duration_ms": 0.064, "candidates_in": 32, "candidates_out": 20, "top_score": 0.03278688524590164}
{"ts": "2026-09-23T04:00:53.868237+00:00", "trace_id": null, "stage": "gate", "event": "start", "candidates_in": 5}
{"ts": "2026-09-23T04:00:53.868448+00:00", "trace_id": null, "stage": "gate", "event": "finish", "duration_ms": 0.211, "candidates_in": 5, "candidates_out": 5, "top_score": 0.0532258064516129}
{"ts": "2026-09-23T04:00:54.539983+00:00", "trace_id": null, "stage": "gate_form", "event": "start"}
{"ts": "2026-09-23T04:00:54.540085+00:00", "trace_id": null, "stage": "gate_form", "event": "finish", "duration_ms": 0.105}
{"ts": "2026-09-23T04:00:54.540127+00:00", "trace_id": null, "stage": "gate_literal", "event": "start"}
{"ts": "2026-09-23T04:00:54.540195+00:00", "trace_id": null, "stage": "gate_literal", "event": "finish", "duration_ms": 0.067}
{"ts": "2026-09-23T04:00:54.540238+00:00", "trace_id": null, "stage": "gate_entail", "event": "start", "skipped": true, "reason": "no_entailment_model"}
{"ts": "2026-09-23T04:00:54.540282+00:00", "trace_id": null, "stage": "gate_entail", "event": "finish", "duration_ms": 0.044, "degraded": true, "skipped": true, "reason": "no_entailment_model"}
{"ts": "2026-09-23T04:00:54.540305+00:00", "trace_id": null, "stage": "gate_coverage", "event": "start", "coverage": 1.0}
{"ts": "2026-09-23T04:00:54.540346+00:00", "trace_id": null, "stage": "gate_coverage", "event": "finish", "duration_ms": 0.041, "coverage": 1.0}
{"ts": "2026-09-23T04:00:54.540391+00:00", "trace_id": null, "stage": "gate_conflict", "event": "start"}
{"ts": "2026-09-23T04:00:54.540447+00:00", "trace_id": null, "stage": "gate_conflict", "event": "finish", "duration_ms": 0.056, "reason": "version_conflict"}
CONFLICT conflict-002 pass=True 'The Last Review date on the current policy is 1st April 2025 [1]. Note: a superseded version (Environmental_Sustainability_Policy_2025.pdf) states 1st April 2024 [5].'
{"ts": "2026-09-23T04:00:54.540498+00:00", "trace_id": null, "stage": "embed_query", "event": "start", "model": "Qwen/Qwen3-Embedding-0.6B"}
{"ts": "2026-09-23T04:00:54.564109+00:00", "trace_id": null, "stage": "embed_query", "event": "finish", "duration_ms": 23.608, "model": "Qwen/Qwen3-Embedding-0.6B"}
{"ts": "2026-09-23T04:00:54.564195+00:00", "trace_id": null, "stage": "dense", "event": "start"}
{"ts": "2026-09-23T04:00:54.564407+00:00", "trace_id": null, "stage": "dense", "event": "finish", "duration_ms": 0.211, "candidates_out": 20}
{"ts": "2026-09-23T04:00:54.564451+00:00", "trace_id": null, "stage": "lexical", "event": "start"}
{"ts": "2026-09-23T04:00:54.564727+00:00", "trace_id": null, "stage": "lexical", "event": "finish", "duration_ms": 0.274, "candidates_out": 20}
{"ts": "2026-09-23T04:00:54.564785+00:00", "trace_id": null, "stage": "fuse", "event": "start", "candidates_in": 28}
{"ts": "2026-09-23T04:00:54.564855+00:00", "trace_id": null, "stage": "fuse", "event": "finish", "duration_ms": 0.07, "candidates_in": 28, "candidates_out": 18, "top_score": 0.031746031746031744}
{"ts": "2026-09-23T04:00:54.568156+00:00", "trace_id": null, "stage": "gate", "event": "start", "candidates_in": 5}
{"ts": "2026-09-23T04:00:54.568454+00:00", "trace_id": null, "stage": "gate", "event": "finish", "duration_ms": 0.297, "candidates_in": 5, "candidates_out": 5, "top_score": 0.05550284629981025}
{"ts": "2026-09-23T04:00:56.107709+00:00", "trace_id": null, "stage": "gate_form", "event": "start"}
{"ts": "2026-09-23T04:00:56.107861+00:00", "trace_id": null, "stage": "gate_form", "event": "finish", "duration_ms": 0.157}
{"ts": "2026-09-23T04:00:56.107958+00:00", "trace_id": null, "stage": "gate_literal", "event": "start"}
{"ts": "2026-09-23T04:00:56.108276+00:00", "trace_id": null, "stage": "gate_literal", "event": "finish", "duration_ms": 0.319}
{"ts": "2026-09-23T04:00:56.108364+00:00", "trace_id": null, "stage": "gate_entail", "event": "start", "skipped": true, "reason": "no_entailment_model"}
{"ts": "2026-09-23T04:00:56.108428+00:00", "trace_id": null, "stage": "gate_entail", "event": "finish", "duration_ms": 0.066, "degraded": true, "skipped": true, "reason": "no_entailment_model"}
{"ts": "2026-09-23T04:00:56.108475+00:00", "trace_id": null, "stage": "gate_coverage", "event": "start", "coverage": 1.0}
{"ts": "2026-09-23T04:00:56.108601+00:00", "trace_id": null, "stage": "gate_coverage", "event": "finish", "duration_ms": 0.115, "coverage": 1.0}
{"ts": "2026-09-23T04:00:56.108684+00:00", "trace_id": null, "stage": "gate_conflict", "event": "start"}
{"ts": "2026-09-23T04:00:56.108764+00:00", "trace_id": null, "stage": "gate_conflict", "event": "finish", "duration_ms": 0.081, "reason": "version_conflict"}
CONFLICT conflict-003 pass=True 'Coforge commits to becoming Carbon Neutral in its operations by 2040 [1]. Note: a superseded version (Environmental_Sustainability_Policy_2025.pdf) states 2050 [5].'
{"ts": "2026-09-23T04:00:56.108876+00:00", "trace_id": null, "stage": "embed_query", "event": "start", "model": "Qwen/Qwen3-Embedding-0.6B"}
{"ts": "2026-09-23T04:00:56.169976+00:00", "trace_id": null, "stage": "embed_query", "event": "finish", "duration_ms": 61.098, "model": "Qwen/Qwen3-Embedding-0.6B"}
{"ts": "2026-09-23T04:00:56.170055+00:00", "trace_id": null, "stage": "dense", "event": "start"}
{"ts": "2026-09-23T04:00:56.170268+00:00", "trace_id": null, "stage": "dense", "event": "finish", "duration_ms": 0.213, "candidates_out": 20}
{"ts": "2026-09-23T04:00:56.170305+00:00", "trace_id": null, "stage": "lexical", "event": "start"}
{"ts": "2026-09-23T04:00:56.170639+00:00", "trace_id": null, "stage": "lexical", "event": "finish", "duration_ms": 0.333, "candidates_out": 20}
{"ts": "2026-09-23T04:00:56.170694+00:00", "trace_id": null, "stage": "fuse", "event": "start", "candidates_in": 27}
{"ts": "2026-09-23T04:00:56.170773+00:00", "trace_id": null, "stage": "fuse", "event": "finish", "duration_ms": 0.079, "candidates_in": 27, "candidates_out": 19, "top_score": 0.03278688524590164}
{"ts": "2026-09-23T04:00:56.175524+00:00", "trace_id": null, "stage": "gate", "event": "start", "candidates_in": 5}
{"ts": "2026-09-23T04:00:56.175652+00:00", "trace_id": null, "stage": "gate", "event": "finish", "duration_ms": 0.129, "candidates_in": 5, "candidates_out": 5, "top_score": 0.052380952380952375}
{"ts": "2026-09-23T04:00:58.469388+00:00", "trace_id": null, "stage": "gate_form", "event": "start"}
{"ts": "2026-09-23T04:00:58.469536+00:00", "trace_id": null, "stage": "gate_form", "event": "finish", "duration_ms": 0.153}
{"ts": "2026-09-23T04:00:58.469592+00:00", "trace_id": null, "stage": "gate_literal", "event": "start"}
{"ts": "2026-09-23T04:00:58.469755+00:00", "trace_id": null, "stage": "gate_literal", "event": "finish", "duration_ms": 0.163}
{"ts": "2026-09-23T04:00:58.469814+00:00", "trace_id": null, "stage": "gate_entail", "event": "start", "skipped": true, "reason": "no_entailment_model"}
{"ts": "2026-09-23T04:00:58.469898+00:00", "trace_id": null, "stage": "gate_entail", "event": "finish", "duration_ms": 0.084, "degraded": true, "skipped": true, "reason": "no_entailment_model"}
{"ts": "2026-09-23T04:00:58.469946+00:00", "trace_id": null, "stage": "gate_coverage", "event": "start", "coverage": 1.0}
{"ts": "2026-09-23T04:00:58.470015+00:00", "trace_id": null, "stage": "gate_coverage", "event": "finish", "duration_ms": 0.069, "coverage": 1.0}
{"ts": "2026-09-23T04:00:58.470057+00:00", "trace_id": null, "stage": "gate_conflict", "event": "start"}
{"ts": "2026-09-23T04:00:58.470162+00:00", "trace_id": null, "stage": "gate_conflict", "event": "finish", "duration_ms": 0.105, "reason": "version_conflict"}
CONFLICT conflict-004 pass=True 'The policy commits to procuring 10% of electricity from green sources by 2025 [1]. Note: a superseded version (Environmental_Sustainability_Policy_2025.pdf) states 2027 [5].'
{"ts": "2026-09-23T04:00:58.470234+00:00", "trace_id": null, "stage": "embed_query", "event": "start", "model": "Qwen/Qwen3-Embedding-0.6B"}
{"ts": "2026-09-23T04:00:58.594678+00:00", "trace_id": null, "stage": "embed_query", "event": "finish", "duration_ms": 124.44, "model": "Qwen/Qwen3-Embedding-0.6B"}
{"ts": "2026-09-23T04:00:58.594762+00:00", "trace_id": null, "stage": "dense", "event": "start"}
{"ts": "2026-09-23T04:00:58.594992+00:00", "trace_id": null, "stage": "dense", "event": "finish", "duration_ms": 0.228, "candidates_out": 20}
{"ts": "2026-09-23T04:00:58.595039+00:00", "trace_id": null, "stage": "lexical", "event": "start"}
{"ts": "2026-09-23T04:00:58.595368+00:00", "trace_id": null, "stage": "lexical", "event": "finish", "duration_ms": 0.328, "candidates_out": 20}
{"ts": "2026-09-23T04:00:58.595419+00:00", "trace_id": null, "stage": "fuse", "event": "start", "candidates_in": 30}
{"ts": "2026-09-23T04:00:58.595488+00:00", "trace_id": null, "stage": "fuse", "event": "finish", "duration_ms": 0.068, "candidates_in": 30, "candidates_out": 24, "top_score": 0.03278688524590164}
{"ts": "2026-09-23T04:00:58.602351+00:00", "trace_id": null, "stage": "gate", "event": "start", "candidates_in": 5}
{"ts": "2026-09-23T04:00:58.602506+00:00", "trace_id": null, "stage": "gate", "event": "finish", "duration_ms": 0.157, "candidates_in": 5, "candidates_out": 5, "top_score": 0.0532258064516129}
{"ts": "2026-09-23T04:01:01.096833+00:00", "trace_id": null, "stage": "gate_form", "event": "start"}
{"ts": "2026-09-23T04:01:01.096940+00:00", "trace_id": null, "stage": "gate_form", "event": "finish", "duration_ms": 0.11}
{"ts": "2026-09-23T04:01:01.096981+00:00", "trace_id": null, "stage": "gate_literal", "event": "start"}
{"ts": "2026-09-23T04:01:01.097096+00:00", "trace_id": null, "stage": "gate_literal", "event": "finish", "duration_ms": 0.114}
{"ts": "2026-09-23T04:01:01.097152+00:00", "trace_id": null, "stage": "gate_entail", "event": "start", "skipped": true, "reason": "no_entailment_model"}
{"ts": "2026-09-23T04:01:01.097230+00:00", "trace_id": null, "stage": "gate_entail", "event": "finish", "duration_ms": 0.069, "degraded": true, "skipped": true, "reason": "no_entailment_model"}
{"ts": "2026-09-23T04:01:01.097273+00:00", "trace_id": null, "stage": "gate_coverage", "event": "start", "coverage": 1.0}
{"ts": "2026-09-23T04:01:01.097339+00:00", "trace_id": null, "stage": "gate_coverage", "event": "finish", "duration_ms": 0.067, "coverage": 1.0}
{"ts": "2026-09-23T04:01:01.097374+00:00", "trace_id": null, "stage": "gate_conflict", "event": "start"}
{"ts": "2026-09-23T04:01:01.097489+00:00", "trace_id": null, "stage": "gate_conflict", "event": "finish", "duration_ms": 0.115, "reason": "version_conflict"}
CONFLICT conflict-005 pass=True 'The policy aims to increase green electricity share to about 50% by 2030 [1]. Note: a superseded version (Environmental_Sustainability_Policy_2025.pdf) states 2040 [4].'
{"ts": "2026-09-23T04:01:01.097558+00:00", "trace_id": null, "stage": "embed_query", "event": "start", "model": "Qwen/Qwen3-Embedding-0.6B"}
{"ts": "2026-09-23T04:01:01.146173+00:00", "trace_id": null, "stage": "embed_query", "event": "finish", "duration_ms": 48.612, "model": "Qwen/Qwen3-Embedding-0.6B"}
{"ts": "2026-09-23T04:01:01.146241+00:00", "trace_id": null, "stage": "dense", "event": "start"}
{"ts": "2026-09-23T04:01:01.146441+00:00", "trace_id": null, "stage": "dense", "event": "finish", "duration_ms": 0.199, "candidates_out": 20}
{"ts": "2026-09-23T04:01:01.146475+00:00", "trace_id": null, "stage": "lexical", "event": "start"}
{"ts": "2026-09-23T04:01:01.146831+00:00", "trace_id": null, "stage": "lexical", "event": "finish", "duration_ms": 0.355, "candidates_out": 20}
{"ts": "2026-09-23T04:01:01.146884+00:00", "trace_id": null, "stage": "fuse", "event": "start", "candidates_in": 32}
{"ts": "2026-09-23T04:01:01.146953+00:00", "trace_id": null, "stage": "fuse", "event": "finish", "duration_ms": 0.068, "candidates_in": 32, "candidates_out": 21, "top_score": 0.03278688524590164}
{"ts": "2026-09-23T04:01:01.151329+00:00", "trace_id": null, "stage": "gate", "event": "start", "candidates_in": 5}
{"ts": "2026-09-23T04:01:01.151576+00:00", "trace_id": null, "stage": "gate", "event": "finish", "duration_ms": 0.247, "candidates_in": 5, "candidates_out": 5, "top_score": 0.13838709677419356}
{"ts": "2026-09-23T04:01:02.516968+00:00", "trace_id": null, "stage": "gate_form", "event": "start"}
{"ts": "2026-09-23T04:01:02.517073+00:00", "trace_id": null, "stage": "gate_form", "event": "finish", "duration_ms": 0.108}
{"ts": "2026-09-23T04:01:02.517114+00:00", "trace_id": null, "stage": "gate_literal", "event": "start"}
{"ts": "2026-09-23T04:01:02.517224+00:00", "trace_id": null, "stage": "gate_literal", "event": "finish", "duration_ms": 0.109}
{"ts": "2026-09-23T04:01:02.517272+00:00", "trace_id": null, "stage": "gate_entail", "event": "start", "skipped": true, "reason": "no_entailment_model"}
{"ts": "2026-09-23T04:01:02.517318+00:00", "trace_id": null, "stage": "gate_entail", "event": "finish", "duration_ms": 0.046, "degraded": true, "skipped": true, "reason": "no_entailment_model"}
{"ts": "2026-09-23T04:01:02.517339+00:00", "trace_id": null, "stage": "gate_coverage", "event": "start", "coverage": 1.0}
{"ts": "2026-09-23T04:01:02.517382+00:00", "trace_id": null, "stage": "gate_coverage", "event": "finish", "duration_ms": 0.042, "coverage": 1.0}
{"ts": "2026-09-23T04:01:02.517424+00:00", "trace_id": null, "stage": "gate_conflict", "event": "start"}
{"ts": "2026-09-23T04:01:02.517489+00:00", "trace_id": null, "stage": "gate_conflict", "event": "finish", "duration_ms": 0.065, "reason": "version_conflict"}
CONFLICT conflict-006 pass=True 'Electric vehicles reach 10% of the employee commute fleet by 2025 [1]. Note: a superseded version (Environmental_Sustainability_Policy_2025.pdf) states 2030 [5].'
{"ts": "2026-09-23T04:01:02.517539+00:00", "trace_id": null, "stage": "embed_query", "event": "start", "model": "Qwen/Qwen3-Embedding-0.6B"}
{"ts": "2026-09-23T04:01:02.552978+00:00", "trace_id": null, "stage": "embed_query", "event": "finish", "duration_ms": 35.435, "model": "Qwen/Qwen3-Embedding-0.6B"}
{"ts": "2026-09-23T04:01:02.553046+00:00", "trace_id": null, "stage": "dense", "event": "start"}
{"ts": "2026-09-23T04:01:02.553236+00:00", "trace_id": null, "stage": "dense", "event": "finish", "duration_ms": 0.189, "candidates_out": 20}
{"ts": "2026-09-23T04:01:02.553270+00:00", "trace_id": null, "stage": "lexical", "event": "start"}
{"ts": "2026-09-23T04:01:02.553593+00:00", "trace_id": null, "stage": "lexical", "event": "finish", "duration_ms": 0.322, "candidates_out": 20}
{"ts": "2026-09-23T04:01:02.553634+00:00", "trace_id": null, "stage": "fuse", "event": "start", "candidates_in": 33}
{"ts": "2026-09-23T04:01:02.553726+00:00", "trace_id": null, "stage": "fuse", "event": "finish", "duration_ms": 0.091, "candidates_in": 33, "candidates_out": 22, "top_score": 0.03252247488101534}
{"ts": "2026-09-23T04:01:02.558572+00:00", "trace_id": null, "stage": "gate", "event": "start", "candidates_in": 5}
{"ts": "2026-09-23T04:01:02.558815+00:00", "trace_id": null, "stage": "gate", "event": "finish", "duration_ms": 0.243, "candidates_in": 5, "candidates_out": 5, "top_score": 0.1395214172395558}
{"ts": "2026-09-23T04:01:03.917375+00:00", "trace_id": null, "stage": "gate_form", "event": "start"}
{"ts": "2026-09-23T04:01:03.917478+00:00", "trace_id": null, "stage": "gate_form", "event": "finish", "duration_ms": 0.107}
{"ts": "2026-09-23T04:01:03.917514+00:00", "trace_id": null, "stage": "gate_literal", "event": "start"}
{"ts": "2026-09-23T04:01:03.917619+00:00", "trace_id": null, "stage": "gate_literal", "event": "finish", "duration_ms": 0.104}
{"ts": "2026-09-23T04:01:03.917665+00:00", "trace_id": null, "stage": "gate_entail", "event": "start", "skipped": true, "reason": "no_entailment_model"}
{"ts": "2026-09-23T04:01:03.917728+00:00", "trace_id": null, "stage": "gate_entail", "event": "finish", "duration_ms": 0.063, "degraded": true, "skipped": true, "reason": "no_entailment_model"}
{"ts": "2026-09-23T04:01:03.917747+00:00", "trace_id": null, "stage": "gate_coverage", "event": "start", "coverage": 1.0}
{"ts": "2026-09-23T04:01:03.917786+00:00", "trace_id": null, "stage": "gate_coverage", "event": "finish", "duration_ms": 0.039, "coverage": 1.0}
{"ts": "2026-09-23T04:01:03.917804+00:00", "trace_id": null, "stage": "gate_conflict", "event": "start"}
{"ts": "2026-09-23T04:01:03.917875+00:00", "trace_id": null, "stage": "gate_conflict", "event": "finish", "duration_ms": 0.071, "reason": "version_conflict"}
CONFLICT conflict-007 pass=True 'Electric vehicles reach 50% of the employee commute fleet by 2040 [1]. Note: a superseded version (Environmental_Sustainability_Policy_2025.pdf) states 2045 [5].'
{"ts": "2026-09-23T04:01:03.917941+00:00", "trace_id": null, "stage": "embed_query", "event": "start", "model": "Qwen/Qwen3-Embedding-0.6B"}
{"ts": "2026-09-23T04:01:03.952522+00:00", "trace_id": null, "stage": "embed_query", "event": "finish", "duration_ms": 34.578, "model": "Qwen/Qwen3-Embedding-0.6B"}
{"ts": "2026-09-23T04:01:03.952601+00:00", "trace_id": null, "stage": "dense", "event": "start"}
{"ts": "2026-09-23T04:01:03.952788+00:00", "trace_id": null, "stage": "dense", "event": "finish", "duration_ms": 0.187, "candidates_out": 20}
{"ts": "2026-09-23T04:01:03.952828+00:00", "trace_id": null, "stage": "lexical", "event": "start"}
{"ts": "2026-09-23T04:01:03.953114+00:00", "trace_id": null, "stage": "lexical", "event": "finish", "duration_ms": 0.284, "candidates_out": 20}
{"ts": "2026-09-23T04:01:03.953173+00:00", "trace_id": null, "stage": "fuse", "event": "start", "candidates_in": 32}
{"ts": "2026-09-23T04:01:03.953245+00:00", "trace_id": null, "stage": "fuse", "event": "finish", "duration_ms": 0.072, "candidates_in": 32, "candidates_out": 22, "top_score": 0.030886196246139225}
{"ts": "2026-09-23T04:01:03.956948+00:00", "trace_id": null, "stage": "gate", "event": "start", "candidates_in": 5}
{"ts": "2026-09-23T04:01:03.957287+00:00", "trace_id": null, "stage": "gate", "event": "finish", "duration_ms": 0.338, "candidates_in": 5, "candidates_out": 5, "top_score": 0.052571428571428575}
{"ts": "2026-09-23T04:01:04.757870+00:00", "trace_id": null, "stage": "gate_form", "event": "start"}
{"ts": "2026-09-23T04:01:04.757977+00:00", "trace_id": null, "stage": "gate_form", "event": "finish", "duration_ms": 0.112}
{"ts": "2026-09-23T04:01:04.758015+00:00", "trace_id": null, "stage": "gate_literal", "event": "start"}
{"ts": "2026-09-23T04:01:04.758066+00:00", "trace_id": null, "stage": "gate_literal", "event": "finish", "duration_ms": 0.051}
{"ts": "2026-09-23T04:01:04.758083+00:00", "trace_id": null, "stage": "gate_entail", "event": "start", "skipped": true, "reason": "no_entailment_model"}
{"ts": "2026-09-23T04:01:04.758122+00:00", "trace_id": null, "stage": "gate_entail", "event": "finish", "duration_ms": 0.037, "degraded": true, "skipped": true, "reason": "no_entailment_model"}
{"ts": "2026-09-23T04:01:04.758184+00:00", "trace_id": null, "stage": "gate_coverage", "event": "start", "coverage": 1.0}
{"ts": "2026-09-23T04:01:04.758221+00:00", "trace_id": null, "stage": "gate_coverage", "event": "finish", "duration_ms": 0.037, "coverage": 1.0}
{"ts": "2026-09-23T04:01:04.758237+00:00", "trace_id": null, "stage": "gate_conflict", "event": "start"}
{"ts": "2026-09-23T04:01:04.758295+00:00", "trace_id": null, "stage": "gate_conflict", "event": "finish", "duration_ms": 0.058, "reason": "version_conflict"}
CONFLICT conflict-008 pass=True 'The copyright year on the current policy is 2026 [5]. Note: a superseded version (Environmental_Sustainability_Policy_2025.pdf) states 2025 [4].'
{"ts": "2026-09-23T04:01:04.758339+00:00", "trace_id": null, "stage": "embed_query", "event": "start", "model": "Qwen/Qwen3-Embedding-0.6B"}
{"ts": "2026-09-23T04:01:04.784469+00:00", "trace_id": null, "stage": "embed_query", "event": "finish", "duration_ms": 26.125, "model": "Qwen/Qwen3-Embedding-0.6B"}
{"ts": "2026-09-23T04:01:04.784582+00:00", "trace_id": null, "stage": "dense", "event": "start"}
{"ts": "2026-09-23T04:01:04.784941+00:00", "trace_id": null, "stage": "dense", "event": "finish", "duration_ms": 0.36, "candidates_out": 20}
{"ts": "2026-09-23T04:01:04.784986+00:00", "trace_id": null, "stage": "lexical", "event": "start"}
{"ts": "2026-09-23T04:01:04.785299+00:00", "trace_id": null, "stage": "lexical", "event": "finish", "duration_ms": 0.313, "candidates_out": 20}
{"ts": "2026-09-23T04:01:04.785356+00:00", "trace_id": null, "stage": "fuse", "event": "start", "candidates_in": 33}
{"ts": "2026-09-23T04:01:04.785419+00:00", "trace_id": null, "stage": "fuse", "event": "finish", "duration_ms": 0.063, "candidates_in": 33, "candidates_out": 24, "top_score": 0.03278688524590164}
{"ts": "2026-09-23T04:01:04.792710+00:00", "trace_id": null, "stage": "gate", "event": "start", "candidates_in": 5}
{"ts": "2026-09-23T04:01:04.792810+00:00", "trace_id": null, "stage": "gate", "event": "finish", "duration_ms": 0.101, "candidates_in": 5, "candidates_out": 5, "top_score": 0.14065573770491804}
{"ts": "2026-09-23T04:01:06.109038+00:00", "trace_id": null, "stage": "gate_form", "event": "start"}
{"ts": "2026-09-23T04:01:06.109139+00:00", "trace_id": null, "stage": "gate_form", "event": "finish", "duration_ms": 0.106}
{"ts": "2026-09-23T04:01:06.109180+00:00", "trace_id": null, "stage": "gate_literal", "event": "start"}
{"ts": "2026-09-23T04:01:06.109257+00:00", "trace_id": null, "stage": "gate_literal", "event": "finish", "duration_ms": 0.076}
{"ts": "2026-09-23T04:01:06.109304+00:00", "trace_id": null, "stage": "gate_entail", "event": "start", "skipped": true, "reason": "no_entailment_model"}
{"ts": "2026-09-23T04:01:06.109351+00:00", "trace_id": null, "stage": "gate_entail", "event": "finish", "duration_ms": 0.046, "degraded": true, "skipped": true, "reason": "no_entailment_model"}
{"ts": "2026-09-23T04:01:06.109372+00:00", "trace_id": null, "stage": "gate_coverage", "event": "start", "coverage": 1.0}
{"ts": "2026-09-23T04:01:06.109413+00:00", "trace_id": null, "stage": "gate_coverage", "event": "finish", "duration_ms": 0.041, "coverage": 1.0}
{"ts": "2026-09-23T04:01:06.109435+00:00", "trace_id": null, "stage": "gate_conflict", "event": "start"}
{"ts": "2026-09-23T04:01:06.109492+00:00", "trace_id": null, "stage": "gate_conflict", "event": "finish", "duration_ms": 0.056, "skipped": true, "reason": "no_conflict"}
INJECT inj-001 pass=True '10 October 2025 [1]'
... 120/122 abstain=6
{"ts": "2026-09-23T04:01:06.109583+00:00", "trace_id": null, "stage": "embed_query", "event": "start", "model": "Qwen/Qwen3-Embedding-0.6B"}
{"ts": "2026-09-23T04:01:06.149787+00:00", "trace_id": null, "stage": "embed_query", "event": "finish", "duration_ms": 40.201, "model": "Qwen/Qwen3-Embedding-0.6B"}
{"ts": "2026-09-23T04:01:06.149857+00:00", "trace_id": null, "stage": "dense", "event": "start"}
{"ts": "2026-09-23T04:01:06.150048+00:00", "trace_id": null, "stage": "dense", "event": "finish", "duration_ms": 0.191, "candidates_out": 20}
{"ts": "2026-09-23T04:01:06.150086+00:00", "trace_id": null, "stage": "lexical", "event": "start"}
{"ts": "2026-09-23T04:01:06.150391+00:00", "trace_id": null, "stage": "lexical", "event": "finish", "duration_ms": 0.303, "candidates_out": 20}
{"ts": "2026-09-23T04:01:06.150442+00:00", "trace_id": null, "stage": "fuse", "event": "start", "candidates_in": 31}
{"ts": "2026-09-23T04:01:06.150520+00:00", "trace_id": null, "stage": "fuse", "event": "finish", "duration_ms": 0.076, "candidates_in": 31, "candidates_out": 19, "top_score": 0.03278688524590164}
{"ts": "2026-09-23T04:01:06.156491+00:00", "trace_id": null, "stage": "gate", "event": "start", "candidates_in": 5}
{"ts": "2026-09-23T04:01:06.156556+00:00", "trace_id": null, "stage": "gate", "event": "finish", "duration_ms": 0.064, "candidates_in": 5, "candidates_out": 5, "top_score": 0.052941176470588235}
{"ts": "2026-09-23T04:01:07.604815+00:00", "trace_id": null, "stage": "gate_form", "event": "start"}
{"ts": "2026-09-23T04:01:07.604923+00:00", "trace_id": null, "stage": "gate_form", "event": "finish", "duration_ms": 0.111}
{"ts": "2026-09-23T04:01:07.604963+00:00", "trace_id": null, "stage": "gate_literal", "event": "start"}
{"ts": "2026-09-23T04:01:07.605057+00:00", "trace_id": null, "stage": "gate_literal", "event": "finish", "duration_ms": 0.094}
{"ts": "2026-09-23T04:01:07.605103+00:00", "trace_id": null, "stage": "gate_entail", "event": "start", "skipped": true, "reason": "no_entailment_model"}
{"ts": "2026-09-23T04:01:07.605148+00:00", "trace_id": null, "stage": "gate_entail", "event": "finish", "duration_ms": 0.044, "degraded": true, "skipped": true, "reason": "no_entailment_model"}
{"ts": "2026-09-23T04:01:07.605169+00:00", "trace_id": null, "stage": "gate_coverage", "event": "start", "coverage": 1.0}
{"ts": "2026-09-23T04:01:07.605210+00:00", "trace_id": null, "stage": "gate_coverage", "event": "finish", "duration_ms": 0.041, "coverage": 1.0}
{"ts": "2026-09-23T04:01:07.605230+00:00", "trace_id": null, "stage": "gate_conflict", "event": "start"}
{"ts": "2026-09-23T04:01:07.605284+00:00", "trace_id": null, "stage": "gate_conflict", "event": "finish", "duration_ms": 0.054, "skipped": true, "reason": "no_conflict"}
INJECT inj-002 pass=True 'The baseline total emissions in tCO2e for FY24 in India were 14,644. [2]'
{"ts": "2026-09-23T04:01:07.605348+00:00", "trace_id": null, "stage": "embed_query", "event": "start", "model": "Qwen/Qwen3-Embedding-0.6B"}
{"ts": "2026-09-23T04:01:07.642402+00:00", "trace_id": null, "stage": "embed_query", "event": "finish", "duration_ms": 37.05, "model": "Qwen/Qwen3-Embedding-0.6B"}
{"ts": "2026-09-23T04:01:07.642491+00:00", "trace_id": null, "stage": "dense", "event": "start"}
{"ts": "2026-09-23T04:01:07.642697+00:00", "trace_id": null, "stage": "dense", "event": "finish", "duration_ms": 0.206, "candidates_out": 20}
{"ts": "2026-09-23T04:01:07.642723+00:00", "trace_id": null, "stage": "lexical", "event": "start"}
{"ts": "2026-09-23T04:01:07.643042+00:00", "trace_id": null, "stage": "lexical", "event": "finish", "duration_ms": 0.318, "candidates_out": 20}
{"ts": "2026-09-23T04:01:07.643094+00:00", "trace_id": null, "stage": "fuse", "event": "start", "candidates_in": 32}
{"ts": "2026-09-23T04:01:07.643164+00:00", "trace_id": null, "stage": "fuse", "event": "finish", "duration_ms": 0.07, "candidates_in": 32, "candidates_out": 19, "top_score": 0.03278688524590164}
{"ts": "2026-09-23T04:01:07.647869+00:00", "trace_id": null, "stage": "gate", "event": "start", "candidates_in": 5}
{"ts": "2026-09-23T04:01:07.647938+00:00", "trace_id": null, "stage": "gate", "event": "finish", "duration_ms": 0.069, "candidates_in": 5, "candidates_out": 5, "top_score": 0.05239415322580645}
{"ts": "2026-09-23T04:01:09.683314+00:00", "trace_id": null, "stage": "gate_form", "event": "start"}
{"ts": "2026-09-23T04:01:09.683450+00:00", "trace_id": null, "stage": "gate_form", "event": "finish", "duration_ms": 0.14}
{"ts": "2026-09-23T04:01:09.683508+00:00", "trace_id": null, "stage": "gate_literal", "event": "start"}
{"ts": "2026-09-23T04:01:09.683806+00:00", "trace_id": null, "stage": "gate_literal", "event": "finish", "duration_ms": 0.297}
{"ts": "2026-09-23T04:01:09.683873+00:00", "trace_id": null, "stage": "gate_entail", "event": "start", "skipped": true, "reason": "no_entailment_model"}
{"ts": "2026-09-23T04:01:09.683943+00:00", "trace_id": null, "stage": "gate_entail", "event": "finish", "duration_ms": 0.07, "degraded": true, "skipped": true, "reason": "no_entailment_model"}
{"ts": "2026-09-23T04:01:09.683973+00:00", "trace_id": null, "stage": "gate_coverage", "event": "start", "coverage": 1.0}
{"ts": "2026-09-23T04:01:09.684028+00:00", "trace_id": null, "stage": "gate_coverage", "event": "finish", "duration_ms": 0.054, "coverage": 1.0}
{"ts": "2026-09-23T04:01:09.684063+00:00", "trace_id": null, "stage": "gate_conflict", "event": "start"}
{"ts": "2026-09-23T04:01:09.684180+00:00", "trace_id": null, "stage": "gate_conflict", "event": "finish", "duration_ms": 0.114, "skipped": true, "reason": "no_conflict"}
INJECT inj-003 pass=True 'The water policy means replenishing more water than is consumed across owned operations through a combination of water conservation, recycling, rainwater harvesting, watershed rest'
ABSTAIN_RATE 6/122 = 0.049
REASONS {'missing_citation': 1, 'declined': 4, 'unsupported_figure': 1}
