{"ts": "2026-09-24T00:33:50.436011+00:00", "trace_id": null, "stage": "embed_query", "event": "start", "model": "Qwen/Qwen3-Embedding-0.6B"}
{"ts": "2026-09-24T00:33:50.839536+00:00", "trace_id": null, "stage": "embed_query", "event": "stage_slow", "duration_ms": 403.523, "model": "Qwen/Qwen3-Embedding-0.6B", "soft_budget_ms": 400.0}
Warning: You are sending unauthenticated requests to the HF Hub. Please set a HF_TOKEN to enable higher rate limits and faster downloads.
Loading weights:   0%|          | 0/310 [00:00<?, ?it/s]Loading weights: 100%|██████████| 310/310 [00:00<00:00, 25300.32it/s]
{"ts": "2026-09-24T00:33:54.693955+00:00", "trace_id": null, "stage": "embed_query", "event": "finish", "duration_ms": 4257.903, "model": "Qwen/Qwen3-Embedding-0.6B"}
{"ts": "2026-09-24T00:33:54.694013+00:00", "trace_id": null, "stage": "dense", "event": "start"}
{"ts": "2026-09-24T00:33:54.694318+00:00", "trace_id": null, "stage": "dense", "event": "finish", "duration_ms": 0.304, "candidates_out": 20}
{"ts": "2026-09-24T00:33:54.694352+00:00", "trace_id": null, "stage": "lexical", "event": "start"}
{"ts": "2026-09-24T00:33:54.695140+00:00", "trace_id": null, "stage": "lexical", "event": "finish", "duration_ms": 0.789, "candidates_out": 20}
{"ts": "2026-09-24T00:33:54.695181+00:00", "trace_id": null, "stage": "fuse", "event": "start", "candidates_in": 33}
{"ts": "2026-09-24T00:33:54.695278+00:00", "trace_id": null, "stage": "fuse", "event": "finish", "duration_ms": 0.096, "candidates_in": 33, "candidates_out": 19, "top_score": 0.03278688524590164}
{"ts": "2026-09-24T00:33:54.695708+00:00", "trace_id": null, "stage": "gate", "event": "start", "candidates_in": 5}
{"ts": "2026-09-24T00:33:54.695794+00:00", "trace_id": null, "stage": "gate", "event": "finish", "duration_ms": 0.086, "candidates_in": 5, "candidates_out": 5, "top_score": 0.03278688524590164}
{"ts": "2026-09-24T00:33:54.695821+00:00", "trace_id": null, "stage": "embed_query", "event": "start", "model": "Qwen/Qwen3-Embedding-0.6B"}
{"ts": "2026-09-24T00:33:54.723459+00:00", "trace_id": null, "stage": "embed_query", "event": "finish", "duration_ms": 27.635, "model": "Qwen/Qwen3-Embedding-0.6B"}
{"ts": "2026-09-24T00:33:54.723504+00:00", "trace_id": null, "stage": "dense", "event": "start"}
{"ts": "2026-09-24T00:33:54.723710+00:00", "trace_id": null, "stage": "dense", "event": "finish", "duration_ms": 0.205, "candidates_out": 20}
{"ts": "2026-09-24T00:33:54.723739+00:00", "trace_id": null, "stage": "lexical", "event": "start"}
{"ts": "2026-09-24T00:33:54.724020+00:00", "trace_id": null, "stage": "lexical", "event": "finish", "duration_ms": 0.28, "candidates_out": 20}
{"ts": "2026-09-24T00:33:54.724060+00:00", "trace_id": null, "stage": "fuse", "event": "start", "candidates_in": 33}
{"ts": "2026-09-24T00:33:54.724132+00:00", "trace_id": null, "stage": "fuse", "event": "finish", "duration_ms": 0.072, "candidates_in": 33, "candidates_out": 20, "top_score": 0.03252247488101534}
{"ts": "2026-09-24T00:33:54.724479+00:00", "trace_id": null, "stage": "gate", "event": "start", "candidates_in": 5}
{"ts": "2026-09-24T00:33:54.724551+00:00", "trace_id": null, "stage": "gate", "event": "finish", "duration_ms": 0.071, "candidates_in": 5, "candidates_out": 5, "top_score": 0.03252247488101534}
{"ts": "2026-09-24T00:33:54.724573+00:00", "trace_id": null, "stage": "embed_query", "event": "start", "model": "Qwen/Qwen3-Embedding-0.6B"}
{"ts": "2026-09-24T00:33:54.749777+00:00", "trace_id": null, "stage": "embed_query", "event": "finish", "duration_ms": 25.2, "model": "Qwen/Qwen3-Embedding-0.6B"}
{"ts": "2026-09-24T00:33:54.749829+00:00", "trace_id": null, "stage": "dense", "event": "start"}
{"ts": "2026-09-24T00:33:54.750024+00:00", "trace_id": null, "stage": "dense", "event": "finish", "duration_ms": 0.194, "candidates_out": 20}
{"ts": "2026-09-24T00:33:54.750050+00:00", "trace_id": null, "stage": "lexical", "event": "start"}
{"ts": "2026-09-24T00:33:54.750291+00:00", "trace_id": null, "stage": "lexical", "event": "finish", "duration_ms": 0.241, "candidates_out": 20}
{"ts": "2026-09-24T00:33:54.750319+00:00", "trace_id": null, "stage": "fuse", "event": "start", "candidates_in": 30}
{"ts": "2026-09-24T00:33:54.750398+00:00", "trace_id": null, "stage": "fuse", "event": "finish", "duration_ms": 0.077, "candidates_in": 30, "candidates_out": 17, "top_score": 0.03252247488101534}
{"ts": "2026-09-24T00:33:54.750711+00:00", "trace_id": null, "stage": "gate", "event": "start", "candidates_in": 5}
{"ts": "2026-09-24T00:33:54.750772+00:00", "trace_id": null, "stage": "gate", "event": "finish", "duration_ms": 0.061, "candidates_in": 5, "candidates_out": 5, "top_score": 0.03252247488101534}
{"ts": "2026-09-24T00:33:54.750793+00:00", "trace_id": null, "stage": "embed_query", "event": "start", "model": "Qwen/Qwen3-Embedding-0.6B"}
{"ts": "2026-09-24T00:33:54.773305+00:00", "trace_id": null, "stage": "embed_query", "event": "finish", "duration_ms": 22.508, "model": "Qwen/Qwen3-Embedding-0.6B"}
{"ts": "2026-09-24T00:33:54.773348+00:00", "trace_id": null, "stage": "dense", "event": "start"}
{"ts": "2026-09-24T00:33:54.773555+00:00", "trace_id": null, "stage": "dense", "event": "finish", "duration_ms": 0.207, "candidates_out": 20}
{"ts": "2026-09-24T00:33:54.773585+00:00", "trace_id": null, "stage": "lexical", "event": "start"}
{"ts": "2026-09-24T00:33:54.773889+00:00", "trace_id": null, "stage": "lexical", "event": "finish", "duration_ms": 0.304, "candidates_out": 20}
{"ts": "2026-09-24T00:33:54.773917+00:00", "trace_id": null, "stage": "fuse", "event": "start", "candidates_in": 31}
{"ts": "2026-09-24T00:33:54.773974+00:00", "trace_id": null, "stage": "fuse", "event": "finish", "duration_ms": 0.057, "candidates_in": 31, "candidates_out": 21, "top_score": 0.03252247488101534}
{"ts": "2026-09-24T00:33:54.774324+00:00", "trace_id": null, "stage": "gate", "event": "start", "candidates_in": 5}
{"ts": "2026-09-24T00:33:54.774390+00:00", "trace_id": null, "stage": "gate", "event": "finish", "duration_ms": 0.066, "candidates_in": 5, "candidates_out": 5, "top_score": 0.03252247488101534}
{"ts": "2026-09-24T00:33:54.774411+00:00", "trace_id": null, "stage": "embed_query", "event": "start", "model": "Qwen/Qwen3-Embedding-0.6B"}
{"ts": "2026-09-24T00:33:54.796723+00:00", "trace_id": null, "stage": "embed_query", "event": "finish", "duration_ms": 22.31, "model": "Qwen/Qwen3-Embedding-0.6B"}
{"ts": "2026-09-24T00:33:54.796768+00:00", "trace_id": null, "stage": "dense", "event": "start"}
{"ts": "2026-09-24T00:33:54.796964+00:00", "trace_id": null, "stage": "dense", "event": "finish", "duration_ms": 0.196, "candidates_out": 20}
{"ts": "2026-09-24T00:33:54.796982+00:00", "trace_id": null, "stage": "lexical", "event": "start"}
{"ts": "2026-09-24T00:33:54.797471+00:00", "trace_id": null, "stage": "lexical", "event": "finish", "duration_ms": 0.489, "candidates_out": 20}
{"ts": "2026-09-24T00:33:54.797499+00:00", "trace_id": null, "stage": "fuse", "event": "start", "candidates_in": 31}
{"ts": "2026-09-24T00:33:54.797558+00:00", "trace_id": null, "stage": "fuse", "event": "finish", "duration_ms": 0.059, "candidates_in": 31, "candidates_out": 20, "top_score": 0.032266458495966696}
{"ts": "2026-09-24T00:33:54.797888+00:00", "trace_id": null, "stage": "gate", "event": "start", "candidates_in": 5}
{"ts": "2026-09-24T00:33:54.797966+00:00", "trace_id": null, "stage": "gate", "event": "finish", "duration_ms": 0.078, "candidates_in": 5, "candidates_out": 5, "top_score": 0.032266458495966696}
{"ts": "2026-09-24T00:33:54.797987+00:00", "trace_id": null, "stage": "embed_query", "event": "start", "model": "Qwen/Qwen3-Embedding-0.6B"}
{"ts": "2026-09-24T00:33:54.825192+00:00", "trace_id": null, "stage": "embed_query", "event": "finish", "duration_ms": 27.201, "model": "Qwen/Qwen3-Embedding-0.6B"}
{"ts": "2026-09-24T00:33:54.825241+00:00", "trace_id": null, "stage": "dense", "event": "start"}
{"ts": "2026-09-24T00:33:54.825456+00:00", "trace_id": null, "stage": "dense", "event": "finish", "duration_ms": 0.215, "candidates_out": 20}
{"ts": "2026-09-24T00:33:54.825478+00:00", "trace_id": null, "stage": "lexical", "event": "start"}
{"ts": "2026-09-24T00:33:54.825735+00:00", "trace_id": null, "stage": "lexical", "event": "finish", "duration_ms": 0.257, "candidates_out": 20}
{"ts": "2026-09-24T00:33:54.825762+00:00", "trace_id": null, "stage": "fuse", "event": "start", "candidates_in": 29}
{"ts": "2026-09-24T00:33:54.825826+00:00", "trace_id": null, "stage": "fuse", "event": "finish", "duration_ms": 0.064, "candidates_in": 29, "candidates_out": 21, "top_score": 0.032018442622950824}
{"ts": "2026-09-24T00:33:54.826202+00:00", "trace_id": null, "stage": "gate", "event": "start", "candidates_in": 5}
{"ts": "2026-09-24T00:33:54.826283+00:00", "trace_id": null, "stage": "gate", "event": "finish", "duration_ms": 0.081, "candidates_in": 5, "candidates_out": 5, "top_score": 0.032018442622950824}
{"ts": "2026-09-24T00:33:54.826315+00:00", "trace_id": null, "stage": "embed_query", "event": "start", "model": "Qwen/Qwen3-Embedding-0.6B"}
{"ts": "2026-09-24T00:33:54.852910+00:00", "trace_id": null, "stage": "embed_query", "event": "finish", "duration_ms": 26.593, "model": "Qwen/Qwen3-Embedding-0.6B"}
{"ts": "2026-09-24T00:33:54.852959+00:00", "trace_id": null, "stage": "dense", "event": "start"}
{"ts": "2026-09-24T00:33:54.853155+00:00", "trace_id": null, "stage": "dense", "event": "finish", "duration_ms": 0.195, "candidates_out": 20}
{"ts": "2026-09-24T00:33:54.853181+00:00", "trace_id": null, "stage": "lexical", "event": "start"}
{"ts": "2026-09-24T00:33:54.853448+00:00", "trace_id": null, "stage": "lexical", "event": "finish", "duration_ms": 0.266, "candidates_out": 20}
{"ts": "2026-09-24T00:33:54.853488+00:00", "trace_id": null, "stage": "fuse", "event": "start", "candidates_in": 30}
{"ts": "2026-09-24T00:33:54.853563+00:00", "trace_id": null, "stage": "fuse", "event": "finish", "duration_ms": 0.075, "candidates_in": 30, "candidates_out": 20, "top_score": 0.03278688524590164}
{"ts": "2026-09-24T00:33:54.853961+00:00", "trace_id": null, "stage": "gate", "event": "start", "candidates_in": 5}
{"ts": "2026-09-24T00:33:54.854030+00:00", "trace_id": null, "stage": "gate", "event": "finish", "duration_ms": 0.069, "candidates_in": 5, "candidates_out": 5, "top_score": 0.031746031746031744}
{"ts": "2026-09-24T00:33:54.854055+00:00", "trace_id": null, "stage": "embed_query", "event": "start", "model": "Qwen/Qwen3-Embedding-0.6B"}
{"ts": "2026-09-24T00:33:54.880396+00:00", "trace_id": null, "stage": "embed_query", "event": "finish", "duration_ms": 26.338, "model": "Qwen/Qwen3-Embedding-0.6B"}
{"ts": "2026-09-24T00:33:54.880436+00:00", "trace_id": null, "stage": "dense", "event": "start"}
{"ts": "2026-09-24T00:33:54.880637+00:00", "trace_id": null, "stage": "dense", "event": "finish", "duration_ms": 0.202, "candidates_out": 20}
{"ts": "2026-09-24T00:33:54.880654+00:00", "trace_id": null, "stage": "lexical", "event": "start"}
{"ts": "2026-09-24T00:33:54.880877+00:00", "trace_id": null, "stage": "lexical", "event": "finish", "duration_ms": 0.223, "candidates_out": 20}
{"ts": "2026-09-24T00:33:54.880902+00:00", "trace_id": null, "stage": "fuse", "event": "start", "candidates_in": 29}
{"ts": "2026-09-24T00:33:54.880965+00:00", "trace_id": null, "stage": "fuse", "event": "finish", "duration_ms": 0.062, "candidates_in": 29, "candidates_out": 20, "top_score": 0.03278688524590164}
{"ts": "2026-09-24T00:33:54.881330+00:00", "trace_id": null, "stage": "gate", "event": "start", "candidates_in": 5}
{"ts": "2026-09-24T00:33:54.881411+00:00", "trace_id": null, "stage": "gate", "event": "finish", "duration_ms": 0.08, "candidates_in": 5, "candidates_out": 5, "top_score": 0.03278688524590164}
{"ts": "2026-09-24T00:33:54.881443+00:00", "trace_id": null, "stage": "embed_query", "event": "start", "model": "Qwen/Qwen3-Embedding-0.6B"}
{"ts": "2026-09-24T00:33:54.905317+00:00", "trace_id": null, "stage": "embed_query", "event": "finish", "duration_ms": 23.871, "model": "Qwen/Qwen3-Embedding-0.6B"}
{"ts": "2026-09-24T00:33:54.905368+00:00", "trace_id": null, "stage": "dense", "event": "start"}
{"ts": "2026-09-24T00:33:54.905578+00:00", "trace_id": null, "stage": "dense", "event": "finish", "duration_ms": 0.21, "candidates_out": 20}
{"ts": "2026-09-24T00:33:54.905600+00:00", "trace_id": null, "stage": "lexical", "event": "start"}
{"ts": "2026-09-24T00:33:54.905839+00:00", "trace_id": null, "stage": "lexical", "event": "finish", "duration_ms": 0.239, "candidates_out": 20}
{"ts": "2026-09-24T00:33:54.905872+00:00", "trace_id": null, "stage": "fuse", "event": "start", "candidates_in": 27}
{"ts": "2026-09-24T00:33:54.905939+00:00", "trace_id": null, "stage": "fuse", "event": "finish", "duration_ms": 0.066, "candidates_in": 27, "candidates_out": 18, "top_score": 0.03252247488101534}
{"ts": "2026-09-24T00:33:54.906273+00:00", "trace_id": null, "stage": "gate", "event": "start", "candidates_in": 5}
{"ts": "2026-09-24T00:33:54.907350+00:00", "trace_id": null, "stage": "gate", "event": "finish", "duration_ms": 1.076, "candidates_in": 5, "candidates_out": 5, "top_score": 0.03252247488101534}
{"ts": "2026-09-24T00:33:54.907378+00:00", "trace_id": null, "stage": "embed_query", "event": "start", "model": "Qwen/Qwen3-Embedding-0.6B"}
{"ts": "2026-09-24T00:33:54.934736+00:00", "trace_id": null, "stage": "embed_query", "event": "finish", "duration_ms": 27.355, "model": "Qwen/Qwen3-Embedding-0.6B"}
{"ts": "2026-09-24T00:33:54.934781+00:00", "trace_id": null, "stage": "dense", "event": "start"}
{"ts": "2026-09-24T00:33:54.934998+00:00", "trace_id": null, "stage": "dense", "event": "finish", "duration_ms": 0.218, "candidates_out": 20}
{"ts": "2026-09-24T00:33:54.935017+00:00", "trace_id": null, "stage": "lexical", "event": "start"}
{"ts": "2026-09-24T00:33:54.935382+00:00", "trace_id": null, "stage": "lexical", "event": "finish", "duration_ms": 0.364, "candidates_out": 20}
{"ts": "2026-09-24T00:33:54.935420+00:00", "trace_id": null, "stage": "fuse", "event": "start", "candidates_in": 31}
{"ts": "2026-09-24T00:33:54.935511+00:00", "trace_id": null, "stage": "fuse", "event": "finish", "duration_ms": 0.091, "candidates_in": 31, "candidates_out": 22, "top_score": 0.03278688524590164}
{"ts": "2026-09-24T00:33:54.936033+00:00", "trace_id": null, "stage": "gate", "event": "start", "candidates_in": 5}
{"ts": "2026-09-24T00:33:54.939706+00:00", "trace_id": null, "stage": "gate", "event": "finish", "duration_ms": 3.673, "candidates_in": 5, "candidates_out": 5, "top_score": 0.03225806451612903}
{"ts": "2026-09-24T00:33:54.939732+00:00", "trace_id": null, "stage": "embed_query", "event": "start", "model": "Qwen/Qwen3-Embedding-0.6B"}
{"ts": "2026-09-24T00:33:54.966513+00:00", "trace_id": null, "stage": "embed_query", "event": "finish", "duration_ms": 26.778, "model": "Qwen/Qwen3-Embedding-0.6B"}
{"ts": "2026-09-24T00:33:54.966557+00:00", "trace_id": null, "stage": "dense", "event": "start"}
{"ts": "2026-09-24T00:33:54.966758+00:00", "trace_id": null, "stage": "dense", "event": "finish", "duration_ms": 0.2, "candidates_out": 20}
{"ts": "2026-09-24T00:33:54.966781+00:00", "trace_id": null, "stage": "lexical", "event": "start"}
{"ts": "2026-09-24T00:33:54.967057+00:00", "trace_id": null, "stage": "lexical", "event": "finish", "duration_ms": 0.276, "candidates_out": 20}
{"ts": "2026-09-24T00:33:54.967085+00:00", "trace_id": null, "stage": "fuse", "event": "start", "candidates_in": 32}
{"ts": "2026-09-24T00:33:54.967175+00:00", "trace_id": null, "stage": "fuse", "event": "finish", "duration_ms": 0.088, "candidates_in": 32, "candidates_out": 26, "top_score": 0.03252247488101534}
{"ts": "2026-09-24T00:33:54.967575+00:00", "trace_id": null, "stage": "gate", "event": "start", "candidates_in": 5}
{"ts": "2026-09-24T00:33:54.968875+00:00", "trace_id": null, "stage": "gate", "event": "finish", "duration_ms": 1.3, "candidates_in": 5, "candidates_out": 5, "top_score": 0.03252247488101534}
{"ts": "2026-09-24T00:33:54.968901+00:00", "trace_id": null, "stage": "embed_query", "event": "start", "model": "Qwen/Qwen3-Embedding-0.6B"}
{"ts": "2026-09-24T00:33:54.990680+00:00", "trace_id": null, "stage": "embed_query", "event": "finish", "duration_ms": 21.776, "model": "Qwen/Qwen3-Embedding-0.6B"}
{"ts": "2026-09-24T00:33:54.990716+00:00", "trace_id": null, "stage": "dense", "event": "start"}
{"ts": "2026-09-24T00:33:54.990903+00:00", "trace_id": null, "stage": "dense", "event": "finish", "duration_ms": 0.186, "candidates_out": 20}
{"ts": "2026-09-24T00:33:54.990920+00:00", "trace_id": null, "stage": "lexical", "event": "start"}
{"ts": "2026-09-24T00:33:54.991197+00:00", "trace_id": null, "stage": "lexical", "event": "finish", "duration_ms": 0.276, "candidates_out": 20}
{"ts": "2026-09-24T00:33:54.991239+00:00", "trace_id": null, "stage": "fuse", "event": "start", "candidates_in": 31}
{"ts": "2026-09-24T00:33:54.991305+00:00", "trace_id": null, "stage": "fuse", "event": "finish", "duration_ms": 0.066, "candidates_in": 31, "candidates_out": 22, "top_score": 0.031754032258064516}
{"ts": "2026-09-24T00:33:54.991771+00:00", "trace_id": null, "stage": "gate", "event": "start", "candidates_in": 5}
{"ts": "2026-09-24T00:33:54.996340+00:00", "trace_id": null, "stage": "gate", "event": "finish", "duration_ms": 4.568, "candidates_in": 5, "candidates_out": 5, "top_score": 0.03125763125763126}
{"ts": "2026-09-24T00:33:54.996371+00:00", "trace_id": null, "stage": "embed_query", "event": "start", "model": "Qwen/Qwen3-Embedding-0.6B"}
{"ts": "2026-09-24T00:33:55.019085+00:00", "trace_id": null, "stage": "embed_query", "event": "finish", "duration_ms": 22.712, "model": "Qwen/Qwen3-Embedding-0.6B"}
{"ts": "2026-09-24T00:33:55.019128+00:00", "trace_id": null, "stage": "dense", "event": "start"}
{"ts": "2026-09-24T00:33:55.019313+00:00", "trace_id": null, "stage": "dense", "event": "finish", "duration_ms": 0.185, "candidates_out": 20}
{"ts": "2026-09-24T00:33:55.019339+00:00", "trace_id": null, "stage": "lexical", "event": "start"}
{"ts": "2026-09-24T00:33:55.019591+00:00", "trace_id": null, "stage": "lexical", "event": "finish", "duration_ms": 0.251, "candidates_out": 20}
{"ts": "2026-09-24T00:33:55.019624+00:00", "trace_id": null, "stage": "fuse", "event": "start", "candidates_in": 32}
{"ts": "2026-09-24T00:33:55.019705+00:00", "trace_id": null, "stage": "fuse", "event": "finish", "duration_ms": 0.081, "candidates_in": 32, "candidates_out": 21, "top_score": 0.03252247488101534}
{"ts": "2026-09-24T00:33:55.020036+00:00", "trace_id": null, "stage": "gate", "event": "start", "candidates_in": 5}
{"ts": "2026-09-24T00:33:55.024347+00:00", "trace_id": null, "stage": "gate", "event": "finish", "duration_ms": 4.31, "candidates_in": 5, "candidates_out": 5, "top_score": 0.032266458495966696}
{"ts": "2026-09-24T00:33:55.024374+00:00", "trace_id": null, "stage": "embed_query", "event": "start", "model": "Qwen/Qwen3-Embedding-0.6B"}
{"ts": "2026-09-24T00:33:55.046388+00:00", "trace_id": null, "stage": "embed_query", "event": "finish", "duration_ms": 22.012, "model": "Qwen/Qwen3-Embedding-0.6B"}
{"ts": "2026-09-24T00:33:55.046431+00:00", "trace_id": null, "stage": "dense", "event": "start"}
{"ts": "2026-09-24T00:33:55.046639+00:00", "trace_id": null, "stage": "dense", "event": "finish", "duration_ms": 0.208, "candidates_out": 20}
{"ts": "2026-09-24T00:33:55.046664+00:00", "trace_id": null, "stage": "lexical", "event": "start"}
{"ts": "2026-09-24T00:33:55.047038+00:00", "trace_id": null, "stage": "lexical", "event": "finish", "duration_ms": 0.374, "candidates_out": 20}
{"ts": "2026-09-24T00:33:55.047069+00:00", "trace_id": null, "stage": "fuse", "event": "start", "candidates_in": 32}
{"ts": "2026-09-24T00:33:55.047127+00:00", "trace_id": null, "stage": "fuse", "event": "finish", "duration_ms": 0.058, "candidates_in": 32, "candidates_out": 21, "top_score": 0.03252247488101534}
{"ts": "2026-09-24T00:33:55.047496+00:00", "trace_id": null, "stage": "gate", "event": "start", "candidates_in": 5}
{"ts": "2026-09-24T00:33:55.048637+00:00", "trace_id": null, "stage": "gate", "event": "finish", "duration_ms": 1.141, "candidates_in": 5, "candidates_out": 5, "top_score": 0.031754032258064516}
{"ts": "2026-09-24T00:33:55.048662+00:00", "trace_id": null, "stage": "embed_query", "event": "start", "model": "Qwen/Qwen3-Embedding-0.6B"}
{"ts": "2026-09-24T00:33:55.072057+00:00", "trace_id": null, "stage": "embed_query", "event": "finish", "duration_ms": 23.393, "model": "Qwen/Qwen3-Embedding-0.6B"}
{"ts": "2026-09-24T00:33:55.072098+00:00", "trace_id": null, "stage": "dense", "event": "start"}
{"ts": "2026-09-24T00:33:55.072293+00:00", "trace_id": null, "stage": "dense", "event": "finish", "duration_ms": 0.194, "candidates_out": 20}
{"ts": "2026-09-24T00:33:55.072310+00:00", "trace_id": null, "stage": "lexical", "event": "start"}
{"ts": "2026-09-24T00:33:55.072580+00:00", "trace_id": null, "stage": "lexical", "event": "finish", "duration_ms": 0.27, "candidates_out": 20}
{"ts": "2026-09-24T00:33:55.072614+00:00", "trace_id": null, "stage": "fuse", "event": "start", "candidates_in": 33}
{"ts": "2026-09-24T00:33:55.072697+00:00", "trace_id": null, "stage": "fuse", "event": "finish", "duration_ms": 0.083, "candidates_in": 33, "candidates_out": 22, "top_score": 0.03278688524590164}
{"ts": "2026-09-24T00:33:55.073124+00:00", "trace_id": null, "stage": "gate", "event": "start", "candidates_in": 5}
{"ts": "2026-09-24T00:33:55.079750+00:00", "trace_id": null, "stage": "gate", "event": "finish", "duration_ms": 6.626, "candidates_in": 5, "candidates_out": 5, "top_score": 0.03278688524590164}
{"ts": "2026-09-24T00:33:55.079782+00:00", "trace_id": null, "stage": "embed_query", "event": "start", "model": "Qwen/Qwen3-Embedding-0.6B"}
{"ts": "2026-09-24T00:33:55.105430+00:00", "trace_id": null, "stage": "embed_query", "event": "finish", "duration_ms": 25.645, "model": "Qwen/Qwen3-Embedding-0.6B"}
{"ts": "2026-09-24T00:33:55.105477+00:00", "trace_id": null, "stage": "dense", "event": "start"}
{"ts": "2026-09-24T00:33:55.105673+00:00", "trace_id": null, "stage": "dense", "event": "finish", "duration_ms": 0.195, "candidates_out": 20}
{"ts": "2026-09-24T00:33:55.105692+00:00", "trace_id": null, "stage": "lexical", "event": "start"}
{"ts": "2026-09-24T00:33:55.105946+00:00", "trace_id": null, "stage": "lexical", "event": "finish", "duration_ms": 0.253, "candidates_out": 20}
{"ts": "2026-09-24T00:33:55.105979+00:00", "trace_id": null, "stage": "fuse", "event": "start", "candidates_in": 32}
{"ts": "2026-09-24T00:33:55.106069+00:00", "trace_id": null, "stage": "fuse", "event": "finish", "duration_ms": 0.09, "candidates_in": 32, "candidates_out": 22, "top_score": 0.03278688524590164}
{"ts": "2026-09-24T00:33:55.106401+00:00", "trace_id": null, "stage": "gate", "event": "start", "candidates_in": 5}
{"ts": "2026-09-24T00:33:55.106474+00:00", "trace_id": null, "stage": "gate", "event": "finish", "duration_ms": 0.072, "candidates_in": 5, "candidates_out": 5, "top_score": 0.03278688524590164}
{"ts": "2026-09-24T00:33:55.106504+00:00", "trace_id": null, "stage": "embed_query", "event": "start", "model": "Qwen/Qwen3-Embedding-0.6B"}
{"ts": "2026-09-24T00:33:55.129305+00:00", "trace_id": null, "stage": "embed_query", "event": "finish", "duration_ms": 22.798, "model": "Qwen/Qwen3-Embedding-0.6B"}
{"ts": "2026-09-24T00:33:55.129351+00:00", "trace_id": null, "stage": "dense", "event": "start"}
{"ts": "2026-09-24T00:33:55.129551+00:00", "trace_id": null, "stage": "dense", "event": "finish", "duration_ms": 0.2, "candidates_out": 20}
{"ts": "2026-09-24T00:33:55.129577+00:00", "trace_id": null, "stage": "lexical", "event": "start"}
{"ts": "2026-09-24T00:33:55.129834+00:00", "trace_id": null, "stage": "lexical", "event": "finish", "duration_ms": 0.257, "candidates_out": 20}
{"ts": "2026-09-24T00:33:55.129862+00:00", "trace_id": null, "stage": "fuse", "event": "start", "candidates_in": 33}
{"ts": "2026-09-24T00:33:55.129924+00:00", "trace_id": null, "stage": "fuse", "event": "finish", "duration_ms": 0.061, "candidates_in": 33, "candidates_out": 20, "top_score": 0.03225806451612903}
{"ts": "2026-09-24T00:33:55.130263+00:00", "trace_id": null, "stage": "gate", "event": "start", "candidates_in": 5}
{"ts": "2026-09-24T00:33:55.130332+00:00", "trace_id": null, "stage": "gate", "event": "finish", "duration_ms": 0.069, "candidates_in": 5, "candidates_out": 5, "top_score": 0.03225806451612903}
{"ts": "2026-09-24T00:33:55.130360+00:00", "trace_id": null, "stage": "embed_query", "event": "start", "model": "Qwen/Qwen3-Embedding-0.6B"}
{"ts": "2026-09-24T00:33:55.155340+00:00", "trace_id": null, "stage": "embed_query", "event": "finish", "duration_ms": 24.978, "model": "Qwen/Qwen3-Embedding-0.6B"}
{"ts": "2026-09-24T00:33:55.155387+00:00", "trace_id": null, "stage": "dense", "event": "start"}
{"ts": "2026-09-24T00:33:55.155602+00:00", "trace_id": null, "stage": "dense", "event": "finish", "duration_ms": 0.215, "candidates_out": 20}
{"ts": "2026-09-24T00:33:55.155631+00:00", "trace_id": null, "stage": "lexical", "event": "start"}
{"ts": "2026-09-24T00:33:55.155905+00:00", "trace_id": null, "stage": "lexical", "event": "finish", "duration_ms": 0.273, "candidates_out": 20}
{"ts": "2026-09-24T00:33:55.155936+00:00", "trace_id": null, "stage": "fuse", "event": "start", "candidates_in": 34}
{"ts": "2026-09-24T00:33:55.156018+00:00", "trace_id": null, "stage": "fuse", "event": "finish", "duration_ms": 0.082, "candidates_in": 34, "candidates_out": 26, "top_score": 0.03278688524590164}
{"ts": "2026-09-24T00:33:55.156403+00:00", "trace_id": null, "stage": "gate", "event": "start", "candidates_in": 5}
{"ts": "2026-09-24T00:33:55.156472+00:00", "trace_id": null, "stage": "gate", "event": "finish", "duration_ms": 0.069, "candidates_in": 5, "candidates_out": 5, "top_score": 0.03278688524590164}
{"ts": "2026-09-24T00:33:55.156496+00:00", "trace_id": null, "stage": "embed_query", "event": "start", "model": "Qwen/Qwen3-Embedding-0.6B"}
{"ts": "2026-09-24T00:33:55.179307+00:00", "trace_id": null, "stage": "embed_query", "event": "finish", "duration_ms": 22.808, "model": "Qwen/Qwen3-Embedding-0.6B"}
{"ts": "2026-09-24T00:33:55.179349+00:00", "trace_id": null, "stage": "dense", "event": "start"}
{"ts": "2026-09-24T00:33:55.179532+00:00", "trace_id": null, "stage": "dense", "event": "finish", "duration_ms": 0.183, "candidates_out": 20}
{"ts": "2026-09-24T00:33:55.179549+00:00", "trace_id": null, "stage": "lexical", "event": "start"}
{"ts": "2026-09-24T00:33:55.179784+00:00", "trace_id": null, "stage": "lexical", "event": "finish", "duration_ms": 0.235, "candidates_out": 20}
{"ts": "2026-09-24T00:33:55.179816+00:00", "trace_id": null, "stage": "fuse", "event": "start", "candidates_in": 34}
{"ts": "2026-09-24T00:33:55.179892+00:00", "trace_id": null, "stage": "fuse", "event": "finish", "duration_ms": 0.075, "candidates_in": 34, "candidates_out": 26, "top_score": 0.03278688524590164}
{"ts": "2026-09-24T00:33:55.180266+00:00", "trace_id": null, "stage": "gate", "event": "start", "candidates_in": 5}
{"ts": "2026-09-24T00:33:55.180328+00:00", "trace_id": null, "stage": "gate", "event": "finish", "duration_ms": 0.063, "candidates_in": 5, "candidates_out": 5, "top_score": 0.03278688524590164}
{"ts": "2026-09-24T00:33:55.180348+00:00", "trace_id": null, "stage": "embed_query", "event": "start", "model": "Qwen/Qwen3-Embedding-0.6B"}
{"ts": "2026-09-24T00:33:55.203373+00:00", "trace_id": null, "stage": "embed_query", "event": "finish", "duration_ms": 23.022, "model": "Qwen/Qwen3-Embedding-0.6B"}
{"ts": "2026-09-24T00:33:55.203413+00:00", "trace_id": null, "stage": "dense", "event": "start"}
{"ts": "2026-09-24T00:33:55.203614+00:00", "trace_id": null, "stage": "dense", "event": "finish", "duration_ms": 0.201, "candidates_out": 20}
{"ts": "2026-09-24T00:33:55.203640+00:00", "trace_id": null, "stage": "lexical", "event": "start"}
{"ts": "2026-09-24T00:33:55.203905+00:00", "trace_id": null, "stage": "lexical", "event": "finish", "duration_ms": 0.265, "candidates_out": 20}
{"ts": "2026-09-24T00:33:55.203936+00:00", "trace_id": null, "stage": "fuse", "event": "start", "candidates_in": 34}
{"ts": "2026-09-24T00:33:55.204016+00:00", "trace_id": null, "stage": "fuse", "event": "finish", "duration_ms": 0.08, "candidates_in": 34, "candidates_out": 22, "top_score": 0.03278688524590164}
{"ts": "2026-09-24T00:33:55.204360+00:00", "trace_id": null, "stage": "gate", "event": "start", "candidates_in": 5}
{"ts": "2026-09-24T00:33:55.204422+00:00", "trace_id": null, "stage": "gate", "event": "finish", "duration_ms": 0.062, "candidates_in": 5, "candidates_out": 5, "top_score": 0.03278688524590164}
{"ts": "2026-09-24T00:33:55.204444+00:00", "trace_id": null, "stage": "embed_query", "event": "start", "model": "Qwen/Qwen3-Embedding-0.6B"}
{"ts": "2026-09-24T00:33:55.230926+00:00", "trace_id": null, "stage": "embed_query", "event": "finish", "duration_ms": 26.478, "model": "Qwen/Qwen3-Embedding-0.6B"}
{"ts": "2026-09-24T00:33:55.230976+00:00", "trace_id": null, "stage": "dense", "event": "start"}
{"ts": "2026-09-24T00:33:55.231175+00:00", "trace_id": null, "stage": "dense", "event": "finish", "duration_ms": 0.199, "candidates_out": 20}
{"ts": "2026-09-24T00:33:55.231194+00:00", "trace_id": null, "stage": "lexical", "event": "start"}
{"ts": "2026-09-24T00:33:55.231448+00:00", "trace_id": null, "stage": "lexical", "event": "finish", "duration_ms": 0.254, "candidates_out": 19}
{"ts": "2026-09-24T00:33:55.231475+00:00", "trace_id": null, "stage": "fuse", "event": "start", "candidates_in": 26}
{"ts": "2026-09-24T00:33:55.231558+00:00", "trace_id": null, "stage": "fuse", "event": "finish", "duration_ms": 0.082, "candidates_in": 26, "candidates_out": 16, "top_score": 0.03278688524590164}
{"ts": "2026-09-24T00:33:55.231851+00:00", "trace_id": null, "stage": "gate", "event": "start", "candidates_in": 5}
{"ts": "2026-09-24T00:33:55.231917+00:00", "trace_id": null, "stage": "gate", "event": "finish", "duration_ms": 0.066, "candidates_in": 5, "candidates_out": 5, "top_score": 0.03278688524590164}
{"ts": "2026-09-24T00:33:55.231939+00:00", "trace_id": null, "stage": "embed_query", "event": "start", "model": "Qwen/Qwen3-Embedding-0.6B"}
{"ts": "2026-09-24T00:33:55.255316+00:00", "trace_id": null, "stage": "embed_query", "event": "finish", "duration_ms": 23.374, "model": "Qwen/Qwen3-Embedding-0.6B"}
{"ts": "2026-09-24T00:33:55.255359+00:00", "trace_id": null, "stage": "dense", "event": "start"}
{"ts": "2026-09-24T00:33:55.255545+00:00", "trace_id": null, "stage": "dense", "event": "finish", "duration_ms": 0.185, "candidates_out": 20}
{"ts": "2026-09-24T00:33:55.255562+00:00", "trace_id": null, "stage": "lexical", "event": "start"}
{"ts": "2026-09-24T00:33:55.255819+00:00", "trace_id": null, "stage": "lexical", "event": "finish", "duration_ms": 0.256, "candidates_out": 20}
{"ts": "2026-09-24T00:33:55.255854+00:00", "trace_id": null, "stage": "fuse", "event": "start", "candidates_in": 30}
{"ts": "2026-09-24T00:33:55.255934+00:00", "trace_id": null, "stage": "fuse", "event": "finish", "duration_ms": 0.08, "candidates_in": 30, "candidates_out": 21, "top_score": 0.032266458495966696}
{"ts": "2026-09-24T00:33:55.256255+00:00", "trace_id": null, "stage": "gate", "event": "start", "candidates_in": 5}
{"ts": "2026-09-24T00:33:55.260620+00:00", "trace_id": null, "stage": "gate", "event": "finish", "duration_ms": 4.364, "candidates_in": 5, "candidates_out": 5, "top_score": 0.03055037313432836}
{"ts": "2026-09-24T00:33:55.260646+00:00", "trace_id": null, "stage": "embed_query", "event": "start", "model": "Qwen/Qwen3-Embedding-0.6B"}
{"ts": "2026-09-24T00:33:55.283060+00:00", "trace_id": null, "stage": "embed_query", "event": "finish", "duration_ms": 22.412, "model": "Qwen/Qwen3-Embedding-0.6B"}
{"ts": "2026-09-24T00:33:55.283102+00:00", "trace_id": null, "stage": "dense", "event": "start"}
{"ts": "2026-09-24T00:33:55.283302+00:00", "trace_id": null, "stage": "dense", "event": "finish", "duration_ms": 0.2, "candidates_out": 20}
{"ts": "2026-09-24T00:33:55.283319+00:00", "trace_id": null, "stage": "lexical", "event": "start"}
{"ts": "2026-09-24T00:33:55.283581+00:00", "trace_id": null, "stage": "lexical", "event": "finish", "duration_ms": 0.261, "candidates_out": 20}
{"ts": "2026-09-24T00:33:55.283615+00:00", "trace_id": null, "stage": "fuse", "event": "start", "candidates_in": 21}
{"ts": "2026-09-24T00:33:55.283694+00:00", "trace_id": null, "stage": "fuse", "event": "finish", "duration_ms": 0.078, "candidates_in": 21, "candidates_out": 15, "top_score": 0.032018442622950824}
{"ts": "2026-09-24T00:33:55.283979+00:00", "trace_id": null, "stage": "gate", "event": "start", "candidates_in": 5}
{"ts": "2026-09-24T00:33:55.289650+00:00", "trace_id": null, "stage": "gate", "event": "finish", "duration_ms": 5.669, "candidates_in": 5, "candidates_out": 5, "top_score": 0.03200204813108039}
{"ts": "2026-09-24T00:33:55.289694+00:00", "trace_id": null, "stage": "embed_query", "event": "start", "model": "Qwen/Qwen3-Embedding-0.6B"}
{"ts": "2026-09-24T00:33:55.313197+00:00", "trace_id": null, "stage": "embed_query", "event": "finish", "duration_ms": 23.5, "model": "Qwen/Qwen3-Embedding-0.6B"}
{"ts": "2026-09-24T00:33:55.313243+00:00", "trace_id": null, "stage": "dense", "event": "start"}
{"ts": "2026-09-24T00:33:55.313427+00:00", "trace_id": null, "stage": "dense", "event": "finish", "duration_ms": 0.184, "candidates_out": 20}
{"ts": "2026-09-24T00:33:55.313446+00:00", "trace_id": null, "stage": "lexical", "event": "start"}
{"ts": "2026-09-24T00:33:55.313696+00:00", "trace_id": null, "stage": "lexical", "event": "finish", "duration_ms": 0.25, "candidates_out": 20}
{"ts": "2026-09-24T00:33:55.313722+00:00", "trace_id": null, "stage": "fuse", "event": "start", "candidates_in": 31}
{"ts": "2026-09-24T00:33:55.313798+00:00", "trace_id": null, "stage": "fuse", "event": "finish", "duration_ms": 0.074, "candidates_in": 31, "candidates_out": 20, "top_score": 0.03278688524590164}
{"ts": "2026-09-24T00:33:55.314180+00:00", "trace_id": null, "stage": "gate", "event": "start", "candidates_in": 5}
{"ts": "2026-09-24T00:33:55.315916+00:00", "trace_id": null, "stage": "gate", "event": "finish", "duration_ms": 1.735, "candidates_in": 5, "candidates_out": 5, "top_score": 0.03225806451612903}
{"ts": "2026-09-24T00:33:55.315944+00:00", "trace_id": null, "stage": "embed_query", "event": "start", "model": "Qwen/Qwen3-Embedding-0.6B"}
{"ts": "2026-09-24T00:33:55.339290+00:00", "trace_id": null, "stage": "embed_query", "event": "finish", "duration_ms": 23.343, "model": "Qwen/Qwen3-Embedding-0.6B"}
{"ts": "2026-09-24T00:33:55.339369+00:00", "trace_id": null, "stage": "dense", "event": "start"}
{"ts": "2026-09-24T00:33:55.339570+00:00", "trace_id": null, "stage": "dense", "event": "finish", "duration_ms": 0.2, "candidates_out": 20}
{"ts": "2026-09-24T00:33:55.339594+00:00", "trace_id": null, "stage": "lexical", "event": "start"}
{"ts": "2026-09-24T00:33:55.340045+00:00", "trace_id": null, "stage": "lexical", "event": "finish", "duration_ms": 0.449, "candidates_out": 20}
{"ts": "2026-09-24T00:33:55.340078+00:00", "trace_id": null, "stage": "fuse", "event": "start", "candidates_in": 33}
{"ts": "2026-09-24T00:33:55.340138+00:00", "trace_id": null, "stage": "fuse", "event": "finish", "duration_ms": 0.06, "candidates_in": 33, "candidates_out": 20, "top_score": 0.03278688524590164}
{"ts": "2026-09-24T00:33:55.340495+00:00", "trace_id": null, "stage": "gate", "event": "start", "candidates_in": 5}
{"ts": "2026-09-24T00:33:55.341754+00:00", "trace_id": null, "stage": "gate", "event": "finish", "duration_ms": 1.258, "candidates_in": 5, "candidates_out": 5, "top_score": 0.03278688524590164}
{"ts": "2026-09-24T00:33:55.341784+00:00", "trace_id": null, "stage": "embed_query", "event": "start", "model": "Qwen/Qwen3-Embedding-0.6B"}
{"ts": "2026-09-24T00:33:55.364126+00:00", "trace_id": null, "stage": "embed_query", "event": "finish", "duration_ms": 22.339, "model": "Qwen/Qwen3-Embedding-0.6B"}
{"ts": "2026-09-24T00:33:55.364169+00:00", "trace_id": null, "stage": "dense", "event": "start"}
{"ts": "2026-09-24T00:33:55.364371+00:00", "trace_id": null, "stage": "dense", "event": "finish", "duration_ms": 0.202, "candidates_out": 20}
{"ts": "2026-09-24T00:33:55.364396+00:00", "trace_id": null, "stage": "lexical", "event": "start"}
{"ts": "2026-09-24T00:33:55.364598+00:00", "trace_id": null, "stage": "lexical", "event": "finish", "duration_ms": 0.201, "candidates_out": 13}
{"ts": "2026-09-24T00:33:55.364627+00:00", "trace_id": null, "stage": "fuse", "event": "start", "candidates_in": 25}
{"ts": "2026-09-24T00:33:55.364685+00:00", "trace_id": null, "stage": "fuse", "event": "finish", "duration_ms": 0.058, "candidates_in": 25, "candidates_out": 19, "top_score": 0.03278688524590164}
{"ts": "2026-09-24T00:33:55.365052+00:00", "trace_id": null, "stage": "gate", "event": "start", "candidates_in": 5}
{"ts": "2026-09-24T00:33:55.366268+00:00", "trace_id": null, "stage": "gate", "event": "finish", "duration_ms": 1.216, "candidates_in": 5, "candidates_out": 5, "top_score": 0.03278688524590164}
{"ts": "2026-09-24T00:33:55.366291+00:00", "trace_id": null, "stage": "embed_query", "event": "start", "model": "Qwen/Qwen3-Embedding-0.6B"}
{"ts": "2026-09-24T00:33:55.388136+00:00", "trace_id": null, "stage": "embed_query", "event": "finish", "duration_ms": 21.842, "model": "Qwen/Qwen3-Embedding-0.6B"}
{"ts": "2026-09-24T00:33:55.388179+00:00", "trace_id": null, "stage": "dense", "event": "start"}
{"ts": "2026-09-24T00:33:55.388374+00:00", "trace_id": null, "stage": "dense", "event": "finish", "duration_ms": 0.195, "candidates_out": 20}
{"ts": "2026-09-24T00:33:55.388392+00:00", "trace_id": null, "stage": "lexical", "event": "start"}
{"ts": "2026-09-24T00:33:55.388636+00:00", "trace_id": null, "stage": "lexical", "event": "finish", "duration_ms": 0.244, "candidates_out": 20}
{"ts": "2026-09-24T00:33:55.388672+00:00", "trace_id": null, "stage": "fuse", "event": "start", "candidates_in": 33}
{"ts": "2026-09-24T00:33:55.388741+00:00", "trace_id": null, "stage": "fuse", "event": "finish", "duration_ms": 0.069, "candidates_in": 33, "candidates_out": 22, "top_score": 0.03278688524590164}
{"ts": "2026-09-24T00:33:55.389089+00:00", "trace_id": null, "stage": "gate", "event": "start", "candidates_in": 5}
{"ts": "2026-09-24T00:33:55.390177+00:00", "trace_id": null, "stage": "gate", "event": "finish", "duration_ms": 1.088, "candidates_in": 5, "candidates_out": 5, "top_score": 0.03278688524590164}
{"ts": "2026-09-24T00:33:55.390203+00:00", "trace_id": null, "stage": "embed_query", "event": "start", "model": "Qwen/Qwen3-Embedding-0.6B"}
{"ts": "2026-09-24T00:33:55.416831+00:00", "trace_id": null, "stage": "embed_query", "event": "finish", "duration_ms": 26.626, "model": "Qwen/Qwen3-Embedding-0.6B"}
{"ts": "2026-09-24T00:33:55.416881+00:00", "trace_id": null, "stage": "dense", "event": "start"}
{"ts": "2026-09-24T00:33:55.417083+00:00", "trace_id": null, "stage": "dense", "event": "finish", "duration_ms": 0.202, "candidates_out": 20}
{"ts": "2026-09-24T00:33:55.417109+00:00", "trace_id": null, "stage": "lexical", "event": "start"}
{"ts": "2026-09-24T00:33:55.417377+00:00", "trace_id": null, "stage": "lexical", "event": "finish", "duration_ms": 0.267, "candidates_out": 20}
{"ts": "2026-09-24T00:33:55.417413+00:00", "trace_id": null, "stage": "fuse", "event": "start", "candidates_in": 35}
{"ts": "2026-09-24T00:33:55.417495+00:00", "trace_id": null, "stage": "fuse", "event": "finish", "duration_ms": 0.083, "candidates_in": 35, "candidates_out": 22, "top_score": 0.032266458495966696}
{"ts": "2026-09-24T00:33:55.417835+00:00", "trace_id": null, "stage": "gate", "event": "start", "candidates_in": 5}
{"ts": "2026-09-24T00:33:55.419387+00:00", "trace_id": null, "stage": "gate", "event": "finish", "duration_ms": 1.551, "candidates_in": 5, "candidates_out": 5, "top_score": 0.032266458495966696}
{"ts": "2026-09-24T00:33:55.419418+00:00", "trace_id": null, "stage": "embed_query", "event": "start", "model": "Qwen/Qwen3-Embedding-0.6B"}
{"ts": "2026-09-24T00:33:55.448859+00:00", "trace_id": null, "stage": "embed_query", "event": "finish", "duration_ms": 29.439, "model": "Qwen/Qwen3-Embedding-0.6B"}
{"ts": "2026-09-24T00:33:55.448903+00:00", "trace_id": null, "stage": "dense", "event": "start"}
{"ts": "2026-09-24T00:33:55.449093+00:00", "trace_id": null, "stage": "dense", "event": "finish", "duration_ms": 0.19, "candidates_out": 20}
{"ts": "2026-09-24T00:33:55.449111+00:00", "trace_id": null, "stage": "lexical", "event": "start"}
{"ts": "2026-09-24T00:33:55.449358+00:00", "trace_id": null, "stage": "lexical", "event": "finish", "duration_ms": 0.247, "candidates_out": 20}
{"ts": "2026-09-24T00:33:55.449385+00:00", "trace_id": null, "stage": "fuse", "event": "start", "candidates_in": 36}
{"ts": "2026-09-24T00:33:55.449446+00:00", "trace_id": null, "stage": "fuse", "event": "finish", "duration_ms": 0.06, "candidates_in": 36, "candidates_out": 25, "top_score": 0.03252247488101534}
{"ts": "2026-09-24T00:33:55.449836+00:00", "trace_id": null, "stage": "gate", "event": "start", "candidates_in": 5}
{"ts": "2026-09-24T00:33:55.451738+00:00", "trace_id": null, "stage": "gate", "event": "finish", "duration_ms": 1.901, "candidates_in": 5, "candidates_out": 5, "top_score": 0.03252247488101534}
{"ts": "2026-09-24T00:33:55.451767+00:00", "trace_id": null, "stage": "embed_query", "event": "start", "model": "Qwen/Qwen3-Embedding-0.6B"}
{"ts": "2026-09-24T00:33:55.474533+00:00", "trace_id": null, "stage": "embed_query", "event": "finish", "duration_ms": 22.762, "model": "Qwen/Qwen3-Embedding-0.6B"}
{"ts": "2026-09-24T00:33:55.474578+00:00", "trace_id": null, "stage": "dense", "event": "start"}
{"ts": "2026-09-24T00:33:55.474768+00:00", "trace_id": null, "stage": "dense", "event": "finish", "duration_ms": 0.189, "candidates_out": 20}
{"ts": "2026-09-24T00:33:55.474786+00:00", "trace_id": null, "stage": "lexical", "event": "start"}
{"ts": "2026-09-24T00:33:55.475028+00:00", "trace_id": null, "stage": "lexical", "event": "finish", "duration_ms": 0.242, "candidates_out": 20}
{"ts": "2026-09-24T00:33:55.475054+00:00", "trace_id": null, "stage": "fuse", "event": "start", "candidates_in": 32}
{"ts": "2026-09-24T00:33:55.475120+00:00", "trace_id": null, "stage": "fuse", "event": "finish", "duration_ms": 0.064, "candidates_in": 32, "candidates_out": 22, "top_score": 0.03252247488101534}
{"ts": "2026-09-24T00:33:55.475487+00:00", "trace_id": null, "stage": "gate", "event": "start", "candidates_in": 5}
{"ts": "2026-09-24T00:33:55.475551+00:00", "trace_id": null, "stage": "gate", "event": "finish", "duration_ms": 0.064, "candidates_in": 5, "candidates_out": 5, "top_score": 0.03252247488101534}
{"ts": "2026-09-24T00:33:55.475572+00:00", "trace_id": null, "stage": "embed_query", "event": "start", "model": "Qwen/Qwen3-Embedding-0.6B"}
{"ts": "2026-09-24T00:33:55.497383+00:00", "trace_id": null, "stage": "embed_query", "event": "finish", "duration_ms": 21.81, "model": "Qwen/Qwen3-Embedding-0.6B"}
{"ts": "2026-09-24T00:33:55.497416+00:00", "trace_id": null, "stage": "dense", "event": "start"}
{"ts": "2026-09-24T00:33:55.497600+00:00", "trace_id": null, "stage": "dense", "event": "finish", "duration_ms": 0.183, "candidates_out": 20}
{"ts": "2026-09-24T00:33:55.497620+00:00", "trace_id": null, "stage": "lexical", "event": "start"}
{"ts": "2026-09-24T00:33:55.497895+00:00", "trace_id": null, "stage": "lexical", "event": "finish", "duration_ms": 0.275, "candidates_out": 20}
{"ts": "2026-09-24T00:33:55.497922+00:00", "trace_id": null, "stage": "fuse", "event": "start", "candidates_in": 31}
{"ts": "2026-09-24T00:33:55.497995+00:00", "trace_id": null, "stage": "fuse", "event": "finish", "duration_ms": 0.071, "candidates_in": 31, "candidates_out": 22, "top_score": 0.03177805800756621}
{"ts": "2026-09-24T00:33:55.498648+00:00", "trace_id": null, "stage": "gate", "event": "start", "candidates_in": 5}
{"ts": "2026-09-24T00:33:55.498719+00:00", "trace_id": null, "stage": "gate", "event": "finish", "duration_ms": 0.07, "candidates_in": 5, "candidates_out": 5, "top_score": 0.03177805800756621}
{"ts": "2026-09-24T00:33:55.498743+00:00", "trace_id": null, "stage": "embed_query", "event": "start", "model": "Qwen/Qwen3-Embedding-0.6B"}
{"ts": "2026-09-24T00:33:55.521943+00:00", "trace_id": null, "stage": "embed_query", "event": "finish", "duration_ms": 23.198, "model": "Qwen/Qwen3-Embedding-0.6B"}
{"ts": "2026-09-24T00:33:55.521985+00:00", "trace_id": null, "stage": "dense", "event": "start"}
{"ts": "2026-09-24T00:33:55.522183+00:00", "trace_id": null, "stage": "dense", "event": "finish", "duration_ms": 0.198, "candidates_out": 20}
{"ts": "2026-09-24T00:33:55.522205+00:00", "trace_id": null, "stage": "lexical", "event": "start"}
{"ts": "2026-09-24T00:33:55.522471+00:00", "trace_id": null, "stage": "lexical", "event": "finish", "duration_ms": 0.266, "candidates_out": 20}
{"ts": "2026-09-24T00:33:55.522499+00:00", "trace_id": null, "stage": "fuse", "event": "start", "candidates_in": 34}
{"ts": "2026-09-24T00:33:55.522582+00:00", "trace_id": null, "stage": "fuse", "event": "finish", "duration_ms": 0.082, "candidates_in": 34, "candidates_out": 24, "top_score": 0.03252247488101534}
{"ts": "2026-09-24T00:33:55.522960+00:00", "trace_id": null, "stage": "gate", "event": "start", "candidates_in": 5}
{"ts": "2026-09-24T00:33:55.524195+00:00", "trace_id": null, "stage": "gate", "event": "finish", "duration_ms": 1.235, "candidates_in": 5, "candidates_out": 5, "top_score": 0.03252247488101534}
{"ts": "2026-09-24T00:33:55.524224+00:00", "trace_id": null, "stage": "embed_query", "event": "start", "model": "Qwen/Qwen3-Embedding-0.6B"}
{"ts": "2026-09-24T00:33:55.546954+00:00", "trace_id": null, "stage": "embed_query", "event": "finish", "duration_ms": 22.729, "model": "Qwen/Qwen3-Embedding-0.6B"}
{"ts": "2026-09-24T00:33:55.546990+00:00", "trace_id": null, "stage": "dense", "event": "start"}
{"ts": "2026-09-24T00:33:55.547169+00:00", "trace_id": null, "stage": "dense", "event": "finish", "duration_ms": 0.179, "candidates_out": 20}
{"ts": "2026-09-24T00:33:55.547186+00:00", "trace_id": null, "stage": "lexical", "event": "start"}
{"ts": "2026-09-24T00:33:55.547452+00:00", "trace_id": null, "stage": "lexical", "event": "finish", "duration_ms": 0.267, "candidates_out": 20}
{"ts": "2026-09-24T00:33:55.547482+00:00", "trace_id": null, "stage": "fuse", "event": "start", "candidates_in": 30}
{"ts": "2026-09-24T00:33:55.547564+00:00", "trace_id": null, "stage": "fuse", "event": "finish", "duration_ms": 0.082, "candidates_in": 30, "candidates_out": 24, "top_score": 0.032018442622950824}
{"ts": "2026-09-24T00:33:55.547933+00:00", "trace_id": null, "stage": "gate", "event": "start", "candidates_in": 5}
{"ts": "2026-09-24T00:33:55.550816+00:00", "trace_id": null, "stage": "gate", "event": "finish", "duration_ms": 2.883, "candidates_in": 5, "candidates_out": 5, "top_score": 0.032018442622950824}
{"ts": "2026-09-24T00:33:55.550839+00:00", "trace_id": null, "stage": "embed_query", "event": "start", "model": "Qwen/Qwen3-Embedding-0.6B"}
{"ts": "2026-09-24T00:33:55.574853+00:00", "trace_id": null, "stage": "embed_query", "event": "finish", "duration_ms": 24.01, "model": "Qwen/Qwen3-Embedding-0.6B"}
{"ts": "2026-09-24T00:33:55.574898+00:00", "trace_id": null, "stage": "dense", "event": "start"}
{"ts": "2026-09-24T00:33:55.575109+00:00", "trace_id": null, "stage": "dense", "event": "finish", "duration_ms": 0.211, "candidates_out": 20}
{"ts": "2026-09-24T00:33:55.575130+00:00", "trace_id": null, "stage": "lexical", "event": "start"}
{"ts": "2026-09-24T00:33:55.575423+00:00", "trace_id": null, "stage": "lexical", "event": "finish", "duration_ms": 0.293, "candidates_out": 20}
{"ts": "2026-09-24T00:33:55.575451+00:00", "trace_id": null, "stage": "fuse", "event": "start", "candidates_in": 28}
{"ts": "2026-09-24T00:33:55.575529+00:00", "trace_id": null, "stage": "fuse", "event": "finish", "duration_ms": 0.077, "candidates_in": 28, "candidates_out": 19, "top_score": 0.03278688524590164}
{"ts": "2026-09-24T00:33:55.575858+00:00", "trace_id": null, "stage": "gate", "event": "start", "candidates_in": 5}
{"ts": "2026-09-24T00:33:55.575924+00:00", "trace_id": null, "stage": "gate", "event": "finish", "duration_ms": 0.067, "candidates_in": 5, "candidates_out": 5, "top_score": 0.031746031746031744}
{"ts": "2026-09-24T00:33:55.575948+00:00", "trace_id": null, "stage": "embed_query", "event": "start", "model": "Qwen/Qwen3-Embedding-0.6B"}
{"ts": "2026-09-24T00:33:55.602607+00:00", "trace_id": null, "stage": "embed_query", "event": "finish", "duration_ms": 26.657, "model": "Qwen/Qwen3-Embedding-0.6B"}
{"ts": "2026-09-24T00:33:55.602650+00:00", "trace_id": null, "stage": "dense", "event": "start"}
{"ts": "2026-09-24T00:33:55.602842+00:00", "trace_id": null, "stage": "dense", "event": "finish", "duration_ms": 0.191, "candidates_out": 20}
{"ts": "2026-09-24T00:33:55.602863+00:00", "trace_id": null, "stage": "lexical", "event": "start"}
{"ts": "2026-09-24T00:33:55.603173+00:00", "trace_id": null, "stage": "lexical", "event": "finish", "duration_ms": 0.309, "candidates_out": 20}
{"ts": "2026-09-24T00:33:55.603202+00:00", "trace_id": null, "stage": "fuse", "event": "start", "candidates_in": 30}
{"ts": "2026-09-24T00:33:55.603274+00:00", "trace_id": null, "stage": "fuse", "event": "finish", "duration_ms": 0.072, "candidates_in": 30, "candidates_out": 21, "top_score": 0.03252247488101534}
{"ts": "2026-09-24T00:33:55.603623+00:00", "trace_id": null, "stage": "gate", "event": "start", "candidates_in": 5}
{"ts": "2026-09-24T00:33:55.603690+00:00", "trace_id": null, "stage": "gate", "event": "finish", "duration_ms": 0.067, "candidates_in": 5, "candidates_out": 5, "top_score": 0.03131881575727918}
{"ts": "2026-09-24T00:33:55.603710+00:00", "trace_id": null, "stage": "embed_query", "event": "start", "model": "Qwen/Qwen3-Embedding-0.6B"}
{"ts": "2026-09-24T00:33:55.631685+00:00", "trace_id": null, "stage": "embed_query", "event": "finish", "duration_ms": 27.971, "model": "Qwen/Qwen3-Embedding-0.6B"}
{"ts": "2026-09-24T00:33:55.631727+00:00", "trace_id": null, "stage": "dense", "event": "start"}
{"ts": "2026-09-24T00:33:55.631935+00:00", "trace_id": null, "stage": "dense", "event": "finish", "duration_ms": 0.207, "candidates_out": 20}
{"ts": "2026-09-24T00:33:55.631961+00:00", "trace_id": null, "stage": "lexical", "event": "start"}
{"ts": "2026-09-24T00:33:55.632303+00:00", "trace_id": null, "stage": "lexical", "event": "finish", "duration_ms": 0.342, "candidates_out": 20}
{"ts": "2026-09-24T00:33:55.632341+00:00", "trace_id": null, "stage": "fuse", "event": "start", "candidates_in": 34}
{"ts": "2026-09-24T00:33:55.632414+00:00", "trace_id": null, "stage": "fuse", "event": "finish", "duration_ms": 0.073, "candidates_in": 34, "candidates_out": 27, "top_score": 0.03278688524590164}
{"ts": "2026-09-24T00:33:55.632926+00:00", "trace_id": null, "stage": "gate", "event": "start", "candidates_in": 5}
{"ts": "2026-09-24T00:33:55.634134+00:00", "trace_id": null, "stage": "gate", "event": "finish", "duration_ms": 1.208, "candidates_in": 5, "candidates_out": 5, "top_score": 0.031024531024531024}
{"ts": "2026-09-24T00:33:55.634159+00:00", "trace_id": null, "stage": "embed_query", "event": "start", "model": "Qwen/Qwen3-Embedding-0.6B"}
{"ts": "2026-09-24T00:33:55.664982+00:00", "trace_id": null, "stage": "embed_query", "event": "finish", "duration_ms": 30.82, "model": "Qwen/Qwen3-Embedding-0.6B"}
{"ts": "2026-09-24T00:33:55.665057+00:00", "trace_id": null, "stage": "dense", "event": "start"}
{"ts": "2026-09-24T00:33:55.665293+00:00", "trace_id": null, "stage": "dense", "event": "finish", "duration_ms": 0.236, "candidates_out": 20}
{"ts": "2026-09-24T00:33:55.665323+00:00", "trace_id": null, "stage": "lexical", "event": "start"}
{"ts": "2026-09-24T00:33:55.665691+00:00", "trace_id": null, "stage": "lexical", "event": "finish", "duration_ms": 0.368, "candidates_out": 20}
{"ts": "2026-09-24T00:33:55.665721+00:00", "trace_id": null, "stage": "fuse", "event": "start", "candidates_in": 34}
{"ts": "2026-09-24T00:33:55.665804+00:00", "trace_id": null, "stage": "fuse", "event": "finish", "duration_ms": 0.082, "candidates_in": 34, "candidates_out": 20, "top_score": 0.03278688524590164}
{"ts": "2026-09-24T00:33:55.666141+00:00", "trace_id": null, "stage": "gate", "event": "start", "candidates_in": 5}
{"ts": "2026-09-24T00:33:55.666204+00:00", "trace_id": null, "stage": "gate", "event": "finish", "duration_ms": 0.063, "candidates_in": 5, "candidates_out": 5, "top_score": 0.03278688524590164}
{"ts": "2026-09-24T00:33:55.666227+00:00", "trace_id": null, "stage": "embed_query", "event": "start", "model": "Qwen/Qwen3-Embedding-0.6B"}
{"ts": "2026-09-24T00:33:55.693543+00:00", "trace_id": null, "stage": "embed_query", "event": "finish", "duration_ms": 27.313, "model": "Qwen/Qwen3-Embedding-0.6B"}
{"ts": "2026-09-24T00:33:55.693586+00:00", "trace_id": null, "stage": "dense", "event": "start"}
{"ts": "2026-09-24T00:33:55.693772+00:00", "trace_id": null, "stage": "dense", "event": "finish", "duration_ms": 0.185, "candidates_out": 20}
{"ts": "2026-09-24T00:33:55.693795+00:00", "trace_id": null, "stage": "lexical", "event": "start"}
{"ts": "2026-09-24T00:33:55.694118+00:00", "trace_id": null, "stage": "lexical", "event": "finish", "duration_ms": 0.323, "candidates_out": 20}
{"ts": "2026-09-24T00:33:55.694157+00:00", "trace_id": null, "stage": "fuse", "event": "start", "candidates_in": 33}
{"ts": "2026-09-24T00:33:55.694237+00:00", "trace_id": null, "stage": "fuse", "event": "finish", "duration_ms": 0.081, "candidates_in": 33, "candidates_out": 24, "top_score": 0.03278688524590164}
{"ts": "2026-09-24T00:33:55.694640+00:00", "trace_id": null, "stage": "gate", "event": "start", "candidates_in": 5}
{"ts": "2026-09-24T00:33:55.695602+00:00", "trace_id": null, "stage": "gate", "event": "finish", "duration_ms": 0.962, "candidates_in": 5, "candidates_out": 5, "top_score": 0.03149801587301587}
{"ts": "2026-09-24T00:33:55.695627+00:00", "trace_id": null, "stage": "embed_query", "event": "start", "model": "Qwen/Qwen3-Embedding-0.6B"}
{"ts": "2026-09-24T00:33:55.720152+00:00", "trace_id": null, "stage": "embed_query", "event": "finish", "duration_ms": 24.522, "model": "Qwen/Qwen3-Embedding-0.6B"}
{"ts": "2026-09-24T00:33:55.720200+00:00", "trace_id": null, "stage": "dense", "event": "start"}
{"ts": "2026-09-24T00:33:55.720436+00:00", "trace_id": null, "stage": "dense", "event": "finish", "duration_ms": 0.235, "candidates_out": 20}
{"ts": "2026-09-24T00:33:55.720461+00:00", "trace_id": null, "stage": "lexical", "event": "start"}
{"ts": "2026-09-24T00:33:55.720648+00:00", "trace_id": null, "stage": "lexical", "event": "finish", "duration_ms": 0.187, "candidates_out": 8}
{"ts": "2026-09-24T00:33:55.720673+00:00", "trace_id": null, "stage": "fuse", "event": "start", "candidates_in": 21}
{"ts": "2026-09-24T00:33:55.720741+00:00", "trace_id": null, "stage": "fuse", "event": "finish", "duration_ms": 0.068, "candidates_in": 21, "candidates_out": 16, "top_score": 0.03200204813108039}
{"ts": "2026-09-24T00:33:55.721028+00:00", "trace_id": null, "stage": "gate", "event": "start", "candidates_in": 5}
{"ts": "2026-09-24T00:33:55.723714+00:00", "trace_id": null, "stage": "gate", "event": "finish", "duration_ms": 2.683, "candidates_in": 5, "candidates_out": 5, "top_score": 0.03200204813108039}
{"ts": "2026-09-24T00:33:55.723760+00:00", "trace_id": null, "stage": "embed_query", "event": "start", "model": "Qwen/Qwen3-Embedding-0.6B"}
{"ts": "2026-09-24T00:33:55.747718+00:00", "trace_id": null, "stage": "embed_query", "event": "finish", "duration_ms": 23.956, "model": "Qwen/Qwen3-Embedding-0.6B"}
{"ts": "2026-09-24T00:33:55.747757+00:00", "trace_id": null, "stage": "dense", "event": "start"}
{"ts": "2026-09-24T00:33:55.747961+00:00", "trace_id": null, "stage": "dense", "event": "finish", "duration_ms": 0.204, "candidates_out": 20}
{"ts": "2026-09-24T00:33:55.747984+00:00", "trace_id": null, "stage": "lexical", "event": "start"}
{"ts": "2026-09-24T00:33:55.748234+00:00", "trace_id": null, "stage": "lexical", "event": "finish", "duration_ms": 0.25, "candidates_out": 20}
{"ts": "2026-09-24T00:33:55.748263+00:00", "trace_id": null, "stage": "fuse", "event": "start", "candidates_in": 29}
{"ts": "2026-09-24T00:33:55.748339+00:00", "trace_id": null, "stage": "fuse", "event": "finish", "duration_ms": 0.075, "candidates_in": 29, "candidates_out": 19, "top_score": 0.031746031746031744}
{"ts": "2026-09-24T00:33:55.748714+00:00", "trace_id": null, "stage": "gate", "event": "start", "candidates_in": 5}
{"ts": "2026-09-24T00:33:55.753276+00:00", "trace_id": null, "stage": "gate", "event": "finish", "duration_ms": 4.561, "candidates_in": 5, "candidates_out": 5, "top_score": 0.03125}
{"ts": "2026-09-24T00:33:55.753304+00:00", "trace_id": null, "stage": "embed_query", "event": "start", "model": "Qwen/Qwen3-Embedding-0.6B"}
{"ts": "2026-09-24T00:33:55.775433+00:00", "trace_id": null, "stage": "embed_query", "event": "finish", "duration_ms": 22.126, "model": "Qwen/Qwen3-Embedding-0.6B"}
{"ts": "2026-09-24T00:33:55.775473+00:00", "trace_id": null, "stage": "dense", "event": "start"}
{"ts": "2026-09-24T00:33:55.775669+00:00", "trace_id": null, "stage": "dense", "event": "finish", "duration_ms": 0.195, "candidates_out": 20}
{"ts": "2026-09-24T00:33:55.775687+00:00", "trace_id": null, "stage": "lexical", "event": "start"}
{"ts": "2026-09-24T00:33:55.775829+00:00", "trace_id": null, "stage": "lexical", "event": "finish", "duration_ms": 0.142, "candidates_out": 1}
{"ts": "2026-09-24T00:33:55.775856+00:00", "trace_id": null, "stage": "fuse", "event": "start", "candidates_in": 20}
{"ts": "2026-09-24T00:33:55.775909+00:00", "trace_id": null, "stage": "fuse", "event": "finish", "duration_ms": 0.053, "candidates_in": 20, "candidates_out": 19, "top_score": 0.029551337359792925}
{"ts": "2026-09-24T00:33:55.776327+00:00", "trace_id": null, "stage": "gate", "event": "start", "candidates_in": 5}
{"ts": "2026-09-24T00:33:55.776395+00:00", "trace_id": null, "stage": "gate", "event": "finish", "duration_ms": 0.068, "candidates_in": 5, "candidates_out": 5, "top_score": 0.029551337359792925}
{"ts": "2026-09-24T00:33:55.776422+00:00", "trace_id": null, "stage": "embed_query", "event": "start", "model": "Qwen/Qwen3-Embedding-0.6B"}
{"ts": "2026-09-24T00:33:55.799685+00:00", "trace_id": null, "stage": "embed_query", "event": "finish", "duration_ms": 23.26, "model": "Qwen/Qwen3-Embedding-0.6B"}
{"ts": "2026-09-24T00:33:55.799737+00:00", "trace_id": null, "stage": "dense", "event": "start"}
{"ts": "2026-09-24T00:33:55.799948+00:00", "trace_id": null, "stage": "dense", "event": "finish", "duration_ms": 0.211, "candidates_out": 20}
{"ts": "2026-09-24T00:33:55.799964+00:00", "trace_id": null, "stage": "lexical", "event": "start"}
{"ts": "2026-09-24T00:33:55.800204+00:00", "trace_id": null, "stage": "lexical", "event": "finish", "duration_ms": 0.239, "candidates_out": 20}
{"ts": "2026-09-24T00:33:55.800229+00:00", "trace_id": null, "stage": "fuse", "event": "start", "candidates_in": 31}
{"ts": "2026-09-24T00:33:55.800296+00:00", "trace_id": null, "stage": "fuse", "event": "finish", "duration_ms": 0.066, "candidates_in": 31, "candidates_out": 24, "top_score": 0.03149801587301587}
{"ts": "2026-09-24T00:33:55.800680+00:00", "trace_id": null, "stage": "gate", "event": "start", "candidates_in": 5}
{"ts": "2026-09-24T00:33:55.802142+00:00", "trace_id": null, "stage": "gate", "event": "finish", "duration_ms": 1.462, "candidates_in": 5, "candidates_out": 5, "top_score": 0.03149801587301587}
{"ts": "2026-09-24T00:33:55.802170+00:00", "trace_id": null, "stage": "embed_query", "event": "start", "model": "Qwen/Qwen3-Embedding-0.6B"}
{"ts": "2026-09-24T00:33:55.824877+00:00", "trace_id": null, "stage": "embed_query", "event": "finish", "duration_ms": 22.704, "model": "Qwen/Qwen3-Embedding-0.6B"}
{"ts": "2026-09-24T00:33:55.824915+00:00", "trace_id": null, "stage": "dense", "event": "start"}
{"ts": "2026-09-24T00:33:55.825102+00:00", "trace_id": null, "stage": "dense", "event": "finish", "duration_ms": 0.187, "candidates_out": 20}
{"ts": "2026-09-24T00:33:55.825121+00:00", "trace_id": null, "stage": "lexical", "event": "start"}
{"ts": "2026-09-24T00:33:55.825400+00:00", "trace_id": null, "stage": "lexical", "event": "finish", "duration_ms": 0.28, "candidates_out": 20}
{"ts": "2026-09-24T00:33:55.825425+00:00", "trace_id": null, "stage": "fuse", "event": "start", "candidates_in": 27}
{"ts": "2026-09-24T00:33:55.825492+00:00", "trace_id": null, "stage": "fuse", "event": "finish", "duration_ms": 0.065, "candidates_in": 27, "candidates_out": 19, "top_score": 0.03252247488101534}
{"ts": "2026-09-24T00:33:55.825817+00:00", "trace_id": null, "stage": "gate", "event": "start", "candidates_in": 5}
{"ts": "2026-09-24T00:33:55.829073+00:00", "trace_id": null, "stage": "gate", "event": "finish", "duration_ms": 3.255, "candidates_in": 5, "candidates_out": 5, "top_score": 0.03252247488101534}
{"ts": "2026-09-24T00:33:55.829106+00:00", "trace_id": null, "stage": "embed_query", "event": "start", "model": "Qwen/Qwen3-Embedding-0.6B"}
{"ts": "2026-09-24T00:33:55.852829+00:00", "trace_id": null, "stage": "embed_query", "event": "finish", "duration_ms": 23.72, "model": "Qwen/Qwen3-Embedding-0.6B"}
{"ts": "2026-09-24T00:33:55.852880+00:00", "trace_id": null, "stage": "dense", "event": "start"}
{"ts": "2026-09-24T00:33:55.853113+00:00", "trace_id": null, "stage": "dense", "event": "finish", "duration_ms": 0.232, "candidates_out": 20}
{"ts": "2026-09-24T00:33:55.853139+00:00", "trace_id": null, "stage": "lexical", "event": "start"}
{"ts": "2026-09-24T00:33:55.853398+00:00", "trace_id": null, "stage": "lexical", "event": "finish", "duration_ms": 0.26, "candidates_out": 20}
{"ts": "2026-09-24T00:33:55.853429+00:00", "trace_id": null, "stage": "fuse", "event": "start", "candidates_in": 34}
{"ts": "2026-09-24T00:33:55.853497+00:00", "trace_id": null, "stage": "fuse", "event": "finish", "duration_ms": 0.068, "candidates_in": 34, "candidates_out": 24, "top_score": 0.03177805800756621}
{"ts": "2026-09-24T00:33:55.853862+00:00", "trace_id": null, "stage": "gate", "event": "start", "candidates_in": 5}
{"ts": "2026-09-24T00:33:55.857188+00:00", "trace_id": null, "stage": "gate", "event": "finish", "duration_ms": 3.325, "candidates_in": 5, "candidates_out": 5, "top_score": 0.03177805800756621}
{"ts": "2026-09-24T00:33:55.857221+00:00", "trace_id": null, "stage": "embed_query", "event": "start", "model": "Qwen/Qwen3-Embedding-0.6B"}
{"ts": "2026-09-24T00:33:55.879717+00:00", "trace_id": null, "stage": "embed_query", "event": "finish", "duration_ms": 22.493, "model": "Qwen/Qwen3-Embedding-0.6B"}
{"ts": "2026-09-24T00:33:55.879758+00:00", "trace_id": null, "stage": "dense", "event": "start"}
{"ts": "2026-09-24T00:33:55.879944+00:00", "trace_id": null, "stage": "dense", "event": "finish", "duration_ms": 0.187, "candidates_out": 20}
{"ts": "2026-09-24T00:33:55.879961+00:00", "trace_id": null, "stage": "lexical", "event": "start"}
{"ts": "2026-09-24T00:33:55.880133+00:00", "trace_id": null, "stage": "lexical", "event": "finish", "duration_ms": 0.171, "candidates_out": 4}
{"ts": "2026-09-24T00:33:55.880163+00:00", "trace_id": null, "stage": "fuse", "event": "start", "candidates_in": 18}
{"ts": "2026-09-24T00:33:55.880239+00:00", "trace_id": null, "stage": "fuse", "event": "finish", "duration_ms": 0.075, "candidates_in": 18, "candidates_out": 16, "top_score": 0.03252247488101534}
{"ts": "2026-09-24T00:33:55.880520+00:00", "trace_id": null, "stage": "gate", "event": "start", "candidates_in": 5}
{"ts": "2026-09-24T00:33:55.880583+00:00", "trace_id": null, "stage": "gate", "event": "finish", "duration_ms": 0.063, "candidates_in": 5, "candidates_out": 5, "top_score": 0.03252247488101534}
{"ts": "2026-09-24T00:33:55.880667+00:00", "trace_id": null, "stage": "embed_query", "event": "start", "model": "Qwen/Qwen3-Embedding-0.6B"}
{"ts": "2026-09-24T00:33:55.907103+00:00", "trace_id": null, "stage": "embed_query", "event": "finish", "duration_ms": 26.456, "model": "Qwen/Qwen3-Embedding-0.6B"}
{"ts": "2026-09-24T00:33:55.907256+00:00", "trace_id": null, "stage": "dense", "event": "start"}
{"ts": "2026-09-24T00:33:55.907679+00:00", "trace_id": null, "stage": "dense", "event": "finish", "duration_ms": 0.423, "candidates_out": 20}
{"ts": "2026-09-24T00:33:55.907720+00:00", "trace_id": null, "stage": "lexical", "event": "start"}
{"ts": "2026-09-24T00:33:55.908102+00:00", "trace_id": null, "stage": "lexical", "event": "finish", "duration_ms": 0.38, "candidates_out": 20}
{"ts": "2026-09-24T00:33:55.908148+00:00", "trace_id": null, "stage": "fuse", "event": "start", "candidates_in": 32}
{"ts": "2026-09-24T00:33:55.908495+00:00", "trace_id": null, "stage": "fuse", "event": "finish", "duration_ms": 0.345, "candidates_in": 32, "candidates_out": 25, "top_score": 0.032266458495966696}
{"ts": "2026-09-24T00:33:55.909474+00:00", "trace_id": null, "stage": "gate", "event": "start", "candidates_in": 5}
{"ts": "2026-09-24T00:33:55.917790+00:00", "trace_id": null, "stage": "gate", "event": "finish", "duration_ms": 8.312, "candidates_in": 5, "candidates_out": 5, "top_score": 0.031754032258064516}
{"ts": "2026-09-24T00:33:55.917941+00:00", "trace_id": null, "stage": "embed_query", "event": "start", "model": "Qwen/Qwen3-Embedding-0.6B"}
{"ts": "2026-09-24T00:33:55.952214+00:00", "trace_id": null, "stage": "embed_query", "event": "finish", "duration_ms": 34.244, "model": "Qwen/Qwen3-Embedding-0.6B"}
{"ts": "2026-09-24T00:33:55.952376+00:00", "trace_id": null, "stage": "dense", "event": "start"}
{"ts": "2026-09-24T00:33:55.952877+00:00", "trace_id": null, "stage": "dense", "event": "finish", "duration_ms": 0.496, "candidates_out": 20}
{"ts": "2026-09-24T00:33:55.952920+00:00", "trace_id": null, "stage": "lexical", "event": "start"}
{"ts": "2026-09-24T00:33:55.953390+00:00", "trace_id": null, "stage": "lexical", "event": "finish", "duration_ms": 0.465, "candidates_out": 11}
{"ts": "2026-09-24T00:33:55.953466+00:00", "trace_id": null, "stage": "fuse", "event": "start", "candidates_in": 22}
{"ts": "2026-09-24T00:33:55.953591+00:00", "trace_id": null, "stage": "fuse", "event": "finish", "duration_ms": 0.125, "candidates_in": 22, "candidates_out": 16, "top_score": 0.03278688524590164}
{"ts": "2026-09-24T00:33:55.954259+00:00", "trace_id": null, "stage": "gate", "event": "start", "candidates_in": 5}
{"ts": "2026-09-24T00:33:55.962589+00:00", "trace_id": null, "stage": "gate", "event": "finish", "duration_ms": 8.328, "candidates_in": 5, "candidates_out": 5, "top_score": 0.03225806451612903}
{"ts": "2026-09-24T00:33:55.962644+00:00", "trace_id": null, "stage": "embed_query", "event": "start", "model": "Qwen/Qwen3-Embedding-0.6B"}
{"ts": "2026-09-24T00:33:55.984819+00:00", "trace_id": null, "stage": "embed_query", "event": "finish", "duration_ms": 22.173, "model": "Qwen/Qwen3-Embedding-0.6B"}
{"ts": "2026-09-24T00:33:55.984855+00:00", "trace_id": null, "stage": "dense", "event": "start"}
{"ts": "2026-09-24T00:33:55.985081+00:00", "trace_id": null, "stage": "dense", "event": "finish", "duration_ms": 0.225, "candidates_out": 20}
{"ts": "2026-09-24T00:33:55.985109+00:00", "trace_id": null, "stage": "lexical", "event": "start"}
{"ts": "2026-09-24T00:33:55.985378+00:00", "trace_id": null, "stage": "lexical", "event": "finish", "duration_ms": 0.268, "candidates_out": 20}
{"ts": "2026-09-24T00:33:55.985415+00:00", "trace_id": null, "stage": "fuse", "event": "start", "candidates_in": 36}
{"ts": "2026-09-24T00:33:55.985489+00:00", "trace_id": null, "stage": "fuse", "event": "finish", "duration_ms": 0.074, "candidates_in": 36, "candidates_out": 25, "top_score": 0.03200204813108039}
{"ts": "2026-09-24T00:33:55.985874+00:00", "trace_id": null, "stage": "gate", "event": "start", "candidates_in": 5}
{"ts": "2026-09-24T00:33:55.985944+00:00", "trace_id": null, "stage": "gate", "event": "finish", "duration_ms": 0.07, "candidates_in": 5, "candidates_out": 5, "top_score": 0.03200204813108039}
{"ts": "2026-09-24T00:33:55.985968+00:00", "trace_id": null, "stage": "embed_query", "event": "start", "model": "Qwen/Qwen3-Embedding-0.6B"}
{"ts": "2026-09-24T00:33:56.008045+00:00", "trace_id": null, "stage": "embed_query", "event": "finish", "duration_ms": 22.075, "model": "Qwen/Qwen3-Embedding-0.6B"}
{"ts": "2026-09-24T00:33:56.008083+00:00", "trace_id": null, "stage": "dense", "event": "start"}
{"ts": "2026-09-24T00:33:56.008270+00:00", "trace_id": null, "stage": "dense", "event": "finish", "duration_ms": 0.186, "candidates_out": 20}
{"ts": "2026-09-24T00:33:56.008291+00:00", "trace_id": null, "stage": "lexical", "event": "start"}
{"ts": "2026-09-24T00:33:56.008506+00:00", "trace_id": null, "stage": "lexical", "event": "finish", "duration_ms": 0.215, "candidates_out": 20}
{"ts": "2026-09-24T00:33:56.008528+00:00", "trace_id": null, "stage": "fuse", "event": "start", "candidates_in": 34}
{"ts": "2026-09-24T00:33:56.008595+00:00", "trace_id": null, "stage": "fuse", "event": "finish", "duration_ms": 0.066, "candidates_in": 34, "candidates_out": 26, "top_score": 0.03278688524590164}
{"ts": "2026-09-24T00:33:56.009110+00:00", "trace_id": null, "stage": "gate", "event": "start", "candidates_in": 5}
{"ts": "2026-09-24T00:33:56.011365+00:00", "trace_id": null, "stage": "gate", "event": "finish", "duration_ms": 2.254, "candidates_in": 5, "candidates_out": 5, "top_score": 0.03225806451612903}
{"ts": "2026-09-24T00:33:56.011402+00:00", "trace_id": null, "stage": "embed_query", "event": "start", "model": "Qwen/Qwen3-Embedding-0.6B"}
{"ts": "2026-09-24T00:33:56.036247+00:00", "trace_id": null, "stage": "embed_query", "event": "finish", "duration_ms": 24.841, "model": "Qwen/Qwen3-Embedding-0.6B"}
{"ts": "2026-09-24T00:33:56.036291+00:00", "trace_id": null, "stage": "dense", "event": "start"}
{"ts": "2026-09-24T00:33:56.036493+00:00", "trace_id": null, "stage": "dense", "event": "finish", "duration_ms": 0.202, "candidates_out": 20}
{"ts": "2026-09-24T00:33:56.036519+00:00", "trace_id": null, "stage": "lexical", "event": "start"}
{"ts": "2026-09-24T00:33:56.036799+00:00", "trace_id": null, "stage": "lexical", "event": "finish", "duration_ms": 0.28, "candidates_out": 20}
{"ts": "2026-09-24T00:33:56.036829+00:00", "trace_id": null, "stage": "fuse", "event": "start", "candidates_in": 30}
{"ts": "2026-09-24T00:33:56.036907+00:00", "trace_id": null, "stage": "fuse", "event": "finish", "duration_ms": 0.077, "candidates_in": 30, "candidates_out": 21, "top_score": 0.031544957774465976}
{"ts": "2026-09-24T00:33:56.037239+00:00", "trace_id": null, "stage": "gate", "event": "start", "candidates_in": 5}
{"ts": "2026-09-24T00:33:56.037295+00:00", "trace_id": null, "stage": "gate", "event": "finish", "duration_ms": 0.057, "candidates_in": 5, "candidates_out": 5, "top_score": 0.031544957774465976}
{"ts": "2026-09-24T00:33:56.037315+00:00", "trace_id": null, "stage": "embed_query", "event": "start", "model": "Qwen/Qwen3-Embedding-0.6B"}
{"ts": "2026-09-24T00:33:56.065549+00:00", "trace_id": null, "stage": "embed_query", "event": "finish", "duration_ms": 28.232, "model": "Qwen/Qwen3-Embedding-0.6B"}
{"ts": "2026-09-24T00:33:56.065594+00:00", "trace_id": null, "stage": "dense", "event": "start"}
{"ts": "2026-09-24T00:33:56.065787+00:00", "trace_id": null, "stage": "dense", "event": "finish", "duration_ms": 0.193, "candidates_out": 20}
{"ts": "2026-09-24T00:33:56.065806+00:00", "trace_id": null, "stage": "lexical", "event": "start"}
{"ts": "2026-09-24T00:33:56.066122+00:00", "trace_id": null, "stage": "lexical", "event": "finish", "duration_ms": 0.316, "candidates_out": 20}
{"ts": "2026-09-24T00:33:56.066160+00:00", "trace_id": null, "stage": "fuse", "event": "start", "candidates_in": 32}
{"ts": "2026-09-24T00:33:56.066249+00:00", "trace_id": null, "stage": "fuse", "event": "finish", "duration_ms": 0.088, "candidates_in": 32, "candidates_out": 24, "top_score": 0.03278688524590164}
{"ts": "2026-09-24T00:33:56.066623+00:00", "trace_id": null, "stage": "gate", "event": "start", "candidates_in": 5}
{"ts": "2026-09-24T00:33:56.066689+00:00", "trace_id": null, "stage": "gate", "event": "finish", "duration_ms": 0.066, "candidates_in": 5, "candidates_out": 5, "top_score": 0.031754032258064516}
{"ts": "2026-09-24T00:33:56.066714+00:00", "trace_id": null, "stage": "embed_query", "event": "start", "model": "Qwen/Qwen3-Embedding-0.6B"}
{"ts": "2026-09-24T00:33:56.093933+00:00", "trace_id": null, "stage": "embed_query", "event": "finish", "duration_ms": 27.216, "model": "Qwen/Qwen3-Embedding-0.6B"}
{"ts": "2026-09-24T00:33:56.093979+00:00", "trace_id": null, "stage": "dense", "event": "start"}
{"ts": "2026-09-24T00:33:56.094178+00:00", "trace_id": null, "stage": "dense", "event": "finish", "duration_ms": 0.199, "candidates_out": 20}
{"ts": "2026-09-24T00:33:56.094203+00:00", "trace_id": null, "stage": "lexical", "event": "start"}
{"ts": "2026-09-24T00:33:56.094476+00:00", "trace_id": null, "stage": "lexical", "event": "finish", "duration_ms": 0.273, "candidates_out": 20}
{"ts": "2026-09-24T00:33:56.094504+00:00", "trace_id": null, "stage": "fuse", "event": "start", "candidates_in": 32}
{"ts": "2026-09-24T00:33:56.094588+00:00", "trace_id": null, "stage": "fuse", "event": "finish", "duration_ms": 0.084, "candidates_in": 32, "candidates_out": 22, "top_score": 0.03278688524590164}
{"ts": "2026-09-24T00:33:56.094931+00:00", "trace_id": null, "stage": "gate", "event": "start", "candidates_in": 5}
{"ts": "2026-09-24T00:33:56.095002+00:00", "trace_id": null, "stage": "gate", "event": "finish", "duration_ms": 0.07, "candidates_in": 5, "candidates_out": 5, "top_score": 0.031746031746031744}
{"ts": "2026-09-24T00:33:56.095022+00:00", "trace_id": null, "stage": "embed_query", "event": "start", "model": "Qwen/Qwen3-Embedding-0.6B"}
{"ts": "2026-09-24T00:33:56.118632+00:00", "trace_id": null, "stage": "embed_query", "event": "finish", "duration_ms": 23.607, "model": "Qwen/Qwen3-Embedding-0.6B"}
{"ts": "2026-09-24T00:33:56.118676+00:00", "trace_id": null, "stage": "dense", "event": "start"}
{"ts": "2026-09-24T00:33:56.118932+00:00", "trace_id": null, "stage": "dense", "event": "finish", "duration_ms": 0.255, "candidates_out": 20}
{"ts": "2026-09-24T00:33:56.118966+00:00", "trace_id": null, "stage": "lexical", "event": "start"}
{"ts": "2026-09-24T00:33:56.119210+00:00", "trace_id": null, "stage": "lexical", "event": "finish", "duration_ms": 0.243, "candidates_out": 11}
{"ts": "2026-09-24T00:33:56.119241+00:00", "trace_id": null, "stage": "fuse", "event": "start", "candidates_in": 25}
{"ts": "2026-09-24T00:33:56.119317+00:00", "trace_id": null, "stage": "fuse", "event": "finish", "duration_ms": 0.075, "candidates_in": 25, "candidates_out": 19, "top_score": 0.03252247488101534}
{"ts": "2026-09-24T00:33:56.119670+00:00", "trace_id": null, "stage": "gate", "event": "start", "candidates_in": 5}
{"ts": "2026-09-24T00:33:56.120583+00:00", "trace_id": null, "stage": "gate", "event": "finish", "duration_ms": 0.913, "candidates_in": 5, "candidates_out": 5, "top_score": 0.03252247488101534}
{"ts": "2026-09-24T00:33:56.120609+00:00", "trace_id": null, "stage": "embed_query", "event": "start", "model": "Qwen/Qwen3-Embedding-0.6B"}
{"ts": "2026-09-24T00:33:56.146446+00:00", "trace_id": null, "stage": "embed_query", "event": "finish", "duration_ms": 25.834, "model": "Qwen/Qwen3-Embedding-0.6B"}
{"ts": "2026-09-24T00:33:56.146493+00:00", "trace_id": null, "stage": "dense", "event": "start"}
{"ts": "2026-09-24T00:33:56.146692+00:00", "trace_id": null, "stage": "dense", "event": "finish", "duration_ms": 0.199, "candidates_out": 20}
{"ts": "2026-09-24T00:33:56.146712+00:00", "trace_id": null, "stage": "lexical", "event": "start"}
{"ts": "2026-09-24T00:33:56.146953+00:00", "trace_id": null, "stage": "lexical", "event": "finish", "duration_ms": 0.24, "candidates_out": 19}
{"ts": "2026-09-24T00:33:56.146988+00:00", "trace_id": null, "stage": "fuse", "event": "start", "candidates_in": 30}
{"ts": "2026-09-24T00:33:56.147068+00:00", "trace_id": null, "stage": "fuse", "event": "finish", "duration_ms": 0.08, "candidates_in": 30, "candidates_out": 22, "top_score": 0.03278688524590164}
{"ts": "2026-09-24T00:33:56.147416+00:00", "trace_id": null, "stage": "gate", "event": "start", "candidates_in": 5}
{"ts": "2026-09-24T00:33:56.147484+00:00", "trace_id": null, "stage": "gate", "event": "finish", "duration_ms": 0.068, "candidates_in": 5, "candidates_out": 5, "top_score": 0.03278688524590164}
{"ts": "2026-09-24T00:33:56.147507+00:00", "trace_id": null, "stage": "embed_query", "event": "start", "model": "Qwen/Qwen3-Embedding-0.6B"}
{"ts": "2026-09-24T00:33:56.174802+00:00", "trace_id": null, "stage": "embed_query", "event": "finish", "duration_ms": 27.291, "model": "Qwen/Qwen3-Embedding-0.6B"}
{"ts": "2026-09-24T00:33:56.174854+00:00", "trace_id": null, "stage": "dense", "event": "start"}
{"ts": "2026-09-24T00:33:56.175161+00:00", "trace_id": null, "stage": "dense", "event": "finish", "duration_ms": 0.308, "candidates_out": 20}
{"ts": "2026-09-24T00:33:56.175181+00:00", "trace_id": null, "stage": "lexical", "event": "start"}
{"ts": "2026-09-24T00:33:56.175496+00:00", "trace_id": null, "stage": "lexical", "event": "finish", "duration_ms": 0.314, "candidates_out": 20}
{"ts": "2026-09-24T00:33:56.175533+00:00", "trace_id": null, "stage": "fuse", "event": "start", "candidates_in": 32}
{"ts": "2026-09-24T00:33:56.175613+00:00", "trace_id": null, "stage": "fuse", "event": "finish", "duration_ms": 0.079, "candidates_in": 32, "candidates_out": 20, "top_score": 0.032266458495966696}
{"ts": "2026-09-24T00:33:56.175954+00:00", "trace_id": null, "stage": "gate", "event": "start", "candidates_in": 5}
{"ts": "2026-09-24T00:33:56.177252+00:00", "trace_id": null, "stage": "gate", "event": "finish", "duration_ms": 1.297, "candidates_in": 5, "candidates_out": 5, "top_score": 0.032266458495966696}
{"ts": "2026-09-24T00:33:56.177283+00:00", "trace_id": null, "stage": "embed_query", "event": "start", "model": "Qwen/Qwen3-Embedding-0.6B"}
{"ts": "2026-09-24T00:33:56.201368+00:00", "trace_id": null, "stage": "embed_query", "event": "finish", "duration_ms": 24.082, "model": "Qwen/Qwen3-Embedding-0.6B"}
{"ts": "2026-09-24T00:33:56.201444+00:00", "trace_id": null, "stage": "dense", "event": "start"}
{"ts": "2026-09-24T00:33:56.201623+00:00", "trace_id": null, "stage": "dense", "event": "finish", "duration_ms": 0.18, "candidates_out": 20}
{"ts": "2026-09-24T00:33:56.201641+00:00", "trace_id": null, "stage": "lexical", "event": "start"}
{"ts": "2026-09-24T00:33:56.202054+00:00", "trace_id": null, "stage": "lexical", "event": "finish", "duration_ms": 0.413, "candidates_out": 20}
{"ts": "2026-09-24T00:33:56.202082+00:00", "trace_id": null, "stage": "fuse", "event": "start", "candidates_in": 34}
{"ts": "2026-09-24T00:33:56.202138+00:00", "trace_id": null, "stage": "fuse", "event": "finish", "duration_ms": 0.056, "candidates_in": 34, "candidates_out": 25, "top_score": 0.03252247488101534}
{"ts": "2026-09-24T00:33:56.202585+00:00", "trace_id": null, "stage": "gate", "event": "start", "candidates_in": 5}
{"ts": "2026-09-24T00:33:56.202647+00:00", "trace_id": null, "stage": "gate", "event": "finish", "duration_ms": 0.063, "candidates_in": 5, "candidates_out": 5, "top_score": 0.03125}
{"ts": "2026-09-24T00:33:56.202670+00:00", "trace_id": null, "stage": "embed_query", "event": "start", "model": "Qwen/Qwen3-Embedding-0.6B"}
{"ts": "2026-09-24T00:33:56.228274+00:00", "trace_id": null, "stage": "embed_query", "event": "finish", "duration_ms": 25.601, "model": "Qwen/Qwen3-Embedding-0.6B"}
{"ts": "2026-09-24T00:33:56.228324+00:00", "trace_id": null, "stage": "dense", "event": "start"}
{"ts": "2026-09-24T00:33:56.228507+00:00", "trace_id": null, "stage": "dense", "event": "finish", "duration_ms": 0.182, "candidates_out": 20}
{"ts": "2026-09-24T00:33:56.228528+00:00", "trace_id": null, "stage": "lexical", "event": "start"}
{"ts": "2026-09-24T00:33:56.228781+00:00", "trace_id": null, "stage": "lexical", "event": "finish", "duration_ms": 0.254, "candidates_out": 20}
{"ts": "2026-09-24T00:33:56.228808+00:00", "trace_id": null, "stage": "fuse", "event": "start", "candidates_in": 28}
{"ts": "2026-09-24T00:33:56.228882+00:00", "trace_id": null, "stage": "fuse", "event": "finish", "duration_ms": 0.074, "candidates_in": 28, "candidates_out": 18, "top_score": 0.031746031746031744}
{"ts": "2026-09-24T00:33:56.229191+00:00", "trace_id": null, "stage": "gate", "event": "start", "candidates_in": 5}
{"ts": "2026-09-24T00:33:56.230097+00:00", "trace_id": null, "stage": "gate", "event": "finish", "duration_ms": 0.905, "candidates_in": 5, "candidates_out": 5, "top_score": 0.031746031746031744}
{"ts": "2026-09-24T00:33:56.230123+00:00", "trace_id": null, "stage": "embed_query", "event": "start", "model": "Qwen/Qwen3-Embedding-0.6B"}
{"ts": "2026-09-24T00:33:56.255943+00:00", "trace_id": null, "stage": "embed_query", "event": "finish", "duration_ms": 25.816, "model": "Qwen/Qwen3-Embedding-0.6B"}
{"ts": "2026-09-24T00:33:56.255987+00:00", "trace_id": null, "stage": "dense", "event": "start"}
{"ts": "2026-09-24T00:33:56.256179+00:00", "trace_id": null, "stage": "dense", "event": "finish", "duration_ms": 0.192, "candidates_out": 20}
{"ts": "2026-09-24T00:33:56.256197+00:00", "trace_id": null, "stage": "lexical", "event": "start"}
{"ts": "2026-09-24T00:33:56.256483+00:00", "trace_id": null, "stage": "lexical", "event": "finish", "duration_ms": 0.285, "candidates_out": 20}
{"ts": "2026-09-24T00:33:56.256514+00:00", "trace_id": null, "stage": "fuse", "event": "start", "candidates_in": 27}
{"ts": "2026-09-24T00:33:56.256586+00:00", "trace_id": null, "stage": "fuse", "event": "finish", "duration_ms": 0.072, "candidates_in": 27, "candidates_out": 19, "top_score": 0.03278688524590164}
{"ts": "2026-09-24T00:33:56.256935+00:00", "trace_id": null, "stage": "gate", "event": "start", "candidates_in": 5}
{"ts": "2026-09-24T00:33:56.260114+00:00", "trace_id": null, "stage": "gate", "event": "finish", "duration_ms": 3.179, "candidates_in": 5, "candidates_out": 5, "top_score": 0.031746031746031744}
{"ts": "2026-09-24T00:33:56.260134+00:00", "trace_id": null, "stage": "embed_query", "event": "start", "model": "Qwen/Qwen3-Embedding-0.6B"}
{"ts": "2026-09-24T00:33:56.283104+00:00", "trace_id": null, "stage": "embed_query", "event": "finish", "duration_ms": 22.967, "model": "Qwen/Qwen3-Embedding-0.6B"}
{"ts": "2026-09-24T00:33:56.283151+00:00", "trace_id": null, "stage": "dense", "event": "start"}
{"ts": "2026-09-24T00:33:56.283354+00:00", "trace_id": null, "stage": "dense", "event": "finish", "duration_ms": 0.203, "candidates_out": 20}
{"ts": "2026-09-24T00:33:56.283372+00:00", "trace_id": null, "stage": "lexical", "event": "start"}
{"ts": "2026-09-24T00:33:56.283656+00:00", "trace_id": null, "stage": "lexical", "event": "finish", "duration_ms": 0.284, "candidates_out": 20}
{"ts": "2026-09-24T00:33:56.283683+00:00", "trace_id": null, "stage": "fuse", "event": "start", "candidates_in": 30}
{"ts": "2026-09-24T00:33:56.283747+00:00", "trace_id": null, "stage": "fuse", "event": "finish", "duration_ms": 0.063, "candidates_in": 30, "candidates_out": 24, "top_score": 0.03278688524590164}
{"ts": "2026-09-24T00:33:56.284136+00:00", "trace_id": null, "stage": "gate", "event": "start", "candidates_in": 5}
{"ts": "2026-09-24T00:33:56.287609+00:00", "trace_id": null, "stage": "gate", "event": "finish", "duration_ms": 3.472, "candidates_in": 5, "candidates_out": 5, "top_score": 0.03225806451612903}
{"ts": "2026-09-24T00:33:56.287640+00:00", "trace_id": null, "stage": "embed_query", "event": "start", "model": "Qwen/Qwen3-Embedding-0.6B"}
{"ts": "2026-09-24T00:33:56.316166+00:00", "trace_id": null, "stage": "embed_query", "event": "finish", "duration_ms": 28.522, "model": "Qwen/Qwen3-Embedding-0.6B"}
{"ts": "2026-09-24T00:33:56.316210+00:00", "trace_id": null, "stage": "dense", "event": "start"}
{"ts": "2026-09-24T00:33:56.316405+00:00", "trace_id": null, "stage": "dense", "event": "finish", "duration_ms": 0.195, "candidates_out": 20}
{"ts": "2026-09-24T00:33:56.316424+00:00", "trace_id": null, "stage": "lexical", "event": "start"}
{"ts": "2026-09-24T00:33:56.316732+00:00", "trace_id": null, "stage": "lexical", "event": "finish", "duration_ms": 0.308, "candidates_out": 20}
{"ts": "2026-09-24T00:33:56.316768+00:00", "trace_id": null, "stage": "fuse", "event": "start", "candidates_in": 31}
{"ts": "2026-09-24T00:33:56.316853+00:00", "trace_id": null, "stage": "fuse", "event": "finish", "duration_ms": 0.085, "candidates_in": 31, "candidates_out": 19, "top_score": 0.03278688524590164}
{"ts": "2026-09-24T00:33:56.317188+00:00", "trace_id": null, "stage": "gate", "event": "start", "candidates_in": 5}
{"ts": "2026-09-24T00:33:56.317251+00:00", "trace_id": null, "stage": "gate", "event": "finish", "duration_ms": 0.064, "candidates_in": 5, "candidates_out": 5, "top_score": 0.03278688524590164}
{"ts": "2026-09-24T00:33:56.317417+00:00", "trace_id": null, "stage": "embed_query", "event": "start", "model": "Qwen/Qwen3-Embedding-0.6B"}
{"ts": "2026-09-24T00:33:56.341755+00:00", "trace_id": null, "stage": "embed_query", "event": "finish", "duration_ms": 24.335, "model": "Qwen/Qwen3-Embedding-0.6B"}
{"ts": "2026-09-24T00:33:56.341804+00:00", "trace_id": null, "stage": "dense", "event": "start"}
{"ts": "2026-09-24T00:33:56.342001+00:00", "trace_id": null, "stage": "dense", "event": "finish", "duration_ms": 0.196, "candidates_out": 20}
{"ts": "2026-09-24T00:33:56.342026+00:00", "trace_id": null, "stage": "lexical", "event": "start"}
{"ts": "2026-09-24T00:33:56.342263+00:00", "trace_id": null, "stage": "lexical", "event": "finish", "duration_ms": 0.237, "candidates_out": 20}
{"ts": "2026-09-24T00:33:56.342289+00:00", "trace_id": null, "stage": "fuse", "event": "start", "candidates_in": 33}
{"ts": "2026-09-24T00:33:56.342396+00:00", "trace_id": null, "stage": "fuse", "event": "finish", "duration_ms": 0.106, "candidates_in": 33, "candidates_out": 22, "top_score": 0.03278688524590164}
{"ts": "2026-09-24T00:33:56.343015+00:00", "trace_id": null, "stage": "gate", "event": "start", "candidates_in": 5}
{"ts": "2026-09-24T00:33:56.343084+00:00", "trace_id": null, "stage": "gate", "event": "finish", "duration_ms": 0.069, "candidates_in": 5, "candidates_out": 5, "top_score": 0.03278688524590164}
{"ts": "2026-09-24T00:33:56.343102+00:00", "trace_id": null, "stage": "embed_query", "event": "start", "model": "Qwen/Qwen3-Embedding-0.6B"}
{"ts": "2026-09-24T00:33:56.366512+00:00", "trace_id": null, "stage": "embed_query", "event": "finish", "duration_ms": 23.407, "model": "Qwen/Qwen3-Embedding-0.6B"}
{"ts": "2026-09-24T00:33:56.366555+00:00", "trace_id": null, "stage": "dense", "event": "start"}
{"ts": "2026-09-24T00:33:56.366756+00:00", "trace_id": null, "stage": "dense", "event": "finish", "duration_ms": 0.2, "candidates_out": 20}
{"ts": "2026-09-24T00:33:56.366785+00:00", "trace_id": null, "stage": "lexical", "event": "start"}
{"ts": "2026-09-24T00:33:56.367045+00:00", "trace_id": null, "stage": "lexical", "event": "finish", "duration_ms": 0.26, "candidates_out": 20}
{"ts": "2026-09-24T00:33:56.367074+00:00", "trace_id": null, "stage": "fuse", "event": "start", "candidates_in": 31}
{"ts": "2026-09-24T00:33:56.367149+00:00", "trace_id": null, "stage": "fuse", "event": "finish", "duration_ms": 0.074, "candidates_in": 31, "candidates_out": 19, "top_score": 0.03278688524590164}
{"ts": "2026-09-24T00:33:56.367458+00:00", "trace_id": null, "stage": "gate", "event": "start", "candidates_in": 5}
{"ts": "2026-09-24T00:33:56.367524+00:00", "trace_id": null, "stage": "gate", "event": "finish", "duration_ms": 0.065, "candidates_in": 5, "candidates_out": 5, "top_score": 0.03278688524590164}
{"ts": "2026-09-24T00:33:56.367553+00:00", "trace_id": null, "stage": "embed_query", "event": "start", "model": "Qwen/Qwen3-Embedding-0.6B"}
{"ts": "2026-09-24T00:33:56.390286+00:00", "trace_id": null, "stage": "embed_query", "event": "finish", "duration_ms": 22.73, "model": "Qwen/Qwen3-Embedding-0.6B"}
{"ts": "2026-09-24T00:33:56.390336+00:00", "trace_id": null, "stage": "dense", "event": "start"}
{"ts": "2026-09-24T00:33:56.390538+00:00", "trace_id": null, "stage": "dense", "event": "finish", "duration_ms": 0.202, "candidates_out": 20}
{"ts": "2026-09-24T00:33:56.390560+00:00", "trace_id": null, "stage": "lexical", "event": "start"}
{"ts": "2026-09-24T00:33:56.390807+00:00", "trace_id": null, "stage": "lexical", "event": "finish", "duration_ms": 0.247, "candidates_out": 20}
{"ts": "2026-09-24T00:33:56.390834+00:00", "trace_id": null, "stage": "fuse", "event": "start", "candidates_in": 33}
{"ts": "2026-09-24T00:33:56.390899+00:00", "trace_id": null, "stage": "fuse", "event": "finish", "duration_ms": 0.064, "candidates_in": 33, "candidates_out": 20, "top_score": 0.03278688524590164}
{"ts": "2026-09-24T00:33:56.391237+00:00", "trace_id": null, "stage": "gate", "event": "start", "candidates_in": 5}
{"ts": "2026-09-24T00:33:56.391302+00:00", "trace_id": null, "stage": "gate", "event": "finish", "duration_ms": 0.065, "candidates_in": 5, "candidates_out": 5, "top_score": 0.03278688524590164}
{"ts": "2026-09-24T00:33:56.391323+00:00", "trace_id": null, "stage": "embed_query", "event": "start", "model": "Qwen/Qwen3-Embedding-0.6B"}
{"ts": "2026-09-24T00:33:56.414644+00:00", "trace_id": null, "stage": "embed_query", "event": "finish", "duration_ms": 23.319, "model": "Qwen/Qwen3-Embedding-0.6B"}
{"ts": "2026-09-24T00:33:56.414686+00:00", "trace_id": null, "stage": "dense", "event": "start"}
{"ts": "2026-09-24T00:33:56.414881+00:00", "trace_id": null, "stage": "dense", "event": "finish", "duration_ms": 0.196, "candidates_out": 20}
{"ts": "2026-09-24T00:33:56.414899+00:00", "trace_id": null, "stage": "lexical", "event": "start"}
{"ts": "2026-09-24T00:33:56.415135+00:00", "trace_id": null, "stage": "lexical", "event": "finish", "duration_ms": 0.236, "candidates_out": 20}
{"ts": "2026-09-24T00:33:56.415162+00:00", "trace_id": null, "stage": "fuse", "event": "start", "candidates_in": 31}
{"ts": "2026-09-24T00:33:56.415243+00:00", "trace_id": null, "stage": "fuse", "event": "finish", "duration_ms": 0.08, "candidates_in": 31, "candidates_out": 18, "top_score": 0.03252247488101534}
{"ts": "2026-09-24T00:33:56.415580+00:00", "trace_id": null, "stage": "gate", "event": "start", "candidates_in": 5}
{"ts": "2026-09-24T00:33:56.415648+00:00", "trace_id": null, "stage": "gate", "event": "finish", "duration_ms": 0.069, "candidates_in": 5, "candidates_out": 5, "top_score": 0.03252247488101534}
{"ts": "2026-09-24T00:33:56.415672+00:00", "trace_id": null, "stage": "embed_query", "event": "start", "model": "Qwen/Qwen3-Embedding-0.6B"}
{"ts": "2026-09-24T00:33:56.439057+00:00", "trace_id": null, "stage": "embed_query", "event": "finish", "duration_ms": 23.383, "model": "Qwen/Qwen3-Embedding-0.6B"}
{"ts": "2026-09-24T00:33:56.439126+00:00", "trace_id": null, "stage": "dense", "event": "start"}
{"ts": "2026-09-24T00:33:56.439295+00:00", "trace_id": null, "stage": "dense", "event": "finish", "duration_ms": 0.169, "candidates_out": 20}
{"ts": "2026-09-24T00:33:56.439316+00:00", "trace_id": null, "stage": "lexical", "event": "start"}
{"ts": "2026-09-24T00:33:56.439552+00:00", "trace_id": null, "stage": "lexical", "event": "finish", "duration_ms": 0.236, "candidates_out": 20}
{"ts": "2026-09-24T00:33:56.439586+00:00", "trace_id": null, "stage": "fuse", "event": "start", "candidates_in": 31}
{"ts": "2026-09-24T00:33:56.439666+00:00", "trace_id": null, "stage": "fuse", "event": "finish", "duration_ms": 0.08, "candidates_in": 31, "candidates_out": 19, "top_score": 0.03278688524590164}
{"ts": "2026-09-24T00:33:56.439981+00:00", "trace_id": null, "stage": "gate", "event": "start", "candidates_in": 5}
{"ts": "2026-09-24T00:33:56.440043+00:00", "trace_id": null, "stage": "gate", "event": "finish", "duration_ms": 0.062, "candidates_in": 5, "candidates_out": 5, "top_score": 0.03278688524590164}
{"ts": "2026-09-24T00:33:56.440066+00:00", "trace_id": null, "stage": "embed_query", "event": "start", "model": "Qwen/Qwen3-Embedding-0.6B"}
{"ts": "2026-09-24T00:33:56.463864+00:00", "trace_id": null, "stage": "embed_query", "event": "finish", "duration_ms": 23.795, "model": "Qwen/Qwen3-Embedding-0.6B"}
{"ts": "2026-09-24T00:33:56.463905+00:00", "trace_id": null, "stage": "dense", "event": "start"}
{"ts": "2026-09-24T00:33:56.464103+00:00", "trace_id": null, "stage": "dense", "event": "finish", "duration_ms": 0.199, "candidates_out": 20}
{"ts": "2026-09-24T00:33:56.464123+00:00", "trace_id": null, "stage": "lexical", "event": "start"}
{"ts": "2026-09-24T00:33:56.464362+00:00", "trace_id": null, "stage": "lexical", "event": "finish", "duration_ms": 0.238, "candidates_out": 20}
{"ts": "2026-09-24T00:33:56.464400+00:00", "trace_id": null, "stage": "fuse", "event": "start", "candidates_in": 32}
{"ts": "2026-09-24T00:33:56.464484+00:00", "trace_id": null, "stage": "fuse", "event": "finish", "duration_ms": 0.083, "candidates_in": 32, "candidates_out": 21, "top_score": 0.03278688524590164}
{"ts": "2026-09-24T00:33:56.464809+00:00", "trace_id": null, "stage": "gate", "event": "start", "candidates_in": 5}
{"ts": "2026-09-24T00:33:56.464874+00:00", "trace_id": null, "stage": "gate", "event": "finish", "duration_ms": 0.065, "candidates_in": 5, "candidates_out": 5, "top_score": 0.03278688524590164}
{"ts": "2026-09-24T00:33:56.464896+00:00", "trace_id": null, "stage": "embed_query", "event": "start", "model": "Qwen/Qwen3-Embedding-0.6B"}
{"ts": "2026-09-24T00:33:56.487542+00:00", "trace_id": null, "stage": "embed_query", "event": "finish", "duration_ms": 22.644, "model": "Qwen/Qwen3-Embedding-0.6B"}
{"ts": "2026-09-24T00:33:56.487577+00:00", "trace_id": null, "stage": "dense", "event": "start"}
{"ts": "2026-09-24T00:33:56.487750+00:00", "trace_id": null, "stage": "dense", "event": "finish", "duration_ms": 0.174, "candidates_out": 20}
{"ts": "2026-09-24T00:33:56.487768+00:00", "trace_id": null, "stage": "lexical", "event": "start"}
{"ts": "2026-09-24T00:33:56.488001+00:00", "trace_id": null, "stage": "lexical", "event": "finish", "duration_ms": 0.233, "candidates_out": 20}
{"ts": "2026-09-24T00:33:56.488033+00:00", "trace_id": null, "stage": "fuse", "event": "start", "candidates_in": 30}
{"ts": "2026-09-24T00:33:56.488109+00:00", "trace_id": null, "stage": "fuse", "event": "finish", "duration_ms": 0.076, "candidates_in": 30, "candidates_out": 19, "top_score": 0.03252247488101534}
{"ts": "2026-09-24T00:33:56.488431+00:00", "trace_id": null, "stage": "gate", "event": "start", "candidates_in": 5}
{"ts": "2026-09-24T00:33:56.488501+00:00", "trace_id": null, "stage": "gate", "event": "finish", "duration_ms": 0.069, "candidates_in": 5, "candidates_out": 5, "top_score": 0.03252247488101534}
{"ts": "2026-09-24T00:33:56.488532+00:00", "trace_id": null, "stage": "embed_query", "event": "start", "model": "Qwen/Qwen3-Embedding-0.6B"}
{"ts": "2026-09-24T00:33:56.510313+00:00", "trace_id": null, "stage": "embed_query", "event": "finish", "duration_ms": 21.778, "model": "Qwen/Qwen3-Embedding-0.6B"}
{"ts": "2026-09-24T00:33:56.510382+00:00", "trace_id": null, "stage": "dense", "event": "start"}
{"ts": "2026-09-24T00:33:56.510540+00:00", "trace_id": null, "stage": "dense", "event": "finish", "duration_ms": 0.157, "candidates_out": 20}
{"ts": "2026-09-24T00:33:56.510556+00:00", "trace_id": null, "stage": "lexical", "event": "start"}
{"ts": "2026-09-24T00:33:56.510792+00:00", "trace_id": null, "stage": "lexical", "event": "finish", "duration_ms": 0.236, "candidates_out": 20}
{"ts": "2026-09-24T00:33:56.510818+00:00", "trace_id": null, "stage": "fuse", "event": "start", "candidates_in": 30}
{"ts": "2026-09-24T00:33:56.510867+00:00", "trace_id": null, "stage": "fuse", "event": "finish", "duration_ms": 0.049, "candidates_in": 30, "candidates_out": 19, "top_score": 0.03252247488101534}
{"ts": "2026-09-24T00:33:56.511199+00:00", "trace_id": null, "stage": "gate", "event": "start", "candidates_in": 5}
{"ts": "2026-09-24T00:33:56.511266+00:00", "trace_id": null, "stage": "gate", "event": "finish", "duration_ms": 0.067, "candidates_in": 5, "candidates_out": 5, "top_score": 0.03252247488101534}
{"ts": "2026-09-24T00:33:56.511284+00:00", "trace_id": null, "stage": "embed_query", "event": "start", "model": "Qwen/Qwen3-Embedding-0.6B"}
{"ts": "2026-09-24T00:33:56.534504+00:00", "trace_id": null, "stage": "embed_query", "event": "finish", "duration_ms": 23.216, "model": "Qwen/Qwen3-Embedding-0.6B"}
{"ts": "2026-09-24T00:33:56.534553+00:00", "trace_id": null, "stage": "dense", "event": "start"}
{"ts": "2026-09-24T00:33:56.534748+00:00", "trace_id": null, "stage": "dense", "event": "finish", "duration_ms": 0.195, "candidates_out": 20}
{"ts": "2026-09-24T00:33:56.534772+00:00", "trace_id": null, "stage": "lexical", "event": "start"}
{"ts": "2026-09-24T00:33:56.535037+00:00", "trace_id": null, "stage": "lexical", "event": "finish", "duration_ms": 0.265, "candidates_out": 20}
{"ts": "2026-09-24T00:33:56.535063+00:00", "trace_id": null, "stage": "fuse", "event": "start", "candidates_in": 33}
{"ts": "2026-09-24T00:33:56.535199+00:00", "trace_id": null, "stage": "fuse", "event": "finish", "duration_ms": 0.135, "candidates_in": 33, "candidates_out": 23, "top_score": 0.03278688524590164}
{"ts": "2026-09-24T00:33:56.535616+00:00", "trace_id": null, "stage": "gate", "event": "start", "candidates_in": 5}
{"ts": "2026-09-24T00:33:56.536582+00:00", "trace_id": null, "stage": "gate", "event": "finish", "duration_ms": 0.965, "candidates_in": 5, "candidates_out": 5, "top_score": 0.03278688524590164}
{"ts": "2026-09-24T00:33:56.536614+00:00", "trace_id": null, "stage": "embed_query", "event": "start", "model": "Qwen/Qwen3-Embedding-0.6B"}
{"ts": "2026-09-24T00:33:56.562162+00:00", "trace_id": null, "stage": "embed_query", "event": "finish", "duration_ms": 25.546, "model": "Qwen/Qwen3-Embedding-0.6B"}
{"ts": "2026-09-24T00:33:56.562200+00:00", "trace_id": null, "stage": "dense", "event": "start"}
{"ts": "2026-09-24T00:33:56.562390+00:00", "trace_id": null, "stage": "dense", "event": "finish", "duration_ms": 0.189, "candidates_out": 20}
{"ts": "2026-09-24T00:33:56.562415+00:00", "trace_id": null, "stage": "lexical", "event": "start"}
{"ts": "2026-09-24T00:33:56.562655+00:00", "trace_id": null, "stage": "lexical", "event": "finish", "duration_ms": 0.24, "candidates_out": 20}
{"ts": "2026-09-24T00:33:56.562681+00:00", "trace_id": null, "stage": "fuse", "event": "start", "candidates_in": 34}
{"ts": "2026-09-24T00:33:56.562759+00:00", "trace_id": null, "stage": "fuse", "event": "finish", "duration_ms": 0.077, "candidates_in": 34, "candidates_out": 21, "top_score": 0.03252247488101534}
{"ts": "2026-09-24T00:33:56.563088+00:00", "trace_id": null, "stage": "gate", "event": "start", "candidates_in": 5}
{"ts": "2026-09-24T00:33:56.563139+00:00", "trace_id": null, "stage": "gate", "event": "finish", "duration_ms": 0.051, "candidates_in": 5, "candidates_out": 0, "reason": "no_confident_hit"}
{"ts": "2026-09-24T00:33:56.563168+00:00", "trace_id": null, "stage": "embed_query", "event": "start", "model": "Qwen/Qwen3-Embedding-0.6B"}
{"ts": "2026-09-24T00:33:56.586374+00:00", "trace_id": null, "stage": "embed_query", "event": "finish", "duration_ms": 23.203, "model": "Qwen/Qwen3-Embedding-0.6B"}
{"ts": "2026-09-24T00:33:56.586411+00:00", "trace_id": null, "stage": "dense", "event": "start"}
{"ts": "2026-09-24T00:33:56.586601+00:00", "trace_id": null, "stage": "dense", "event": "finish", "duration_ms": 0.189, "candidates_out": 20}
{"ts": "2026-09-24T00:33:56.586622+00:00", "trace_id": null, "stage": "lexical", "event": "start"}
{"ts": "2026-09-24T00:33:56.586859+00:00", "trace_id": null, "stage": "lexical", "event": "finish", "duration_ms": 0.237, "candidates_out": 20}
{"ts": "2026-09-24T00:33:56.586887+00:00", "trace_id": null, "stage": "fuse", "event": "start", "candidates_in": 30}
{"ts": "2026-09-24T00:33:56.586958+00:00", "trace_id": null, "stage": "fuse", "event": "finish", "duration_ms": 0.071, "candidates_in": 30, "candidates_out": 19, "top_score": 0.03278688524590164}
{"ts": "2026-09-24T00:33:56.587271+00:00", "trace_id": null, "stage": "gate", "event": "start", "candidates_in": 5}
{"ts": "2026-09-24T00:33:56.587334+00:00", "trace_id": null, "stage": "gate", "event": "finish", "duration_ms": 0.063, "candidates_in": 5, "candidates_out": 5, "top_score": 0.03278688524590164}
{"ts": "2026-09-24T00:33:56.587353+00:00", "trace_id": null, "stage": "embed_query", "event": "start", "model": "Qwen/Qwen3-Embedding-0.6B"}
{"ts": "2026-09-24T00:33:56.609767+00:00", "trace_id": null, "stage": "embed_query", "event": "finish", "duration_ms": 22.411, "model": "Qwen/Qwen3-Embedding-0.6B"}
{"ts": "2026-09-24T00:33:56.609809+00:00", "trace_id": null, "stage": "dense", "event": "start"}
{"ts": "2026-09-24T00:33:56.610017+00:00", "trace_id": null, "stage": "dense", "event": "finish", "duration_ms": 0.208, "candidates_out": 20}
{"ts": "2026-09-24T00:33:56.610043+00:00", "trace_id": null, "stage": "lexical", "event": "start"}
{"ts": "2026-09-24T00:33:56.610395+00:00", "trace_id": null, "stage": "lexical", "event": "finish", "duration_ms": 0.351, "candidates_out": 20}
{"ts": "2026-09-24T00:33:56.610426+00:00", "trace_id": null, "stage": "fuse", "event": "start", "candidates_in": 31}
{"ts": "2026-09-24T00:33:56.610495+00:00", "trace_id": null, "stage": "fuse", "event": "finish", "duration_ms": 0.069, "candidates_in": 31, "candidates_out": 19, "top_score": 0.03278688524590164}
{"ts": "2026-09-24T00:33:56.610829+00:00", "trace_id": null, "stage": "gate", "event": "start", "candidates_in": 5}
{"ts": "2026-09-24T00:33:56.610898+00:00", "trace_id": null, "stage": "gate", "event": "finish", "duration_ms": 0.069, "candidates_in": 5, "candidates_out": 5, "top_score": 0.03278688524590164}
{"ts": "2026-09-24T00:33:56.610920+00:00", "trace_id": null, "stage": "embed_query", "event": "start", "model": "Qwen/Qwen3-Embedding-0.6B"}
{"ts": "2026-09-24T00:33:56.635463+00:00", "trace_id": null, "stage": "embed_query", "event": "finish", "duration_ms": 24.541, "model": "Qwen/Qwen3-Embedding-0.6B"}
{"ts": "2026-09-24T00:33:56.635504+00:00", "trace_id": null, "stage": "dense", "event": "start"}
{"ts": "2026-09-24T00:33:56.635692+00:00", "trace_id": null, "stage": "dense", "event": "finish", "duration_ms": 0.187, "candidates_out": 20}
{"ts": "2026-09-24T00:33:56.635709+00:00", "trace_id": null, "stage": "lexical", "event": "start"}
{"ts": "2026-09-24T00:33:56.635942+00:00", "trace_id": null, "stage": "lexical", "event": "finish", "duration_ms": 0.232, "candidates_out": 20}
{"ts": "2026-09-24T00:33:56.635975+00:00", "trace_id": null, "stage": "fuse", "event": "start", "candidates_in": 25}
{"ts": "2026-09-24T00:33:56.636051+00:00", "trace_id": null, "stage": "fuse", "event": "finish", "duration_ms": 0.076, "candidates_in": 25, "candidates_out": 18, "top_score": 0.032266458495966696}
{"ts": "2026-09-24T00:33:56.636358+00:00", "trace_id": null, "stage": "gate", "event": "start", "candidates_in": 5}
{"ts": "2026-09-24T00:33:56.639324+00:00", "trace_id": null, "stage": "gate", "event": "finish", "duration_ms": 2.966, "candidates_in": 5, "candidates_out": 5, "top_score": 0.032018442622950824}
{"ts": "2026-09-24T00:33:56.639347+00:00", "trace_id": null, "stage": "embed_query", "event": "start", "model": "Qwen/Qwen3-Embedding-0.6B"}
{"ts": "2026-09-24T00:33:56.663005+00:00", "trace_id": null, "stage": "embed_query", "event": "finish", "duration_ms": 23.655, "model": "Qwen/Qwen3-Embedding-0.6B"}
{"ts": "2026-09-24T00:33:56.663047+00:00", "trace_id": null, "stage": "dense", "event": "start"}
{"ts": "2026-09-24T00:33:56.663240+00:00", "trace_id": null, "stage": "dense", "event": "finish", "duration_ms": 0.193, "candidates_out": 20}
{"ts": "2026-09-24T00:33:56.663258+00:00", "trace_id": null, "stage": "lexical", "event": "start"}
{"ts": "2026-09-24T00:33:56.663514+00:00", "trace_id": null, "stage": "lexical", "event": "finish", "duration_ms": 0.256, "candidates_out": 20}
{"ts": "2026-09-24T00:33:56.663547+00:00", "trace_id": null, "stage": "fuse", "event": "start", "candidates_in": 31}
{"ts": "2026-09-24T00:33:56.663631+00:00", "trace_id": null, "stage": "fuse", "event": "finish", "duration_ms": 0.084, "candidates_in": 31, "candidates_out": 25, "top_score": 0.03252247488101534}
{"ts": "2026-09-24T00:33:56.664018+00:00", "trace_id": null, "stage": "gate", "event": "start", "candidates_in": 5}
{"ts": "2026-09-24T00:33:56.666862+00:00", "trace_id": null, "stage": "gate", "event": "finish", "duration_ms": 2.843, "candidates_in": 5, "candidates_out": 5, "top_score": 0.03252247488101534}
{"ts": "2026-09-24T00:33:56.666885+00:00", "trace_id": null, "stage": "embed_query", "event": "start", "model": "Qwen/Qwen3-Embedding-0.6B"}
{"ts": "2026-09-24T00:33:56.689625+00:00", "trace_id": null, "stage": "embed_query", "event": "finish", "duration_ms": 22.738, "model": "Qwen/Qwen3-Embedding-0.6B"}
{"ts": "2026-09-24T00:33:56.689661+00:00", "trace_id": null, "stage": "dense", "event": "start"}
{"ts": "2026-09-24T00:33:56.689846+00:00", "trace_id": null, "stage": "dense", "event": "finish", "duration_ms": 0.185, "candidates_out": 20}
{"ts": "2026-09-24T00:33:56.689870+00:00", "trace_id": null, "stage": "lexical", "event": "start"}
{"ts": "2026-09-24T00:33:56.690142+00:00", "trace_id": null, "stage": "lexical", "event": "finish", "duration_ms": 0.271, "candidates_out": 20}
{"ts": "2026-09-24T00:33:56.690179+00:00", "trace_id": null, "stage": "fuse", "event": "start", "candidates_in": 30}
{"ts": "2026-09-24T00:33:56.690261+00:00", "trace_id": null, "stage": "fuse", "event": "finish", "duration_ms": 0.082, "candidates_in": 30, "candidates_out": 21, "top_score": 0.03278688524590164}
{"ts": "2026-09-24T00:33:56.690586+00:00", "trace_id": null, "stage": "gate", "event": "start", "candidates_in": 5}
{"ts": "2026-09-24T00:33:56.690655+00:00", "trace_id": null, "stage": "gate", "event": "finish", "duration_ms": 0.068, "candidates_in": 5, "candidates_out": 5, "top_score": 0.03149801587301587}
{"ts": "2026-09-24T00:33:56.690682+00:00", "trace_id": null, "stage": "embed_query", "event": "start", "model": "Qwen/Qwen3-Embedding-0.6B"}
{"ts": "2026-09-24T00:33:56.714299+00:00", "trace_id": null, "stage": "embed_query", "event": "finish", "duration_ms": 23.615, "model": "Qwen/Qwen3-Embedding-0.6B"}
{"ts": "2026-09-24T00:33:56.714342+00:00", "trace_id": null, "stage": "dense", "event": "start"}
{"ts": "2026-09-24T00:33:56.714539+00:00", "trace_id": null, "stage": "dense", "event": "finish", "duration_ms": 0.196, "candidates_out": 20}
{"ts": "2026-09-24T00:33:56.714560+00:00", "trace_id": null, "stage": "lexical", "event": "start"}
{"ts": "2026-09-24T00:33:56.714818+00:00", "trace_id": null, "stage": "lexical", "event": "finish", "duration_ms": 0.257, "candidates_out": 20}
{"ts": "2026-09-24T00:33:56.714845+00:00", "trace_id": null, "stage": "fuse", "event": "start", "candidates_in": 31}
{"ts": "2026-09-24T00:33:56.714913+00:00", "trace_id": null, "stage": "fuse", "event": "finish", "duration_ms": 0.067, "candidates_in": 31, "candidates_out": 22, "top_score": 0.03278688524590164}
{"ts": "2026-09-24T00:33:56.715279+00:00", "trace_id": null, "stage": "gate", "event": "start", "candidates_in": 5}
{"ts": "2026-09-24T00:33:56.716760+00:00", "trace_id": null, "stage": "gate", "event": "finish", "duration_ms": 1.481, "candidates_in": 5, "candidates_out": 5, "top_score": 0.03278688524590164}
{"ts": "2026-09-24T00:33:56.716785+00:00", "trace_id": null, "stage": "embed_query", "event": "start", "model": "Qwen/Qwen3-Embedding-0.6B"}
{"ts": "2026-09-24T00:33:56.739319+00:00", "trace_id": null, "stage": "embed_query", "event": "finish", "duration_ms": 22.532, "model": "Qwen/Qwen3-Embedding-0.6B"}
{"ts": "2026-09-24T00:33:56.739360+00:00", "trace_id": null, "stage": "dense", "event": "start"}
{"ts": "2026-09-24T00:33:56.739573+00:00", "trace_id": null, "stage": "dense", "event": "finish", "duration_ms": 0.212, "candidates_out": 20}
{"ts": "2026-09-24T00:33:56.739603+00:00", "trace_id": null, "stage": "lexical", "event": "start"}
{"ts": "2026-09-24T00:33:56.739875+00:00", "trace_id": null, "stage": "lexical", "event": "finish", "duration_ms": 0.271, "candidates_out": 20}
{"ts": "2026-09-24T00:33:56.739909+00:00", "trace_id": null, "stage": "fuse", "event": "start", "candidates_in": 30}
{"ts": "2026-09-24T00:33:56.739981+00:00", "trace_id": null, "stage": "fuse", "event": "finish", "duration_ms": 0.071, "candidates_in": 30, "candidates_out": 20, "top_score": 0.03252247488101534}
{"ts": "2026-09-24T00:33:56.740333+00:00", "trace_id": null, "stage": "gate", "event": "start", "candidates_in": 5}
{"ts": "2026-09-24T00:33:56.740407+00:00", "trace_id": null, "stage": "gate", "event": "finish", "duration_ms": 0.074, "candidates_in": 5, "candidates_out": 5, "top_score": 0.03252247488101534}
{"ts": "2026-09-24T00:33:56.740427+00:00", "trace_id": null, "stage": "embed_query", "event": "start", "model": "Qwen/Qwen3-Embedding-0.6B"}
{"ts": "2026-09-24T00:33:56.763731+00:00", "trace_id": null, "stage": "embed_query", "event": "finish", "duration_ms": 23.302, "model": "Qwen/Qwen3-Embedding-0.6B"}
{"ts": "2026-09-24T00:33:56.763778+00:00", "trace_id": null, "stage": "dense", "event": "start"}
{"ts": "2026-09-24T00:33:56.763965+00:00", "trace_id": null, "stage": "dense", "event": "finish", "duration_ms": 0.187, "candidates_out": 20}
{"ts": "2026-09-24T00:33:56.763983+00:00", "trace_id": null, "stage": "lexical", "event": "start"}
{"ts": "2026-09-24T00:33:56.764225+00:00", "trace_id": null, "stage": "lexical", "event": "finish", "duration_ms": 0.242, "candidates_out": 20}
{"ts": "2026-09-24T00:33:56.764257+00:00", "trace_id": null, "stage": "fuse", "event": "start", "candidates_in": 32}
{"ts": "2026-09-24T00:33:56.764336+00:00", "trace_id": null, "stage": "fuse", "event": "finish", "duration_ms": 0.079, "candidates_in": 32, "candidates_out": 21, "top_score": 0.03278688524590164}
{"ts": "2026-09-24T00:33:56.764681+00:00", "trace_id": null, "stage": "gate", "event": "start", "candidates_in": 5}
{"ts": "2026-09-24T00:33:56.769682+00:00", "trace_id": null, "stage": "gate", "event": "finish", "duration_ms": 5.0, "candidates_in": 5, "candidates_out": 5, "top_score": 0.03225806451612903}
{"ts": "2026-09-24T00:33:56.769711+00:00", "trace_id": null, "stage": "embed_query", "event": "start", "model": "Qwen/Qwen3-Embedding-0.6B"}
{"ts": "2026-09-24T00:33:56.792081+00:00", "trace_id": null, "stage": "embed_query", "event": "finish", "duration_ms": 22.367, "model": "Qwen/Qwen3-Embedding-0.6B"}
{"ts": "2026-09-24T00:33:56.792117+00:00", "trace_id": null, "stage": "dense", "event": "start"}
{"ts": "2026-09-24T00:33:56.792292+00:00", "trace_id": null, "stage": "dense", "event": "finish", "duration_ms": 0.175, "candidates_out": 20}
{"ts": "2026-09-24T00:33:56.792309+00:00", "trace_id": null, "stage": "lexical", "event": "start"}
{"ts": "2026-09-24T00:33:56.792570+00:00", "trace_id": null, "stage": "lexical", "event": "finish", "duration_ms": 0.261, "candidates_out": 20}
{"ts": "2026-09-24T00:33:56.792595+00:00", "trace_id": null, "stage": "fuse", "event": "start", "candidates_in": 30}
{"ts": "2026-09-24T00:33:56.792659+00:00", "trace_id": null, "stage": "fuse", "event": "finish", "duration_ms": 0.064, "candidates_in": 30, "candidates_out": 18, "top_score": 0.03278688524590164}
{"ts": "2026-09-24T00:33:56.793085+00:00", "trace_id": null, "stage": "gate", "event": "start", "candidates_in": 5}
{"ts": "2026-09-24T00:33:56.798195+00:00", "trace_id": null, "stage": "gate", "event": "finish", "duration_ms": 5.109, "candidates_in": 5, "candidates_out": 5, "top_score": 0.03225806451612903}
{"ts": "2026-09-24T00:33:56.798228+00:00", "trace_id": null, "stage": "embed_query", "event": "start", "model": "Qwen/Qwen3-Embedding-0.6B"}
{"ts": "2026-09-24T00:33:56.822137+00:00", "trace_id": null, "stage": "embed_query", "event": "finish", "duration_ms": 23.907, "model": "Qwen/Qwen3-Embedding-0.6B"}
{"ts": "2026-09-24T00:33:56.822181+00:00", "trace_id": null, "stage": "dense", "event": "start"}
{"ts": "2026-09-24T00:33:56.822375+00:00", "trace_id": null, "stage": "dense", "event": "finish", "duration_ms": 0.194, "candidates_out": 20}
{"ts": "2026-09-24T00:33:56.822398+00:00", "trace_id": null, "stage": "lexical", "event": "start"}
{"ts": "2026-09-24T00:33:56.822695+00:00", "trace_id": null, "stage": "lexical", "event": "finish", "duration_ms": 0.296, "candidates_out": 20}
{"ts": "2026-09-24T00:33:56.822725+00:00", "trace_id": null, "stage": "fuse", "event": "start", "candidates_in": 29}
{"ts": "2026-09-24T00:33:56.822788+00:00", "trace_id": null, "stage": "fuse", "event": "finish", "duration_ms": 0.063, "candidates_in": 29, "candidates_out": 20, "top_score": 0.03131881575727918}
{"ts": "2026-09-24T00:33:56.823134+00:00", "trace_id": null, "stage": "gate", "event": "start", "candidates_in": 5}
{"ts": "2026-09-24T00:33:56.827712+00:00", "trace_id": null, "stage": "gate", "event": "finish", "duration_ms": 4.576, "candidates_in": 5, "candidates_out": 5, "top_score": 0.03131881575727918}
{"ts": "2026-09-24T00:33:56.827758+00:00", "trace_id": null, "stage": "embed_query", "event": "start", "model": "Qwen/Qwen3-Embedding-0.6B"}
{"ts": "2026-09-24T00:33:56.851328+00:00", "trace_id": null, "stage": "embed_query", "event": "finish", "duration_ms": 23.568, "model": "Qwen/Qwen3-Embedding-0.6B"}
{"ts": "2026-09-24T00:33:56.851369+00:00", "trace_id": null, "stage": "dense", "event": "start"}
{"ts": "2026-09-24T00:33:56.851559+00:00", "trace_id": null, "stage": "dense", "event": "finish", "duration_ms": 0.19, "candidates_out": 20}
{"ts": "2026-09-24T00:33:56.851577+00:00", "trace_id": null, "stage": "lexical", "event": "start"}
{"ts": "2026-09-24T00:33:56.851929+00:00", "trace_id": null, "stage": "lexical", "event": "finish", "duration_ms": 0.352, "candidates_out": 20}
{"ts": "2026-09-24T00:33:56.851963+00:00", "trace_id": null, "stage": "fuse", "event": "start", "candidates_in": 29}
{"ts": "2026-09-24T00:33:56.852092+00:00", "trace_id": null, "stage": "fuse", "event": "finish", "duration_ms": 0.128, "candidates_in": 29, "candidates_out": 20, "top_score": 0.03252247488101534}
{"ts": "2026-09-24T00:33:56.852421+00:00", "trace_id": null, "stage": "gate", "event": "start", "candidates_in": 5}
{"ts": "2026-09-24T00:33:56.853705+00:00", "trace_id": null, "stage": "gate", "event": "finish", "duration_ms": 1.283, "candidates_in": 5, "candidates_out": 5, "top_score": 0.03200204813108039}
{"ts": "2026-09-24T00:33:56.853738+00:00", "trace_id": null, "stage": "embed_query", "event": "start", "model": "Qwen/Qwen3-Embedding-0.6B"}
{"ts": "2026-09-24T00:33:56.876227+00:00", "trace_id": null, "stage": "embed_query", "event": "finish", "duration_ms": 22.487, "model": "Qwen/Qwen3-Embedding-0.6B"}
{"ts": "2026-09-24T00:33:56.876274+00:00", "trace_id": null, "stage": "dense", "event": "start"}
{"ts": "2026-09-24T00:33:56.876471+00:00", "trace_id": null, "stage": "dense", "event": "finish", "duration_ms": 0.197, "candidates_out": 20}
{"ts": "2026-09-24T00:33:56.876494+00:00", "trace_id": null, "stage": "lexical", "event": "start"}
{"ts": "2026-09-24T00:33:56.876739+00:00", "trace_id": null, "stage": "lexical", "event": "finish", "duration_ms": 0.245, "candidates_out": 20}
{"ts": "2026-09-24T00:33:56.876769+00:00", "trace_id": null, "stage": "fuse", "event": "start", "candidates_in": 35}
{"ts": "2026-09-24T00:33:56.876856+00:00", "trace_id": null, "stage": "fuse", "event": "finish", "duration_ms": 0.086, "candidates_in": 35, "candidates_out": 26, "top_score": 0.03278688524590164}
{"ts": "2026-09-24T00:33:56.877250+00:00", "trace_id": null, "stage": "gate", "event": "start", "candidates_in": 5}
{"ts": "2026-09-24T00:33:56.878354+00:00", "trace_id": null, "stage": "gate", "event": "finish", "duration_ms": 1.103, "candidates_in": 5, "candidates_out": 5, "top_score": 0.03200204813108039}
{"ts": "2026-09-24T00:33:56.878381+00:00", "trace_id": null, "stage": "embed_query", "event": "start", "model": "Qwen/Qwen3-Embedding-0.6B"}
{"ts": "2026-09-24T00:33:56.901556+00:00", "trace_id": null, "stage": "embed_query", "event": "finish", "duration_ms": 23.173, "model": "Qwen/Qwen3-Embedding-0.6B"}
{"ts": "2026-09-24T00:33:56.901603+00:00", "trace_id": null, "stage": "dense", "event": "start"}
{"ts": "2026-09-24T00:33:56.901873+00:00", "trace_id": null, "stage": "dense", "event": "finish", "duration_ms": 0.27, "candidates_out": 20}
{"ts": "2026-09-24T00:33:56.901897+00:00", "trace_id": null, "stage": "lexical", "event": "start"}
{"ts": "2026-09-24T00:33:56.902185+00:00", "trace_id": null, "stage": "lexical", "event": "finish", "duration_ms": 0.288, "candidates_out": 20}
{"ts": "2026-09-24T00:33:56.902211+00:00", "trace_id": null, "stage": "fuse", "event": "start", "candidates_in": 33}
{"ts": "2026-09-24T00:33:56.902294+00:00", "trace_id": null, "stage": "fuse", "event": "finish", "duration_ms": 0.082, "candidates_in": 33, "candidates_out": 22, "top_score": 0.03278688524590164}
{"ts": "2026-09-24T00:33:56.902651+00:00", "trace_id": null, "stage": "gate", "event": "start", "candidates_in": 5}
{"ts": "2026-09-24T00:33:56.909239+00:00", "trace_id": null, "stage": "gate", "event": "finish", "duration_ms": 6.587, "candidates_in": 5, "candidates_out": 5, "top_score": 0.03278688524590164}
{"ts": "2026-09-24T00:33:56.909267+00:00", "trace_id": null, "stage": "embed_query", "event": "start", "model": "Qwen/Qwen3-Embedding-0.6B"}
{"ts": "2026-09-24T00:33:56.931434+00:00", "trace_id": null, "stage": "embed_query", "event": "finish", "duration_ms": 22.164, "model": "Qwen/Qwen3-Embedding-0.6B"}
{"ts": "2026-09-24T00:33:56.931480+00:00", "trace_id": null, "stage": "dense", "event": "start"}
{"ts": "2026-09-24T00:33:56.931673+00:00", "trace_id": null, "stage": "dense", "event": "finish", "duration_ms": 0.193, "candidates_out": 20}
{"ts": "2026-09-24T00:33:56.931692+00:00", "trace_id": null, "stage": "lexical", "event": "start"}
{"ts": "2026-09-24T00:33:56.931990+00:00", "trace_id": null, "stage": "lexical", "event": "finish", "duration_ms": 0.298, "candidates_out": 20}
{"ts": "2026-09-24T00:33:56.932017+00:00", "trace_id": null, "stage": "fuse", "event": "start", "candidates_in": 33}
{"ts": "2026-09-24T00:33:56.932098+00:00", "trace_id": null, "stage": "fuse", "event": "finish", "duration_ms": 0.08, "candidates_in": 33, "candidates_out": 22, "top_score": 0.03278688524590164}
{"ts": "2026-09-24T00:33:56.932450+00:00", "trace_id": null, "stage": "gate", "event": "start", "candidates_in": 5}
{"ts": "2026-09-24T00:33:56.932519+00:00", "trace_id": null, "stage": "gate", "event": "finish", "duration_ms": 0.069, "candidates_in": 5, "candidates_out": 5, "top_score": 0.03278688524590164}
{"ts": "2026-09-24T00:33:56.932546+00:00", "trace_id": null, "stage": "embed_query", "event": "start", "model": "Qwen/Qwen3-Embedding-0.6B"}
{"ts": "2026-09-24T00:33:56.956050+00:00", "trace_id": null, "stage": "embed_query", "event": "finish", "duration_ms": 23.502, "model": "Qwen/Qwen3-Embedding-0.6B"}
{"ts": "2026-09-24T00:33:56.956085+00:00", "trace_id": null, "stage": "dense", "event": "start"}
{"ts": "2026-09-24T00:33:56.956265+00:00", "trace_id": null, "stage": "dense", "event": "finish", "duration_ms": 0.18, "candidates_out": 20}
{"ts": "2026-09-24T00:33:56.956286+00:00", "trace_id": null, "stage": "lexical", "event": "start"}
{"ts": "2026-09-24T00:33:56.956543+00:00", "trace_id": null, "stage": "lexical", "event": "finish", "duration_ms": 0.257, "candidates_out": 20}
{"ts": "2026-09-24T00:33:56.956571+00:00", "trace_id": null, "stage": "fuse", "event": "start", "candidates_in": 31}
{"ts": "2026-09-24T00:33:56.956649+00:00", "trace_id": null, "stage": "fuse", "event": "finish", "duration_ms": 0.077, "candidates_in": 31, "candidates_out": 22, "top_score": 0.03278688524590164}
{"ts": "2026-09-24T00:33:56.957017+00:00", "trace_id": null, "stage": "gate", "event": "start", "candidates_in": 5}
{"ts": "2026-09-24T00:33:56.957079+00:00", "trace_id": null, "stage": "gate", "event": "finish", "duration_ms": 0.062, "candidates_in": 5, "candidates_out": 5, "top_score": 0.03278688524590164}
{"ts": "2026-09-24T00:33:56.957103+00:00", "trace_id": null, "stage": "embed_query", "event": "start", "model": "Qwen/Qwen3-Embedding-0.6B"}
{"ts": "2026-09-24T00:33:56.979756+00:00", "trace_id": null, "stage": "embed_query", "event": "finish", "duration_ms": 22.65, "model": "Qwen/Qwen3-Embedding-0.6B"}
{"ts": "2026-09-24T00:33:56.979799+00:00", "trace_id": null, "stage": "dense", "event": "start"}
{"ts": "2026-09-24T00:33:56.980008+00:00", "trace_id": null, "stage": "dense", "event": "finish", "duration_ms": 0.208, "candidates_out": 20}
{"ts": "2026-09-24T00:33:56.980032+00:00", "trace_id": null, "stage": "lexical", "event": "start"}
{"ts": "2026-09-24T00:33:56.980259+00:00", "trace_id": null, "stage": "lexical", "event": "finish", "duration_ms": 0.228, "candidates_out": 20}
{"ts": "2026-09-24T00:33:56.980285+00:00", "trace_id": null, "stage": "fuse", "event": "start", "candidates_in": 34}
{"ts": "2026-09-24T00:33:56.980359+00:00", "trace_id": null, "stage": "fuse", "event": "finish", "duration_ms": 0.073, "candidates_in": 34, "candidates_out": 23, "top_score": 0.03252247488101534}
{"ts": "2026-09-24T00:33:56.980703+00:00", "trace_id": null, "stage": "gate", "event": "start", "candidates_in": 5}
{"ts": "2026-09-24T00:33:56.980770+00:00", "trace_id": null, "stage": "gate", "event": "finish", "duration_ms": 0.066, "candidates_in": 5, "candidates_out": 5, "top_score": 0.03252247488101534}
{"ts": "2026-09-24T00:33:56.980791+00:00", "trace_id": null, "stage": "embed_query", "event": "start", "model": "Qwen/Qwen3-Embedding-0.6B"}
{"ts": "2026-09-24T00:33:57.002877+00:00", "trace_id": null, "stage": "embed_query", "event": "finish", "duration_ms": 22.084, "model": "Qwen/Qwen3-Embedding-0.6B"}
{"ts": "2026-09-24T00:33:57.002915+00:00", "trace_id": null, "stage": "dense", "event": "start"}
{"ts": "2026-09-24T00:33:57.003090+00:00", "trace_id": null, "stage": "dense", "event": "finish", "duration_ms": 0.176, "candidates_out": 20}
{"ts": "2026-09-24T00:33:57.003108+00:00", "trace_id": null, "stage": "lexical", "event": "start"}
{"ts": "2026-09-24T00:33:57.003384+00:00", "trace_id": null, "stage": "lexical", "event": "finish", "duration_ms": 0.275, "candidates_out": 20}
{"ts": "2026-09-24T00:33:57.003417+00:00", "trace_id": null, "stage": "fuse", "event": "start", "candidates_in": 34}
{"ts": "2026-09-24T00:33:57.003475+00:00", "trace_id": null, "stage": "fuse", "event": "finish", "duration_ms": 0.058, "candidates_in": 34, "candidates_out": 24, "top_score": 0.03278688524590164}
{"ts": "2026-09-24T00:33:57.003848+00:00", "trace_id": null, "stage": "gate", "event": "start", "candidates_in": 5}
{"ts": "2026-09-24T00:33:57.003909+00:00", "trace_id": null, "stage": "gate", "event": "finish", "duration_ms": 0.061, "candidates_in": 5, "candidates_out": 5, "top_score": 0.03278688524590164}
{"ts": "2026-09-24T00:33:57.003929+00:00", "trace_id": null, "stage": "embed_query", "event": "start", "model": "Qwen/Qwen3-Embedding-0.6B"}
{"ts": "2026-09-24T00:33:57.026418+00:00", "trace_id": null, "stage": "embed_query", "event": "finish", "duration_ms": 22.487, "model": "Qwen/Qwen3-Embedding-0.6B"}
{"ts": "2026-09-24T00:33:57.026462+00:00", "trace_id": null, "stage": "dense", "event": "start"}
{"ts": "2026-09-24T00:33:57.026652+00:00", "trace_id": null, "stage": "dense", "event": "finish", "duration_ms": 0.189, "candidates_out": 20}
{"ts": "2026-09-24T00:33:57.026678+00:00", "trace_id": null, "stage": "lexical", "event": "start"}
{"ts": "2026-09-24T00:33:57.026957+00:00", "trace_id": null, "stage": "lexical", "event": "finish", "duration_ms": 0.278, "candidates_out": 20}
{"ts": "2026-09-24T00:33:57.026988+00:00", "trace_id": null, "stage": "fuse", "event": "start", "candidates_in": 32}
{"ts": "2026-09-24T00:33:57.027079+00:00", "trace_id": null, "stage": "fuse", "event": "finish", "duration_ms": 0.091, "candidates_in": 32, "candidates_out": 20, "top_score": 0.03278688524590164}
{"ts": "2026-09-24T00:33:57.027419+00:00", "trace_id": null, "stage": "gate", "event": "start", "candidates_in": 5}
{"ts": "2026-09-24T00:33:57.027489+00:00", "trace_id": null, "stage": "gate", "event": "finish", "duration_ms": 0.07, "candidates_in": 5, "candidates_out": 5, "top_score": 0.03278688524590164}
{"ts": "2026-09-24T00:33:57.027515+00:00", "trace_id": null, "stage": "embed_query", "event": "start", "model": "Qwen/Qwen3-Embedding-0.6B"}
{"ts": "2026-09-24T00:33:57.049515+00:00", "trace_id": null, "stage": "embed_query", "event": "finish", "duration_ms": 21.998, "model": "Qwen/Qwen3-Embedding-0.6B"}
{"ts": "2026-09-24T00:33:57.049556+00:00", "trace_id": null, "stage": "dense", "event": "start"}
{"ts": "2026-09-24T00:33:57.049739+00:00", "trace_id": null, "stage": "dense", "event": "finish", "duration_ms": 0.183, "candidates_out": 20}
{"ts": "2026-09-24T00:33:57.049757+00:00", "trace_id": null, "stage": "lexical", "event": "start"}
{"ts": "2026-09-24T00:33:57.049993+00:00", "trace_id": null, "stage": "lexical", "event": "finish", "duration_ms": 0.236, "candidates_out": 20}
{"ts": "2026-09-24T00:33:57.050020+00:00", "trace_id": null, "stage": "fuse", "event": "start", "candidates_in": 33}
{"ts": "2026-09-24T00:33:57.050091+00:00", "trace_id": null, "stage": "fuse", "event": "finish", "duration_ms": 0.071, "candidates_in": 33, "candidates_out": 25, "top_score": 0.032018442622950824}
{"ts": "2026-09-24T00:33:57.050473+00:00", "trace_id": null, "stage": "gate", "event": "start", "candidates_in": 5}
{"ts": "2026-09-24T00:33:57.050535+00:00", "trace_id": null, "stage": "gate", "event": "finish", "duration_ms": 0.062, "candidates_in": 5, "candidates_out": 5, "top_score": 0.032018442622950824}
{"ts": "2026-09-24T00:33:57.050557+00:00", "trace_id": null, "stage": "embed_query", "event": "start", "model": "Qwen/Qwen3-Embedding-0.6B"}
{"ts": "2026-09-24T00:33:57.072258+00:00", "trace_id": null, "stage": "embed_query", "event": "finish", "duration_ms": 21.7, "model": "Qwen/Qwen3-Embedding-0.6B"}
{"ts": "2026-09-24T00:33:57.072299+00:00", "trace_id": null, "stage": "dense", "event": "start"}
{"ts": "2026-09-24T00:33:57.072489+00:00", "trace_id": null, "stage": "dense", "event": "finish", "duration_ms": 0.189, "candidates_out": 20}
{"ts": "2026-09-24T00:33:57.072512+00:00", "trace_id": null, "stage": "lexical", "event": "start"}
{"ts": "2026-09-24T00:33:57.072744+00:00", "trace_id": null, "stage": "lexical", "event": "finish", "duration_ms": 0.232, "candidates_out": 20}
{"ts": "2026-09-24T00:33:57.072775+00:00", "trace_id": null, "stage": "fuse", "event": "start", "candidates_in": 30}
{"ts": "2026-09-24T00:33:57.072839+00:00", "trace_id": null, "stage": "fuse", "event": "finish", "duration_ms": 0.064, "candidates_in": 30, "candidates_out": 25, "top_score": 0.03278688524590164}
{"ts": "2026-09-24T00:33:57.073231+00:00", "trace_id": null, "stage": "gate", "event": "start", "candidates_in": 5}
{"ts": "2026-09-24T00:33:57.080559+00:00", "trace_id": null, "stage": "gate", "event": "finish", "duration_ms": 7.327, "candidates_in": 5, "candidates_out": 5, "top_score": 0.03278688524590164}
{"ts": "2026-09-24T00:33:57.080595+00:00", "trace_id": null, "stage": "embed_query", "event": "start", "model": "Qwen/Qwen3-Embedding-0.6B"}
{"ts": "2026-09-24T00:33:57.104186+00:00", "trace_id": null, "stage": "embed_query", "event": "finish", "duration_ms": 23.596, "model": "Qwen/Qwen3-Embedding-0.6B"}
{"ts": "2026-09-24T00:33:57.104232+00:00", "trace_id": null, "stage": "dense", "event": "start"}
{"ts": "2026-09-24T00:33:57.104425+00:00", "trace_id": null, "stage": "dense", "event": "finish", "duration_ms": 0.193, "candidates_out": 20}
{"ts": "2026-09-24T00:33:57.104443+00:00", "trace_id": null, "stage": "lexical", "event": "start"}
{"ts": "2026-09-24T00:33:57.104716+00:00", "trace_id": null, "stage": "lexical", "event": "finish", "duration_ms": 0.272, "candidates_out": 20}
{"ts": "2026-09-24T00:33:57.104748+00:00", "trace_id": null, "stage": "fuse", "event": "start", "candidates_in": 30}
{"ts": "2026-09-24T00:33:57.104817+00:00", "trace_id": null, "stage": "fuse", "event": "finish", "duration_ms": 0.069, "candidates_in": 30, "candidates_out": 22, "top_score": 0.03278688524590164}
{"ts": "2026-09-24T00:33:57.105170+00:00", "trace_id": null, "stage": "gate", "event": "start", "candidates_in": 5}
{"ts": "2026-09-24T00:33:57.105876+00:00", "trace_id": null, "stage": "gate", "event": "finish", "duration_ms": 0.706, "candidates_in": 5, "candidates_out": 5, "top_score": 0.031746031746031744}
{"ts": "2026-09-24T00:33:57.105899+00:00", "trace_id": null, "stage": "embed_query", "event": "start", "model": "Qwen/Qwen3-Embedding-0.6B"}
{"ts": "2026-09-24T00:33:57.129056+00:00", "trace_id": null, "stage": "embed_query", "event": "finish", "duration_ms": 23.154, "model": "Qwen/Qwen3-Embedding-0.6B"}
{"ts": "2026-09-24T00:33:57.129100+00:00", "trace_id": null, "stage": "dense", "event": "start"}
{"ts": "2026-09-24T00:33:57.129315+00:00", "trace_id": null, "stage": "dense", "event": "finish", "duration_ms": 0.214, "candidates_out": 20}
{"ts": "2026-09-24T00:33:57.129338+00:00", "trace_id": null, "stage": "lexical", "event": "start"}
{"ts": "2026-09-24T00:33:57.129585+00:00", "trace_id": null, "stage": "lexical", "event": "finish", "duration_ms": 0.247, "candidates_out": 20}
{"ts": "2026-09-24T00:33:57.129612+00:00", "trace_id": null, "stage": "fuse", "event": "start", "candidates_in": 30}
{"ts": "2026-09-24T00:33:57.129695+00:00", "trace_id": null, "stage": "fuse", "event": "finish", "duration_ms": 0.083, "candidates_in": 30, "candidates_out": 21, "top_score": 0.03252247488101534}
{"ts": "2026-09-24T00:33:57.130067+00:00", "trace_id": null, "stage": "gate", "event": "start", "candidates_in": 5}
{"ts": "2026-09-24T00:33:57.130141+00:00", "trace_id": null, "stage": "gate", "event": "finish", "duration_ms": 0.074, "candidates_in": 5, "candidates_out": 5, "top_score": 0.032266458495966696}
{"ts": "2026-09-24T00:33:57.130171+00:00", "trace_id": null, "stage": "embed_query", "event": "start", "model": "Qwen/Qwen3-Embedding-0.6B"}
{"ts": "2026-09-24T00:33:57.153418+00:00", "trace_id": null, "stage": "embed_query", "event": "finish", "duration_ms": 23.244, "model": "Qwen/Qwen3-Embedding-0.6B"}
{"ts": "2026-09-24T00:33:57.153463+00:00", "trace_id": null, "stage": "dense", "event": "start"}
{"ts": "2026-09-24T00:33:57.153650+00:00", "trace_id": null, "stage": "dense", "event": "finish", "duration_ms": 0.187, "candidates_out": 20}
{"ts": "2026-09-24T00:33:57.153668+00:00", "trace_id": null, "stage": "lexical", "event": "start"}
{"ts": "2026-09-24T00:33:57.153875+00:00", "trace_id": null, "stage": "lexical", "event": "finish", "duration_ms": 0.207, "candidates_out": 14}
{"ts": "2026-09-24T00:33:57.153901+00:00", "trace_id": null, "stage": "fuse", "event": "start", "candidates_in": 26}
{"ts": "2026-09-24T00:33:57.153956+00:00", "trace_id": null, "stage": "fuse", "event": "finish", "duration_ms": 0.054, "candidates_in": 26, "candidates_out": 16, "top_score": 0.03278688524590164}
{"ts": "2026-09-24T00:33:57.154265+00:00", "trace_id": null, "stage": "gate", "event": "start", "candidates_in": 5}
{"ts": "2026-09-24T00:33:57.155038+00:00", "trace_id": null, "stage": "gate", "event": "finish", "duration_ms": 0.773, "candidates_in": 5, "candidates_out": 5, "top_score": 0.03278688524590164}
{"ts": "2026-09-24T00:33:57.155061+00:00", "trace_id": null, "stage": "embed_query", "event": "start", "model": "Qwen/Qwen3-Embedding-0.6B"}
{"ts": "2026-09-24T00:33:57.180326+00:00", "trace_id": null, "stage": "embed_query", "event": "finish", "duration_ms": 25.262, "model": "Qwen/Qwen3-Embedding-0.6B"}
{"ts": "2026-09-24T00:33:57.180370+00:00", "trace_id": null, "stage": "dense", "event": "start"}
{"ts": "2026-09-24T00:33:57.180557+00:00", "trace_id": null, "stage": "dense", "event": "finish", "duration_ms": 0.187, "candidates_out": 20}
{"ts": "2026-09-24T00:33:57.180576+00:00", "trace_id": null, "stage": "lexical", "event": "start"}
{"ts": "2026-09-24T00:33:57.180854+00:00", "trace_id": null, "stage": "lexical", "event": "finish", "duration_ms": 0.278, "candidates_out": 20}
{"ts": "2026-09-24T00:33:57.180883+00:00", "trace_id": null, "stage": "fuse", "event": "start", "candidates_in": 28}
{"ts": "2026-09-24T00:33:57.180957+00:00", "trace_id": null, "stage": "fuse", "event": "finish", "duration_ms": 0.073, "candidates_in": 28, "candidates_out": 22, "top_score": 0.03252247488101534}
{"ts": "2026-09-24T00:33:57.181318+00:00", "trace_id": null, "stage": "gate", "event": "start", "candidates_in": 5}
{"ts": "2026-09-24T00:33:57.184202+00:00", "trace_id": null, "stage": "gate", "event": "finish", "duration_ms": 2.883, "candidates_in": 5, "candidates_out": 5, "top_score": 0.03252247488101534}
{"ts": "2026-09-24T00:33:57.184233+00:00", "trace_id": null, "stage": "embed_query", "event": "start", "model": "Qwen/Qwen3-Embedding-0.6B"}
{"ts": "2026-09-24T00:33:57.206632+00:00", "trace_id": null, "stage": "embed_query", "event": "finish", "duration_ms": 22.395, "model": "Qwen/Qwen3-Embedding-0.6B"}
{"ts": "2026-09-24T00:33:57.206691+00:00", "trace_id": null, "stage": "dense", "event": "start"}
{"ts": "2026-09-24T00:33:57.206880+00:00", "trace_id": null, "stage": "dense", "event": "finish", "duration_ms": 0.189, "candidates_out": 20}
{"ts": "2026-09-24T00:33:57.206922+00:00", "trace_id": null, "stage": "lexical", "event": "start"}
{"ts": "2026-09-24T00:33:57.207171+00:00", "trace_id": null, "stage": "lexical", "event": "finish", "duration_ms": 0.25, "candidates_out": 20}
{"ts": "2026-09-24T00:33:57.207200+00:00", "trace_id": null, "stage": "fuse", "event": "start", "candidates_in": 27}
{"ts": "2026-09-24T00:33:57.207274+00:00", "trace_id": null, "stage": "fuse", "event": "finish", "duration_ms": 0.073, "candidates_in": 27, "candidates_out": 19, "top_score": 0.032266458495966696}
{"ts": "2026-09-24T00:33:57.207594+00:00", "trace_id": null, "stage": "gate", "event": "start", "candidates_in": 5}
{"ts": "2026-09-24T00:33:57.210970+00:00", "trace_id": null, "stage": "gate", "event": "finish", "duration_ms": 3.375, "candidates_in": 5, "candidates_out": 5, "top_score": 0.032266458495966696}
{"ts": "2026-09-24T00:33:57.211003+00:00", "trace_id": null, "stage": "embed_query", "event": "start", "model": "Qwen/Qwen3-Embedding-0.6B"}
{"ts": "2026-09-24T00:33:57.233350+00:00", "trace_id": null, "stage": "embed_query", "event": "finish", "duration_ms": 22.344, "model": "Qwen/Qwen3-Embedding-0.6B"}
{"ts": "2026-09-24T00:33:57.233397+00:00", "trace_id": null, "stage": "dense", "event": "start"}
{"ts": "2026-09-24T00:33:57.233586+00:00", "trace_id": null, "stage": "dense", "event": "finish", "duration_ms": 0.189, "candidates_out": 20}
{"ts": "2026-09-24T00:33:57.233604+00:00", "trace_id": null, "stage": "lexical", "event": "start"}
{"ts": "2026-09-24T00:33:57.233851+00:00", "trace_id": null, "stage": "lexical", "event": "finish", "duration_ms": 0.247, "candidates_out": 20}
{"ts": "2026-09-24T00:33:57.233879+00:00", "trace_id": null, "stage": "fuse", "event": "start", "candidates_in": 25}
{"ts": "2026-09-24T00:33:57.233956+00:00", "trace_id": null, "stage": "fuse", "event": "finish", "duration_ms": 0.076, "candidates_in": 25, "candidates_out": 19, "top_score": 0.032018442622950824}
{"ts": "2026-09-24T00:33:57.234284+00:00", "trace_id": null, "stage": "gate", "event": "start", "candidates_in": 5}
{"ts": "2026-09-24T00:33:57.234337+00:00", "trace_id": null, "stage": "gate", "event": "finish", "duration_ms": 0.052, "candidates_in": 5, "candidates_out": 0, "reason": "no_confident_hit"}
{"ts": "2026-09-24T00:33:57.234363+00:00", "trace_id": null, "stage": "embed_query", "event": "start", "model": "Qwen/Qwen3-Embedding-0.6B"}
{"ts": "2026-09-24T00:33:57.255947+00:00", "trace_id": null, "stage": "embed_query", "event": "finish", "duration_ms": 21.582, "model": "Qwen/Qwen3-Embedding-0.6B"}
{"ts": "2026-09-24T00:33:57.255992+00:00", "trace_id": null, "stage": "dense", "event": "start"}
{"ts": "2026-09-24T00:33:57.256229+00:00", "trace_id": null, "stage": "dense", "event": "finish", "duration_ms": 0.237, "candidates_out": 20}
{"ts": "2026-09-24T00:33:57.256252+00:00", "trace_id": null, "stage": "lexical", "event": "start"}
{"ts": "2026-09-24T00:33:57.256531+00:00", "trace_id": null, "stage": "lexical", "event": "finish", "duration_ms": 0.278, "candidates_out": 20}
{"ts": "2026-09-24T00:33:57.256557+00:00", "trace_id": null, "stage": "fuse", "event": "start", "candidates_in": 24}
{"ts": "2026-09-24T00:33:57.256625+00:00", "trace_id": null, "stage": "fuse", "event": "finish", "duration_ms": 0.067, "candidates_in": 24, "candidates_out": 18, "top_score": 0.032018442622950824}
{"ts": "2026-09-24T00:33:57.256957+00:00", "trace_id": null, "stage": "gate", "event": "start", "candidates_in": 5}
{"ts": "2026-09-24T00:33:57.262603+00:00", "trace_id": null, "stage": "gate", "event": "finish", "duration_ms": 5.646, "candidates_in": 5, "candidates_out": 5, "top_score": 0.03200204813108039}
{"ts": "2026-09-24T00:33:57.262637+00:00", "trace_id": null, "stage": "embed_query", "event": "start", "model": "Qwen/Qwen3-Embedding-0.6B"}
{"ts": "2026-09-24T00:33:57.286170+00:00", "trace_id": null, "stage": "embed_query", "event": "finish", "duration_ms": 23.531, "model": "Qwen/Qwen3-Embedding-0.6B"}
{"ts": "2026-09-24T00:33:57.286216+00:00", "trace_id": null, "stage": "dense", "event": "start"}
{"ts": "2026-09-24T00:33:57.286408+00:00", "trace_id": null, "stage": "dense", "event": "finish", "duration_ms": 0.193, "candidates_out": 20}
{"ts": "2026-09-24T00:33:57.286426+00:00", "trace_id": null, "stage": "lexical", "event": "start"}
{"ts": "2026-09-24T00:33:57.286683+00:00", "trace_id": null, "stage": "lexical", "event": "finish", "duration_ms": 0.257, "candidates_out": 20}
{"ts": "2026-09-24T00:33:57.286715+00:00", "trace_id": null, "stage": "fuse", "event": "start", "candidates_in": 36}
{"ts": "2026-09-24T00:33:57.286786+00:00", "trace_id": null, "stage": "fuse", "event": "finish", "duration_ms": 0.071, "candidates_in": 36, "candidates_out": 27, "top_score": 0.03278688524590164}
{"ts": "2026-09-24T00:33:57.287202+00:00", "trace_id": null, "stage": "gate", "event": "start", "candidates_in": 5}
{"ts": "2026-09-24T00:33:57.290115+00:00", "trace_id": null, "stage": "gate", "event": "finish", "duration_ms": 2.913, "candidates_in": 5, "candidates_out": 5, "top_score": 0.03278688524590164}
{"ts": "2026-09-24T00:33:57.290139+00:00", "trace_id": null, "stage": "embed_query", "event": "start", "model": "Qwen/Qwen3-Embedding-0.6B"}
{"ts": "2026-09-24T00:33:57.313530+00:00", "trace_id": null, "stage": "embed_query", "event": "finish", "duration_ms": 23.388, "model": "Qwen/Qwen3-Embedding-0.6B"}
{"ts": "2026-09-24T00:33:57.313573+00:00", "trace_id": null, "stage": "dense", "event": "start"}
{"ts": "2026-09-24T00:33:57.313761+00:00", "trace_id": null, "stage": "dense", "event": "finish", "duration_ms": 0.188, "candidates_out": 20}
{"ts": "2026-09-24T00:33:57.313778+00:00", "trace_id": null, "stage": "lexical", "event": "start"}
{"ts": "2026-09-24T00:33:57.314045+00:00", "trace_id": null, "stage": "lexical", "event": "finish", "duration_ms": 0.266, "candidates_out": 20}
{"ts": "2026-09-24T00:33:57.314081+00:00", "trace_id": null, "stage": "fuse", "event": "start", "candidates_in": 29}
{"ts": "2026-09-24T00:33:57.314148+00:00", "trace_id": null, "stage": "fuse", "event": "finish", "duration_ms": 0.067, "candidates_in": 29, "candidates_out": 19, "top_score": 0.03278688524590164}
{"ts": "2026-09-24T00:33:57.314515+00:00", "trace_id": null, "stage": "gate", "event": "start", "candidates_in": 5}
{"ts": "2026-09-24T00:33:57.318535+00:00", "trace_id": null, "stage": "gate", "event": "finish", "duration_ms": 4.019, "candidates_in": 5, "candidates_out": 5, "top_score": 0.03278688524590164}
{"ts": "2026-09-24T00:33:57.318560+00:00", "trace_id": null, "stage": "embed_query", "event": "start", "model": "Qwen/Qwen3-Embedding-0.6B"}
{"ts": "2026-09-24T00:33:57.342391+00:00", "trace_id": null, "stage": "embed_query", "event": "finish", "duration_ms": 23.828, "model": "Qwen/Qwen3-Embedding-0.6B"}
{"ts": "2026-09-24T00:33:57.342433+00:00", "trace_id": null, "stage": "dense", "event": "start"}
{"ts": "2026-09-24T00:33:57.342620+00:00", "trace_id": null, "stage": "dense", "event": "finish", "duration_ms": 0.187, "candidates_out": 20}
{"ts": "2026-09-24T00:33:57.342642+00:00", "trace_id": null, "stage": "lexical", "event": "start"}
{"ts": "2026-09-24T00:33:57.342905+00:00", "trace_id": null, "stage": "lexical", "event": "finish", "duration_ms": 0.263, "candidates_out": 20}
{"ts": "2026-09-24T00:33:57.342941+00:00", "trace_id": null, "stage": "fuse", "event": "start", "candidates_in": 27}
{"ts": "2026-09-24T00:33:57.343023+00:00", "trace_id": null, "stage": "fuse", "event": "finish", "duration_ms": 0.082, "candidates_in": 27, "candidates_out": 20, "top_score": 0.03252247488101534}
{"ts": "2026-09-24T00:33:57.343394+00:00", "trace_id": null, "stage": "gate", "event": "start", "candidates_in": 5}
{"ts": "2026-09-24T00:33:57.345418+00:00", "trace_id": null, "stage": "gate", "event": "finish", "duration_ms": 2.023, "candidates_in": 5, "candidates_out": 5, "top_score": 0.03252247488101534}
{"ts": "2026-09-24T00:33:57.345442+00:00", "trace_id": null, "stage": "embed_query", "event": "start", "model": "Qwen/Qwen3-Embedding-0.6B"}
{"ts": "2026-09-24T00:33:57.368471+00:00", "trace_id": null, "stage": "embed_query", "event": "finish", "duration_ms": 23.025, "model": "Qwen/Qwen3-Embedding-0.6B"}
{"ts": "2026-09-24T00:33:57.368592+00:00", "trace_id": null, "stage": "dense", "event": "start"}
{"ts": "2026-09-24T00:33:57.368839+00:00", "trace_id": null, "stage": "dense", "event": "finish", "duration_ms": 0.247, "candidates_out": 20}
{"ts": "2026-09-24T00:33:57.368860+00:00", "trace_id": null, "stage": "lexical", "event": "start"}
{"ts": "2026-09-24T00:33:57.369103+00:00", "trace_id": null, "stage": "lexical", "event": "finish", "duration_ms": 0.243, "candidates_out": 20}
{"ts": "2026-09-24T00:33:57.369129+00:00", "trace_id": null, "stage": "fuse", "event": "start", "candidates_in": 31}
{"ts": "2026-09-24T00:33:57.369200+00:00", "trace_id": null, "stage": "fuse", "event": "finish", "duration_ms": 0.071, "candidates_in": 31, "candidates_out": 23, "top_score": 0.03278688524590164}
{"ts": "2026-09-24T00:33:57.369582+00:00", "trace_id": null, "stage": "gate", "event": "start", "candidates_in": 5}
{"ts": "2026-09-24T00:33:57.373900+00:00", "trace_id": null, "stage": "gate", "event": "finish", "duration_ms": 4.317, "candidates_in": 5, "candidates_out": 5, "top_score": 0.03225806451612903}
{"ts": "2026-09-24T00:33:57.373929+00:00", "trace_id": null, "stage": "embed_query", "event": "start", "model": "Qwen/Qwen3-Embedding-0.6B"}
{"ts": "2026-09-24T00:33:57.396257+00:00", "trace_id": null, "stage": "embed_query", "event": "finish", "duration_ms": 22.326, "model": "Qwen/Qwen3-Embedding-0.6B"}
{"ts": "2026-09-24T00:33:57.396299+00:00", "trace_id": null, "stage": "dense", "event": "start"}
{"ts": "2026-09-24T00:33:57.396485+00:00", "trace_id": null, "stage": "dense", "event": "finish", "duration_ms": 0.187, "candidates_out": 20}
{"ts": "2026-09-24T00:33:57.396503+00:00", "trace_id": null, "stage": "lexical", "event": "start"}
{"ts": "2026-09-24T00:33:57.396754+00:00", "trace_id": null, "stage": "lexical", "event": "finish", "duration_ms": 0.25, "candidates_out": 20}
{"ts": "2026-09-24T00:33:57.396792+00:00", "trace_id": null, "stage": "fuse", "event": "start", "candidates_in": 30}
{"ts": "2026-09-24T00:33:57.396875+00:00", "trace_id": null, "stage": "fuse", "event": "finish", "duration_ms": 0.083, "candidates_in": 30, "candidates_out": 20, "top_score": 0.03252247488101534}
{"ts": "2026-09-24T00:33:57.397192+00:00", "trace_id": null, "stage": "gate", "event": "start", "candidates_in": 5}
{"ts": "2026-09-24T00:33:57.399388+00:00", "trace_id": null, "stage": "gate", "event": "finish", "duration_ms": 2.195, "candidates_in": 5, "candidates_out": 5, "top_score": 0.03200204813108039}
{"ts": "2026-09-24T00:33:57.399413+00:00", "trace_id": null, "stage": "embed_query", "event": "start", "model": "Qwen/Qwen3-Embedding-0.6B"}
{"ts": "2026-09-24T00:33:57.422501+00:00", "trace_id": null, "stage": "embed_query", "event": "finish", "duration_ms": 23.086, "model": "Qwen/Qwen3-Embedding-0.6B"}
{"ts": "2026-09-24T00:33:57.422542+00:00", "trace_id": null, "stage": "dense", "event": "start"}
{"ts": "2026-09-24T00:33:57.422723+00:00", "trace_id": null, "stage": "dense", "event": "finish", "duration_ms": 0.181, "candidates_out": 20}
{"ts": "2026-09-24T00:33:57.422740+00:00", "trace_id": null, "stage": "lexical", "event": "start"}
{"ts": "2026-09-24T00:33:57.422975+00:00", "trace_id": null, "stage": "lexical", "event": "finish", "duration_ms": 0.235, "candidates_out": 20}
{"ts": "2026-09-24T00:33:57.423000+00:00", "trace_id": null, "stage": "fuse", "event": "start", "candidates_in": 32}
{"ts": "2026-09-24T00:33:57.423066+00:00", "trace_id": null, "stage": "fuse", "event": "finish", "duration_ms": 0.065, "candidates_in": 32, "candidates_out": 22, "top_score": 0.03252247488101534}
{"ts": "2026-09-24T00:33:57.423459+00:00", "trace_id": null, "stage": "gate", "event": "start", "candidates_in": 5}
{"ts": "2026-09-24T00:33:57.425639+00:00", "trace_id": null, "stage": "gate", "event": "finish", "duration_ms": 2.179, "candidates_in": 5, "candidates_out": 5, "top_score": 0.03252247488101534}
{"ts": "2026-09-24T00:33:57.425666+00:00", "trace_id": null, "stage": "embed_query", "event": "start", "model": "Qwen/Qwen3-Embedding-0.6B"}
{"ts": "2026-09-24T00:33:57.447754+00:00", "trace_id": null, "stage": "embed_query", "event": "finish", "duration_ms": 22.085, "model": "Qwen/Qwen3-Embedding-0.6B"}
{"ts": "2026-09-24T00:33:57.447796+00:00", "trace_id": null, "stage": "dense", "event": "start"}
{"ts": "2026-09-24T00:33:57.447995+00:00", "trace_id": null, "stage": "dense", "event": "finish", "duration_ms": 0.199, "candidates_out": 20}
{"ts": "2026-09-24T00:33:57.448016+00:00", "trace_id": null, "stage": "lexical", "event": "start"}
{"ts": "2026-09-24T00:33:57.448266+00:00", "trace_id": null, "stage": "lexical", "event": "finish", "duration_ms": 0.25, "candidates_out": 20}
{"ts": "2026-09-24T00:33:57.448302+00:00", "trace_id": null, "stage": "fuse", "event": "start", "candidates_in": 29}
{"ts": "2026-09-24T00:33:57.448371+00:00", "trace_id": null, "stage": "fuse", "event": "finish", "duration_ms": 0.069, "candidates_in": 29, "candidates_out": 19, "top_score": 0.032266458495966696}
{"ts": "2026-09-24T00:33:57.448688+00:00", "trace_id": null, "stage": "gate", "event": "start", "candidates_in": 5}
{"ts": "2026-09-24T00:33:57.449943+00:00", "trace_id": null, "stage": "gate", "event": "finish", "duration_ms": 1.255, "candidates_in": 5, "candidates_out": 5, "top_score": 0.031754032258064516}
{"ts": "2026-09-24T00:33:57.449973+00:00", "trace_id": null, "stage": "embed_query", "event": "start", "model": "Qwen/Qwen3-Embedding-0.6B"}
{"ts": "2026-09-24T00:33:57.471484+00:00", "trace_id": null, "stage": "embed_query", "event": "finish", "duration_ms": 21.51, "model": "Qwen/Qwen3-Embedding-0.6B"}
{"ts": "2026-09-24T00:33:57.471521+00:00", "trace_id": null, "stage": "dense", "event": "start"}
{"ts": "2026-09-24T00:33:57.471707+00:00", "trace_id": null, "stage": "dense", "event": "finish", "duration_ms": 0.185, "candidates_out": 20}
{"ts": "2026-09-24T00:33:57.471726+00:00", "trace_id": null, "stage": "lexical", "event": "start"}
{"ts": "2026-09-24T00:33:57.471976+00:00", "trace_id": null, "stage": "lexical", "event": "finish", "duration_ms": 0.249, "candidates_out": 20}
{"ts": "2026-09-24T00:33:57.472003+00:00", "trace_id": null, "stage": "fuse", "event": "start", "candidates_in": 32}
{"ts": "2026-09-24T00:33:57.472068+00:00", "trace_id": null, "stage": "fuse", "event": "finish", "duration_ms": 0.065, "candidates_in": 32, "candidates_out": 18, "top_score": 0.03278688524590164}
{"ts": "2026-09-24T00:33:57.472374+00:00", "trace_id": null, "stage": "gate", "event": "start", "candidates_in": 5}
{"ts": "2026-09-24T00:33:57.472437+00:00", "trace_id": null, "stage": "gate", "event": "finish", "duration_ms": 0.062, "candidates_in": 5, "candidates_out": 5, "top_score": 0.03278688524590164}
{"ts": "2026-09-24T00:33:57.472455+00:00", "trace_id": null, "stage": "embed_query", "event": "start", "model": "Qwen/Qwen3-Embedding-0.6B"}
{"ts": "2026-09-24T00:33:57.495944+00:00", "trace_id": null, "stage": "embed_query", "event": "finish", "duration_ms": 23.486, "model": "Qwen/Qwen3-Embedding-0.6B"}
{"ts": "2026-09-24T00:33:57.495987+00:00", "trace_id": null, "stage": "dense", "event": "start"}
{"ts": "2026-09-24T00:33:57.496180+00:00", "trace_id": null, "stage": "dense", "event": "finish", "duration_ms": 0.193, "candidates_out": 20}
{"ts": "2026-09-24T00:33:57.496196+00:00", "trace_id": null, "stage": "lexical", "event": "start"}
{"ts": "2026-09-24T00:33:57.496452+00:00", "trace_id": null, "stage": "lexical", "event": "finish", "duration_ms": 0.255, "candidates_out": 20}
{"ts": "2026-09-24T00:33:57.496487+00:00", "trace_id": null, "stage": "fuse", "event": "start", "candidates_in": 32}
{"ts": "2026-09-24T00:33:57.496562+00:00", "trace_id": null, "stage": "fuse", "event": "finish", "duration_ms": 0.076, "candidates_in": 32, "candidates_out": 20, "top_score": 0.03278688524590164}
{"ts": "2026-09-24T00:33:57.496903+00:00", "trace_id": null, "stage": "gate", "event": "start", "candidates_in": 5}
{"ts": "2026-09-24T00:33:57.496967+00:00", "trace_id": null, "stage": "gate", "event": "finish", "duration_ms": 0.063, "candidates_in": 5, "candidates_out": 5, "top_score": 0.03278688524590164}
{"ts": "2026-09-24T00:33:57.496989+00:00", "trace_id": null, "stage": "embed_query", "event": "start", "model": "Qwen/Qwen3-Embedding-0.6B"}
{"ts": "2026-09-24T00:33:57.518583+00:00", "trace_id": null, "stage": "embed_query", "event": "finish", "duration_ms": 21.593, "model": "Qwen/Qwen3-Embedding-0.6B"}
{"ts": "2026-09-24T00:33:57.518617+00:00", "trace_id": null, "stage": "dense", "event": "start"}
{"ts": "2026-09-24T00:33:57.518822+00:00", "trace_id": null, "stage": "dense", "event": "finish", "duration_ms": 0.206, "candidates_out": 20}
{"ts": "2026-09-24T00:33:57.518837+00:00", "trace_id": null, "stage": "lexical", "event": "start"}
{"ts": "2026-09-24T00:33:57.519068+00:00", "trace_id": null, "stage": "lexical", "event": "finish", "duration_ms": 0.23, "candidates_out": 20}
{"ts": "2026-09-24T00:33:57.519097+00:00", "trace_id": null, "stage": "fuse", "event": "start", "candidates_in": 32}
{"ts": "2026-09-24T00:33:57.519172+00:00", "trace_id": null, "stage": "fuse", "event": "finish", "duration_ms": 0.076, "candidates_in": 32, "candidates_out": 22, "top_score": 0.03278688524590164}
{"ts": "2026-09-24T00:33:57.519525+00:00", "trace_id": null, "stage": "gate", "event": "start", "candidates_in": 5}
{"ts": "2026-09-24T00:33:57.519591+00:00", "trace_id": null, "stage": "gate", "event": "finish", "duration_ms": 0.066, "candidates_in": 5, "candidates_out": 5, "top_score": 0.03278688524590164}
{"ts": "2026-09-24T00:33:57.519616+00:00", "trace_id": null, "stage": "embed_query", "event": "start", "model": "Qwen/Qwen3-Embedding-0.6B"}
{"ts": "2026-09-24T00:33:57.542223+00:00", "trace_id": null, "stage": "embed_query", "event": "finish", "duration_ms": 22.604, "model": "Qwen/Qwen3-Embedding-0.6B"}
{"ts": "2026-09-24T00:33:57.542266+00:00", "trace_id": null, "stage": "dense", "event": "start"}
{"ts": "2026-09-24T00:33:57.542464+00:00", "trace_id": null, "stage": "dense", "event": "finish", "duration_ms": 0.198, "candidates_out": 20}
{"ts": "2026-09-24T00:33:57.542486+00:00", "trace_id": null, "stage": "lexical", "event": "start"}
{"ts": "2026-09-24T00:33:57.542727+00:00", "trace_id": null, "stage": "lexical", "event": "finish", "duration_ms": 0.241, "candidates_out": 20}
{"ts": "2026-09-24T00:33:57.542754+00:00", "trace_id": null, "stage": "fuse", "event": "start", "candidates_in": 23}
{"ts": "2026-09-24T00:33:57.542816+00:00", "trace_id": null, "stage": "fuse", "event": "finish", "duration_ms": 0.061, "candidates_in": 23, "candidates_out": 18, "top_score": 0.032266458495966696}
{"ts": "2026-09-24T00:33:57.543157+00:00", "trace_id": null, "stage": "gate", "event": "start", "candidates_in": 5}
{"ts": "2026-09-24T00:33:57.551473+00:00", "trace_id": null, "stage": "gate", "event": "finish", "duration_ms": 8.314, "candidates_in": 5, "candidates_out": 5, "top_score": 0.031754032258064516}
{"ts": "2026-09-24T00:33:57.551515+00:00", "trace_id": null, "stage": "embed_query", "event": "start", "model": "Qwen/Qwen3-Embedding-0.6B"}
{"ts": "2026-09-24T00:33:57.573171+00:00", "trace_id": null, "stage": "embed_query", "event": "finish", "duration_ms": 21.655, "model": "Qwen/Qwen3-Embedding-0.6B"}
{"ts": "2026-09-24T00:33:57.573214+00:00", "trace_id": null, "stage": "dense", "event": "start"}
{"ts": "2026-09-24T00:33:57.573442+00:00", "trace_id": null, "stage": "dense", "event": "finish", "duration_ms": 0.228, "candidates_out": 20}
{"ts": "2026-09-24T00:33:57.573461+00:00", "trace_id": null, "stage": "lexical", "event": "start"}
{"ts": "2026-09-24T00:33:57.573706+00:00", "trace_id": null, "stage": "lexical", "event": "finish", "duration_ms": 0.244, "candidates_out": 20}
{"ts": "2026-09-24T00:33:57.573734+00:00", "trace_id": null, "stage": "fuse", "event": "start", "candidates_in": 32}
{"ts": "2026-09-24T00:33:57.573807+00:00", "trace_id": null, "stage": "fuse", "event": "finish", "duration_ms": 0.073, "candidates_in": 32, "candidates_out": 25, "top_score": 0.03252247488101534}
{"ts": "2026-09-24T00:33:57.574162+00:00", "trace_id": null, "stage": "gate", "event": "start", "candidates_in": 5}
{"ts": "2026-09-24T00:33:57.575387+00:00", "trace_id": null, "stage": "gate", "event": "finish", "duration_ms": 1.225, "candidates_in": 5, "candidates_out": 5, "top_score": 0.03252247488101534}
{"ts": "2026-09-24T00:33:57.575411+00:00", "trace_id": null, "stage": "embed_query", "event": "start", "model": "Qwen/Qwen3-Embedding-0.6B"}
{"ts": "2026-09-24T00:33:57.598234+00:00", "trace_id": null, "stage": "embed_query", "event": "finish", "duration_ms": 22.815, "model": "Qwen/Qwen3-Embedding-0.6B"}
{"ts": "2026-09-24T00:33:57.598280+00:00", "trace_id": null, "stage": "dense", "event": "start"}
{"ts": "2026-09-24T00:33:57.598489+00:00", "trace_id": null, "stage": "dense", "event": "finish", "duration_ms": 0.209, "candidates_out": 20}
{"ts": "2026-09-24T00:33:57.598515+00:00", "trace_id": null, "stage": "lexical", "event": "start"}
{"ts": "2026-09-24T00:33:57.598929+00:00", "trace_id": null, "stage": "lexical", "event": "finish", "duration_ms": 0.413, "candidates_out": 20}
{"ts": "2026-09-24T00:33:57.598959+00:00", "trace_id": null, "stage": "fuse", "event": "start", "candidates_in": 30}
{"ts": "2026-09-24T00:33:57.599024+00:00", "trace_id": null, "stage": "fuse", "event": "finish", "duration_ms": 0.065, "candidates_in": 30, "candidates_out": 20, "top_score": 0.03252247488101534}
{"ts": "2026-09-24T00:33:57.599376+00:00", "trace_id": null, "stage": "gate", "event": "start", "candidates_in": 5}
{"ts": "2026-09-24T00:33:57.599448+00:00", "trace_id": null, "stage": "gate", "event": "finish", "duration_ms": 0.072, "candidates_in": 5, "candidates_out": 5, "top_score": 0.03252247488101534}
{"ts": "2026-09-24T00:33:57.599474+00:00", "trace_id": null, "stage": "embed_query", "event": "start", "model": "Qwen/Qwen3-Embedding-0.6B"}
{"ts": "2026-09-24T00:33:57.622707+00:00", "trace_id": null, "stage": "embed_query", "event": "finish", "duration_ms": 23.231, "model": "Qwen/Qwen3-Embedding-0.6B"}
{"ts": "2026-09-24T00:33:57.622749+00:00", "trace_id": null, "stage": "dense", "event": "start"}
{"ts": "2026-09-24T00:33:57.622940+00:00", "trace_id": null, "stage": "dense", "event": "finish", "duration_ms": 0.191, "candidates_out": 20}
{"ts": "2026-09-24T00:33:57.622957+00:00", "trace_id": null, "stage": "lexical", "event": "start"}
{"ts": "2026-09-24T00:33:57.623274+00:00", "trace_id": null, "stage": "lexical", "event": "finish", "duration_ms": 0.316, "candidates_out": 20}
{"ts": "2026-09-24T00:33:57.623304+00:00", "trace_id": null, "stage": "fuse", "event": "start", "candidates_in": 30}
{"ts": "2026-09-24T00:33:57.623367+00:00", "trace_id": null, "stage": "fuse", "event": "finish", "duration_ms": 0.063, "candidates_in": 30, "candidates_out": 21, "top_score": 0.03131881575727918}
{"ts": "2026-09-24T00:33:57.623751+00:00", "trace_id": null, "stage": "gate", "event": "start", "candidates_in": 5}
{"ts": "2026-09-24T00:33:57.623818+00:00", "trace_id": null, "stage": "gate", "event": "finish", "duration_ms": 0.067, "candidates_in": 5, "candidates_out": 5, "top_score": 0.03131881575727918}
{"ts": "2026-09-24T00:33:57.623841+00:00", "trace_id": null, "stage": "embed_query", "event": "start", "model": "Qwen/Qwen3-Embedding-0.6B"}
{"ts": "2026-09-24T00:33:57.647741+00:00", "trace_id": null, "stage": "embed_query", "event": "finish", "duration_ms": 23.898, "model": "Qwen/Qwen3-Embedding-0.6B"}
{"ts": "2026-09-24T00:33:57.647783+00:00", "trace_id": null, "stage": "dense", "event": "start"}
{"ts": "2026-09-24T00:33:57.647967+00:00", "trace_id": null, "stage": "dense", "event": "finish", "duration_ms": 0.184, "candidates_out": 20}
{"ts": "2026-09-24T00:33:57.647985+00:00", "trace_id": null, "stage": "lexical", "event": "start"}
{"ts": "2026-09-24T00:33:57.648249+00:00", "trace_id": null, "stage": "lexical", "event": "finish", "duration_ms": 0.263, "candidates_out": 19}
{"ts": "2026-09-24T00:33:57.648278+00:00", "trace_id": null, "stage": "fuse", "event": "start", "candidates_in": 33}
{"ts": "2026-09-24T00:33:57.648347+00:00", "trace_id": null, "stage": "fuse", "event": "finish", "duration_ms": 0.07, "candidates_in": 33, "candidates_out": 29, "top_score": 0.03278688524590164}
{"ts": "2026-09-24T00:33:57.648825+00:00", "trace_id": null, "stage": "gate", "event": "start", "candidates_in": 5}
{"ts": "2026-09-24T00:33:57.648890+00:00", "trace_id": null, "stage": "gate", "event": "finish", "duration_ms": 0.065, "candidates_in": 5, "candidates_out": 5, "top_score": 0.03278688524590164}
{"ts": "2026-09-24T00:33:57.648913+00:00", "trace_id": null, "stage": "embed_query", "event": "start", "model": "Qwen/Qwen3-Embedding-0.6B"}
{"ts": "2026-09-24T00:33:57.676697+00:00", "trace_id": null, "stage": "embed_query", "event": "finish", "duration_ms": 27.781, "model": "Qwen/Qwen3-Embedding-0.6B"}
{"ts": "2026-09-24T00:33:57.676757+00:00", "trace_id": null, "stage": "dense", "event": "start"}
{"ts": "2026-09-24T00:33:57.676998+00:00", "trace_id": null, "stage": "dense", "event": "finish", "duration_ms": 0.24, "candidates_out": 20}
{"ts": "2026-09-24T00:33:57.677026+00:00", "trace_id": null, "stage": "lexical", "event": "start"}
{"ts": "2026-09-24T00:33:57.677331+00:00", "trace_id": null, "stage": "lexical", "event": "finish", "duration_ms": 0.304, "candidates_out": 20}
{"ts": "2026-09-24T00:33:57.677363+00:00", "trace_id": null, "stage": "fuse", "event": "start", "candidates_in": 34}
{"ts": "2026-09-24T00:33:57.677446+00:00", "trace_id": null, "stage": "fuse", "event": "finish", "duration_ms": 0.083, "candidates_in": 34, "candidates_out": 25, "top_score": 0.032266458495966696}
{"ts": "2026-09-24T00:33:57.677829+00:00", "trace_id": null, "stage": "gate", "event": "start", "candidates_in": 5}
{"ts": "2026-09-24T00:33:57.679068+00:00", "trace_id": null, "stage": "gate", "event": "finish", "duration_ms": 1.239, "candidates_in": 5, "candidates_out": 5, "top_score": 0.032266458495966696}
{"ts": "2026-09-24T00:33:57.679093+00:00", "trace_id": null, "stage": "embed_query", "event": "start", "model": "Qwen/Qwen3-Embedding-0.6B"}
{"ts": "2026-09-24T00:33:57.702169+00:00", "trace_id": null, "stage": "embed_query", "event": "finish", "duration_ms": 23.073, "model": "Qwen/Qwen3-Embedding-0.6B"}
{"ts": "2026-09-24T00:33:57.702206+00:00", "trace_id": null, "stage": "dense", "event": "start"}
{"ts": "2026-09-24T00:33:57.702396+00:00", "trace_id": null, "stage": "dense", "event": "finish", "duration_ms": 0.189, "candidates_out": 20}
{"ts": "2026-09-24T00:33:57.702422+00:00", "trace_id": null, "stage": "lexical", "event": "start"}
{"ts": "2026-09-24T00:33:57.702721+00:00", "trace_id": null, "stage": "lexical", "event": "finish", "duration_ms": 0.299, "candidates_out": 20}
{"ts": "2026-09-24T00:33:57.702747+00:00", "trace_id": null, "stage": "fuse", "event": "start", "candidates_in": 33}
{"ts": "2026-09-24T00:33:57.702818+00:00", "trace_id": null, "stage": "fuse", "event": "finish", "duration_ms": 0.07, "candidates_in": 33, "candidates_out": 23, "top_score": 0.03252247488101534}
{"ts": "2026-09-24T00:33:57.703178+00:00", "trace_id": null, "stage": "gate", "event": "start", "candidates_in": 5}
{"ts": "2026-09-24T00:33:57.703247+00:00", "trace_id": null, "stage": "gate", "event": "finish", "duration_ms": 0.069, "candidates_in": 5, "candidates_out": 5, "top_score": 0.03252247488101534}
{"ts": "2026-09-24T00:33:57.703269+00:00", "trace_id": null, "stage": "embed_query", "event": "start", "model": "Qwen/Qwen3-Embedding-0.6B"}
{"ts": "2026-09-24T00:33:57.728926+00:00", "trace_id": null, "stage": "embed_query", "event": "finish", "duration_ms": 25.653, "model": "Qwen/Qwen3-Embedding-0.6B"}
{"ts": "2026-09-24T00:33:57.728969+00:00", "trace_id": null, "stage": "dense", "event": "start"}
{"ts": "2026-09-24T00:33:57.729153+00:00", "trace_id": null, "stage": "dense", "event": "finish", "duration_ms": 0.184, "candidates_out": 20}
{"ts": "2026-09-24T00:33:57.729170+00:00", "trace_id": null, "stage": "lexical", "event": "start"}
{"ts": "2026-09-24T00:33:57.729447+00:00", "trace_id": null, "stage": "lexical", "event": "finish", "duration_ms": 0.276, "candidates_out": 20}
{"ts": "2026-09-24T00:33:57.729477+00:00", "trace_id": null, "stage": "fuse", "event": "start", "candidates_in": 31}
{"ts": "2026-09-24T00:33:57.729552+00:00", "trace_id": null, "stage": "fuse", "event": "finish", "duration_ms": 0.073, "candidates_in": 31, "candidates_out": 18, "top_score": 0.03278688524590164}
{"ts": "2026-09-24T00:33:57.729861+00:00", "trace_id": null, "stage": "gate", "event": "start", "candidates_in": 5}
{"ts": "2026-09-24T00:33:57.729925+00:00", "trace_id": null, "stage": "gate", "event": "finish", "duration_ms": 0.064, "candidates_in": 5, "candidates_out": 5, "top_score": 0.03278688524590164}
{"ts": "2026-09-24T00:33:57.729946+00:00", "trace_id": null, "stage": "embed_query", "event": "start", "model": "Qwen/Qwen3-Embedding-0.6B"}
{"ts": "2026-09-24T00:33:57.753827+00:00", "trace_id": null, "stage": "embed_query", "event": "finish", "duration_ms": 23.879, "model": "Qwen/Qwen3-Embedding-0.6B"}
{"ts": "2026-09-24T00:33:57.753863+00:00", "trace_id": null, "stage": "dense", "event": "start"}
{"ts": "2026-09-24T00:33:57.754037+00:00", "trace_id": null, "stage": "dense", "event": "finish", "duration_ms": 0.174, "candidates_out": 20}
{"ts": "2026-09-24T00:33:57.754053+00:00", "trace_id": null, "stage": "lexical", "event": "start"}
{"ts": "2026-09-24T00:33:57.754369+00:00", "trace_id": null, "stage": "lexical", "event": "finish", "duration_ms": 0.315, "candidates_out": 20}
{"ts": "2026-09-24T00:33:57.754402+00:00", "trace_id": null, "stage": "fuse", "event": "start", "candidates_in": 34}
{"ts": "2026-09-24T00:33:57.754487+00:00", "trace_id": null, "stage": "fuse", "event": "finish", "duration_ms": 0.084, "candidates_in": 34, "candidates_out": 23, "top_score": 0.032266458495966696}
{"ts": "2026-09-24T00:33:57.754890+00:00", "trace_id": null, "stage": "gate", "event": "start", "candidates_in": 5}
{"ts": "2026-09-24T00:33:57.759536+00:00", "trace_id": null, "stage": "gate", "event": "finish", "duration_ms": 4.639, "candidates_in": 5, "candidates_out": 5, "top_score": 0.032266458495966696}
{"ts": "2026-09-24T00:33:57.759662+00:00", "trace_id": null, "stage": "embed_query", "event": "start", "model": "Qwen/Qwen3-Embedding-0.6B"}
{"ts": "2026-09-24T00:33:57.791413+00:00", "trace_id": null, "stage": "embed_query", "event": "finish", "duration_ms": 31.748, "model": "Qwen/Qwen3-Embedding-0.6B"}
{"ts": "2026-09-24T00:33:57.791457+00:00", "trace_id": null, "stage": "dense", "event": "start"}
{"ts": "2026-09-24T00:33:57.791652+00:00", "trace_id": null, "stage": "dense", "event": "finish", "duration_ms": 0.195, "candidates_out": 20}
{"ts": "2026-09-24T00:33:57.791670+00:00", "trace_id": null, "stage": "lexical", "event": "start"}
{"ts": "2026-09-24T00:33:57.791968+00:00", "trace_id": null, "stage": "lexical", "event": "finish", "duration_ms": 0.298, "candidates_out": 20}
{"ts": "2026-09-24T00:33:57.791994+00:00", "trace_id": null, "stage": "fuse", "event": "start", "candidates_in": 32}
{"ts": "2026-09-24T00:33:57.792058+00:00", "trace_id": null, "stage": "fuse", "event": "finish", "duration_ms": 0.062, "candidates_in": 32, "candidates_out": 22, "top_score": 0.03278688524590164}
{"ts": "2026-09-24T00:33:57.792474+00:00", "trace_id": null, "stage": "gate", "event": "start", "candidates_in": 5}
{"ts": "2026-09-24T00:33:57.793953+00:00", "trace_id": null, "stage": "gate", "event": "finish", "duration_ms": 1.479, "candidates_in": 5, "candidates_out": 5, "top_score": 0.03278688524590164}
{"ts": "2026-09-24T00:33:57.793983+00:00", "trace_id": null, "stage": "embed_query", "event": "start", "model": "Qwen/Qwen3-Embedding-0.6B"}
{"ts": "2026-09-24T00:33:57.818923+00:00", "trace_id": null, "stage": "embed_query", "event": "finish", "duration_ms": 24.937, "model": "Qwen/Qwen3-Embedding-0.6B"}
{"ts": "2026-09-24T00:33:57.818968+00:00", "trace_id": null, "stage": "dense", "event": "start"}
{"ts": "2026-09-24T00:33:57.819178+00:00", "trace_id": null, "stage": "dense", "event": "finish", "duration_ms": 0.209, "candidates_out": 20}
{"ts": "2026-09-24T00:33:57.819211+00:00", "trace_id": null, "stage": "lexical", "event": "start"}
{"ts": "2026-09-24T00:33:57.819509+00:00", "trace_id": null, "stage": "lexical", "event": "finish", "duration_ms": 0.298, "candidates_out": 20}
{"ts": "2026-09-24T00:33:57.819541+00:00", "trace_id": null, "stage": "fuse", "event": "start", "candidates_in": 33}
{"ts": "2026-09-24T00:33:57.819661+00:00", "trace_id": null, "stage": "fuse", "event": "finish", "duration_ms": 0.12, "candidates_in": 33, "candidates_out": 24, "top_score": 0.03278688524590164}
{"ts": "2026-09-24T00:33:57.820052+00:00", "trace_id": null, "stage": "gate", "event": "start", "candidates_in": 5}
{"ts": "2026-09-24T00:33:57.821539+00:00", "trace_id": null, "stage": "gate", "event": "finish", "duration_ms": 1.486, "candidates_in": 5, "candidates_out": 5, "top_score": 0.03278688524590164}
{"ts": "2026-09-24T00:33:57.821575+00:00", "trace_id": null, "stage": "embed_query", "event": "start", "model": "Qwen/Qwen3-Embedding-0.6B"}
{"ts": "2026-09-24T00:33:57.846229+00:00", "trace_id": null, "stage": "embed_query", "event": "finish", "duration_ms": 24.653, "model": "Qwen/Qwen3-Embedding-0.6B"}
{"ts": "2026-09-24T00:33:57.846268+00:00", "trace_id": null, "stage": "dense", "event": "start"}
{"ts": "2026-09-24T00:33:57.846462+00:00", "trace_id": null, "stage": "dense", "event": "finish", "duration_ms": 0.194, "candidates_out": 20}
{"ts": "2026-09-24T00:33:57.846480+00:00", "trace_id": null, "stage": "lexical", "event": "start"}
{"ts": "2026-09-24T00:33:57.846746+00:00", "trace_id": null, "stage": "lexical", "event": "finish", "duration_ms": 0.266, "candidates_out": 20}
{"ts": "2026-09-24T00:33:57.846775+00:00", "trace_id": null, "stage": "fuse", "event": "start", "candidates_in": 31}
{"ts": "2026-09-24T00:33:57.846833+00:00", "trace_id": null, "stage": "fuse", "event": "finish", "duration_ms": 0.058, "candidates_in": 31, "candidates_out": 21, "top_score": 0.032266458495966696}
{"ts": "2026-09-24T00:33:57.847176+00:00", "trace_id": null, "stage": "gate", "event": "start", "candidates_in": 5}
{"ts": "2026-09-24T00:33:57.848539+00:00", "trace_id": null, "stage": "gate", "event": "finish", "duration_ms": 1.363, "candidates_in": 5, "candidates_out": 5, "top_score": 0.032266458495966696}
{"ts": "2026-09-24T00:33:57.848571+00:00", "trace_id": null, "stage": "embed_query", "event": "start", "model": "Qwen/Qwen3-Embedding-0.6B"}
{"ts": "2026-09-24T00:33:57.870671+00:00", "trace_id": null, "stage": "embed_query", "event": "finish", "duration_ms": 22.096, "model": "Qwen/Qwen3-Embedding-0.6B"}
{"ts": "2026-09-24T00:33:57.870716+00:00", "trace_id": null, "stage": "dense", "event": "start"}
{"ts": "2026-09-24T00:33:57.870909+00:00", "trace_id": null, "stage": "dense", "event": "finish", "duration_ms": 0.192, "candidates_out": 20}
{"ts": "2026-09-24T00:33:57.870932+00:00", "trace_id": null, "stage": "lexical", "event": "start"}
{"ts": "2026-09-24T00:33:57.871189+00:00", "trace_id": null, "stage": "lexical", "event": "finish", "duration_ms": 0.257, "candidates_out": 20}
{"ts": "2026-09-24T00:33:57.871219+00:00", "trace_id": null, "stage": "fuse", "event": "start", "candidates_in": 33}
{"ts": "2026-09-24T00:33:57.871278+00:00", "trace_id": null, "stage": "fuse", "event": "finish", "duration_ms": 0.059, "candidates_in": 33, "candidates_out": 27, "top_score": 0.03252247488101534}
{"ts": "2026-09-24T00:33:57.871697+00:00", "trace_id": null, "stage": "gate", "event": "start", "candidates_in": 5}
{"ts": "2026-09-24T00:33:57.872456+00:00", "trace_id": null, "stage": "gate", "event": "finish", "duration_ms": 0.759, "candidates_in": 5, "candidates_out": 5, "top_score": 0.03252247488101534}
{"ts": "2026-09-24T00:33:57.872486+00:00", "trace_id": null, "stage": "embed_query", "event": "start", "model": "Qwen/Qwen3-Embedding-0.6B"}
{"ts": "2026-09-24T00:33:57.897480+00:00", "trace_id": null, "stage": "embed_query", "event": "finish", "duration_ms": 24.992, "model": "Qwen/Qwen3-Embedding-0.6B"}
{"ts": "2026-09-24T00:33:57.897523+00:00", "trace_id": null, "stage": "dense", "event": "start"}
{"ts": "2026-09-24T00:33:57.897718+00:00", "trace_id": null, "stage": "dense", "event": "finish", "duration_ms": 0.194, "candidates_out": 20}
{"ts": "2026-09-24T00:33:57.897736+00:00", "trace_id": null, "stage": "lexical", "event": "start"}
{"ts": "2026-09-24T00:33:57.897973+00:00", "trace_id": null, "stage": "lexical", "event": "finish", "duration_ms": 0.237, "candidates_out": 20}
{"ts": "2026-09-24T00:33:57.897999+00:00", "trace_id": null, "stage": "fuse", "event": "start", "candidates_in": 33}
{"ts": "2026-09-24T00:33:57.898057+00:00", "trace_id": null, "stage": "fuse", "event": "finish", "duration_ms": 0.058, "candidates_in": 33, "candidates_out": 22, "top_score": 0.03252247488101534}
{"ts": "2026-09-24T00:33:57.898447+00:00", "trace_id": null, "stage": "gate", "event": "start", "candidates_in": 5}
{"ts": "2026-09-24T00:33:57.899707+00:00", "trace_id": null, "stage": "gate", "event": "finish", "duration_ms": 1.26, "candidates_in": 5, "candidates_out": 5, "top_score": 0.03252247488101534}
{"ts": "2026-09-24T00:33:57.899734+00:00", "trace_id": null, "stage": "embed_query", "event": "start", "model": "Qwen/Qwen3-Embedding-0.6B"}
{"ts": "2026-09-24T00:33:57.922846+00:00", "trace_id": null, "stage": "embed_query", "event": "finish", "duration_ms": 23.109, "model": "Qwen/Qwen3-Embedding-0.6B"}
{"ts": "2026-09-24T00:33:57.922884+00:00", "trace_id": null, "stage": "dense", "event": "start"}
{"ts": "2026-09-24T00:33:57.923057+00:00", "trace_id": null, "stage": "dense", "event": "finish", "duration_ms": 0.173, "candidates_out": 20}
{"ts": "2026-09-24T00:33:57.923075+00:00", "trace_id": null, "stage": "lexical", "event": "start"}
{"ts": "2026-09-24T00:33:57.923409+00:00", "trace_id": null, "stage": "lexical", "event": "finish", "duration_ms": 0.333, "candidates_out": 20}
{"ts": "2026-09-24T00:33:57.923440+00:00", "trace_id": null, "stage": "fuse", "event": "start", "candidates_in": 34}
{"ts": "2026-09-24T00:33:57.923514+00:00", "trace_id": null, "stage": "fuse", "event": "finish", "duration_ms": 0.073, "candidates_in": 34, "candidates_out": 24, "top_score": 0.03252247488101534}
{"ts": "2026-09-24T00:33:57.923891+00:00", "trace_id": null, "stage": "gate", "event": "start", "candidates_in": 5}
{"ts": "2026-09-24T00:33:57.927143+00:00", "trace_id": null, "stage": "gate", "event": "finish", "duration_ms": 3.252, "candidates_in": 5, "candidates_out": 5, "top_score": 0.03252247488101534}
{"ts": "2026-09-24T00:33:57.927172+00:00", "trace_id": null, "stage": "embed_query", "event": "start", "model": "Qwen/Qwen3-Embedding-0.6B"}
{"ts": "2026-09-24T00:33:57.953178+00:00", "trace_id": null, "stage": "embed_query", "event": "finish", "duration_ms": 26.003, "model": "Qwen/Qwen3-Embedding-0.6B"}
{"ts": "2026-09-24T00:33:57.953228+00:00", "trace_id": null, "stage": "dense", "event": "start"}
{"ts": "2026-09-24T00:33:57.953452+00:00", "trace_id": null, "stage": "dense", "event": "finish", "duration_ms": 0.223, "candidates_out": 20}
{"ts": "2026-09-24T00:33:57.953478+00:00", "trace_id": null, "stage": "lexical", "event": "start"}
{"ts": "2026-09-24T00:33:57.953752+00:00", "trace_id": null, "stage": "lexical", "event": "finish", "duration_ms": 0.274, "candidates_out": 20}
{"ts": "2026-09-24T00:33:57.953777+00:00", "trace_id": null, "stage": "fuse", "event": "start", "candidates_in": 33}
{"ts": "2026-09-24T00:33:57.953843+00:00", "trace_id": null, "stage": "fuse", "event": "finish", "duration_ms": 0.066, "candidates_in": 33, "candidates_out": 21, "top_score": 0.032018442622950824}
{"ts": "2026-09-24T00:33:57.954215+00:00", "trace_id": null, "stage": "gate", "event": "start", "candidates_in": 5}
{"ts": "2026-09-24T00:33:57.955913+00:00", "trace_id": null, "stage": "gate", "event": "finish", "duration_ms": 1.699, "candidates_in": 5, "candidates_out": 5, "top_score": 0.032018442622950824}
{"ts": "2026-09-24T00:33:57.955938+00:00", "trace_id": null, "stage": "embed_query", "event": "start", "model": "Qwen/Qwen3-Embedding-0.6B"}
{"ts": "2026-09-24T00:33:57.979466+00:00", "trace_id": null, "stage": "embed_query", "event": "finish", "duration_ms": 23.524, "model": "Qwen/Qwen3-Embedding-0.6B"}
{"ts": "2026-09-24T00:33:57.979519+00:00", "trace_id": null, "stage": "dense", "event": "start"}
{"ts": "2026-09-24T00:33:57.979727+00:00", "trace_id": null, "stage": "dense", "event": "finish", "duration_ms": 0.208, "candidates_out": 20}
{"ts": "2026-09-24T00:33:57.979750+00:00", "trace_id": null, "stage": "lexical", "event": "start"}
{"ts": "2026-09-24T00:33:57.980046+00:00", "trace_id": null, "stage": "lexical", "event": "finish", "duration_ms": 0.295, "candidates_out": 20}
{"ts": "2026-09-24T00:33:57.980081+00:00", "trace_id": null, "stage": "fuse", "event": "start", "candidates_in": 33}
{"ts": "2026-09-24T00:33:57.980173+00:00", "trace_id": null, "stage": "fuse", "event": "finish", "duration_ms": 0.092, "candidates_in": 33, "candidates_out": 25, "top_score": 0.030834914611005692}
{"ts": "2026-09-24T00:33:57.980537+00:00", "trace_id": null, "stage": "gate", "event": "start", "candidates_in": 5}
{"ts": "2026-09-24T00:33:57.980589+00:00", "trace_id": null, "stage": "gate", "event": "finish", "duration_ms": 0.052, "candidates_in": 5, "candidates_out": 0, "reason": "no_confident_hit"}
{"ts": "2026-09-24T00:33:57.980612+00:00", "trace_id": null, "stage": "embed_query", "event": "start", "model": "Qwen/Qwen3-Embedding-0.6B"}
{"ts": "2026-09-24T00:33:58.003809+00:00", "trace_id": null, "stage": "embed_query", "event": "finish", "duration_ms": 23.193, "model": "Qwen/Qwen3-Embedding-0.6B"}
{"ts": "2026-09-24T00:33:58.003853+00:00", "trace_id": null, "stage": "dense", "event": "start"}
{"ts": "2026-09-24T00:33:58.004050+00:00", "trace_id": null, "stage": "dense", "event": "finish", "duration_ms": 0.197, "candidates_out": 20}
{"ts": "2026-09-24T00:33:58.004068+00:00", "trace_id": null, "stage": "lexical", "event": "start"}
{"ts": "2026-09-24T00:33:58.004309+00:00", "trace_id": null, "stage": "lexical", "event": "finish", "duration_ms": 0.241, "candidates_out": 20}
{"ts": "2026-09-24T00:33:58.004341+00:00", "trace_id": null, "stage": "fuse", "event": "start", "candidates_in": 35}
{"ts": "2026-09-24T00:33:58.004406+00:00", "trace_id": null, "stage": "fuse", "event": "finish", "duration_ms": 0.065, "candidates_in": 35, "candidates_out": 27, "top_score": 0.03177805800756621}
{"ts": "2026-09-24T00:33:58.004826+00:00", "trace_id": null, "stage": "gate", "event": "start", "candidates_in": 5}
{"ts": "2026-09-24T00:33:58.009919+00:00", "trace_id": null, "stage": "gate", "event": "finish", "duration_ms": 5.092, "candidates_in": 5, "candidates_out": 5, "top_score": 0.03177805800756621}
{"ts": "2026-09-24T00:33:58.009950+00:00", "trace_id": null, "stage": "embed_query", "event": "start", "model": "Qwen/Qwen3-Embedding-0.6B"}
{"ts": "2026-09-24T00:33:58.031936+00:00", "trace_id": null, "stage": "embed_query", "event": "finish", "duration_ms": 21.984, "model": "Qwen/Qwen3-Embedding-0.6B"}
{"ts": "2026-09-24T00:33:58.031978+00:00", "trace_id": null, "stage": "dense", "event": "start"}
{"ts": "2026-09-24T00:33:58.032171+00:00", "trace_id": null, "stage": "dense", "event": "finish", "duration_ms": 0.193, "candidates_out": 20}
{"ts": "2026-09-24T00:33:58.032192+00:00", "trace_id": null, "stage": "lexical", "event": "start"}
{"ts": "2026-09-24T00:33:58.032444+00:00", "trace_id": null, "stage": "lexical", "event": "finish", "duration_ms": 0.252, "candidates_out": 20}
{"ts": "2026-09-24T00:33:58.032473+00:00", "trace_id": null, "stage": "fuse", "event": "start", "candidates_in": 31}
{"ts": "2026-09-24T00:33:58.032553+00:00", "trace_id": null, "stage": "fuse", "event": "finish", "duration_ms": 0.08, "candidates_in": 31, "candidates_out": 22, "top_score": 0.03278688524590164}
{"ts": "2026-09-24T00:33:58.032897+00:00", "trace_id": null, "stage": "gate", "event": "start", "candidates_in": 5}
{"ts": "2026-09-24T00:33:58.036081+00:00", "trace_id": null, "stage": "gate", "event": "finish", "duration_ms": 3.183, "candidates_in": 5, "candidates_out": 5, "top_score": 0.03278688524590164}
{"ts": "2026-09-24T00:33:58.036115+00:00", "trace_id": null, "stage": "embed_query", "event": "start", "model": "Qwen/Qwen3-Embedding-0.6B"}
{"ts": "2026-09-24T00:33:58.059678+00:00", "trace_id": null, "stage": "embed_query", "event": "finish", "duration_ms": 23.56, "model": "Qwen/Qwen3-Embedding-0.6B"}
{"ts": "2026-09-24T00:33:58.059721+00:00", "trace_id": null, "stage": "dense", "event": "start"}
{"ts": "2026-09-24T00:33:58.059912+00:00", "trace_id": null, "stage": "dense", "event": "finish", "duration_ms": 0.191, "candidates_out": 20}
{"ts": "2026-09-24T00:33:58.059931+00:00", "trace_id": null, "stage": "lexical", "event": "start"}
{"ts": "2026-09-24T00:33:58.060302+00:00", "trace_id": null, "stage": "lexical", "event": "finish", "duration_ms": 0.371, "candidates_out": 20}
{"ts": "2026-09-24T00:33:58.060347+00:00", "trace_id": null, "stage": "fuse", "event": "start", "candidates_in": 37}
{"ts": "2026-09-24T00:33:58.060468+00:00", "trace_id": null, "stage": "fuse", "event": "finish", "duration_ms": 0.122, "candidates_in": 37, "candidates_out": 29, "top_score": 0.03278688524590164}
{"ts": "2026-09-24T00:33:58.060960+00:00", "trace_id": null, "stage": "gate", "event": "start", "candidates_in": 5}
{"ts": "2026-09-24T00:33:58.061024+00:00", "trace_id": null, "stage": "gate", "event": "finish", "duration_ms": 0.064, "candidates_in": 5, "candidates_out": 5, "top_score": 0.03278688524590164}
{"ts": "2026-09-24T00:33:58.061046+00:00", "trace_id": null, "stage": "embed_query", "event": "start", "model": "Qwen/Qwen3-Embedding-0.6B"}
{"ts": "2026-09-24T00:33:58.084392+00:00", "trace_id": null, "stage": "embed_query", "event": "finish", "duration_ms": 23.344, "model": "Qwen/Qwen3-Embedding-0.6B"}
{"ts": "2026-09-24T00:33:58.084428+00:00", "trace_id": null, "stage": "dense", "event": "start"}
{"ts": "2026-09-24T00:33:58.084625+00:00", "trace_id": null, "stage": "dense", "event": "finish", "duration_ms": 0.197, "candidates_out": 20}
{"ts": "2026-09-24T00:33:58.084645+00:00", "trace_id": null, "stage": "lexical", "event": "start"}
{"ts": "2026-09-24T00:33:58.084924+00:00", "trace_id": null, "stage": "lexical", "event": "finish", "duration_ms": 0.278, "candidates_out": 14}
{"ts": "2026-09-24T00:33:58.084953+00:00", "trace_id": null, "stage": "fuse", "event": "start", "candidates_in": 28}
{"ts": "2026-09-24T00:33:58.085043+00:00", "trace_id": null, "stage": "fuse", "event": "finish", "duration_ms": 0.089, "candidates_in": 28, "candidates_out": 21, "top_score": 0.03177805800756621}
{"ts": "2026-09-24T00:33:58.085373+00:00", "trace_id": null, "stage": "gate", "event": "start", "candidates_in": 5}
{"ts": "2026-09-24T00:33:58.085437+00:00", "trace_id": null, "stage": "gate", "event": "finish", "duration_ms": 0.064, "candidates_in": 5, "candidates_out": 5, "top_score": 0.03177805800756621}
{"ts": "2026-09-24T00:33:58.085457+00:00", "trace_id": null, "stage": "embed_query", "event": "start", "model": "Qwen/Qwen3-Embedding-0.6B"}
{"ts": "2026-09-24T00:33:58.109367+00:00", "trace_id": null, "stage": "embed_query", "event": "finish", "duration_ms": 23.907, "model": "Qwen/Qwen3-Embedding-0.6B"}
{"ts": "2026-09-24T00:33:58.109411+00:00", "trace_id": null, "stage": "dense", "event": "start"}
{"ts": "2026-09-24T00:33:58.109607+00:00", "trace_id": null, "stage": "dense", "event": "finish", "duration_ms": 0.196, "candidates_out": 20}
{"ts": "2026-09-24T00:33:58.109629+00:00", "trace_id": null, "stage": "lexical", "event": "start"}
{"ts": "2026-09-24T00:33:58.109874+00:00", "trace_id": null, "stage": "lexical", "event": "finish", "duration_ms": 0.245, "candidates_out": 20}
{"ts": "2026-09-24T00:33:58.109907+00:00", "trace_id": null, "stage": "fuse", "event": "start", "candidates_in": 30}
{"ts": "2026-09-24T00:33:58.110021+00:00", "trace_id": null, "stage": "fuse", "event": "finish", "duration_ms": 0.114, "candidates_in": 30, "candidates_out": 20, "top_score": 0.03278688524590164}
{"ts": "2026-09-24T00:33:58.110433+00:00", "trace_id": null, "stage": "gate", "event": "start", "candidates_in": 5}
{"ts": "2026-09-24T00:33:58.110502+00:00", "trace_id": null, "stage": "gate", "event": "finish", "duration_ms": 0.068, "candidates_in": 5, "candidates_out": 5, "top_score": 0.03278688524590164}
{"ts": "2026-09-24T00:33:58.110523+00:00", "trace_id": null, "stage": "embed_query", "event": "start", "model": "Qwen/Qwen3-Embedding-0.6B"}
{"ts": "2026-09-24T00:33:58.133224+00:00", "trace_id": null, "stage": "embed_query", "event": "finish", "duration_ms": 22.7, "model": "Qwen/Qwen3-Embedding-0.6B"}
{"ts": "2026-09-24T00:33:58.133262+00:00", "trace_id": null, "stage": "dense", "event": "start"}
{"ts": "2026-09-24T00:33:58.133432+00:00", "trace_id": null, "stage": "dense", "event": "finish", "duration_ms": 0.17, "candidates_out": 20}
{"ts": "2026-09-24T00:33:58.133448+00:00", "trace_id": null, "stage": "lexical", "event": "start"}
{"ts": "2026-09-24T00:33:58.133721+00:00", "trace_id": null, "stage": "lexical", "event": "finish", "duration_ms": 0.272, "candidates_out": 20}
{"ts": "2026-09-24T00:33:58.133757+00:00", "trace_id": null, "stage": "fuse", "event": "start", "candidates_in": 33}
{"ts": "2026-09-24T00:33:58.133842+00:00", "trace_id": null, "stage": "fuse", "event": "finish", "duration_ms": 0.086, "candidates_in": 33, "candidates_out": 23, "top_score": 0.032266458495966696}
{"ts": "2026-09-24T00:33:58.134170+00:00", "trace_id": null, "stage": "gate", "event": "start", "candidates_in": 5}
{"ts": "2026-09-24T00:33:58.135732+00:00", "trace_id": null, "stage": "gate", "event": "finish", "duration_ms": 1.561, "candidates_in": 5, "candidates_out": 5, "top_score": 0.03225806451612903}
{"ts": "2026-09-24T00:33:58.135763+00:00", "trace_id": null, "stage": "embed_query", "event": "start", "model": "Qwen/Qwen3-Embedding-0.6B"}
{"ts": "2026-09-24T00:33:58.159625+00:00", "trace_id": null, "stage": "embed_query", "event": "finish", "duration_ms": 23.859, "model": "Qwen/Qwen3-Embedding-0.6B"}
{"ts": "2026-09-24T00:33:58.159667+00:00", "trace_id": null, "stage": "dense", "event": "start"}
{"ts": "2026-09-24T00:33:58.159854+00:00", "trace_id": null, "stage": "dense", "event": "finish", "duration_ms": 0.187, "candidates_out": 20}
{"ts": "2026-09-24T00:33:58.159873+00:00", "trace_id": null, "stage": "lexical", "event": "start"}
{"ts": "2026-09-24T00:33:58.160082+00:00", "trace_id": null, "stage": "lexical", "event": "finish", "duration_ms": 0.209, "candidates_out": 9}
{"ts": "2026-09-24T00:33:58.160106+00:00", "trace_id": null, "stage": "fuse", "event": "start", "candidates_in": 22}
{"ts": "2026-09-24T00:33:58.160248+00:00", "trace_id": null, "stage": "fuse", "event": "finish", "duration_ms": 0.142, "candidates_in": 22, "candidates_out": 17, "top_score": 0.03252247488101534}
{"ts": "2026-09-24T00:33:58.160594+00:00", "trace_id": null, "stage": "gate", "event": "start", "candidates_in": 5}
{"ts": "2026-09-24T00:33:58.160665+00:00", "trace_id": null, "stage": "gate", "event": "finish", "duration_ms": 0.071, "candidates_in": 5, "candidates_out": 5, "top_score": 0.03252247488101534}
{"ts": "2026-09-24T00:33:58.160688+00:00", "trace_id": null, "stage": "embed_query", "event": "start", "model": "Qwen/Qwen3-Embedding-0.6B"}
{"ts": "2026-09-24T00:33:58.187571+00:00", "trace_id": null, "stage": "embed_query", "event": "finish", "duration_ms": 26.88, "model": "Qwen/Qwen3-Embedding-0.6B"}
{"ts": "2026-09-24T00:33:58.187613+00:00", "trace_id": null, "stage": "dense", "event": "start"}
{"ts": "2026-09-24T00:33:58.187809+00:00", "trace_id": null, "stage": "dense", "event": "finish", "duration_ms": 0.196, "candidates_out": 20}
{"ts": "2026-09-24T00:33:58.187827+00:00", "trace_id": null, "stage": "lexical", "event": "start"}
{"ts": "2026-09-24T00:33:58.188095+00:00", "trace_id": null, "stage": "lexical", "event": "finish", "duration_ms": 0.269, "candidates_out": 20}
{"ts": "2026-09-24T00:33:58.188123+00:00", "trace_id": null, "stage": "fuse", "event": "start", "candidates_in": 34}
{"ts": "2026-09-24T00:33:58.188181+00:00", "trace_id": null, "stage": "fuse", "event": "finish", "duration_ms": 0.058, "candidates_in": 34, "candidates_out": 23, "top_score": 0.03278688524590164}
{"ts": "2026-09-24T00:33:58.188582+00:00", "trace_id": null, "stage": "gate", "event": "start", "candidates_in": 5}
{"ts": "2026-09-24T00:33:58.188651+00:00", "trace_id": null, "stage": "gate", "event": "finish", "duration_ms": 0.069, "candidates_in": 5, "candidates_out": 5, "top_score": 0.03278688524590164}
{"ts": "2026-09-24T00:33:58.188674+00:00", "trace_id": null, "stage": "embed_query", "event": "start", "model": "Qwen/Qwen3-Embedding-0.6B"}
{"ts": "2026-09-24T00:33:58.211918+00:00", "trace_id": null, "stage": "embed_query", "event": "finish", "duration_ms": 23.241, "model": "Qwen/Qwen3-Embedding-0.6B"}
{"ts": "2026-09-24T00:33:58.211963+00:00", "trace_id": null, "stage": "dense", "event": "start"}
{"ts": "2026-09-24T00:33:58.212170+00:00", "trace_id": null, "stage": "dense", "event": "finish", "duration_ms": 0.206, "candidates_out": 20}
{"ts": "2026-09-24T00:33:58.212197+00:00", "trace_id": null, "stage": "lexical", "event": "start"}
{"ts": "2026-09-24T00:33:58.212439+00:00", "trace_id": null, "stage": "lexical", "event": "finish", "duration_ms": 0.242, "candidates_out": 20}
{"ts": "2026-09-24T00:33:58.212467+00:00", "trace_id": null, "stage": "fuse", "event": "start", "candidates_in": 31}
{"ts": "2026-09-24T00:33:58.212547+00:00", "trace_id": null, "stage": "fuse", "event": "finish", "duration_ms": 0.08, "candidates_in": 31, "candidates_out": 22, "top_score": 0.03252247488101534}
{"ts": "2026-09-24T00:33:58.212900+00:00", "trace_id": null, "stage": "gate", "event": "start", "candidates_in": 5}
{"ts": "2026-09-24T00:33:58.214147+00:00", "trace_id": null, "stage": "gate", "event": "finish", "duration_ms": 1.247, "candidates_in": 5, "candidates_out": 5, "top_score": 0.03252247488101534}
{"ts": "2026-09-24T00:33:58.214172+00:00", "trace_id": null, "stage": "embed_query", "event": "start", "model": "Qwen/Qwen3-Embedding-0.6B"}
{"ts": "2026-09-24T00:33:58.237479+00:00", "trace_id": null, "stage": "embed_query", "event": "finish", "duration_ms": 23.305, "model": "Qwen/Qwen3-Embedding-0.6B"}
{"ts": "2026-09-24T00:33:58.237527+00:00", "trace_id": null, "stage": "dense", "event": "start"}
{"ts": "2026-09-24T00:33:58.237730+00:00", "trace_id": null, "stage": "dense", "event": "finish", "duration_ms": 0.203, "candidates_out": 20}
{"ts": "2026-09-24T00:33:58.237753+00:00", "trace_id": null, "stage": "lexical", "event": "start"}
{"ts": "2026-09-24T00:33:58.238012+00:00", "trace_id": null, "stage": "lexical", "event": "finish", "duration_ms": 0.259, "candidates_out": 20}
{"ts": "2026-09-24T00:33:58.238039+00:00", "trace_id": null, "stage": "fuse", "event": "start", "candidates_in": 30}
{"ts": "2026-09-24T00:33:58.238106+00:00", "trace_id": null, "stage": "fuse", "event": "finish", "duration_ms": 0.067, "candidates_in": 30, "candidates_out": 20, "top_score": 0.031009615384615385}
{"ts": "2026-09-24T00:33:58.238488+00:00", "trace_id": null, "stage": "gate", "event": "start", "candidates_in": 5}
{"ts": "2026-09-24T00:33:58.238537+00:00", "trace_id": null, "stage": "gate", "event": "finish", "duration_ms": 0.048, "candidates_in": 5, "candidates_out": 0, "reason": "no_confident_hit"}
{"ts": "2026-09-24T00:33:58.238558+00:00", "trace_id": null, "stage": "embed_query", "event": "start", "model": "Qwen/Qwen3-Embedding-0.6B"}
{"ts": "2026-09-24T00:33:58.262329+00:00", "trace_id": null, "stage": "embed_query", "event": "finish", "duration_ms": 23.768, "model": "Qwen/Qwen3-Embedding-0.6B"}
{"ts": "2026-09-24T00:33:58.262438+00:00", "trace_id": null, "stage": "dense", "event": "start"}
{"ts": "2026-09-24T00:33:58.262639+00:00", "trace_id": null, "stage": "dense", "event": "finish", "duration_ms": 0.202, "candidates_out": 20}
{"ts": "2026-09-24T00:33:58.262657+00:00", "trace_id": null, "stage": "lexical", "event": "start"}
{"ts": "2026-09-24T00:33:58.262944+00:00", "trace_id": null, "stage": "lexical", "event": "finish", "duration_ms": 0.285, "candidates_out": 20}
{"ts": "2026-09-24T00:33:58.262980+00:00", "trace_id": null, "stage": "fuse", "event": "start", "candidates_in": 28}
{"ts": "2026-09-24T00:33:58.263063+00:00", "trace_id": null, "stage": "fuse", "event": "finish", "duration_ms": 0.083, "candidates_in": 28, "candidates_out": 22, "top_score": 0.03278688524590164}
{"ts": "2026-09-24T00:33:58.263435+00:00", "trace_id": null, "stage": "gate", "event": "start", "candidates_in": 5}
{"ts": "2026-09-24T00:33:58.266363+00:00", "trace_id": null, "stage": "gate", "event": "finish", "duration_ms": 2.928, "candidates_in": 5, "candidates_out": 5, "top_score": 0.03278688524590164}
{"ts": "2026-09-24T00:33:58.266388+00:00", "trace_id": null, "stage": "embed_query", "event": "start", "model": "Qwen/Qwen3-Embedding-0.6B"}
{"ts": "2026-09-24T00:33:58.289782+00:00", "trace_id": null, "stage": "embed_query", "event": "finish", "duration_ms": 23.392, "model": "Qwen/Qwen3-Embedding-0.6B"}
{"ts": "2026-09-24T00:33:58.289823+00:00", "trace_id": null, "stage": "dense", "event": "start"}
{"ts": "2026-09-24T00:33:58.290012+00:00", "trace_id": null, "stage": "dense", "event": "finish", "duration_ms": 0.189, "candidates_out": 20}
{"ts": "2026-09-24T00:33:58.290037+00:00", "trace_id": null, "stage": "lexical", "event": "start"}
{"ts": "2026-09-24T00:33:58.290345+00:00", "trace_id": null, "stage": "lexical", "event": "finish", "duration_ms": 0.308, "candidates_out": 20}
{"ts": "2026-09-24T00:33:58.290375+00:00", "trace_id": null, "stage": "fuse", "event": "start", "candidates_in": 34}
{"ts": "2026-09-24T00:33:58.290449+00:00", "trace_id": null, "stage": "fuse", "event": "finish", "duration_ms": 0.074, "candidates_in": 34, "candidates_out": 25, "top_score": 0.03278688524590164}
{"ts": "2026-09-24T00:33:58.290836+00:00", "trace_id": null, "stage": "gate", "event": "start", "candidates_in": 5}
{"ts": "2026-09-24T00:33:58.291602+00:00", "trace_id": null, "stage": "gate", "event": "finish", "duration_ms": 0.765, "candidates_in": 5, "candidates_out": 5, "top_score": 0.03200204813108039}
{"ts": "2026-09-24T00:33:58.291628+00:00", "trace_id": null, "stage": "embed_query", "event": "start", "model": "Qwen/Qwen3-Embedding-0.6B"}
{"ts": "2026-09-24T00:33:58.291679+00:00", "trace_id": null, "stage": "embed_query", "event": "finish", "duration_ms": 0.051, "model": "Qwen/Qwen3-Embedding-0.6B"}
{"ts": "2026-09-24T00:33:58.291699+00:00", "trace_id": null, "stage": "dense", "event": "start"}
{"ts": "2026-09-24T00:33:58.291835+00:00", "trace_id": null, "stage": "dense", "event": "finish", "duration_ms": 0.136, "candidates_out": 20}
{"ts": "2026-09-24T00:33:58.291851+00:00", "trace_id": null, "stage": "lexical", "event": "start"}
{"ts": "2026-09-24T00:33:58.292036+00:00", "trace_id": null, "stage": "lexical", "event": "finish", "duration_ms": 0.186, "candidates_out": 20}
{"ts": "2026-09-24T00:33:58.292063+00:00", "trace_id": null, "stage": "fuse", "event": "start", "candidates_in": 31}
{"ts": "2026-09-24T00:33:58.292116+00:00", "trace_id": null, "stage": "fuse", "event": "finish", "duration_ms": 0.053, "candidates_in": 31, "candidates_out": 19, "top_score": 0.03278688524590164}
{"ts": "2026-09-24T00:33:58.292419+00:00", "trace_id": null, "stage": "gate", "event": "start", "candidates_in": 5}
{"ts": "2026-09-24T00:33:58.292478+00:00", "trace_id": null, "stage": "gate", "event": "finish", "duration_ms": 0.059, "candidates_in": 5, "candidates_out": 5, "top_score": 0.03278688524590164}
{"ts": "2026-09-24T00:33:58.292497+00:00", "trace_id": null, "stage": "embed_query", "event": "start", "model": "Qwen/Qwen3-Embedding-0.6B"}
{"ts": "2026-09-24T00:33:58.314846+00:00", "trace_id": null, "stage": "embed_query", "event": "finish", "duration_ms": 22.346, "model": "Qwen/Qwen3-Embedding-0.6B"}
{"ts": "2026-09-24T00:33:58.314889+00:00", "trace_id": null, "stage": "dense", "event": "start"}
{"ts": "2026-09-24T00:33:58.315082+00:00", "trace_id": null, "stage": "dense", "event": "finish", "duration_ms": 0.193, "candidates_out": 20}
{"ts": "2026-09-24T00:33:58.315099+00:00", "trace_id": null, "stage": "lexical", "event": "start"}
{"ts": "2026-09-24T00:33:58.315361+00:00", "trace_id": null, "stage": "lexical", "event": "finish", "duration_ms": 0.262, "candidates_out": 20}
{"ts": "2026-09-24T00:33:58.315413+00:00", "trace_id": null, "stage": "fuse", "event": "start", "candidates_in": 33}
{"ts": "2026-09-24T00:33:58.315481+00:00", "trace_id": null, "stage": "fuse", "event": "finish", "duration_ms": 0.069, "candidates_in": 33, "candidates_out": 19, "top_score": 0.03252247488101534}
{"ts": "2026-09-24T00:33:58.315781+00:00", "trace_id": null, "stage": "gate", "event": "start", "candidates_in": 5}
{"ts": "2026-09-24T00:33:58.315843+00:00", "trace_id": null, "stage": "gate", "event": "finish", "duration_ms": 0.063, "candidates_in": 5, "candidates_out": 5, "top_score": 0.03252247488101534}
{"ts": "2026-09-24T00:33:58.315864+00:00", "trace_id": null, "stage": "embed_query", "event": "start", "model": "Qwen/Qwen3-Embedding-0.6B"}
{"ts": "2026-09-24T00:33:58.341165+00:00", "trace_id": null, "stage": "embed_query", "event": "finish", "duration_ms": 25.299, "model": "Qwen/Qwen3-Embedding-0.6B"}
{"ts": "2026-09-24T00:33:58.341209+00:00", "trace_id": null, "stage": "dense", "event": "start"}
{"ts": "2026-09-24T00:33:58.341400+00:00", "trace_id": null, "stage": "dense", "event": "finish", "duration_ms": 0.191, "candidates_out": 20}
{"ts": "2026-09-24T00:33:58.341422+00:00", "trace_id": null, "stage": "lexical", "event": "start"}
{"ts": "2026-09-24T00:33:58.341707+00:00", "trace_id": null, "stage": "lexical", "event": "finish", "duration_ms": 0.285, "candidates_out": 20}
{"ts": "2026-09-24T00:33:58.341738+00:00", "trace_id": null, "stage": "fuse", "event": "start", "candidates_in": 34}
{"ts": "2026-09-24T00:33:58.341813+00:00", "trace_id": null, "stage": "fuse", "event": "finish", "duration_ms": 0.075, "candidates_in": 34, "candidates_out": 24, "top_score": 0.03278688524590164}
{"ts": "2026-09-24T00:33:58.342240+00:00", "trace_id": null, "stage": "gate", "event": "start", "candidates_in": 5}
{"ts": "2026-09-24T00:33:58.343181+00:00", "trace_id": null, "stage": "gate", "event": "finish", "duration_ms": 0.941, "candidates_in": 5, "candidates_out": 5, "top_score": 0.03278688524590164}
{"ts": "2026-09-24T00:33:58.343207+00:00", "trace_id": null, "stage": "embed_query", "event": "start", "model": "Qwen/Qwen3-Embedding-0.6B"}
{"ts": "2026-09-24T00:33:58.367438+00:00", "trace_id": null, "stage": "embed_query", "event": "finish", "duration_ms": 24.228, "model": "Qwen/Qwen3-Embedding-0.6B"}
{"ts": "2026-09-24T00:33:58.367484+00:00", "trace_id": null, "stage": "dense", "event": "start"}
{"ts": "2026-09-24T00:33:58.367698+00:00", "trace_id": null, "stage": "dense", "event": "finish", "duration_ms": 0.213, "candidates_out": 20}
{"ts": "2026-09-24T00:33:58.367725+00:00", "trace_id": null, "stage": "lexical", "event": "start"}
{"ts": "2026-09-24T00:33:58.368033+00:00", "trace_id": null, "stage": "lexical", "event": "finish", "duration_ms": 0.307, "candidates_out": 20}
{"ts": "2026-09-24T00:33:58.368068+00:00", "trace_id": null, "stage": "fuse", "event": "start", "candidates_in": 31}
{"ts": "2026-09-24T00:33:58.368141+00:00", "trace_id": null, "stage": "fuse", "event": "finish", "duration_ms": 0.071, "candidates_in": 31, "candidates_out": 22, "top_score": 0.03278688524590164}
{"ts": "2026-09-24T00:33:58.368642+00:00", "trace_id": null, "stage": "gate", "event": "start", "candidates_in": 5}
{"ts": "2026-09-24T00:33:58.368710+00:00", "trace_id": null, "stage": "gate", "event": "finish", "duration_ms": 0.068, "candidates_in": 5, "candidates_out": 5, "top_score": 0.03278688524590164}
{"ts": "2026-09-24T00:33:58.368733+00:00", "trace_id": null, "stage": "embed_query", "event": "start", "model": "Qwen/Qwen3-Embedding-0.6B"}
{"ts": "2026-09-24T00:33:58.397170+00:00", "trace_id": null, "stage": "embed_query", "event": "finish", "duration_ms": 28.432, "model": "Qwen/Qwen3-Embedding-0.6B"}
{"ts": "2026-09-24T00:33:58.397225+00:00", "trace_id": null, "stage": "dense", "event": "start"}
{"ts": "2026-09-24T00:33:58.397446+00:00", "trace_id": null, "stage": "dense", "event": "finish", "duration_ms": 0.221, "candidates_out": 20}
{"ts": "2026-09-24T00:33:58.397465+00:00", "trace_id": null, "stage": "lexical", "event": "start"}
{"ts": "2026-09-24T00:33:58.397874+00:00", "trace_id": null, "stage": "lexical", "event": "finish", "duration_ms": 0.408, "candidates_out": 16}
{"ts": "2026-09-24T00:33:58.397909+00:00", "trace_id": null, "stage": "fuse", "event": "start", "candidates_in": 28}
{"ts": "2026-09-24T00:33:58.397968+00:00", "trace_id": null, "stage": "fuse", "event": "finish", "duration_ms": 0.059, "candidates_in": 28, "candidates_out": 22, "top_score": 0.03278688524590164}
{"ts": "2026-09-24T00:33:58.398339+00:00", "trace_id": null, "stage": "gate", "event": "start", "candidates_in": 5}
{"ts": "2026-09-24T00:33:58.398406+00:00", "trace_id": null, "stage": "gate", "event": "finish", "duration_ms": 0.066, "candidates_in": 5, "candidates_out": 5, "top_score": 0.03278688524590164}
{"ts": "2026-09-24T00:33:58.398435+00:00", "trace_id": null, "stage": "embed_query", "event": "start", "model": "Qwen/Qwen3-Embedding-0.6B"}
{"ts": "2026-09-24T00:33:58.426890+00:00", "trace_id": null, "stage": "embed_query", "event": "finish", "duration_ms": 28.452, "model": "Qwen/Qwen3-Embedding-0.6B"}
{"ts": "2026-09-24T00:33:58.426946+00:00", "trace_id": null, "stage": "dense", "event": "start"}
{"ts": "2026-09-24T00:33:58.427244+00:00", "trace_id": null, "stage": "dense", "event": "finish", "duration_ms": 0.297, "candidates_out": 20}
{"ts": "2026-09-24T00:33:58.427269+00:00", "trace_id": null, "stage": "lexical", "event": "start"}
{"ts": "2026-09-24T00:33:58.427560+00:00", "trace_id": null, "stage": "lexical", "event": "finish", "duration_ms": 0.291, "candidates_out": 20}
{"ts": "2026-09-24T00:33:58.427590+00:00", "trace_id": null, "stage": "fuse", "event": "start", "candidates_in": 33}
{"ts": "2026-09-24T00:33:58.427651+00:00", "trace_id": null, "stage": "fuse", "event": "finish", "duration_ms": 0.06, "candidates_in": 33, "candidates_out": 20, "top_score": 0.03278688524590164}
{"ts": "2026-09-24T00:33:58.428034+00:00", "trace_id": null, "stage": "gate", "event": "start", "candidates_in": 5}
{"ts": "2026-09-24T00:33:58.428107+00:00", "trace_id": null, "stage": "gate", "event": "finish", "duration_ms": 0.073, "candidates_in": 5, "candidates_out": 5, "top_score": 0.03278688524590164}
{"ts": "2026-09-24T00:33:58.428130+00:00", "trace_id": null, "stage": "embed_query", "event": "start", "model": "Qwen/Qwen3-Embedding-0.6B"}
{"ts": "2026-09-24T00:33:58.452169+00:00", "trace_id": null, "stage": "embed_query", "event": "finish", "duration_ms": 24.036, "model": "Qwen/Qwen3-Embedding-0.6B"}
{"ts": "2026-09-24T00:33:58.452214+00:00", "trace_id": null, "stage": "dense", "event": "start"}
{"ts": "2026-09-24T00:33:58.452423+00:00", "trace_id": null, "stage": "dense", "event": "finish", "duration_ms": 0.209, "candidates_out": 20}
{"ts": "2026-09-24T00:33:58.452444+00:00", "trace_id": null, "stage": "lexical", "event": "start"}
{"ts": "2026-09-24T00:33:58.452798+00:00", "trace_id": null, "stage": "lexical", "event": "finish", "duration_ms": 0.353, "candidates_out": 20}
{"ts": "2026-09-24T00:33:58.452891+00:00", "trace_id": null, "stage": "fuse", "event": "start", "candidates_in": 34}
{"ts": "2026-09-24T00:33:58.452966+00:00", "trace_id": null, "stage": "fuse", "event": "finish", "duration_ms": 0.076, "candidates_in": 34, "candidates_out": 22, "top_score": 0.03278688524590164}
{"ts": "2026-09-24T00:33:58.453327+00:00", "trace_id": null, "stage": "gate", "event": "start", "candidates_in": 5}
{"ts": "2026-09-24T00:33:58.453394+00:00", "trace_id": null, "stage": "gate", "event": "finish", "duration_ms": 0.066, "candidates_in": 5, "candidates_out": 5, "top_score": 0.03278688524590164}
{"ts": "2026-09-24T00:33:58.453423+00:00", "trace_id": null, "stage": "embed_query", "event": "start", "model": "Qwen/Qwen3-Embedding-0.6B"}
{"ts": "2026-09-24T00:33:58.478894+00:00", "trace_id": null, "stage": "embed_query", "event": "finish", "duration_ms": 25.468, "model": "Qwen/Qwen3-Embedding-0.6B"}
{"ts": "2026-09-24T00:33:58.478936+00:00", "trace_id": null, "stage": "dense", "event": "start"}
{"ts": "2026-09-24T00:33:58.479129+00:00", "trace_id": null, "stage": "dense", "event": "finish", "duration_ms": 0.193, "candidates_out": 20}
{"ts": "2026-09-24T00:33:58.479146+00:00", "trace_id": null, "stage": "lexical", "event": "start"}
{"ts": "2026-09-24T00:33:58.479465+00:00", "trace_id": null, "stage": "lexical", "event": "finish", "duration_ms": 0.318, "candidates_out": 20}
{"ts": "2026-09-24T00:33:58.479498+00:00", "trace_id": null, "stage": "fuse", "event": "start", "candidates_in": 35}
{"ts": "2026-09-24T00:33:58.479581+00:00", "trace_id": null, "stage": "fuse", "event": "finish", "duration_ms": 0.082, "candidates_in": 35, "candidates_out": 25, "top_score": 0.03252247488101534}
{"ts": "2026-09-24T00:33:58.479985+00:00", "trace_id": null, "stage": "gate", "event": "start", "candidates_in": 5}
{"ts": "2026-09-24T00:33:58.481243+00:00", "trace_id": null, "stage": "gate", "event": "finish", "duration_ms": 1.258, "candidates_in": 5, "candidates_out": 5, "top_score": 0.03200204813108039}
{"ts": "2026-09-24T00:33:58.481268+00:00", "trace_id": null, "stage": "embed_query", "event": "start", "model": "Qwen/Qwen3-Embedding-0.6B"}
{"ts": "2026-09-24T00:33:58.504672+00:00", "trace_id": null, "stage": "embed_query", "event": "finish", "duration_ms": 23.401, "model": "Qwen/Qwen3-Embedding-0.6B"}
{"ts": "2026-09-24T00:33:58.504713+00:00", "trace_id": null, "stage": "dense", "event": "start"}
{"ts": "2026-09-24T00:33:58.504912+00:00", "trace_id": null, "stage": "dense", "event": "finish", "duration_ms": 0.199, "candidates_out": 20}
{"ts": "2026-09-24T00:33:58.504929+00:00", "trace_id": null, "stage": "lexical", "event": "start"}
{"ts": "2026-09-24T00:33:58.505171+00:00", "trace_id": null, "stage": "lexical", "event": "finish", "duration_ms": 0.241, "candidates_out": 20}
{"ts": "2026-09-24T00:33:58.505199+00:00", "trace_id": null, "stage": "fuse", "event": "start", "candidates_in": 33}
{"ts": "2026-09-24T00:33:58.505277+00:00", "trace_id": null, "stage": "fuse", "event": "finish", "duration_ms": 0.078, "candidates_in": 33, "candidates_out": 22, "top_score": 0.03278688524590164}
{"ts": "2026-09-24T00:33:58.505611+00:00", "trace_id": null, "stage": "gate", "event": "start", "candidates_in": 5}
{"ts": "2026-09-24T00:33:58.505676+00:00", "trace_id": null, "stage": "gate", "event": "finish", "duration_ms": 0.065, "candidates_in": 5, "candidates_out": 5, "top_score": 0.03278688524590164}
{"ts": "2026-09-24T00:33:58.505697+00:00", "trace_id": null, "stage": "embed_query", "event": "start", "model": "Qwen/Qwen3-Embedding-0.6B"}
{"ts": "2026-09-24T00:33:58.529917+00:00", "trace_id": null, "stage": "embed_query", "event": "finish", "duration_ms": 24.217, "model": "Qwen/Qwen3-Embedding-0.6B"}
{"ts": "2026-09-24T00:33:58.529964+00:00", "trace_id": null, "stage": "dense", "event": "start"}
{"ts": "2026-09-24T00:33:58.530165+00:00", "trace_id": null, "stage": "dense", "event": "finish", "duration_ms": 0.201, "candidates_out": 20}
{"ts": "2026-09-24T00:33:58.530183+00:00", "trace_id": null, "stage": "lexical", "event": "start"}
{"ts": "2026-09-24T00:33:58.530453+00:00", "trace_id": null, "stage": "lexical", "event": "finish", "duration_ms": 0.27, "candidates_out": 20}
{"ts": "2026-09-24T00:33:58.530488+00:00", "trace_id": null, "stage": "fuse", "event": "start", "candidates_in": 30}
{"ts": "2026-09-24T00:33:58.530564+00:00", "trace_id": null, "stage": "fuse", "event": "finish", "duration_ms": 0.076, "candidates_in": 30, "candidates_out": 18, "top_score": 0.03278688524590164}
{"ts": "2026-09-24T00:33:58.530894+00:00", "trace_id": null, "stage": "gate", "event": "start", "candidates_in": 5}
{"ts": "2026-09-24T00:33:58.535852+00:00", "trace_id": null, "stage": "gate", "event": "finish", "duration_ms": 4.958, "candidates_in": 5, "candidates_out": 5, "top_score": 0.03225806451612903}
{"ts": "2026-09-24T00:33:58.535877+00:00", "trace_id": null, "stage": "embed_query", "event": "start", "model": "Qwen/Qwen3-Embedding-0.6B"}
{"ts": "2026-09-24T00:33:58.557987+00:00", "trace_id": null, "stage": "embed_query", "event": "finish", "duration_ms": 22.109, "model": "Qwen/Qwen3-Embedding-0.6B"}
{"ts": "2026-09-24T00:33:58.558019+00:00", "trace_id": null, "stage": "dense", "event": "start"}
{"ts": "2026-09-24T00:33:58.558182+00:00", "trace_id": null, "stage": "dense", "event": "finish", "duration_ms": 0.164, "candidates_out": 20}
{"ts": "2026-09-24T00:33:58.558201+00:00", "trace_id": null, "stage": "lexical", "event": "start"}
{"ts": "2026-09-24T00:33:58.558492+00:00", "trace_id": null, "stage": "lexical", "event": "finish", "duration_ms": 0.29, "candidates_out": 20}
{"ts": "2026-09-24T00:33:58.558527+00:00", "trace_id": null, "stage": "fuse", "event": "start", "candidates_in": 32}
{"ts": "2026-09-24T00:33:58.558608+00:00", "trace_id": null, "stage": "fuse", "event": "finish", "duration_ms": 0.081, "candidates_in": 32, "candidates_out": 20, "top_score": 0.03278688524590164}
{"ts": "2026-09-24T00:33:58.558932+00:00", "trace_id": null, "stage": "gate", "event": "start", "candidates_in": 5}
{"ts": "2026-09-24T00:33:58.564032+00:00", "trace_id": null, "stage": "gate", "event": "finish", "duration_ms": 5.098, "candidates_in": 5, "candidates_out": 5, "top_score": 0.03225806451612903}
{"ts": "2026-09-24T00:33:58.564068+00:00", "trace_id": null, "stage": "embed_query", "event": "start", "model": "Qwen/Qwen3-Embedding-0.6B"}
{"ts": "2026-09-24T00:33:58.589051+00:00", "trace_id": null, "stage": "embed_query", "event": "finish", "duration_ms": 24.98, "model": "Qwen/Qwen3-Embedding-0.6B"}
{"ts": "2026-09-24T00:33:58.589094+00:00", "trace_id": null, "stage": "dense", "event": "start"}
{"ts": "2026-09-24T00:33:58.589285+00:00", "trace_id": null, "stage": "dense", "event": "finish", "duration_ms": 0.191, "candidates_out": 20}
{"ts": "2026-09-24T00:33:58.589307+00:00", "trace_id": null, "stage": "lexical", "event": "start"}
{"ts": "2026-09-24T00:33:58.589596+00:00", "trace_id": null, "stage": "lexical", "event": "finish", "duration_ms": 0.288, "candidates_out": 20}
{"ts": "2026-09-24T00:33:58.589631+00:00", "trace_id": null, "stage": "fuse", "event": "start", "candidates_in": 32}
{"ts": "2026-09-24T00:33:58.589700+00:00", "trace_id": null, "stage": "fuse", "event": "finish", "duration_ms": 0.069, "candidates_in": 32, "candidates_out": 21, "top_score": 0.03278688524590164}
{"ts": "2026-09-24T00:33:58.590138+00:00", "trace_id": null, "stage": "gate", "event": "start", "candidates_in": 5}
{"ts": "2026-09-24T00:33:58.594824+00:00", "trace_id": null, "stage": "gate", "event": "finish", "duration_ms": 4.685, "candidates_in": 5, "candidates_out": 5, "top_score": 0.03225806451612903}
{"ts": "2026-09-24T00:33:58.594851+00:00", "trace_id": null, "stage": "embed_query", "event": "start", "model": "Qwen/Qwen3-Embedding-0.6B"}
{"ts": "2026-09-24T00:33:58.618194+00:00", "trace_id": null, "stage": "embed_query", "event": "finish", "duration_ms": 23.34, "model": "Qwen/Qwen3-Embedding-0.6B"}
{"ts": "2026-09-24T00:33:58.618235+00:00", "trace_id": null, "stage": "dense", "event": "start"}
{"ts": "2026-09-24T00:33:58.618422+00:00", "trace_id": null, "stage": "dense", "event": "finish", "duration_ms": 0.187, "candidates_out": 20}
{"ts": "2026-09-24T00:33:58.618439+00:00", "trace_id": null, "stage": "lexical", "event": "start"}
{"ts": "2026-09-24T00:33:58.618784+00:00", "trace_id": null, "stage": "lexical", "event": "finish", "duration_ms": 0.344, "candidates_out": 20}
{"ts": "2026-09-24T00:33:58.618814+00:00", "trace_id": null, "stage": "fuse", "event": "start", "candidates_in": 33}
{"ts": "2026-09-24T00:33:58.618881+00:00", "trace_id": null, "stage": "fuse", "event": "finish", "duration_ms": 0.066, "candidates_in": 33, "candidates_out": 22, "top_score": 0.03252247488101534}
{"ts": "2026-09-24T00:33:58.619280+00:00", "trace_id": null, "stage": "gate", "event": "start", "candidates_in": 5}
{"ts": "2026-09-24T00:33:58.624047+00:00", "trace_id": null, "stage": "gate", "event": "finish", "duration_ms": 4.765, "candidates_in": 5, "candidates_out": 5, "top_score": 0.03252247488101534}
{"ts": "2026-09-24T00:33:58.624084+00:00", "trace_id": null, "stage": "embed_query", "event": "start", "model": "Qwen/Qwen3-Embedding-0.6B"}
{"ts": "2026-09-24T00:33:58.646503+00:00", "trace_id": null, "stage": "embed_query", "event": "finish", "duration_ms": 22.416, "model": "Qwen/Qwen3-Embedding-0.6B"}
{"ts": "2026-09-24T00:33:58.646541+00:00", "trace_id": null, "stage": "dense", "event": "start"}
{"ts": "2026-09-24T00:33:58.646724+00:00", "trace_id": null, "stage": "dense", "event": "finish", "duration_ms": 0.183, "candidates_out": 20}
{"ts": "2026-09-24T00:33:58.646742+00:00", "trace_id": null, "stage": "lexical", "event": "start"}
{"ts": "2026-09-24T00:33:58.647006+00:00", "trace_id": null, "stage": "lexical", "event": "finish", "duration_ms": 0.262, "candidates_out": 20}
{"ts": "2026-09-24T00:33:58.647042+00:00", "trace_id": null, "stage": "fuse", "event": "start", "candidates_in": 32}
{"ts": "2026-09-24T00:33:58.647126+00:00", "trace_id": null, "stage": "fuse", "event": "finish", "duration_ms": 0.084, "candidates_in": 32, "candidates_out": 22, "top_score": 0.030886196246139225}
{"ts": "2026-09-24T00:33:58.647470+00:00", "trace_id": null, "stage": "gate", "event": "start", "candidates_in": 5}
{"ts": "2026-09-24T00:33:58.647523+00:00", "trace_id": null, "stage": "gate", "event": "finish", "duration_ms": 0.052, "candidates_in": 5, "candidates_out": 0, "reason": "no_confident_hit"}
{"ts": "2026-09-24T00:33:58.647553+00:00", "trace_id": null, "stage": "embed_query", "event": "start", "model": "Qwen/Qwen3-Embedding-0.6B"}
{"ts": "2026-09-24T00:33:58.673100+00:00", "trace_id": null, "stage": "embed_query", "event": "finish", "duration_ms": 25.544, "model": "Qwen/Qwen3-Embedding-0.6B"}
{"ts": "2026-09-24T00:33:58.673146+00:00", "trace_id": null, "stage": "dense", "event": "start"}
{"ts": "2026-09-24T00:33:58.673365+00:00", "trace_id": null, "stage": "dense", "event": "finish", "duration_ms": 0.219, "candidates_out": 20}
{"ts": "2026-09-24T00:33:58.673389+00:00", "trace_id": null, "stage": "lexical", "event": "start"}
{"ts": "2026-09-24T00:33:58.673941+00:00", "trace_id": null, "stage": "lexical", "event": "finish", "duration_ms": 0.546, "candidates_out": 20}
{"ts": "2026-09-24T00:33:58.674032+00:00", "trace_id": null, "stage": "fuse", "event": "start", "candidates_in": 33}
{"ts": "2026-09-24T00:33:58.674123+00:00", "trace_id": null, "stage": "fuse", "event": "finish", "duration_ms": 0.09, "candidates_in": 33, "candidates_out": 24, "top_score": 0.03278688524590164}
{"ts": "2026-09-24T00:33:58.674546+00:00", "trace_id": null, "stage": "gate", "event": "start", "candidates_in": 5}
{"ts": "2026-09-24T00:33:58.674623+00:00", "trace_id": null, "stage": "gate", "event": "finish", "duration_ms": 0.076, "candidates_in": 5, "candidates_out": 5, "top_score": 0.03278688524590164}
{"ts": "2026-09-24T00:33:58.674655+00:00", "trace_id": null, "stage": "embed_query", "event": "start", "model": "Qwen/Qwen3-Embedding-0.6B"}
{"ts": "2026-09-24T00:33:58.698259+00:00", "trace_id": null, "stage": "embed_query", "event": "finish", "duration_ms": 23.601, "model": "Qwen/Qwen3-Embedding-0.6B"}
{"ts": "2026-09-24T00:33:58.698306+00:00", "trace_id": null, "stage": "dense", "event": "start"}
{"ts": "2026-09-24T00:33:58.698518+00:00", "trace_id": null, "stage": "dense", "event": "finish", "duration_ms": 0.211, "candidates_out": 20}
{"ts": "2026-09-24T00:33:58.698539+00:00", "trace_id": null, "stage": "lexical", "event": "start"}
{"ts": "2026-09-24T00:33:58.698837+00:00", "trace_id": null, "stage": "lexical", "event": "finish", "duration_ms": 0.297, "candidates_out": 20}
{"ts": "2026-09-24T00:33:58.698869+00:00", "trace_id": null, "stage": "fuse", "event": "start", "candidates_in": 32}
{"ts": "2026-09-24T00:33:58.698927+00:00", "trace_id": null, "stage": "fuse", "event": "finish", "duration_ms": 0.058, "candidates_in": 32, "candidates_out": 19, "top_score": 0.03278688524590164}
{"ts": "2026-09-24T00:33:58.699263+00:00", "trace_id": null, "stage": "gate", "event": "start", "candidates_in": 5}
{"ts": "2026-09-24T00:33:58.700503+00:00", "trace_id": null, "stage": "gate", "event": "finish", "duration_ms": 1.24, "candidates_in": 5, "candidates_out": 5, "top_score": 0.031754032258064516}
{"ts": "2026-09-24T00:33:58.700587+00:00", "trace_id": null, "stage": "embed_query", "event": "start", "model": "Qwen/Qwen3-Embedding-0.6B"}
{"ts": "2026-09-24T00:33:58.722992+00:00", "trace_id": null, "stage": "embed_query", "event": "finish", "duration_ms": 22.403, "model": "Qwen/Qwen3-Embedding-0.6B"}
{"ts": "2026-09-24T00:33:58.723027+00:00", "trace_id": null, "stage": "dense", "event": "start"}
{"ts": "2026-09-24T00:33:58.723205+00:00", "trace_id": null, "stage": "dense", "event": "finish", "duration_ms": 0.178, "candidates_out": 20}
{"ts": "2026-09-24T00:33:58.723223+00:00", "trace_id": null, "stage": "lexical", "event": "start"}
{"ts": "2026-09-24T00:33:58.723471+00:00", "trace_id": null, "stage": "lexical", "event": "finish", "duration_ms": 0.248, "candidates_out": 20}
{"ts": "2026-09-24T00:33:58.723495+00:00", "trace_id": null, "stage": "fuse", "event": "start", "candidates_in": 33}
{"ts": "2026-09-24T00:33:58.723572+00:00", "trace_id": null, "stage": "fuse", "event": "finish", "duration_ms": 0.076, "candidates_in": 33, "candidates_out": 19, "top_score": 0.03278688524590164}
{"ts": "2026-09-24T00:33:58.723763+00:00", "trace_id": null, "stage": "rerank", "event": "start", "candidates_in": 19}
Loading weights:   0%|          | 0/393 [00:00<?, ?it/s]Loading weights: 100%|██████████| 393/393 [00:00<00:00, 27208.32it/s]
{"ts": "2026-09-24T00:33:59.728567+00:00", "trace_id": null, "stage": "rerank", "event": "stage_slow", "duration_ms": 1004.789, "candidates_in": 19, "soft_budget_ms": 1000.0}
{"ts": "2026-09-24T00:34:01.767155+00:00", "trace_id": null, "stage": "rerank", "event": "finish", "duration_ms": 3043.357, "candidates_in": 19, "candidates_out": 19, "top_score": 0.7264569387204822}
{"ts": "2026-09-24T00:34:01.767587+00:00", "trace_id": null, "stage": "gate", "event": "start", "candidates_in": 5}
{"ts": "2026-09-24T00:34:01.767676+00:00", "trace_id": null, "stage": "gate", "event": "finish", "duration_ms": 0.089, "candidates_in": 5, "candidates_out": 5, "top_score": 0.7264569387204822}
{"ts": "2026-09-24T00:34:01.767704+00:00", "trace_id": null, "stage": "embed_query", "event": "start", "model": "Qwen/Qwen3-Embedding-0.6B"}
{"ts": "2026-09-24T00:34:01.801142+00:00", "trace_id": null, "stage": "embed_query", "event": "finish", "duration_ms": 33.437, "model": "Qwen/Qwen3-Embedding-0.6B"}
{"ts": "2026-09-24T00:34:01.801194+00:00", "trace_id": null, "stage": "dense", "event": "start"}
{"ts": "2026-09-24T00:34:01.801407+00:00", "trace_id": null, "stage": "dense", "event": "finish", "duration_ms": 0.212, "candidates_out": 20}
{"ts": "2026-09-24T00:34:01.801439+00:00", "trace_id": null, "stage": "lexical", "event": "start"}
{"ts": "2026-09-24T00:34:01.801726+00:00", "trace_id": null, "stage": "lexical", "event": "finish", "duration_ms": 0.287, "candidates_out": 20}
{"ts": "2026-09-24T00:34:01.801757+00:00", "trace_id": null, "stage": "fuse", "event": "start", "candidates_in": 33}
{"ts": "2026-09-24T00:34:01.801878+00:00", "trace_id": null, "stage": "fuse", "event": "finish", "duration_ms": 0.12, "candidates_in": 33, "candidates_out": 20, "top_score": 0.03252247488101534}
{"ts": "2026-09-24T00:34:01.802471+00:00", "trace_id": null, "stage": "rerank", "event": "start", "candidates_in": 20}
{"ts": "2026-09-24T00:34:02.807562+00:00", "trace_id": null, "stage": "rerank", "event": "stage_slow", "duration_ms": 1005.07, "candidates_in": 20, "soft_budget_ms": 1000.0}
{"ts": "2026-09-24T00:34:03.292523+00:00", "trace_id": null, "stage": "rerank", "event": "finish", "duration_ms": 1490.033, "candidates_in": 20, "candidates_out": 20, "top_score": 0.653463980739174}
{"ts": "2026-09-24T00:34:03.292986+00:00", "trace_id": null, "stage": "gate", "event": "start", "candidates_in": 5}
{"ts": "2026-09-24T00:34:03.293090+00:00", "trace_id": null, "stage": "gate", "event": "finish", "duration_ms": 0.102, "candidates_in": 5, "candidates_out": 5, "top_score": 0.653463980739174}
{"ts": "2026-09-24T00:34:03.293122+00:00", "trace_id": null, "stage": "embed_query", "event": "start", "model": "Qwen/Qwen3-Embedding-0.6B"}
{"ts": "2026-09-24T00:34:03.322857+00:00", "trace_id": null, "stage": "embed_query", "event": "finish", "duration_ms": 29.732, "model": "Qwen/Qwen3-Embedding-0.6B"}
{"ts": "2026-09-24T00:34:03.322907+00:00", "trace_id": null, "stage": "dense", "event": "start"}
{"ts": "2026-09-24T00:34:03.323122+00:00", "trace_id": null, "stage": "dense", "event": "finish", "duration_ms": 0.215, "candidates_out": 20}
{"ts": "2026-09-24T00:34:03.323142+00:00", "trace_id": null, "stage": "lexical", "event": "start"}
{"ts": "2026-09-24T00:34:03.323430+00:00", "trace_id": null, "stage": "lexical", "event": "finish", "duration_ms": 0.287, "candidates_out": 20}
{"ts": "2026-09-24T00:34:03.323469+00:00", "trace_id": null, "stage": "fuse", "event": "start", "candidates_in": 30}
{"ts": "2026-09-24T00:34:03.323541+00:00", "trace_id": null, "stage": "fuse", "event": "finish", "duration_ms": 0.071, "candidates_in": 30, "candidates_out": 17, "top_score": 0.03252247488101534}
{"ts": "2026-09-24T00:34:03.323741+00:00", "trace_id": null, "stage": "rerank", "event": "start", "candidates_in": 17}
{"ts": "2026-09-24T00:34:04.326704+00:00", "trace_id": null, "stage": "rerank", "event": "stage_slow", "duration_ms": 1002.945, "candidates_in": 17, "soft_budget_ms": 1000.0}
{"ts": "2026-09-24T00:34:04.799492+00:00", "trace_id": null, "stage": "rerank", "event": "finish", "duration_ms": 1475.732, "candidates_in": 17, "candidates_out": 17, "top_score": 0.719521087925673}
{"ts": "2026-09-24T00:34:04.799889+00:00", "trace_id": null, "stage": "gate", "event": "start", "candidates_in": 5}
{"ts": "2026-09-24T00:34:04.799978+00:00", "trace_id": null, "stage": "gate", "event": "finish", "duration_ms": 0.089, "candidates_in": 5, "candidates_out": 5, "top_score": 0.719521087925673}
{"ts": "2026-09-24T00:34:04.800013+00:00", "trace_id": null, "stage": "embed_query", "event": "start", "model": "Qwen/Qwen3-Embedding-0.6B"}
{"ts": "2026-09-24T00:34:04.830011+00:00", "trace_id": null, "stage": "embed_query", "event": "finish", "duration_ms": 29.996, "model": "Qwen/Qwen3-Embedding-0.6B"}
{"ts": "2026-09-24T00:34:04.830056+00:00", "trace_id": null, "stage": "dense", "event": "start"}
{"ts": "2026-09-24T00:34:04.830247+00:00", "trace_id": null, "stage": "dense", "event": "finish", "duration_ms": 0.19, "candidates_out": 20}
{"ts": "2026-09-24T00:34:04.830266+00:00", "trace_id": null, "stage": "lexical", "event": "start"}
{"ts": "2026-09-24T00:34:04.830537+00:00", "trace_id": null, "stage": "lexical", "event": "finish", "duration_ms": 0.269, "candidates_out": 20}
{"ts": "2026-09-24T00:34:04.830575+00:00", "trace_id": null, "stage": "fuse", "event": "start", "candidates_in": 31}
{"ts": "2026-09-24T00:34:04.830641+00:00", "trace_id": null, "stage": "fuse", "event": "finish", "duration_ms": 0.066, "candidates_in": 31, "candidates_out": 21, "top_score": 0.03252247488101534}
{"ts": "2026-09-24T00:34:04.830887+00:00", "trace_id": null, "stage": "rerank", "event": "start", "candidates_in": 20}
{"ts": "2026-09-24T00:34:05.835987+00:00", "trace_id": null, "stage": "rerank", "event": "stage_slow", "duration_ms": 1005.08, "candidates_in": 20, "soft_budget_ms": 1000.0}
{"ts": "2026-09-24T00:34:06.440443+00:00", "trace_id": null, "stage": "rerank", "event": "finish", "duration_ms": 1609.531, "candidates_in": 20, "candidates_out": 20, "top_score": 0.5388979698468449}
{"ts": "2026-09-24T00:34:06.440890+00:00", "trace_id": null, "stage": "gate", "event": "start", "candidates_in": 5}
{"ts": "2026-09-24T00:34:06.441000+00:00", "trace_id": null, "stage": "gate", "event": "finish", "duration_ms": 0.109, "candidates_in": 5, "candidates_out": 5, "top_score": 0.5388979698468449}
{"ts": "2026-09-24T00:34:06.441024+00:00", "trace_id": null, "stage": "embed_query", "event": "start", "model": "Qwen/Qwen3-Embedding-0.6B"}
{"ts": "2026-09-24T00:34:06.471535+00:00", "trace_id": null, "stage": "embed_query", "event": "finish", "duration_ms": 30.507, "model": "Qwen/Qwen3-Embedding-0.6B"}
{"ts": "2026-09-24T00:34:06.471583+00:00", "trace_id": null, "stage": "dense", "event": "start"}
{"ts": "2026-09-24T00:34:06.471802+00:00", "trace_id": null, "stage": "dense", "event": "finish", "duration_ms": 0.218, "candidates_out": 20}
{"ts": "2026-09-24T00:34:06.471822+00:00", "trace_id": null, "stage": "lexical", "event": "start"}
{"ts": "2026-09-24T00:34:06.472090+00:00", "trace_id": null, "stage": "lexical", "event": "finish", "duration_ms": 0.268, "candidates_out": 20}
{"ts": "2026-09-24T00:34:06.472117+00:00", "trace_id": null, "stage": "fuse", "event": "start", "candidates_in": 31}
{"ts": "2026-09-24T00:34:06.472195+00:00", "trace_id": null, "stage": "fuse", "event": "finish", "duration_ms": 0.076, "candidates_in": 31, "candidates_out": 20, "top_score": 0.032266458495966696}
{"ts": "2026-09-24T00:34:06.472430+00:00", "trace_id": null, "stage": "rerank", "event": "start", "candidates_in": 20}
{"ts": "2026-09-24T00:34:07.476709+00:00", "trace_id": null, "stage": "rerank", "event": "stage_slow", "duration_ms": 1004.26, "candidates_in": 20, "soft_budget_ms": 1000.0}
{"ts": "2026-09-24T00:34:08.294073+00:00", "trace_id": null, "stage": "rerank", "event": "finish", "duration_ms": 1821.621, "candidates_in": 20, "candidates_out": 20, "top_score": 0.5295449719797976}
{"ts": "2026-09-24T00:34:08.294508+00:00", "trace_id": null, "stage": "gate", "event": "start", "candidates_in": 5}
{"ts": "2026-09-24T00:34:08.295995+00:00", "trace_id": null, "stage": "gate", "event": "finish", "duration_ms": 1.486, "candidates_in": 5, "candidates_out": 5, "top_score": 0.5295449719797976}
{"ts": "2026-09-24T00:34:08.296031+00:00", "trace_id": null, "stage": "embed_query", "event": "start", "model": "Qwen/Qwen3-Embedding-0.6B"}
{"ts": "2026-09-24T00:34:08.328472+00:00", "trace_id": null, "stage": "embed_query", "event": "finish", "duration_ms": 32.438, "model": "Qwen/Qwen3-Embedding-0.6B"}
{"ts": "2026-09-24T00:34:08.328520+00:00", "trace_id": null, "stage": "dense", "event": "start"}
{"ts": "2026-09-24T00:34:08.328713+00:00", "trace_id": null, "stage": "dense", "event": "finish", "duration_ms": 0.194, "candidates_out": 20}
{"ts": "2026-09-24T00:34:08.328735+00:00", "trace_id": null, "stage": "lexical", "event": "start"}
{"ts": "2026-09-24T00:34:08.329001+00:00", "trace_id": null, "stage": "lexical", "event": "finish", "duration_ms": 0.265, "candidates_out": 20}
{"ts": "2026-09-24T00:34:08.329044+00:00", "trace_id": null, "stage": "fuse", "event": "start", "candidates_in": 29}
{"ts": "2026-09-24T00:34:08.329123+00:00", "trace_id": null, "stage": "fuse", "event": "finish", "duration_ms": 0.08, "candidates_in": 29, "candidates_out": 21, "top_score": 0.032018442622950824}
{"ts": "2026-09-24T00:34:08.329343+00:00", "trace_id": null, "stage": "rerank", "event": "start", "candidates_in": 20}
{"ts": "2026-09-24T00:34:09.334434+00:00", "trace_id": null, "stage": "rerank", "event": "stage_slow", "duration_ms": 1005.074, "candidates_in": 20, "soft_budget_ms": 1000.0}
{"ts": "2026-09-24T00:34:10.042245+00:00", "trace_id": null, "stage": "rerank", "event": "finish", "duration_ms": 1712.88, "candidates_in": 20, "candidates_out": 20, "top_score": 0.7063393015793482}
{"ts": "2026-09-24T00:34:10.042676+00:00", "trace_id": null, "stage": "gate", "event": "start", "candidates_in": 5}
{"ts": "2026-09-24T00:34:10.042771+00:00", "trace_id": null, "stage": "gate", "event": "finish", "duration_ms": 0.094, "candidates_in": 5, "candidates_out": 5, "top_score": 0.7063393015793482}
{"ts": "2026-09-24T00:34:10.042807+00:00", "trace_id": null, "stage": "embed_query", "event": "start", "model": "Qwen/Qwen3-Embedding-0.6B"}
{"ts": "2026-09-24T00:34:10.073630+00:00", "trace_id": null, "stage": "embed_query", "event": "finish", "duration_ms": 30.822, "model": "Qwen/Qwen3-Embedding-0.6B"}
{"ts": "2026-09-24T00:34:10.073670+00:00", "trace_id": null, "stage": "dense", "event": "start"}
{"ts": "2026-09-24T00:34:10.073884+00:00", "trace_id": null, "stage": "dense", "event": "finish", "duration_ms": 0.212, "candidates_out": 20}
{"ts": "2026-09-24T00:34:10.073918+00:00", "trace_id": null, "stage": "lexical", "event": "start"}
{"ts": "2026-09-24T00:34:10.074195+00:00", "trace_id": null, "stage": "lexical", "event": "finish", "duration_ms": 0.276, "candidates_out": 20}
{"ts": "2026-09-24T00:34:10.074236+00:00", "trace_id": null, "stage": "fuse", "event": "start", "candidates_in": 30}
{"ts": "2026-09-24T00:34:10.074317+00:00", "trace_id": null, "stage": "fuse", "event": "finish", "duration_ms": 0.08, "candidates_in": 30, "candidates_out": 20, "top_score": 0.03278688524590164}
{"ts": "2026-09-24T00:34:10.074546+00:00", "trace_id": null, "stage": "rerank", "event": "start", "candidates_in": 20}
{"ts": "2026-09-24T00:34:11.079634+00:00", "trace_id": null, "stage": "rerank", "event": "stage_slow", "duration_ms": 1005.069, "candidates_in": 20, "soft_budget_ms": 1000.0}
{"ts": "2026-09-24T00:34:11.816700+00:00", "trace_id": null, "stage": "rerank", "event": "finish", "duration_ms": 1742.132, "candidates_in": 20, "candidates_out": 20, "top_score": 0.6632837130119178}
{"ts": "2026-09-24T00:34:11.817137+00:00", "trace_id": null, "stage": "gate", "event": "start", "candidates_in": 5}
{"ts": "2026-09-24T00:34:11.817235+00:00", "trace_id": null, "stage": "gate", "event": "finish", "duration_ms": 0.096, "candidates_in": 5, "candidates_out": 5, "top_score": 0.6632837130119178}
{"ts": "2026-09-24T00:34:11.817270+00:00", "trace_id": null, "stage": "embed_query", "event": "start", "model": "Qwen/Qwen3-Embedding-0.6B"}
{"ts": "2026-09-24T00:34:11.848297+00:00", "trace_id": null, "stage": "embed_query", "event": "finish", "duration_ms": 31.025, "model": "Qwen/Qwen3-Embedding-0.6B"}
{"ts": "2026-09-24T00:34:11.848344+00:00", "trace_id": null, "stage": "dense", "event": "start"}
{"ts": "2026-09-24T00:34:11.848574+00:00", "trace_id": null, "stage": "dense", "event": "finish", "duration_ms": 0.229, "candidates_out": 20}
{"ts": "2026-09-24T00:34:11.848604+00:00", "trace_id": null, "stage": "lexical", "event": "start"}
{"ts": "2026-09-24T00:34:11.848861+00:00", "trace_id": null, "stage": "lexical", "event": "finish", "duration_ms": 0.256, "candidates_out": 20}
{"ts": "2026-09-24T00:34:11.848890+00:00", "trace_id": null, "stage": "fuse", "event": "start", "candidates_in": 29}
{"ts": "2026-09-24T00:34:11.848958+00:00", "trace_id": null, "stage": "fuse", "event": "finish", "duration_ms": 0.068, "candidates_in": 29, "candidates_out": 20, "top_score": 0.03278688524590164}
{"ts": "2026-09-24T00:34:11.849185+00:00", "trace_id": null, "stage": "rerank", "event": "start", "candidates_in": 20}
{"ts": "2026-09-24T00:34:12.851761+00:00", "trace_id": null, "stage": "rerank", "event": "stage_slow", "duration_ms": 1002.559, "candidates_in": 20, "soft_budget_ms": 1000.0}
{"ts": "2026-09-24T00:34:13.598136+00:00", "trace_id": null, "stage": "rerank", "event": "finish", "duration_ms": 1748.929, "candidates_in": 20, "candidates_out": 20, "top_score": 0.7135156880462179}
{"ts": "2026-09-24T00:34:13.598618+00:00", "trace_id": null, "stage": "gate", "event": "start", "candidates_in": 5}
{"ts": "2026-09-24T00:34:13.598715+00:00", "trace_id": null, "stage": "gate", "event": "finish", "duration_ms": 0.096, "candidates_in": 5, "candidates_out": 5, "top_score": 0.7135156880462179}
{"ts": "2026-09-24T00:34:13.598750+00:00", "trace_id": null, "stage": "embed_query", "event": "start", "model": "Qwen/Qwen3-Embedding-0.6B"}
{"ts": "2026-09-24T00:34:13.630078+00:00", "trace_id": null, "stage": "embed_query", "event": "finish", "duration_ms": 31.326, "model": "Qwen/Qwen3-Embedding-0.6B"}
{"ts": "2026-09-24T00:34:13.630123+00:00", "trace_id": null, "stage": "dense", "event": "start"}
{"ts": "2026-09-24T00:34:13.630337+00:00", "trace_id": null, "stage": "dense", "event": "finish", "duration_ms": 0.214, "candidates_out": 20}
{"ts": "2026-09-24T00:34:13.630358+00:00", "trace_id": null, "stage": "lexical", "event": "start"}
{"ts": "2026-09-24T00:34:13.630630+00:00", "trace_id": null, "stage": "lexical", "event": "finish", "duration_ms": 0.271, "candidates_out": 20}
{"ts": "2026-09-24T00:34:13.630668+00:00", "trace_id": null, "stage": "fuse", "event": "start", "candidates_in": 27}
{"ts": "2026-09-24T00:34:13.630756+00:00", "trace_id": null, "stage": "fuse", "event": "finish", "duration_ms": 0.087, "candidates_in": 27, "candidates_out": 18, "top_score": 0.03252247488101534}
{"ts": "2026-09-24T00:34:13.630972+00:00", "trace_id": null, "stage": "rerank", "event": "start", "candidates_in": 18}
{"ts": "2026-09-24T00:34:14.634844+00:00", "trace_id": null, "stage": "rerank", "event": "stage_slow", "duration_ms": 1003.855, "candidates_in": 18, "soft_budget_ms": 1000.0}
{"ts": "2026-09-24T00:34:15.192042+00:00", "trace_id": null, "stage": "rerank", "event": "finish", "duration_ms": 1561.05, "candidates_in": 18, "candidates_out": 18, "top_score": 0.7297598163811952}
{"ts": "2026-09-24T00:34:15.192477+00:00", "trace_id": null, "stage": "gate", "event": "start", "candidates_in": 5}
{"ts": "2026-09-24T00:34:15.193443+00:00", "trace_id": null, "stage": "gate", "event": "finish", "duration_ms": 0.965, "candidates_in": 5, "candidates_out": 5, "top_score": 0.7297598163811952}
{"ts": "2026-09-24T00:34:15.193476+00:00", "trace_id": null, "stage": "embed_query", "event": "start", "model": "Qwen/Qwen3-Embedding-0.6B"}
{"ts": "2026-09-24T00:34:15.225493+00:00", "trace_id": null, "stage": "embed_query", "event": "finish", "duration_ms": 32.014, "model": "Qwen/Qwen3-Embedding-0.6B"}
{"ts": "2026-09-24T00:34:15.225540+00:00", "trace_id": null, "stage": "dense", "event": "start"}
{"ts": "2026-09-24T00:34:15.225748+00:00", "trace_id": null, "stage": "dense", "event": "finish", "duration_ms": 0.207, "candidates_out": 20}
{"ts": "2026-09-24T00:34:15.225769+00:00", "trace_id": null, "stage": "lexical", "event": "start"}
{"ts": "2026-09-24T00:34:15.226050+00:00", "trace_id": null, "stage": "lexical", "event": "finish", "duration_ms": 0.28, "candidates_out": 20}
{"ts": "2026-09-24T00:34:15.226086+00:00", "trace_id": null, "stage": "fuse", "event": "start", "candidates_in": 31}
{"ts": "2026-09-24T00:34:15.226155+00:00", "trace_id": null, "stage": "fuse", "event": "finish", "duration_ms": 0.068, "candidates_in": 31, "candidates_out": 22, "top_score": 0.03278688524590164}
{"ts": "2026-09-24T00:34:15.226381+00:00", "trace_id": null, "stage": "rerank", "event": "start", "candidates_in": 20}
{"ts": "2026-09-24T00:34:16.230325+00:00", "trace_id": null, "stage": "rerank", "event": "stage_slow", "duration_ms": 1003.926, "candidates_in": 20, "soft_budget_ms": 1000.0}
{"ts": "2026-09-24T00:34:17.044121+00:00", "trace_id": null, "stage": "rerank", "event": "finish", "duration_ms": 1817.716, "candidates_in": 20, "candidates_out": 20, "top_score": 0.7207418440282718}
{"ts": "2026-09-24T00:34:17.044581+00:00", "trace_id": null, "stage": "gate", "event": "start", "candidates_in": 5}
{"ts": "2026-09-24T00:34:17.046856+00:00", "trace_id": null, "stage": "gate", "event": "finish", "duration_ms": 2.273, "candidates_in": 5, "candidates_out": 5, "top_score": 0.7207418440282718}
{"ts": "2026-09-24T00:34:17.046893+00:00", "trace_id": null, "stage": "embed_query", "event": "start", "model": "Qwen/Qwen3-Embedding-0.6B"}
{"ts": "2026-09-24T00:34:17.079621+00:00", "trace_id": null, "stage": "embed_query", "event": "finish", "duration_ms": 32.726, "model": "Qwen/Qwen3-Embedding-0.6B"}
{"ts": "2026-09-24T00:34:17.079666+00:00", "trace_id": null, "stage": "dense", "event": "start"}
{"ts": "2026-09-24T00:34:17.079872+00:00", "trace_id": null, "stage": "dense", "event": "finish", "duration_ms": 0.205, "candidates_out": 20}
{"ts": "2026-09-24T00:34:17.079901+00:00", "trace_id": null, "stage": "lexical", "event": "start"}
{"ts": "2026-09-24T00:34:17.080203+00:00", "trace_id": null, "stage": "lexical", "event": "finish", "duration_ms": 0.302, "candidates_out": 20}
{"ts": "2026-09-24T00:34:17.080235+00:00", "trace_id": null, "stage": "fuse", "event": "start", "candidates_in": 32}
{"ts": "2026-09-24T00:34:17.080318+00:00", "trace_id": null, "stage": "fuse", "event": "finish", "duration_ms": 0.082, "candidates_in": 32, "candidates_out": 26, "top_score": 0.03252247488101534}
{"ts": "2026-09-24T00:34:17.080599+00:00", "trace_id": null, "stage": "rerank", "event": "start", "candidates_in": 20}
{"ts": "2026-09-24T00:34:18.085671+00:00", "trace_id": null, "stage": "rerank", "event": "stage_slow", "duration_ms": 1005.058, "candidates_in": 20, "soft_budget_ms": 1000.0}
{"ts": "2026-09-24T00:34:18.933844+00:00", "trace_id": null, "stage": "rerank", "event": "finish", "duration_ms": 1853.221, "candidates_in": 20, "candidates_out": 20, "top_score": 0.6809065503797577}
{"ts": "2026-09-24T00:34:18.934288+00:00", "trace_id": null, "stage": "gate", "event": "start", "candidates_in": 5}
{"ts": "2026-09-24T00:34:18.935696+00:00", "trace_id": null, "stage": "gate", "event": "finish", "duration_ms": 1.407, "candidates_in": 5, "candidates_out": 5, "top_score": 0.6809065503797577}
{"ts": "2026-09-24T00:34:18.935725+00:00", "trace_id": null, "stage": "embed_query", "event": "start", "model": "Qwen/Qwen3-Embedding-0.6B"}
{"ts": "2026-09-24T00:34:18.965168+00:00", "trace_id": null, "stage": "embed_query", "event": "finish", "duration_ms": 29.441, "model": "Qwen/Qwen3-Embedding-0.6B"}
{"ts": "2026-09-24T00:34:18.965212+00:00", "trace_id": null, "stage": "dense", "event": "start"}
{"ts": "2026-09-24T00:34:18.965438+00:00", "trace_id": null, "stage": "dense", "event": "finish", "duration_ms": 0.226, "candidates_out": 20}
{"ts": "2026-09-24T00:34:18.965471+00:00", "trace_id": null, "stage": "lexical", "event": "start"}
{"ts": "2026-09-24T00:34:18.965759+00:00", "trace_id": null, "stage": "lexical", "event": "finish", "duration_ms": 0.288, "candidates_out": 20}
{"ts": "2026-09-24T00:34:18.965791+00:00", "trace_id": null, "stage": "fuse", "event": "start", "candidates_in": 31}
{"ts": "2026-09-24T00:34:18.965871+00:00", "trace_id": null, "stage": "fuse", "event": "finish", "duration_ms": 0.08, "candidates_in": 31, "candidates_out": 22, "top_score": 0.031754032258064516}
{"ts": "2026-09-24T00:34:18.966092+00:00", "trace_id": null, "stage": "rerank", "event": "start", "candidates_in": 20}
{"ts": "2026-09-24T00:34:19.967819+00:00", "trace_id": null, "stage": "rerank", "event": "stage_slow", "duration_ms": 1001.709, "candidates_in": 20, "soft_budget_ms": 1000.0}
{"ts": "2026-09-24T00:34:20.650391+00:00", "trace_id": null, "stage": "rerank", "event": "finish", "duration_ms": 1684.276, "candidates_in": 20, "candidates_out": 20, "top_score": 0.6892512985395102}
{"ts": "2026-09-24T00:34:20.650838+00:00", "trace_id": null, "stage": "gate", "event": "start", "candidates_in": 5}
{"ts": "2026-09-24T00:34:20.656628+00:00", "trace_id": null, "stage": "gate", "event": "finish", "duration_ms": 5.789, "candidates_in": 5, "candidates_out": 5, "top_score": 0.6892512985395102}
{"ts": "2026-09-24T00:34:20.656676+00:00", "trace_id": null, "stage": "embed_query", "event": "start", "model": "Qwen/Qwen3-Embedding-0.6B"}
{"ts": "2026-09-24T00:34:20.686721+00:00", "trace_id": null, "stage": "embed_query", "event": "finish", "duration_ms": 30.044, "model": "Qwen/Qwen3-Embedding-0.6B"}
{"ts": "2026-09-24T00:34:20.686767+00:00", "trace_id": null, "stage": "dense", "event": "start"}
{"ts": "2026-09-24T00:34:20.686961+00:00", "trace_id": null, "stage": "dense", "event": "finish", "duration_ms": 0.193, "candidates_out": 20}
{"ts": "2026-09-24T00:34:20.686990+00:00", "trace_id": null, "stage": "lexical", "event": "start"}
{"ts": "2026-09-24T00:34:20.687278+00:00", "trace_id": null, "stage": "lexical", "event": "finish", "duration_ms": 0.287, "candidates_out": 20}
{"ts": "2026-09-24T00:34:20.687321+00:00", "trace_id": null, "stage": "fuse", "event": "start", "candidates_in": 32}
{"ts": "2026-09-24T00:34:20.687403+00:00", "trace_id": null, "stage": "fuse", "event": "finish", "duration_ms": 0.082, "candidates_in": 32, "candidates_out": 21, "top_score": 0.03252247488101534}
{"ts": "2026-09-24T00:34:20.687607+00:00", "trace_id": null, "stage": "rerank", "event": "start", "candidates_in": 20}
{"ts": "2026-09-24T00:34:21.692692+00:00", "trace_id": null, "stage": "rerank", "event": "stage_slow", "duration_ms": 1005.067, "candidates_in": 20, "soft_budget_ms": 1000.0}
{"ts": "2026-09-24T00:34:22.379771+00:00", "trace_id": null, "stage": "rerank", "event": "finish", "duration_ms": 1692.141, "candidates_in": 20, "candidates_out": 20, "top_score": 0.6857463902016058}
{"ts": "2026-09-24T00:34:22.380212+00:00", "trace_id": null, "stage": "gate", "event": "start", "candidates_in": 5}
{"ts": "2026-09-24T00:34:22.382479+00:00", "trace_id": null, "stage": "gate", "event": "finish", "duration_ms": 2.266, "candidates_in": 5, "candidates_out": 5, "top_score": 0.6857463902016058}
{"ts": "2026-09-24T00:34:22.382520+00:00", "trace_id": null, "stage": "embed_query", "event": "start", "model": "Qwen/Qwen3-Embedding-0.6B"}
{"ts": "2026-09-24T00:34:22.412976+00:00", "trace_id": null, "stage": "embed_query", "event": "finish", "duration_ms": 30.452, "model": "Qwen/Qwen3-Embedding-0.6B"}
{"ts": "2026-09-24T00:34:22.413029+00:00", "trace_id": null, "stage": "dense", "event": "start"}
{"ts": "2026-09-24T00:34:22.413237+00:00", "trace_id": null, "stage": "dense", "event": "finish", "duration_ms": 0.207, "candidates_out": 20}
{"ts": "2026-09-24T00:34:22.413268+00:00", "trace_id": null, "stage": "lexical", "event": "start"}
{"ts": "2026-09-24T00:34:22.413547+00:00", "trace_id": null, "stage": "lexical", "event": "finish", "duration_ms": 0.278, "candidates_out": 20}
{"ts": "2026-09-24T00:34:22.413585+00:00", "trace_id": null, "stage": "fuse", "event": "start", "candidates_in": 32}
{"ts": "2026-09-24T00:34:22.413671+00:00", "trace_id": null, "stage": "fuse", "event": "finish", "duration_ms": 0.086, "candidates_in": 32, "candidates_out": 21, "top_score": 0.03252247488101534}
{"ts": "2026-09-24T00:34:22.413893+00:00", "trace_id": null, "stage": "rerank", "event": "start", "candidates_in": 20}
{"ts": "2026-09-24T00:34:23.418452+00:00", "trace_id": null, "stage": "rerank", "event": "stage_slow", "duration_ms": 1004.541, "candidates_in": 20, "soft_budget_ms": 1000.0}
{"ts": "2026-09-24T00:34:24.382798+00:00", "trace_id": null, "stage": "rerank", "event": "finish", "duration_ms": 1968.88, "candidates_in": 20, "candidates_out": 20, "top_score": 0.7305384304597763}
{"ts": "2026-09-24T00:34:24.383270+00:00", "trace_id": null, "stage": "gate", "event": "start", "candidates_in": 5}
{"ts": "2026-09-24T00:34:24.385932+00:00", "trace_id": null, "stage": "gate", "event": "finish", "duration_ms": 2.663, "candidates_in": 5, "candidates_out": 5, "top_score": 0.7305267087367207}
{"ts": "2026-09-24T00:34:24.385968+00:00", "trace_id": null, "stage": "embed_query", "event": "start", "model": "Qwen/Qwen3-Embedding-0.6B"}
{"ts": "2026-09-24T00:34:24.417736+00:00", "trace_id": null, "stage": "embed_query", "event": "finish", "duration_ms": 31.764, "model": "Qwen/Qwen3-Embedding-0.6B"}
{"ts": "2026-09-24T00:34:24.417787+00:00", "trace_id": null, "stage": "dense", "event": "start"}
{"ts": "2026-09-24T00:34:24.417994+00:00", "trace_id": null, "stage": "dense", "event": "finish", "duration_ms": 0.206, "candidates_out": 20}
{"ts": "2026-09-24T00:34:24.418030+00:00", "trace_id": null, "stage": "lexical", "event": "start"}
{"ts": "2026-09-24T00:34:24.418367+00:00", "trace_id": null, "stage": "lexical", "event": "finish", "duration_ms": 0.337, "candidates_out": 20}
{"ts": "2026-09-24T00:34:24.418398+00:00", "trace_id": null, "stage": "fuse", "event": "start", "candidates_in": 33}
{"ts": "2026-09-24T00:34:24.418559+00:00", "trace_id": null, "stage": "fuse", "event": "finish", "duration_ms": 0.161, "candidates_in": 33, "candidates_out": 22, "top_score": 0.03278688524590164}
{"ts": "2026-09-24T00:34:24.418874+00:00", "trace_id": null, "stage": "rerank", "event": "start", "candidates_in": 20}
{"ts": "2026-09-24T00:34:25.423962+00:00", "trace_id": null, "stage": "rerank", "event": "stage_slow", "duration_ms": 1005.07, "candidates_in": 20, "soft_budget_ms": 1000.0}
{"ts": "2026-09-24T00:34:26.250380+00:00", "trace_id": null, "stage": "rerank", "event": "finish", "duration_ms": 1831.483, "candidates_in": 20, "candidates_out": 20, "top_score": 0.7308836133919727}
{"ts": "2026-09-24T00:34:26.250885+00:00", "trace_id": null, "stage": "gate", "event": "start", "candidates_in": 5}
{"ts": "2026-09-24T00:34:26.254302+00:00", "trace_id": null, "stage": "gate", "event": "finish", "duration_ms": 3.415, "candidates_in": 5, "candidates_out": 5, "top_score": 0.7308836133919727}
{"ts": "2026-09-24T00:34:26.254343+00:00", "trace_id": null, "stage": "embed_query", "event": "start", "model": "Qwen/Qwen3-Embedding-0.6B"}
{"ts": "2026-09-24T00:34:26.284820+00:00", "trace_id": null, "stage": "embed_query", "event": "finish", "duration_ms": 30.474, "model": "Qwen/Qwen3-Embedding-0.6B"}
{"ts": "2026-09-24T00:34:26.284877+00:00", "trace_id": null, "stage": "dense", "event": "start"}
{"ts": "2026-09-24T00:34:26.285119+00:00", "trace_id": null, "stage": "dense", "event": "finish", "duration_ms": 0.241, "candidates_out": 20}
{"ts": "2026-09-24T00:34:26.285144+00:00", "trace_id": null, "stage": "lexical", "event": "start"}
{"ts": "2026-09-24T00:34:26.285433+00:00", "trace_id": null, "stage": "lexical", "event": "finish", "duration_ms": 0.287, "candidates_out": 20}
{"ts": "2026-09-24T00:34:26.285471+00:00", "trace_id": null, "stage": "fuse", "event": "start", "candidates_in": 32}
{"ts": "2026-09-24T00:34:26.285550+00:00", "trace_id": null, "stage": "fuse", "event": "finish", "duration_ms": 0.078, "candidates_in": 32, "candidates_out": 22, "top_score": 0.03278688524590164}
{"ts": "2026-09-24T00:34:26.285758+00:00", "trace_id": null, "stage": "rerank", "event": "start", "candidates_in": 20}
{"ts": "2026-09-24T00:34:27.288550+00:00", "trace_id": null, "stage": "rerank", "event": "stage_slow", "duration_ms": 1002.774, "candidates_in": 20, "soft_budget_ms": 1000.0}
{"ts": "2026-09-24T00:34:28.249421+00:00", "trace_id": null, "stage": "rerank", "event": "finish", "duration_ms": 1963.639, "candidates_in": 20, "candidates_out": 20, "top_score": 0.7291307288567872}
{"ts": "2026-09-24T00:34:28.249866+00:00", "trace_id": null, "stage": "gate", "event": "start", "candidates_in": 5}
{"ts": "2026-09-24T00:34:28.249950+00:00", "trace_id": null, "stage": "gate", "event": "finish", "duration_ms": 0.084, "candidates_in": 5, "candidates_out": 5, "top_score": 0.7291307288567872}
{"ts": "2026-09-24T00:34:28.249976+00:00", "trace_id": null, "stage": "embed_query", "event": "start", "model": "Qwen/Qwen3-Embedding-0.6B"}
{"ts": "2026-09-24T00:34:28.280254+00:00", "trace_id": null, "stage": "embed_query", "event": "finish", "duration_ms": 30.274, "model": "Qwen/Qwen3-Embedding-0.6B"}
{"ts": "2026-09-24T00:34:28.280310+00:00", "trace_id": null, "stage": "dense", "event": "start"}
{"ts": "2026-09-24T00:34:28.280540+00:00", "trace_id": null, "stage": "dense", "event": "finish", "duration_ms": 0.228, "candidates_out": 20}
{"ts": "2026-09-24T00:34:28.280573+00:00", "trace_id": null, "stage": "lexical", "event": "start"}
{"ts": "2026-09-24T00:34:28.280871+00:00", "trace_id": null, "stage": "lexical", "event": "finish", "duration_ms": 0.298, "candidates_out": 20}
{"ts": "2026-09-24T00:34:28.280910+00:00", "trace_id": null, "stage": "fuse", "event": "start", "candidates_in": 33}
{"ts": "2026-09-24T00:34:28.280986+00:00", "trace_id": null, "stage": "fuse", "event": "finish", "duration_ms": 0.076, "candidates_in": 33, "candidates_out": 20, "top_score": 0.03225806451612903}
{"ts": "2026-09-24T00:34:28.281235+00:00", "trace_id": null, "stage": "rerank", "event": "start", "candidates_in": 20}
{"ts": "2026-09-24T00:34:29.283053+00:00", "trace_id": null, "stage": "rerank", "event": "stage_slow", "duration_ms": 1001.804, "candidates_in": 20, "soft_budget_ms": 1000.0}
{"ts": "2026-09-24T00:34:30.256436+00:00", "trace_id": null, "stage": "rerank", "event": "finish", "duration_ms": 1975.178, "candidates_in": 20, "candidates_out": 20, "top_score": 0.7081424104609778}
{"ts": "2026-09-24T00:34:30.256873+00:00", "trace_id": null, "stage": "gate", "event": "start", "candidates_in": 5}
{"ts": "2026-09-24T00:34:30.258182+00:00", "trace_id": null, "stage": "gate", "event": "finish", "duration_ms": 1.308, "candidates_in": 5, "candidates_out": 5, "top_score": 0.7081424104609778}
{"ts": "2026-09-24T00:34:30.258216+00:00", "trace_id": null, "stage": "embed_query", "event": "start", "model": "Qwen/Qwen3-Embedding-0.6B"}
{"ts": "2026-09-24T00:34:30.289535+00:00", "trace_id": null, "stage": "embed_query", "event": "finish", "duration_ms": 31.315, "model": "Qwen/Qwen3-Embedding-0.6B"}
{"ts": "2026-09-24T00:34:30.289584+00:00", "trace_id": null, "stage": "dense", "event": "start"}
{"ts": "2026-09-24T00:34:30.289787+00:00", "trace_id": null, "stage": "dense", "event": "finish", "duration_ms": 0.201, "candidates_out": 20}
{"ts": "2026-09-24T00:34:30.289815+00:00", "trace_id": null, "stage": "lexical", "event": "start"}
{"ts": "2026-09-24T00:34:30.290110+00:00", "trace_id": null, "stage": "lexical", "event": "finish", "duration_ms": 0.294, "candidates_out": 20}
{"ts": "2026-09-24T00:34:30.290151+00:00", "trace_id": null, "stage": "fuse", "event": "start", "candidates_in": 34}
{"ts": "2026-09-24T00:34:30.290243+00:00", "trace_id": null, "stage": "fuse", "event": "finish", "duration_ms": 0.091, "candidates_in": 34, "candidates_out": 26, "top_score": 0.03278688524590164}
{"ts": "2026-09-24T00:34:30.290482+00:00", "trace_id": null, "stage": "rerank", "event": "start", "candidates_in": 20}
{"ts": "2026-09-24T00:34:31.293057+00:00", "trace_id": null, "stage": "rerank", "event": "stage_slow", "duration_ms": 1002.556, "candidates_in": 20, "soft_budget_ms": 1000.0}
{"ts": "2026-09-24T00:34:32.277516+00:00", "trace_id": null, "stage": "rerank", "event": "finish", "duration_ms": 1987.009, "candidates_in": 20, "candidates_out": 20, "top_score": 0.7291828397488201}
{"ts": "2026-09-24T00:34:32.277981+00:00", "trace_id": null, "stage": "gate", "event": "start", "candidates_in": 5}
{"ts": "2026-09-24T00:34:32.279611+00:00", "trace_id": null, "stage": "gate", "event": "finish", "duration_ms": 1.629, "candidates_in": 5, "candidates_out": 5, "top_score": 0.7291828397488201}
{"ts": "2026-09-24T00:34:32.279663+00:00", "trace_id": null, "stage": "embed_query", "event": "start", "model": "Qwen/Qwen3-Embedding-0.6B"}
{"ts": "2026-09-24T00:34:32.309743+00:00", "trace_id": null, "stage": "embed_query", "event": "finish", "duration_ms": 30.078, "model": "Qwen/Qwen3-Embedding-0.6B"}
{"ts": "2026-09-24T00:34:32.309790+00:00", "trace_id": null, "stage": "dense", "event": "start"}
{"ts": "2026-09-24T00:34:32.310002+00:00", "trace_id": null, "stage": "dense", "event": "finish", "duration_ms": 0.211, "candidates_out": 20}
{"ts": "2026-09-24T00:34:32.310030+00:00", "trace_id": null, "stage": "lexical", "event": "start"}
{"ts": "2026-09-24T00:34:32.310370+00:00", "trace_id": null, "stage": "lexical", "event": "finish", "duration_ms": 0.34, "candidates_out": 20}
{"ts": "2026-09-24T00:34:32.310419+00:00", "trace_id": null, "stage": "fuse", "event": "start", "candidates_in": 34}
{"ts": "2026-09-24T00:34:32.310508+00:00", "trace_id": null, "stage": "fuse", "event": "finish", "duration_ms": 0.088, "candidates_in": 34, "candidates_out": 26, "top_score": 0.03278688524590164}
{"ts": "2026-09-24T00:34:32.310723+00:00", "trace_id": null, "stage": "rerank", "event": "start", "candidates_in": 20}
{"ts": "2026-09-24T00:34:33.315823+00:00", "trace_id": null, "stage": "rerank", "event": "stage_slow", "duration_ms": 1005.086, "candidates_in": 20, "soft_budget_ms": 1000.0}
{"ts": "2026-09-24T00:34:34.305426+00:00", "trace_id": null, "stage": "rerank", "event": "finish", "duration_ms": 1994.678, "candidates_in": 20, "candidates_out": 20, "top_score": 0.7004073166671512}
{"ts": "2026-09-24T00:34:34.305874+00:00", "trace_id": null, "stage": "gate", "event": "start", "candidates_in": 5}
{"ts": "2026-09-24T00:34:34.305966+00:00", "trace_id": null, "stage": "gate", "event": "finish", "duration_ms": 0.093, "candidates_in": 5, "candidates_out": 5, "top_score": 0.7004073166671512}
{"ts": "2026-09-24T00:34:34.306001+00:00", "trace_id": null, "stage": "embed_query", "event": "start", "model": "Qwen/Qwen3-Embedding-0.6B"}
{"ts": "2026-09-24T00:34:34.337460+00:00", "trace_id": null, "stage": "embed_query", "event": "finish", "duration_ms": 31.456, "model": "Qwen/Qwen3-Embedding-0.6B"}
{"ts": "2026-09-24T00:34:34.337509+00:00", "trace_id": null, "stage": "dense", "event": "start"}
{"ts": "2026-09-24T00:34:34.337716+00:00", "trace_id": null, "stage": "dense", "event": "finish", "duration_ms": 0.207, "candidates_out": 20}
{"ts": "2026-09-24T00:34:34.337738+00:00", "trace_id": null, "stage": "lexical", "event": "start"}
{"ts": "2026-09-24T00:34:34.338017+00:00", "trace_id": null, "stage": "lexical", "event": "finish", "duration_ms": 0.279, "candidates_out": 20}
{"ts": "2026-09-24T00:34:34.338045+00:00", "trace_id": null, "stage": "fuse", "event": "start", "candidates_in": 34}
{"ts": "2026-09-24T00:34:34.338116+00:00", "trace_id": null, "stage": "fuse", "event": "finish", "duration_ms": 0.07, "candidates_in": 34, "candidates_out": 22, "top_score": 0.03278688524590164}
{"ts": "2026-09-24T00:34:34.338366+00:00", "trace_id": null, "stage": "rerank", "event": "start", "candidates_in": 20}
{"ts": "2026-09-24T00:34:35.343456+00:00", "trace_id": null, "stage": "rerank", "event": "stage_slow", "duration_ms": 1005.074, "candidates_in": 20, "soft_budget_ms": 1000.0}
{"ts": "2026-09-24T00:34:36.105236+00:00", "trace_id": null, "stage": "rerank", "event": "finish", "duration_ms": 1766.848, "candidates_in": 20, "candidates_out": 20, "top_score": 0.7287884674012421}
{"ts": "2026-09-24T00:34:36.105709+00:00", "trace_id": null, "stage": "gate", "event": "start", "candidates_in": 5}
{"ts": "2026-09-24T00:34:36.105811+00:00", "trace_id": null, "stage": "gate", "event": "finish", "duration_ms": 0.102, "candidates_in": 5, "candidates_out": 5, "top_score": 0.7287884674012421}
{"ts": "2026-09-24T00:34:36.105846+00:00", "trace_id": null, "stage": "embed_query", "event": "start", "model": "Qwen/Qwen3-Embedding-0.6B"}
{"ts": "2026-09-24T00:34:36.138303+00:00", "trace_id": null, "stage": "embed_query", "event": "finish", "duration_ms": 32.454, "model": "Qwen/Qwen3-Embedding-0.6B"}
{"ts": "2026-09-24T00:34:36.138359+00:00", "trace_id": null, "stage": "dense", "event": "start"}
{"ts": "2026-09-24T00:34:36.138591+00:00", "trace_id": null, "stage": "dense", "event": "finish", "duration_ms": 0.23, "candidates_out": 20}
{"ts": "2026-09-24T00:34:36.138625+00:00", "trace_id": null, "stage": "lexical", "event": "start"}
{"ts": "2026-09-24T00:34:36.138890+00:00", "trace_id": null, "stage": "lexical", "event": "finish", "duration_ms": 0.264, "candidates_out": 19}
{"ts": "2026-09-24T00:34:36.138923+00:00", "trace_id": null, "stage": "fuse", "event": "start", "candidates_in": 26}
{"ts": "2026-09-24T00:34:36.138994+00:00", "trace_id": null, "stage": "fuse", "event": "finish", "duration_ms": 0.069, "candidates_in": 26, "candidates_out": 16, "top_score": 0.03278688524590164}
{"ts": "2026-09-24T00:34:36.139203+00:00", "trace_id": null, "stage": "rerank", "event": "start", "candidates_in": 16}
{"ts": "2026-09-24T00:34:37.143522+00:00", "trace_id": null, "stage": "rerank", "event": "stage_slow", "duration_ms": 1004.3, "candidates_in": 16, "soft_budget_ms": 1000.0}
{"ts": "2026-09-24T00:34:37.562403+00:00", "trace_id": null, "stage": "rerank", "event": "finish", "duration_ms": 1423.18, "candidates_in": 16, "candidates_out": 16, "top_score": 0.6566697871163449}
{"ts": "2026-09-24T00:34:37.562802+00:00", "trace_id": null, "stage": "gate", "event": "start", "candidates_in": 5}
{"ts": "2026-09-24T00:34:37.562888+00:00", "trace_id": null, "stage": "gate", "event": "finish", "duration_ms": 0.086, "candidates_in": 5, "candidates_out": 5, "top_score": 0.6566697871163449}
{"ts": "2026-09-24T00:34:37.562913+00:00", "trace_id": null, "stage": "embed_query", "event": "start", "model": "Qwen/Qwen3-Embedding-0.6B"}
{"ts": "2026-09-24T00:34:37.594592+00:00", "trace_id": null, "stage": "embed_query", "event": "finish", "duration_ms": 31.676, "model": "Qwen/Qwen3-Embedding-0.6B"}
{"ts": "2026-09-24T00:34:37.594643+00:00", "trace_id": null, "stage": "dense", "event": "start"}
{"ts": "2026-09-24T00:34:37.594843+00:00", "trace_id": null, "stage": "dense", "event": "finish", "duration_ms": 0.2, "candidates_out": 20}
{"ts": "2026-09-24T00:34:37.594864+00:00", "trace_id": null, "stage": "lexical", "event": "start"}
{"ts": "2026-09-24T00:34:37.595137+00:00", "trace_id": null, "stage": "lexical", "event": "finish", "duration_ms": 0.272, "candidates_out": 20}
{"ts": "2026-09-24T00:34:37.595179+00:00", "trace_id": null, "stage": "fuse", "event": "start", "candidates_in": 30}
{"ts": "2026-09-24T00:34:37.595248+00:00", "trace_id": null, "stage": "fuse", "event": "finish", "duration_ms": 0.069, "candidates_in": 30, "candidates_out": 21, "top_score": 0.032266458495966696}
{"ts": "2026-09-24T00:34:37.595477+00:00", "trace_id": null, "stage": "rerank", "event": "start", "candidates_in": 20}
{"ts": "2026-09-24T00:34:38.598537+00:00", "trace_id": null, "stage": "rerank", "event": "stage_slow", "duration_ms": 1003.043, "candidates_in": 20, "soft_budget_ms": 1000.0}
{"ts": "2026-09-24T00:34:39.452627+00:00", "trace_id": null, "stage": "rerank", "event": "finish", "duration_ms": 1857.127, "candidates_in": 20, "candidates_out": 20, "top_score": 0.700393883703674}
{"ts": "2026-09-24T00:34:39.453074+00:00", "trace_id": null, "stage": "gate", "event": "start", "candidates_in": 5}
{"ts": "2026-09-24T00:34:39.454601+00:00", "trace_id": null, "stage": "gate", "event": "finish", "duration_ms": 1.526, "candidates_in": 5, "candidates_out": 5, "top_score": 0.700393883703674}
{"ts": "2026-09-24T00:34:39.454638+00:00", "trace_id": null, "stage": "embed_query", "event": "start", "model": "Qwen/Qwen3-Embedding-0.6B"}
{"ts": "2026-09-24T00:34:39.485005+00:00", "trace_id": null, "stage": "embed_query", "event": "finish", "duration_ms": 30.365, "model": "Qwen/Qwen3-Embedding-0.6B"}
{"ts": "2026-09-24T00:34:39.485055+00:00", "trace_id": null, "stage": "dense", "event": "start"}
{"ts": "2026-09-24T00:34:39.485271+00:00", "trace_id": null, "stage": "dense", "event": "finish", "duration_ms": 0.215, "candidates_out": 20}
{"ts": "2026-09-24T00:34:39.485318+00:00", "trace_id": null, "stage": "lexical", "event": "start"}
{"ts": "2026-09-24T00:34:39.485627+00:00", "trace_id": null, "stage": "lexical", "event": "finish", "duration_ms": 0.309, "candidates_out": 20}
{"ts": "2026-09-24T00:34:39.485663+00:00", "trace_id": null, "stage": "fuse", "event": "start", "candidates_in": 21}
{"ts": "2026-09-24T00:34:39.485739+00:00", "trace_id": null, "stage": "fuse", "event": "finish", "duration_ms": 0.076, "candidates_in": 21, "candidates_out": 15, "top_score": 0.032018442622950824}
{"ts": "2026-09-24T00:34:39.485912+00:00", "trace_id": null, "stage": "rerank", "event": "start", "candidates_in": 15}
{"ts": "2026-09-24T00:34:40.490997+00:00", "trace_id": null, "stage": "rerank", "event": "stage_slow", "duration_ms": 1005.068, "candidates_in": 15, "soft_budget_ms": 1000.0}
{"ts": "2026-09-24T00:34:40.812331+00:00", "trace_id": null, "stage": "rerank", "event": "finish", "duration_ms": 1326.4, "candidates_in": 15, "candidates_out": 15, "top_score": 0.68453671702318}
{"ts": "2026-09-24T00:34:40.812742+00:00", "trace_id": null, "stage": "gate", "event": "start", "candidates_in": 5}
{"ts": "2026-09-24T00:34:40.818317+00:00", "trace_id": null, "stage": "gate", "event": "finish", "duration_ms": 5.575, "candidates_in": 5, "candidates_out": 5, "top_score": 0.68453671702318}
{"ts": "2026-09-24T00:34:40.818348+00:00", "trace_id": null, "stage": "embed_query", "event": "start", "model": "Qwen/Qwen3-Embedding-0.6B"}
{"ts": "2026-09-24T00:34:40.849629+00:00", "trace_id": null, "stage": "embed_query", "event": "finish", "duration_ms": 31.277, "model": "Qwen/Qwen3-Embedding-0.6B"}
{"ts": "2026-09-24T00:34:40.849681+00:00", "trace_id": null, "stage": "dense", "event": "start"}
{"ts": "2026-09-24T00:34:40.849895+00:00", "trace_id": null, "stage": "dense", "event": "finish", "duration_ms": 0.213, "candidates_out": 20}
{"ts": "2026-09-24T00:34:40.849927+00:00", "trace_id": null, "stage": "lexical", "event": "start"}
{"ts": "2026-09-24T00:34:40.850212+00:00", "trace_id": null, "stage": "lexical", "event": "finish", "duration_ms": 0.285, "candidates_out": 20}
{"ts": "2026-09-24T00:34:40.850242+00:00", "trace_id": null, "stage": "fuse", "event": "start", "candidates_in": 31}
{"ts": "2026-09-24T00:34:40.850331+00:00", "trace_id": null, "stage": "fuse", "event": "finish", "duration_ms": 0.087, "candidates_in": 31, "candidates_out": 20, "top_score": 0.03278688524590164}
{"ts": "2026-09-24T00:34:40.850564+00:00", "trace_id": null, "stage": "rerank", "event": "start", "candidates_in": 20}
{"ts": "2026-09-24T00:34:41.855642+00:00", "trace_id": null, "stage": "rerank", "event": "stage_slow", "duration_ms": 1005.063, "candidates_in": 20, "soft_budget_ms": 1000.0}
{"ts": "2026-09-24T00:34:42.603936+00:00", "trace_id": null, "stage": "rerank", "event": "finish", "duration_ms": 1753.349, "candidates_in": 20, "candidates_out": 20, "top_score": 0.6037366344417459}
{"ts": "2026-09-24T00:34:42.604401+00:00", "trace_id": null, "stage": "gate", "event": "start", "candidates_in": 5}
{"ts": "2026-09-24T00:34:42.607196+00:00", "trace_id": null, "stage": "gate", "event": "finish", "duration_ms": 2.795, "candidates_in": 5, "candidates_out": 5, "top_score": 0.5320473040102167}
{"ts": "2026-09-24T00:34:42.607227+00:00", "trace_id": null, "stage": "embed_query", "event": "start", "model": "Qwen/Qwen3-Embedding-0.6B"}
{"ts": "2026-09-24T00:34:42.638545+00:00", "trace_id": null, "stage": "embed_query", "event": "finish", "duration_ms": 31.314, "model": "Qwen/Qwen3-Embedding-0.6B"}
{"ts": "2026-09-24T00:34:42.638590+00:00", "trace_id": null, "stage": "dense", "event": "start"}
{"ts": "2026-09-24T00:34:42.638786+00:00", "trace_id": null, "stage": "dense", "event": "finish", "duration_ms": 0.196, "candidates_out": 20}
{"ts": "2026-09-24T00:34:42.638807+00:00", "trace_id": null, "stage": "lexical", "event": "start"}
{"ts": "2026-09-24T00:34:42.639112+00:00", "trace_id": null, "stage": "lexical", "event": "finish", "duration_ms": 0.304, "candidates_out": 20}
{"ts": "2026-09-24T00:34:42.639157+00:00", "trace_id": null, "stage": "fuse", "event": "start", "candidates_in": 33}
{"ts": "2026-09-24T00:34:42.639242+00:00", "trace_id": null, "stage": "fuse", "event": "finish", "duration_ms": 0.085, "candidates_in": 33, "candidates_out": 20, "top_score": 0.03278688524590164}
{"ts": "2026-09-24T00:34:42.639474+00:00", "trace_id": null, "stage": "rerank", "event": "start", "candidates_in": 20}
{"ts": "2026-09-24T00:34:43.643569+00:00", "trace_id": null, "stage": "rerank", "event": "stage_slow", "duration_ms": 1004.061, "candidates_in": 20, "soft_budget_ms": 1000.0}
{"ts": "2026-09-24T00:34:44.705499+00:00", "trace_id": null, "stage": "rerank", "event": "finish", "duration_ms": 2065.999, "candidates_in": 20, "candidates_out": 20, "top_score": 0.6640747464854982}
{"ts": "2026-09-24T00:34:44.705950+00:00", "trace_id": null, "stage": "gate", "event": "start", "candidates_in": 5}
{"ts": "2026-09-24T00:34:44.706046+00:00", "trace_id": null, "stage": "gate", "event": "finish", "duration_ms": 0.095, "candidates_in": 5, "candidates_out": 5, "top_score": 0.6640747464854982}
{"ts": "2026-09-24T00:34:44.706081+00:00", "trace_id": null, "stage": "embed_query", "event": "start", "model": "Qwen/Qwen3-Embedding-0.6B"}
{"ts": "2026-09-24T00:34:44.736386+00:00", "trace_id": null, "stage": "embed_query", "event": "finish", "duration_ms": 30.302, "model": "Qwen/Qwen3-Embedding-0.6B"}
{"ts": "2026-09-24T00:34:44.736428+00:00", "trace_id": null, "stage": "dense", "event": "start"}
{"ts": "2026-09-24T00:34:44.736632+00:00", "trace_id": null, "stage": "dense", "event": "finish", "duration_ms": 0.203, "candidates_out": 20}
{"ts": "2026-09-24T00:34:44.736651+00:00", "trace_id": null, "stage": "lexical", "event": "start"}
{"ts": "2026-09-24T00:34:44.736874+00:00", "trace_id": null, "stage": "lexical", "event": "finish", "duration_ms": 0.222, "candidates_out": 13}
{"ts": "2026-09-24T00:34:44.736903+00:00", "trace_id": null, "stage": "fuse", "event": "start", "candidates_in": 25}
{"ts": "2026-09-24T00:34:44.736961+00:00", "trace_id": null, "stage": "fuse", "event": "finish", "duration_ms": 0.058, "candidates_in": 25, "candidates_out": 19, "top_score": 0.03278688524590164}
{"ts": "2026-09-24T00:34:44.737179+00:00", "trace_id": null, "stage": "rerank", "event": "start", "candidates_in": 19}
{"ts": "2026-09-24T00:34:45.742256+00:00", "trace_id": null, "stage": "rerank", "event": "stage_slow", "duration_ms": 1005.06, "candidates_in": 19, "soft_budget_ms": 1000.0}
{"ts": "2026-09-24T00:34:46.705909+00:00", "trace_id": null, "stage": "rerank", "event": "finish", "duration_ms": 1968.705, "candidates_in": 19, "candidates_out": 19, "top_score": 0.6822886850511104}
{"ts": "2026-09-24T00:34:46.706359+00:00", "trace_id": null, "stage": "gate", "event": "start", "candidates_in": 5}
{"ts": "2026-09-24T00:34:46.707697+00:00", "trace_id": null, "stage": "gate", "event": "finish", "duration_ms": 1.338, "candidates_in": 5, "candidates_out": 5, "top_score": 0.6822886850511104}
{"ts": "2026-09-24T00:34:46.707726+00:00", "trace_id": null, "stage": "embed_query", "event": "start", "model": "Qwen/Qwen3-Embedding-0.6B"}
{"ts": "2026-09-24T00:34:46.738008+00:00", "trace_id": null, "stage": "embed_query", "event": "finish", "duration_ms": 30.279, "model": "Qwen/Qwen3-Embedding-0.6B"}
{"ts": "2026-09-24T00:34:46.738052+00:00", "trace_id": null, "stage": "dense", "event": "start"}
{"ts": "2026-09-24T00:34:46.738252+00:00", "trace_id": null, "stage": "dense", "event": "finish", "duration_ms": 0.2, "candidates_out": 20}
{"ts": "2026-09-24T00:34:46.738272+00:00", "trace_id": null, "stage": "lexical", "event": "start"}
{"ts": "2026-09-24T00:34:46.738526+00:00", "trace_id": null, "stage": "lexical", "event": "finish", "duration_ms": 0.254, "candidates_out": 20}
{"ts": "2026-09-24T00:34:46.738555+00:00", "trace_id": null, "stage": "fuse", "event": "start", "candidates_in": 33}
{"ts": "2026-09-24T00:34:46.738631+00:00", "trace_id": null, "stage": "fuse", "event": "finish", "duration_ms": 0.076, "candidates_in": 33, "candidates_out": 22, "top_score": 0.03278688524590164}
{"ts": "2026-09-24T00:34:46.738861+00:00", "trace_id": null, "stage": "rerank", "event": "start", "candidates_in": 20}
{"ts": "2026-09-24T00:34:47.742263+00:00", "trace_id": null, "stage": "rerank", "event": "stage_slow", "duration_ms": 1003.386, "candidates_in": 20, "soft_budget_ms": 1000.0}
{"ts": "2026-09-24T00:34:48.815764+00:00", "trace_id": null, "stage": "rerank", "event": "finish", "duration_ms": 2076.879, "candidates_in": 20, "candidates_out": 20, "top_score": 0.7209404319001321}
{"ts": "2026-09-24T00:34:48.816211+00:00", "trace_id": null, "stage": "gate", "event": "start", "candidates_in": 5}
{"ts": "2026-09-24T00:34:48.817710+00:00", "trace_id": null, "stage": "gate", "event": "finish", "duration_ms": 1.497, "candidates_in": 5, "candidates_out": 5, "top_score": 0.7209404319001321}
{"ts": "2026-09-24T00:34:48.817747+00:00", "trace_id": null, "stage": "embed_query", "event": "start", "model": "Qwen/Qwen3-Embedding-0.6B"}
{"ts": "2026-09-24T00:34:48.849115+00:00", "trace_id": null, "stage": "embed_query", "event": "finish", "duration_ms": 31.367, "model": "Qwen/Qwen3-Embedding-0.6B"}
{"ts": "2026-09-24T00:34:48.849159+00:00", "trace_id": null, "stage": "dense", "event": "start"}
{"ts": "2026-09-24T00:34:48.849371+00:00", "trace_id": null, "stage": "dense", "event": "finish", "duration_ms": 0.211, "candidates_out": 20}
{"ts": "2026-09-24T00:34:48.849404+00:00", "trace_id": null, "stage": "lexical", "event": "start"}
{"ts": "2026-09-24T00:34:48.849679+00:00", "trace_id": null, "stage": "lexical", "event": "finish", "duration_ms": 0.276, "candidates_out": 20}
{"ts": "2026-09-24T00:34:48.849710+00:00", "trace_id": null, "stage": "fuse", "event": "start", "candidates_in": 35}
{"ts": "2026-09-24T00:34:48.849771+00:00", "trace_id": null, "stage": "fuse", "event": "finish", "duration_ms": 0.061, "candidates_in": 35, "candidates_out": 22, "top_score": 0.032266458495966696}
{"ts": "2026-09-24T00:34:48.850005+00:00", "trace_id": null, "stage": "rerank", "event": "start", "candidates_in": 20}
{"ts": "2026-09-24T00:34:49.851977+00:00", "trace_id": null, "stage": "rerank", "event": "stage_slow", "duration_ms": 1001.951, "candidates_in": 20, "soft_budget_ms": 1000.0}
{"ts": "2026-09-24T00:34:50.898621+00:00", "trace_id": null, "stage": "rerank", "event": "finish", "duration_ms": 2048.59, "candidates_in": 20, "candidates_out": 20, "top_score": 0.7098081471948069}
{"ts": "2026-09-24T00:34:50.899133+00:00", "trace_id": null, "stage": "gate", "event": "start", "candidates_in": 5}
{"ts": "2026-09-24T00:34:50.900644+00:00", "trace_id": null, "stage": "gate", "event": "finish", "duration_ms": 1.51, "candidates_in": 5, "candidates_out": 5, "top_score": 0.7098081471948069}
{"ts": "2026-09-24T00:34:50.900680+00:00", "trace_id": null, "stage": "embed_query", "event": "start", "model": "Qwen/Qwen3-Embedding-0.6B"}
{"ts": "2026-09-24T00:34:50.934068+00:00", "trace_id": null, "stage": "embed_query", "event": "finish", "duration_ms": 33.385, "model": "Qwen/Qwen3-Embedding-0.6B"}
{"ts": "2026-09-24T00:34:50.934113+00:00", "trace_id": null, "stage": "dense", "event": "start"}
{"ts": "2026-09-24T00:34:50.934315+00:00", "trace_id": null, "stage": "dense", "event": "finish", "duration_ms": 0.203, "candidates_out": 20}
{"ts": "2026-09-24T00:34:50.934337+00:00", "trace_id": null, "stage": "lexical", "event": "start"}
{"ts": "2026-09-24T00:34:50.934656+00:00", "trace_id": null, "stage": "lexical", "event": "finish", "duration_ms": 0.317, "candidates_out": 20}
{"ts": "2026-09-24T00:34:50.934700+00:00", "trace_id": null, "stage": "fuse", "event": "start", "candidates_in": 36}
{"ts": "2026-09-24T00:34:50.934776+00:00", "trace_id": null, "stage": "fuse", "event": "finish", "duration_ms": 0.075, "candidates_in": 36, "candidates_out": 25, "top_score": 0.03252247488101534}
{"ts": "2026-09-24T00:34:50.935003+00:00", "trace_id": null, "stage": "rerank", "event": "start", "candidates_in": 20}
{"ts": "2026-09-24T00:34:51.935448+00:00", "trace_id": null, "stage": "rerank", "event": "stage_slow", "duration_ms": 1000.43, "candidates_in": 20, "soft_budget_ms": 1000.0}
{"ts": "2026-09-24T00:34:53.042926+00:00", "trace_id": null, "stage": "rerank", "event": "finish", "duration_ms": 2107.897, "candidates_in": 20, "candidates_out": 20, "top_score": 0.7172493138264142}
{"ts": "2026-09-24T00:34:53.043354+00:00", "trace_id": null, "stage": "gate", "event": "start", "candidates_in": 5}
{"ts": "2026-09-24T00:34:53.044902+00:00", "trace_id": null, "stage": "gate", "event": "finish", "duration_ms": 1.547, "candidates_in": 5, "candidates_out": 5, "top_score": 0.7172493138264142}
{"ts": "2026-09-24T00:34:53.044940+00:00", "trace_id": null, "stage": "embed_query", "event": "start", "model": "Qwen/Qwen3-Embedding-0.6B"}
{"ts": "2026-09-24T00:34:53.075166+00:00", "trace_id": null, "stage": "embed_query", "event": "finish", "duration_ms": 30.224, "model": "Qwen/Qwen3-Embedding-0.6B"}
{"ts": "2026-09-24T00:34:53.075213+00:00", "trace_id": null, "stage": "dense", "event": "start"}
{"ts": "2026-09-24T00:34:53.075425+00:00", "trace_id": null, "stage": "dense", "event": "finish", "duration_ms": 0.21, "candidates_out": 20}
{"ts": "2026-09-24T00:34:53.075460+00:00", "trace_id": null, "stage": "lexical", "event": "start"}
{"ts": "2026-09-24T00:34:53.075742+00:00", "trace_id": null, "stage": "lexical", "event": "finish", "duration_ms": 0.282, "candidates_out": 20}
{"ts": "2026-09-24T00:34:53.075772+00:00", "trace_id": null, "stage": "fuse", "event": "start", "candidates_in": 32}
{"ts": "2026-09-24T00:34:53.075838+00:00", "trace_id": null, "stage": "fuse", "event": "finish", "duration_ms": 0.066, "candidates_in": 32, "candidates_out": 22, "top_score": 0.03252247488101534}
{"ts": "2026-09-24T00:34:53.076089+00:00", "trace_id": null, "stage": "rerank", "event": "start", "candidates_in": 20}
{"ts": "2026-09-24T00:34:54.081173+00:00", "trace_id": null, "stage": "rerank", "event": "stage_slow", "duration_ms": 1005.071, "candidates_in": 20, "soft_budget_ms": 1000.0}
{"ts": "2026-09-24T00:34:55.161342+00:00", "trace_id": null, "stage": "rerank", "event": "finish", "duration_ms": 2085.227, "candidates_in": 20, "candidates_out": 20, "top_score": 0.5245494483621921}
{"ts": "2026-09-24T00:34:55.161972+00:00", "trace_id": null, "stage": "gate", "event": "start", "candidates_in": 5}
{"ts": "2026-09-24T00:34:55.162118+00:00", "trace_id": null, "stage": "gate", "event": "finish", "duration_ms": 0.147, "candidates_in": 5, "candidates_out": 5, "top_score": 0.5245494483621921}
{"ts": "2026-09-24T00:34:55.162149+00:00", "trace_id": null, "stage": "embed_query", "event": "start", "model": "Qwen/Qwen3-Embedding-0.6B"}
{"ts": "2026-09-24T00:34:55.198432+00:00", "trace_id": null, "stage": "embed_query", "event": "finish", "duration_ms": 36.279, "model": "Qwen/Qwen3-Embedding-0.6B"}
{"ts": "2026-09-24T00:34:55.198487+00:00", "trace_id": null, "stage": "dense", "event": "start"}
{"ts": "2026-09-24T00:34:55.198751+00:00", "trace_id": null, "stage": "dense", "event": "finish", "duration_ms": 0.264, "candidates_out": 20}
{"ts": "2026-09-24T00:34:55.198776+00:00", "trace_id": null, "stage": "lexical", "event": "start"}
{"ts": "2026-09-24T00:34:55.199079+00:00", "trace_id": null, "stage": "lexical", "event": "finish", "duration_ms": 0.302, "candidates_out": 20}
{"ts": "2026-09-24T00:34:55.199105+00:00", "trace_id": null, "stage": "fuse", "event": "start", "candidates_in": 31}
{"ts": "2026-09-24T00:34:55.199183+00:00", "trace_id": null, "stage": "fuse", "event": "finish", "duration_ms": 0.078, "candidates_in": 31, "candidates_out": 22, "top_score": 0.03177805800756621}
{"ts": "2026-09-24T00:34:55.199408+00:00", "trace_id": null, "stage": "rerank", "event": "start", "candidates_in": 20}
{"ts": "2026-09-24T00:34:56.204477+00:00", "trace_id": null, "stage": "rerank", "event": "stage_slow", "duration_ms": 1005.052, "candidates_in": 20, "soft_budget_ms": 1000.0}
{"ts": "2026-09-24T00:34:57.291640+00:00", "trace_id": null, "stage": "rerank", "event": "finish", "duration_ms": 2092.205, "candidates_in": 20, "candidates_out": 20, "top_score": 0.5077904853871738}
{"ts": "2026-09-24T00:34:57.292102+00:00", "trace_id": null, "stage": "gate", "event": "start", "candidates_in": 5}
{"ts": "2026-09-24T00:34:57.293877+00:00", "trace_id": null, "stage": "gate", "event": "finish", "duration_ms": 1.776, "candidates_in": 5, "candidates_out": 5, "top_score": 0.5077904853871738}
{"ts": "2026-09-24T00:34:57.293907+00:00", "trace_id": null, "stage": "embed_query", "event": "start", "model": "Qwen/Qwen3-Embedding-0.6B"}
{"ts": "2026-09-24T00:34:57.326664+00:00", "trace_id": null, "stage": "embed_query", "event": "finish", "duration_ms": 32.754, "model": "Qwen/Qwen3-Embedding-0.6B"}
{"ts": "2026-09-24T00:34:57.326718+00:00", "trace_id": null, "stage": "dense", "event": "start"}
{"ts": "2026-09-24T00:34:57.326940+00:00", "trace_id": null, "stage": "dense", "event": "finish", "duration_ms": 0.221, "candidates_out": 20}
{"ts": "2026-09-24T00:34:57.326969+00:00", "trace_id": null, "stage": "lexical", "event": "start"}
{"ts": "2026-09-24T00:34:57.327330+00:00", "trace_id": null, "stage": "lexical", "event": "finish", "duration_ms": 0.36, "candidates_out": 20}
{"ts": "2026-09-24T00:34:57.327362+00:00", "trace_id": null, "stage": "fuse", "event": "start", "candidates_in": 34}
{"ts": "2026-09-24T00:34:57.327440+00:00", "trace_id": null, "stage": "fuse", "event": "finish", "duration_ms": 0.077, "candidates_in": 34, "candidates_out": 24, "top_score": 0.03252247488101534}
{"ts": "2026-09-24T00:34:57.327664+00:00", "trace_id": null, "stage": "rerank", "event": "start", "candidates_in": 20}
{"ts": "2026-09-24T00:34:58.330812+00:00", "trace_id": null, "stage": "rerank", "event": "stage_slow", "duration_ms": 1003.129, "candidates_in": 20, "soft_budget_ms": 1000.0}
{"ts": "2026-09-24T00:34:59.417124+00:00", "trace_id": null, "stage": "rerank", "event": "finish", "duration_ms": 2089.434, "candidates_in": 20, "candidates_out": 20, "top_score": 0.7187996223733173}
{"ts": "2026-09-24T00:34:59.417570+00:00", "trace_id": null, "stage": "gate", "event": "start", "candidates_in": 5}
{"ts": "2026-09-24T00:34:59.418932+00:00", "trace_id": null, "stage": "gate", "event": "finish", "duration_ms": 1.362, "candidates_in": 5, "candidates_out": 5, "top_score": 0.7187996223733173}
{"ts": "2026-09-24T00:34:59.418967+00:00", "trace_id": null, "stage": "embed_query", "event": "start", "model": "Qwen/Qwen3-Embedding-0.6B"}
{"ts": "2026-09-24T00:34:59.449663+00:00", "trace_id": null, "stage": "embed_query", "event": "finish", "duration_ms": 30.692, "model": "Qwen/Qwen3-Embedding-0.6B"}
{"ts": "2026-09-24T00:34:59.449721+00:00", "trace_id": null, "stage": "dense", "event": "start"}
{"ts": "2026-09-24T00:34:59.449928+00:00", "trace_id": null, "stage": "dense", "event": "finish", "duration_ms": 0.207, "candidates_out": 20}
{"ts": "2026-09-24T00:34:59.449951+00:00", "trace_id": null, "stage": "lexical", "event": "start"}
{"ts": "2026-09-24T00:34:59.450244+00:00", "trace_id": null, "stage": "lexical", "event": "finish", "duration_ms": 0.293, "candidates_out": 20}
{"ts": "2026-09-24T00:34:59.450274+00:00", "trace_id": null, "stage": "fuse", "event": "start", "candidates_in": 30}
{"ts": "2026-09-24T00:34:59.450371+00:00", "trace_id": null, "stage": "fuse", "event": "finish", "duration_ms": 0.097, "candidates_in": 30, "candidates_out": 24, "top_score": 0.032018442622950824}
{"ts": "2026-09-24T00:34:59.450569+00:00", "trace_id": null, "stage": "rerank", "event": "start", "candidates_in": 20}
{"ts": "2026-09-24T00:35:00.451591+00:00", "trace_id": null, "stage": "rerank", "event": "stage_slow", "duration_ms": 1001.003, "candidates_in": 20, "soft_budget_ms": 1000.0}
{"ts": "2026-09-24T00:35:01.267096+00:00", "trace_id": null, "stage": "rerank", "event": "finish", "duration_ms": 1816.503, "candidates_in": 20, "candidates_out": 20, "top_score": 0.5025233847521314}
{"ts": "2026-09-24T00:35:01.267541+00:00", "trace_id": null, "stage": "gate", "event": "start", "candidates_in": 5}
{"ts": "2026-09-24T00:35:01.267632+00:00", "trace_id": null, "stage": "gate", "event": "finish", "duration_ms": 0.089, "candidates_in": 5, "candidates_out": 5, "top_score": 0.5025233847521314}
{"ts": "2026-09-24T00:35:01.267666+00:00", "trace_id": null, "stage": "embed_query", "event": "start", "model": "Qwen/Qwen3-Embedding-0.6B"}
{"ts": "2026-09-24T00:35:01.300261+00:00", "trace_id": null, "stage": "embed_query", "event": "finish", "duration_ms": 32.586, "model": "Qwen/Qwen3-Embedding-0.6B"}
{"ts": "2026-09-24T00:35:01.300316+00:00", "trace_id": null, "stage": "dense", "event": "start"}
{"ts": "2026-09-24T00:35:01.300521+00:00", "trace_id": null, "stage": "dense", "event": "finish", "duration_ms": 0.205, "candidates_out": 20}
{"ts": "2026-09-24T00:35:01.300550+00:00", "trace_id": null, "stage": "lexical", "event": "start"}
{"ts": "2026-09-24T00:35:01.300879+00:00", "trace_id": null, "stage": "lexical", "event": "finish", "duration_ms": 0.329, "candidates_out": 20}
{"ts": "2026-09-24T00:35:01.300916+00:00", "trace_id": null, "stage": "fuse", "event": "start", "candidates_in": 28}
{"ts": "2026-09-24T00:35:01.300993+00:00", "trace_id": null, "stage": "fuse", "event": "finish", "duration_ms": 0.077, "candidates_in": 28, "candidates_out": 19, "top_score": 0.03278688524590164}
{"ts": "2026-09-24T00:35:01.301193+00:00", "trace_id": null, "stage": "rerank", "event": "start", "candidates_in": 19}
{"ts": "2026-09-24T00:35:02.302024+00:00", "trace_id": null, "stage": "rerank", "event": "stage_slow", "duration_ms": 1000.808, "candidates_in": 19, "soft_budget_ms": 1000.0}
{"ts": "2026-09-24T00:35:03.045906+00:00", "trace_id": null, "stage": "rerank", "event": "finish", "duration_ms": 1744.69, "candidates_in": 19, "candidates_out": 19, "top_score": 0.529363103321402}
{"ts": "2026-09-24T00:35:03.046348+00:00", "trace_id": null, "stage": "gate", "event": "start", "candidates_in": 5}
{"ts": "2026-09-24T00:35:03.046447+00:00", "trace_id": null, "stage": "gate", "event": "finish", "duration_ms": 0.098, "candidates_in": 5, "candidates_out": 5, "top_score": 0.529363103321402}
{"ts": "2026-09-24T00:35:03.046486+00:00", "trace_id": null, "stage": "embed_query", "event": "start", "model": "Qwen/Qwen3-Embedding-0.6B"}
{"ts": "2026-09-24T00:35:03.079872+00:00", "trace_id": null, "stage": "embed_query", "event": "finish", "duration_ms": 33.383, "model": "Qwen/Qwen3-Embedding-0.6B"}
{"ts": "2026-09-24T00:35:03.079926+00:00", "trace_id": null, "stage": "dense", "event": "start"}
{"ts": "2026-09-24T00:35:03.080140+00:00", "trace_id": null, "stage": "dense", "event": "finish", "duration_ms": 0.213, "candidates_out": 20}
{"ts": "2026-09-24T00:35:03.080175+00:00", "trace_id": null, "stage": "lexical", "event": "start"}
{"ts": "2026-09-24T00:35:03.080509+00:00", "trace_id": null, "stage": "lexical", "event": "finish", "duration_ms": 0.334, "candidates_out": 20}
{"ts": "2026-09-24T00:35:03.080543+00:00", "trace_id": null, "stage": "fuse", "event": "start", "candidates_in": 30}
{"ts": "2026-09-24T00:35:03.080629+00:00", "trace_id": null, "stage": "fuse", "event": "finish", "duration_ms": 0.086, "candidates_in": 30, "candidates_out": 21, "top_score": 0.03252247488101534}
{"ts": "2026-09-24T00:35:03.080865+00:00", "trace_id": null, "stage": "rerank", "event": "start", "candidates_in": 20}
{"ts": "2026-09-24T00:35:04.085318+00:00", "trace_id": null, "stage": "rerank", "event": "stage_slow", "duration_ms": 1004.437, "candidates_in": 20, "soft_budget_ms": 1000.0}
{"ts": "2026-09-24T00:35:05.063637+00:00", "trace_id": null, "stage": "rerank", "event": "finish", "duration_ms": 1982.748, "candidates_in": 20, "candidates_out": 20, "top_score": 0.6055224722259748}
{"ts": "2026-09-24T00:35:05.064102+00:00", "trace_id": null, "stage": "gate", "event": "start", "candidates_in": 5}
{"ts": "2026-09-24T00:35:05.064195+00:00", "trace_id": null, "stage": "gate", "event": "finish", "duration_ms": 0.092, "candidates_in": 5, "candidates_out": 5, "top_score": 0.6055224722259748}
{"ts": "2026-09-24T00:35:05.064230+00:00", "trace_id": null, "stage": "embed_query", "event": "start", "model": "Qwen/Qwen3-Embedding-0.6B"}
{"ts": "2026-09-24T00:35:05.097207+00:00", "trace_id": null, "stage": "embed_query", "event": "finish", "duration_ms": 32.974, "model": "Qwen/Qwen3-Embedding-0.6B"}
{"ts": "2026-09-24T00:35:05.097253+00:00", "trace_id": null, "stage": "dense", "event": "start"}
{"ts": "2026-09-24T00:35:05.097451+00:00", "trace_id": null, "stage": "dense", "event": "finish", "duration_ms": 0.198, "candidates_out": 20}
{"ts": "2026-09-24T00:35:05.097472+00:00", "trace_id": null, "stage": "lexical", "event": "start"}
{"ts": "2026-09-24T00:35:05.097821+00:00", "trace_id": null, "stage": "lexical", "event": "finish", "duration_ms": 0.347, "candidates_out": 20}
{"ts": "2026-09-24T00:35:05.097861+00:00", "trace_id": null, "stage": "fuse", "event": "start", "candidates_in": 34}
{"ts": "2026-09-24T00:35:05.097948+00:00", "trace_id": null, "stage": "fuse", "event": "finish", "duration_ms": 0.087, "candidates_in": 34, "candidates_out": 27, "top_score": 0.03278688524590164}
{"ts": "2026-09-24T00:35:05.098149+00:00", "trace_id": null, "stage": "rerank", "event": "start", "candidates_in": 20}
{"ts": "2026-09-24T00:35:06.103236+00:00", "trace_id": null, "stage": "rerank", "event": "stage_slow", "duration_ms": 1005.068, "candidates_in": 20, "soft_budget_ms": 1000.0}
{"ts": "2026-09-24T00:35:07.247648+00:00", "trace_id": null, "stage": "rerank", "event": "finish", "duration_ms": 2149.473, "candidates_in": 20, "candidates_out": 20, "top_score": 0.5196001009828084}
{"ts": "2026-09-24T00:35:07.248096+00:00", "trace_id": null, "stage": "gate", "event": "start", "candidates_in": 5}
{"ts": "2026-09-24T00:35:07.249451+00:00", "trace_id": null, "stage": "gate", "event": "finish", "duration_ms": 1.354, "candidates_in": 5, "candidates_out": 5, "top_score": 0.5196001009828084}
{"ts": "2026-09-24T00:35:07.249488+00:00", "trace_id": null, "stage": "embed_query", "event": "start", "model": "Qwen/Qwen3-Embedding-0.6B"}
{"ts": "2026-09-24T00:35:07.282929+00:00", "trace_id": null, "stage": "embed_query", "event": "finish", "duration_ms": 33.437, "model": "Qwen/Qwen3-Embedding-0.6B"}
{"ts": "2026-09-24T00:35:07.282987+00:00", "trace_id": null, "stage": "dense", "event": "start"}
{"ts": "2026-09-24T00:35:07.283204+00:00", "trace_id": null, "stage": "dense", "event": "finish", "duration_ms": 0.217, "candidates_out": 20}
{"ts": "2026-09-24T00:35:07.283226+00:00", "trace_id": null, "stage": "lexical", "event": "start"}
{"ts": "2026-09-24T00:35:07.283549+00:00", "trace_id": null, "stage": "lexical", "event": "finish", "duration_ms": 0.323, "candidates_out": 20}
{"ts": "2026-09-24T00:35:07.283587+00:00", "trace_id": null, "stage": "fuse", "event": "start", "candidates_in": 34}
{"ts": "2026-09-24T00:35:07.283667+00:00", "trace_id": null, "stage": "fuse", "event": "finish", "duration_ms": 0.079, "candidates_in": 34, "candidates_out": 20, "top_score": 0.03278688524590164}
{"ts": "2026-09-24T00:35:07.283878+00:00", "trace_id": null, "stage": "rerank", "event": "start", "candidates_in": 20}
{"ts": "2026-09-24T00:35:08.285072+00:00", "trace_id": null, "stage": "rerank", "event": "stage_slow", "duration_ms": 1001.174, "candidates_in": 20, "soft_budget_ms": 1000.0}
{"ts": "2026-09-24T00:35:09.143233+00:00", "trace_id": null, "stage": "rerank", "event": "finish", "duration_ms": 1859.331, "candidates_in": 20, "candidates_out": 20, "top_score": 0.6562372179139057}
{"ts": "2026-09-24T00:35:09.143715+00:00", "trace_id": null, "stage": "gate", "event": "start", "candidates_in": 5}
{"ts": "2026-09-24T00:35:09.143809+00:00", "trace_id": null, "stage": "gate", "event": "finish", "duration_ms": 0.094, "candidates_in": 5, "candidates_out": 5, "top_score": 0.6562372179139057}
{"ts": "2026-09-24T00:35:09.143846+00:00", "trace_id": null, "stage": "embed_query", "event": "start", "model": "Qwen/Qwen3-Embedding-0.6B"}
{"ts": "2026-09-24T00:35:09.177800+00:00", "trace_id": null, "stage": "embed_query", "event": "finish", "duration_ms": 33.952, "model": "Qwen/Qwen3-Embedding-0.6B"}
{"ts": "2026-09-24T00:35:09.177856+00:00", "trace_id": null, "stage": "dense", "event": "start"}
{"ts": "2026-09-24T00:35:09.178070+00:00", "trace_id": null, "stage": "dense", "event": "finish", "duration_ms": 0.214, "candidates_out": 20}
{"ts": "2026-09-24T00:35:09.178092+00:00", "trace_id": null, "stage": "lexical", "event": "start"}
{"ts": "2026-09-24T00:35:09.178450+00:00", "trace_id": null, "stage": "lexical", "event": "finish", "duration_ms": 0.357, "candidates_out": 20}
{"ts": "2026-09-24T00:35:09.178479+00:00", "trace_id": null, "stage": "fuse", "event": "start", "candidates_in": 33}
{"ts": "2026-09-24T00:35:09.178547+00:00", "trace_id": null, "stage": "fuse", "event": "finish", "duration_ms": 0.067, "candidates_in": 33, "candidates_out": 24, "top_score": 0.03278688524590164}
{"ts": "2026-09-24T00:35:09.178809+00:00", "trace_id": null, "stage": "rerank", "event": "start", "candidates_in": 20}
{"ts": "2026-09-24T00:35:10.183903+00:00", "trace_id": null, "stage": "rerank", "event": "stage_slow", "duration_ms": 1005.078, "candidates_in": 20, "soft_budget_ms": 1000.0}
{"ts": "2026-09-24T00:35:10.918396+00:00", "trace_id": null, "stage": "rerank", "event": "finish", "duration_ms": 1739.565, "candidates_in": 20, "candidates_out": 20, "top_score": 0.5921403120322317}
{"ts": "2026-09-24T00:35:10.918953+00:00", "trace_id": null, "stage": "gate", "event": "start", "candidates_in": 5}
{"ts": "2026-09-24T00:35:10.919069+00:00", "trace_id": null, "stage": "gate", "event": "finish", "duration_ms": 0.117, "candidates_in": 5, "candidates_out": 5, "top_score": 0.5921403120322317}
{"ts": "2026-09-24T00:35:10.919108+00:00", "trace_id": null, "stage": "embed_query", "event": "start", "model": "Qwen/Qwen3-Embedding-0.6B"}
{"ts": "2026-09-24T00:35:10.951661+00:00", "trace_id": null, "stage": "embed_query", "event": "finish", "duration_ms": 32.551, "model": "Qwen/Qwen3-Embedding-0.6B"}
{"ts": "2026-09-24T00:35:10.951711+00:00", "trace_id": null, "stage": "dense", "event": "start"}
{"ts": "2026-09-24T00:35:10.951919+00:00", "trace_id": null, "stage": "dense", "event": "finish", "duration_ms": 0.208, "candidates_out": 20}
{"ts": "2026-09-24T00:35:10.951940+00:00", "trace_id": null, "stage": "lexical", "event": "start"}
{"ts": "2026-09-24T00:35:10.952190+00:00", "trace_id": null, "stage": "lexical", "event": "finish", "duration_ms": 0.25, "candidates_out": 8}
{"ts": "2026-09-24T00:35:10.952219+00:00", "trace_id": null, "stage": "fuse", "event": "start", "candidates_in": 21}
{"ts": "2026-09-24T00:35:10.952293+00:00", "trace_id": null, "stage": "fuse", "event": "finish", "duration_ms": 0.073, "candidates_in": 21, "candidates_out": 16, "top_score": 0.03200204813108039}
{"ts": "2026-09-24T00:35:10.952487+00:00", "trace_id": null, "stage": "rerank", "event": "start", "candidates_in": 16}
{"ts": "2026-09-24T00:35:11.956263+00:00", "trace_id": null, "stage": "rerank", "event": "stage_slow", "duration_ms": 1003.759, "candidates_in": 16, "soft_budget_ms": 1000.0}
{"ts": "2026-09-24T00:35:12.527430+00:00", "trace_id": null, "stage": "rerank", "event": "finish", "duration_ms": 1574.922, "candidates_in": 16, "candidates_out": 16, "top_score": 0.5010348606513204}
{"ts": "2026-09-24T00:35:12.527839+00:00", "trace_id": null, "stage": "gate", "event": "start", "candidates_in": 5}
{"ts": "2026-09-24T00:35:12.528667+00:00", "trace_id": null, "stage": "gate", "event": "finish", "duration_ms": 0.827, "candidates_in": 5, "candidates_out": 5, "top_score": 0.5010348606513204}
{"ts": "2026-09-24T00:35:12.528706+00:00", "trace_id": null, "stage": "embed_query", "event": "start", "model": "Qwen/Qwen3-Embedding-0.6B"}
{"ts": "2026-09-24T00:35:12.560533+00:00", "trace_id": null, "stage": "embed_query", "event": "finish", "duration_ms": 31.824, "model": "Qwen/Qwen3-Embedding-0.6B"}
{"ts": "2026-09-24T00:35:12.560588+00:00", "trace_id": null, "stage": "dense", "event": "start"}
{"ts": "2026-09-24T00:35:12.560815+00:00", "trace_id": null, "stage": "dense", "event": "finish", "duration_ms": 0.226, "candidates_out": 20}
{"ts": "2026-09-24T00:35:12.560846+00:00", "trace_id": null, "stage": "lexical", "event": "start"}
{"ts": "2026-09-24T00:35:12.561114+00:00", "trace_id": null, "stage": "lexical", "event": "finish", "duration_ms": 0.268, "candidates_out": 20}
{"ts": "2026-09-24T00:35:12.561146+00:00", "trace_id": null, "stage": "fuse", "event": "start", "candidates_in": 29}
{"ts": "2026-09-24T00:35:12.561229+00:00", "trace_id": null, "stage": "fuse", "event": "finish", "duration_ms": 0.082, "candidates_in": 29, "candidates_out": 19, "top_score": 0.031746031746031744}
{"ts": "2026-09-24T00:35:12.561439+00:00", "trace_id": null, "stage": "rerank", "event": "start", "candidates_in": 19}
{"ts": "2026-09-24T00:35:13.566554+00:00", "trace_id": null, "stage": "rerank", "event": "stage_slow", "duration_ms": 1005.09, "candidates_in": 19, "soft_budget_ms": 1000.0}
{"ts": "2026-09-24T00:35:14.561868+00:00", "trace_id": null, "stage": "rerank", "event": "finish", "duration_ms": 2000.405, "candidates_in": 19, "candidates_out": 19, "top_score": 0.5319493851072417}
{"ts": "2026-09-24T00:35:14.562300+00:00", "trace_id": null, "stage": "gate", "event": "start", "candidates_in": 5}
{"ts": "2026-09-24T00:35:14.567393+00:00", "trace_id": null, "stage": "gate", "event": "finish", "duration_ms": 5.091, "candidates_in": 5, "candidates_out": 5, "top_score": 0.5319493851072417}
{"ts": "2026-09-24T00:35:14.567430+00:00", "trace_id": null, "stage": "embed_query", "event": "start", "model": "Qwen/Qwen3-Embedding-0.6B"}
{"ts": "2026-09-24T00:35:14.597586+00:00", "trace_id": null, "stage": "embed_query", "event": "finish", "duration_ms": 30.154, "model": "Qwen/Qwen3-Embedding-0.6B"}
{"ts": "2026-09-24T00:35:14.597632+00:00", "trace_id": null, "stage": "dense", "event": "start"}
{"ts": "2026-09-24T00:35:14.597829+00:00", "trace_id": null, "stage": "dense", "event": "finish", "duration_ms": 0.197, "candidates_out": 20}
{"ts": "2026-09-24T00:35:14.597850+00:00", "trace_id": null, "stage": "lexical", "event": "start"}
{"ts": "2026-09-24T00:35:14.597999+00:00", "trace_id": null, "stage": "lexical", "event": "finish", "duration_ms": 0.149, "candidates_out": 1}
{"ts": "2026-09-24T00:35:14.598025+00:00", "trace_id": null, "stage": "fuse", "event": "start", "candidates_in": 20}
{"ts": "2026-09-24T00:35:14.598098+00:00", "trace_id": null, "stage": "fuse", "event": "finish", "duration_ms": 0.071, "candidates_in": 20, "candidates_out": 19, "top_score": 0.029551337359792925}
{"ts": "2026-09-24T00:35:14.598304+00:00", "trace_id": null, "stage": "rerank", "event": "start", "candidates_in": 19}
{"ts": "2026-09-24T00:35:15.602178+00:00", "trace_id": null, "stage": "rerank", "event": "stage_slow", "duration_ms": 1003.852, "candidates_in": 19, "soft_budget_ms": 1000.0}
{"ts": "2026-09-24T00:35:16.597663+00:00", "trace_id": null, "stage": "rerank", "event": "finish", "duration_ms": 1999.335, "candidates_in": 19, "candidates_out": 19, "top_score": 0.5342245975645511}
{"ts": "2026-09-24T00:35:16.598088+00:00", "trace_id": null, "stage": "gate", "event": "start", "candidates_in": 5}
{"ts": "2026-09-24T00:35:16.598182+00:00", "trace_id": null, "stage": "gate", "event": "finish", "duration_ms": 0.093, "candidates_in": 5, "candidates_out": 5, "top_score": 0.5342245975645511}
{"ts": "2026-09-24T00:35:16.598218+00:00", "trace_id": null, "stage": "embed_query", "event": "start", "model": "Qwen/Qwen3-Embedding-0.6B"}
{"ts": "2026-09-24T00:35:16.629625+00:00", "trace_id": null, "stage": "embed_query", "event": "finish", "duration_ms": 31.404, "model": "Qwen/Qwen3-Embedding-0.6B"}
{"ts": "2026-09-24T00:35:16.629676+00:00", "trace_id": null, "stage": "dense", "event": "start"}
{"ts": "2026-09-24T00:35:16.629878+00:00", "trace_id": null, "stage": "dense", "event": "finish", "duration_ms": 0.202, "candidates_out": 20}
{"ts": "2026-09-24T00:35:16.629900+00:00", "trace_id": null, "stage": "lexical", "event": "start"}
{"ts": "2026-09-24T00:35:16.630182+00:00", "trace_id": null, "stage": "lexical", "event": "finish", "duration_ms": 0.281, "candidates_out": 20}
{"ts": "2026-09-24T00:35:16.630219+00:00", "trace_id": null, "stage": "fuse", "event": "start", "candidates_in": 31}
{"ts": "2026-09-24T00:35:16.630308+00:00", "trace_id": null, "stage": "fuse", "event": "finish", "duration_ms": 0.088, "candidates_in": 31, "candidates_out": 24, "top_score": 0.03149801587301587}
{"ts": "2026-09-24T00:35:16.630522+00:00", "trace_id": null, "stage": "rerank", "event": "start", "candidates_in": 20}
{"ts": "2026-09-24T00:35:17.635586+00:00", "trace_id": null, "stage": "rerank", "event": "stage_slow", "duration_ms": 1005.05, "candidates_in": 20, "soft_budget_ms": 1000.0}
{"ts": "2026-09-24T00:35:18.588679+00:00", "trace_id": null, "stage": "rerank", "event": "finish", "duration_ms": 1958.132, "candidates_in": 20, "candidates_out": 20, "top_score": 0.5974262492559603}
{"ts": "2026-09-24T00:35:18.589135+00:00", "trace_id": null, "stage": "gate", "event": "start", "candidates_in": 5}
{"ts": "2026-09-24T00:35:18.589974+00:00", "trace_id": null, "stage": "gate", "event": "finish", "duration_ms": 0.838, "candidates_in": 5, "candidates_out": 5, "top_score": 0.5974262492559603}
{"ts": "2026-09-24T00:35:18.590011+00:00", "trace_id": null, "stage": "embed_query", "event": "start", "model": "Qwen/Qwen3-Embedding-0.6B"}
{"ts": "2026-09-24T00:35:18.620938+00:00", "trace_id": null, "stage": "embed_query", "event": "finish", "duration_ms": 30.924, "model": "Qwen/Qwen3-Embedding-0.6B"}
{"ts": "2026-09-24T00:35:18.620989+00:00", "trace_id": null, "stage": "dense", "event": "start"}
{"ts": "2026-09-24T00:35:18.621201+00:00", "trace_id": null, "stage": "dense", "event": "finish", "duration_ms": 0.211, "candidates_out": 20}
{"ts": "2026-09-24T00:35:18.621233+00:00", "trace_id": null, "stage": "lexical", "event": "start"}
{"ts": "2026-09-24T00:35:18.621524+00:00", "trace_id": null, "stage": "lexical", "event": "finish", "duration_ms": 0.291, "candidates_out": 20}
{"ts": "2026-09-24T00:35:18.621557+00:00", "trace_id": null, "stage": "fuse", "event": "start", "candidates_in": 27}
{"ts": "2026-09-24T00:35:18.621645+00:00", "trace_id": null, "stage": "fuse", "event": "finish", "duration_ms": 0.087, "candidates_in": 27, "candidates_out": 19, "top_score": 0.03252247488101534}
{"ts": "2026-09-24T00:35:18.621856+00:00", "trace_id": null, "stage": "rerank", "event": "start", "candidates_in": 19}
{"ts": "2026-09-24T00:35:19.626956+00:00", "trace_id": null, "stage": "rerank", "event": "stage_slow", "duration_ms": 1005.08, "candidates_in": 19, "soft_budget_ms": 1000.0}
{"ts": "2026-09-24T00:35:20.369529+00:00", "trace_id": null, "stage": "rerank", "event": "finish", "duration_ms": 1747.651, "candidates_in": 19, "candidates_out": 19, "top_score": 0.5041008468379405}
{"ts": "2026-09-24T00:35:20.369982+00:00", "trace_id": null, "stage": "gate", "event": "start", "candidates_in": 5}
{"ts": "2026-09-24T00:35:20.372949+00:00", "trace_id": null, "stage": "gate", "event": "finish", "duration_ms": 2.966, "candidates_in": 5, "candidates_out": 5, "top_score": 0.5041008468379405}
{"ts": "2026-09-24T00:35:20.372979+00:00", "trace_id": null, "stage": "embed_query", "event": "start", "model": "Qwen/Qwen3-Embedding-0.6B"}
{"ts": "2026-09-24T00:35:20.405796+00:00", "trace_id": null, "stage": "embed_query", "event": "finish", "duration_ms": 32.814, "model": "Qwen/Qwen3-Embedding-0.6B"}
{"ts": "2026-09-24T00:35:20.405855+00:00", "trace_id": null, "stage": "dense", "event": "start"}
{"ts": "2026-09-24T00:35:20.406070+00:00", "trace_id": null, "stage": "dense", "event": "finish", "duration_ms": 0.215, "candidates_out": 20}
{"ts": "2026-09-24T00:35:20.406094+00:00", "trace_id": null, "stage": "lexical", "event": "start"}
{"ts": "2026-09-24T00:35:20.406350+00:00", "trace_id": null, "stage": "lexical", "event": "finish", "duration_ms": 0.256, "candidates_out": 20}
{"ts": "2026-09-24T00:35:20.406379+00:00", "trace_id": null, "stage": "fuse", "event": "start", "candidates_in": 34}
{"ts": "2026-09-24T00:35:20.406462+00:00", "trace_id": null, "stage": "fuse", "event": "finish", "duration_ms": 0.083, "candidates_in": 34, "candidates_out": 24, "top_score": 0.03177805800756621}
{"ts": "2026-09-24T00:35:20.406681+00:00", "trace_id": null, "stage": "rerank", "event": "start", "candidates_in": 20}
{"ts": "2026-09-24T00:35:21.410431+00:00", "trace_id": null, "stage": "rerank", "event": "stage_slow", "duration_ms": 1003.732, "candidates_in": 20, "soft_budget_ms": 1000.0}
{"ts": "2026-09-24T00:35:22.254247+00:00", "trace_id": null, "stage": "rerank", "event": "finish", "duration_ms": 1847.542, "candidates_in": 20, "candidates_out": 20, "top_score": 0.5706119969831213}
{"ts": "2026-09-24T00:35:22.254701+00:00", "trace_id": null, "stage": "gate", "event": "start", "candidates_in": 5}
{"ts": "2026-09-24T00:35:22.256769+00:00", "trace_id": null, "stage": "gate", "event": "finish", "duration_ms": 2.068, "candidates_in": 5, "candidates_out": 5, "top_score": 0.5706119969831213}
{"ts": "2026-09-24T00:35:22.256806+00:00", "trace_id": null, "stage": "embed_query", "event": "start", "model": "Qwen/Qwen3-Embedding-0.6B"}
{"ts": "2026-09-24T00:35:22.287656+00:00", "trace_id": null, "stage": "embed_query", "event": "finish", "duration_ms": 30.847, "model": "Qwen/Qwen3-Embedding-0.6B"}
{"ts": "2026-09-24T00:35:22.287705+00:00", "trace_id": null, "stage": "dense", "event": "start"}
{"ts": "2026-09-24T00:35:22.287921+00:00", "trace_id": null, "stage": "dense", "event": "finish", "duration_ms": 0.215, "candidates_out": 20}
{"ts": "2026-09-24T00:35:22.287955+00:00", "trace_id": null, "stage": "lexical", "event": "start"}
{"ts": "2026-09-24T00:35:22.288155+00:00", "trace_id": null, "stage": "lexical", "event": "finish", "duration_ms": 0.199, "candidates_out": 4}
{"ts": "2026-09-24T00:35:22.288191+00:00", "trace_id": null, "stage": "fuse", "event": "start", "candidates_in": 18}
{"ts": "2026-09-24T00:35:22.288265+00:00", "trace_id": null, "stage": "fuse", "event": "finish", "duration_ms": 0.074, "candidates_in": 18, "candidates_out": 16, "top_score": 0.03252247488101534}
{"ts": "2026-09-24T00:35:22.288432+00:00", "trace_id": null, "stage": "rerank", "event": "start", "candidates_in": 16}
{"ts": "2026-09-24T00:35:23.289324+00:00", "trace_id": null, "stage": "rerank", "event": "stage_slow", "duration_ms": 1000.875, "candidates_in": 16, "soft_budget_ms": 1000.0}
{"ts": "2026-09-24T00:35:23.762882+00:00", "trace_id": null, "stage": "rerank", "event": "finish", "duration_ms": 1474.43, "candidates_in": 16, "candidates_out": 16, "top_score": 0.5175544057997303}
{"ts": "2026-09-24T00:35:23.763276+00:00", "trace_id": null, "stage": "gate", "event": "start", "candidates_in": 5}
{"ts": "2026-09-24T00:35:23.764100+00:00", "trace_id": null, "stage": "gate", "event": "finish", "duration_ms": 0.824, "candidates_in": 5, "candidates_out": 5, "top_score": 0.5175544057997303}
{"ts": "2026-09-24T00:35:23.764131+00:00", "trace_id": null, "stage": "embed_query", "event": "start", "model": "Qwen/Qwen3-Embedding-0.6B"}
{"ts": "2026-09-24T00:35:23.795452+00:00", "trace_id": null, "stage": "embed_query", "event": "finish", "duration_ms": 31.318, "model": "Qwen/Qwen3-Embedding-0.6B"}
{"ts": "2026-09-24T00:35:23.795502+00:00", "trace_id": null, "stage": "dense", "event": "start"}
{"ts": "2026-09-24T00:35:23.795718+00:00", "trace_id": null, "stage": "dense", "event": "finish", "duration_ms": 0.215, "candidates_out": 20}
{"ts": "2026-09-24T00:35:23.795739+00:00", "trace_id": null, "stage": "lexical", "event": "start"}
{"ts": "2026-09-24T00:35:23.796024+00:00", "trace_id": null, "stage": "lexical", "event": "finish", "duration_ms": 0.284, "candidates_out": 20}
{"ts": "2026-09-24T00:35:23.796061+00:00", "trace_id": null, "stage": "fuse", "event": "start", "candidates_in": 32}
{"ts": "2026-09-24T00:35:23.796126+00:00", "trace_id": null, "stage": "fuse", "event": "finish", "duration_ms": 0.066, "candidates_in": 32, "candidates_out": 25, "top_score": 0.032266458495966696}
{"ts": "2026-09-24T00:35:23.796347+00:00", "trace_id": null, "stage": "rerank", "event": "start", "candidates_in": 20}
{"ts": "2026-09-24T00:35:24.801420+00:00", "trace_id": null, "stage": "rerank", "event": "stage_slow", "duration_ms": 1005.058, "candidates_in": 20, "soft_budget_ms": 1000.0}
{"ts": "2026-09-24T00:35:25.918639+00:00", "trace_id": null, "stage": "rerank", "event": "finish", "duration_ms": 2122.265, "candidates_in": 20, "candidates_out": 20, "top_score": 0.5433571415323794}
{"ts": "2026-09-24T00:35:25.919172+00:00", "trace_id": null, "stage": "gate", "event": "start", "candidates_in": 5}
{"ts": "2026-09-24T00:35:25.921882+00:00", "trace_id": null, "stage": "gate", "event": "finish", "duration_ms": 2.71, "candidates_in": 5, "candidates_out": 5, "top_score": 0.5433571415323794}
{"ts": "2026-09-24T00:35:25.921915+00:00", "trace_id": null, "stage": "embed_query", "event": "start", "model": "Qwen/Qwen3-Embedding-0.6B"}
{"ts": "2026-09-24T00:35:25.955242+00:00", "trace_id": null, "stage": "embed_query", "event": "finish", "duration_ms": 33.325, "model": "Qwen/Qwen3-Embedding-0.6B"}
{"ts": "2026-09-24T00:35:25.955296+00:00", "trace_id": null, "stage": "dense", "event": "start"}
{"ts": "2026-09-24T00:35:25.955511+00:00", "trace_id": null, "stage": "dense", "event": "finish", "duration_ms": 0.214, "candidates_out": 20}
{"ts": "2026-09-24T00:35:25.955539+00:00", "trace_id": null, "stage": "lexical", "event": "start"}
{"ts": "2026-09-24T00:35:25.955779+00:00", "trace_id": null, "stage": "lexical", "event": "finish", "duration_ms": 0.239, "candidates_out": 11}
{"ts": "2026-09-24T00:35:25.955818+00:00", "trace_id": null, "stage": "fuse", "event": "start", "candidates_in": 22}
{"ts": "2026-09-24T00:35:25.955900+00:00", "trace_id": null, "stage": "fuse", "event": "finish", "duration_ms": 0.082, "candidates_in": 22, "candidates_out": 16, "top_score": 0.03278688524590164}
{"ts": "2026-09-24T00:35:25.956080+00:00", "trace_id": null, "stage": "rerank", "event": "start", "candidates_in": 16}
{"ts": "2026-09-24T00:35:26.960528+00:00", "trace_id": null, "stage": "rerank", "event": "stage_slow", "duration_ms": 1004.433, "candidates_in": 16, "soft_budget_ms": 1000.0}
{"ts": "2026-09-24T00:35:27.532492+00:00", "trace_id": null, "stage": "rerank", "event": "finish", "duration_ms": 1576.391, "candidates_in": 16, "candidates_out": 16, "top_score": 0.5241045254007868}
{"ts": "2026-09-24T00:35:27.532898+00:00", "trace_id": null, "stage": "gate", "event": "start", "candidates_in": 5}
{"ts": "2026-09-24T00:35:27.534425+00:00", "trace_id": null, "stage": "gate", "event": "finish", "duration_ms": 1.526, "candidates_in": 5, "candidates_out": 5, "top_score": 0.5241045254007868}
{"ts": "2026-09-24T00:35:27.534461+00:00", "trace_id": null, "stage": "embed_query", "event": "start", "model": "Qwen/Qwen3-Embedding-0.6B"}
{"ts": "2026-09-24T00:35:27.564876+00:00", "trace_id": null, "stage": "embed_query", "event": "finish", "duration_ms": 30.411, "model": "Qwen/Qwen3-Embedding-0.6B"}
{"ts": "2026-09-24T00:35:27.564931+00:00", "trace_id": null, "stage": "dense", "event": "start"}
{"ts": "2026-09-24T00:35:27.565144+00:00", "trace_id": null, "stage": "dense", "event": "finish", "duration_ms": 0.212, "candidates_out": 20}
{"ts": "2026-09-24T00:35:27.565175+00:00", "trace_id": null, "stage": "lexical", "event": "start"}
{"ts": "2026-09-24T00:35:27.565422+00:00", "trace_id": null, "stage": "lexical", "event": "finish", "duration_ms": 0.246, "candidates_out": 20}
{"ts": "2026-09-24T00:35:27.565462+00:00", "trace_id": null, "stage": "fuse", "event": "start", "candidates_in": 36}
{"ts": "2026-09-24T00:35:27.565554+00:00", "trace_id": null, "stage": "fuse", "event": "finish", "duration_ms": 0.091, "candidates_in": 36, "candidates_out": 25, "top_score": 0.03200204813108039}
{"ts": "2026-09-24T00:35:27.565774+00:00", "trace_id": null, "stage": "rerank", "event": "start", "candidates_in": 20}
{"ts": "2026-09-24T00:35:28.566023+00:00", "trace_id": null, "stage": "rerank", "event": "stage_slow", "duration_ms": 1000.231, "candidates_in": 20, "soft_budget_ms": 1000.0}
{"ts": "2026-09-24T00:35:29.636984+00:00", "trace_id": null, "stage": "rerank", "event": "finish", "duration_ms": 2071.184, "candidates_in": 20, "candidates_out": 20, "top_score": 0.5046917452804655}
{"ts": "2026-09-24T00:35:29.637429+00:00", "trace_id": null, "stage": "gate", "event": "start", "candidates_in": 5}
{"ts": "2026-09-24T00:35:29.640415+00:00", "trace_id": null, "stage": "gate", "event": "finish", "duration_ms": 2.985, "candidates_in": 5, "candidates_out": 5, "top_score": 0.5046917452804655}
{"ts": "2026-09-24T00:35:29.640453+00:00", "trace_id": null, "stage": "embed_query", "event": "start", "model": "Qwen/Qwen3-Embedding-0.6B"}
{"ts": "2026-09-24T00:35:29.672382+00:00", "trace_id": null, "stage": "embed_query", "event": "finish", "duration_ms": 31.926, "model": "Qwen/Qwen3-Embedding-0.6B"}
{"ts": "2026-09-24T00:35:29.672430+00:00", "trace_id": null, "stage": "dense", "event": "start"}
{"ts": "2026-09-24T00:35:29.672636+00:00", "trace_id": null, "stage": "dense", "event": "finish", "duration_ms": 0.204, "candidates_out": 20}
{"ts": "2026-09-24T00:35:29.672667+00:00", "trace_id": null, "stage": "lexical", "event": "start"}
{"ts": "2026-09-24T00:35:29.672898+00:00", "trace_id": null, "stage": "lexical", "event": "finish", "duration_ms": 0.23, "candidates_out": 20}
{"ts": "2026-09-24T00:35:29.672930+00:00", "trace_id": null, "stage": "fuse", "event": "start", "candidates_in": 34}
{"ts": "2026-09-24T00:35:29.672995+00:00", "trace_id": null, "stage": "fuse", "event": "finish", "duration_ms": 0.064, "candidates_in": 34, "candidates_out": 26, "top_score": 0.03278688524590164}
{"ts": "2026-09-24T00:35:29.673244+00:00", "trace_id": null, "stage": "rerank", "event": "start", "candidates_in": 20}
{"ts": "2026-09-24T00:35:30.676945+00:00", "trace_id": null, "stage": "rerank", "event": "stage_slow", "duration_ms": 1003.687, "candidates_in": 20, "soft_budget_ms": 1000.0}
{"ts": "2026-09-24T00:35:31.747126+00:00", "trace_id": null, "stage": "rerank", "event": "finish", "duration_ms": 2073.858, "candidates_in": 20, "candidates_out": 20, "top_score": 0.5009730506511373}
{"ts": "2026-09-24T00:35:31.747571+00:00", "trace_id": null, "stage": "gate", "event": "start", "candidates_in": 5}
{"ts": "2026-09-24T00:35:31.749853+00:00", "trace_id": null, "stage": "gate", "event": "finish", "duration_ms": 2.281, "candidates_in": 5, "candidates_out": 5, "top_score": 0.5009730506511373}
{"ts": "2026-09-24T00:35:31.749890+00:00", "trace_id": null, "stage": "embed_query", "event": "start", "model": "Qwen/Qwen3-Embedding-0.6B"}
{"ts": "2026-09-24T00:35:31.780641+00:00", "trace_id": null, "stage": "embed_query", "event": "finish", "duration_ms": 30.749, "model": "Qwen/Qwen3-Embedding-0.6B"}
{"ts": "2026-09-24T00:35:31.780685+00:00", "trace_id": null, "stage": "dense", "event": "start"}
{"ts": "2026-09-24T00:35:31.780888+00:00", "trace_id": null, "stage": "dense", "event": "finish", "duration_ms": 0.203, "candidates_out": 20}
{"ts": "2026-09-24T00:35:31.780909+00:00", "trace_id": null, "stage": "lexical", "event": "start"}
{"ts": "2026-09-24T00:35:31.781200+00:00", "trace_id": null, "stage": "lexical", "event": "finish", "duration_ms": 0.291, "candidates_out": 20}
{"ts": "2026-09-24T00:35:31.781240+00:00", "trace_id": null, "stage": "fuse", "event": "start", "candidates_in": 30}
{"ts": "2026-09-24T00:35:31.781320+00:00", "trace_id": null, "stage": "fuse", "event": "finish", "duration_ms": 0.08, "candidates_in": 30, "candidates_out": 21, "top_score": 0.031544957774465976}
{"ts": "2026-09-24T00:35:31.781530+00:00", "trace_id": null, "stage": "rerank", "event": "start", "candidates_in": 20}
{"ts": "2026-09-24T00:35:32.785473+00:00", "trace_id": null, "stage": "rerank", "event": "stage_slow", "duration_ms": 1003.926, "candidates_in": 20, "soft_budget_ms": 1000.0}
{"ts": "2026-09-24T00:35:33.899485+00:00", "trace_id": null, "stage": "rerank", "event": "finish", "duration_ms": 2117.928, "candidates_in": 20, "candidates_out": 20, "top_score": 0.5497479931473709}
{"ts": "2026-09-24T00:35:33.899932+00:00", "trace_id": null, "stage": "gate", "event": "start", "candidates_in": 5}
{"ts": "2026-09-24T00:35:33.901266+00:00", "trace_id": null, "stage": "gate", "event": "finish", "duration_ms": 1.333, "candidates_in": 5, "candidates_out": 5, "top_score": 0.5497479931473709}
{"ts": "2026-09-24T00:35:33.901303+00:00", "trace_id": null, "stage": "embed_query", "event": "start", "model": "Qwen/Qwen3-Embedding-0.6B"}
{"ts": "2026-09-24T00:35:33.935586+00:00", "trace_id": null, "stage": "embed_query", "event": "finish", "duration_ms": 34.279, "model": "Qwen/Qwen3-Embedding-0.6B"}
{"ts": "2026-09-24T00:35:33.935646+00:00", "trace_id": null, "stage": "dense", "event": "start"}
{"ts": "2026-09-24T00:35:33.935931+00:00", "trace_id": null, "stage": "dense", "event": "finish", "duration_ms": 0.283, "candidates_out": 20}
{"ts": "2026-09-24T00:35:33.935968+00:00", "trace_id": null, "stage": "lexical", "event": "start"}
{"ts": "2026-09-24T00:35:33.936319+00:00", "trace_id": null, "stage": "lexical", "event": "finish", "duration_ms": 0.35, "candidates_out": 20}
{"ts": "2026-09-24T00:35:33.936361+00:00", "trace_id": null, "stage": "fuse", "event": "start", "candidates_in": 32}
{"ts": "2026-09-24T00:35:33.936436+00:00", "trace_id": null, "stage": "fuse", "event": "finish", "duration_ms": 0.075, "candidates_in": 32, "candidates_out": 24, "top_score": 0.03278688524590164}
{"ts": "2026-09-24T00:35:33.936662+00:00", "trace_id": null, "stage": "rerank", "event": "start", "candidates_in": 20}
{"ts": "2026-09-24T00:35:34.941752+00:00", "trace_id": null, "stage": "rerank", "event": "stage_slow", "duration_ms": 1005.073, "candidates_in": 20, "soft_budget_ms": 1000.0}
{"ts": "2026-09-24T00:35:35.921291+00:00", "trace_id": null, "stage": "rerank", "event": "finish", "duration_ms": 1984.604, "candidates_in": 20, "candidates_out": 20, "top_score": 0.5313366583855357}
{"ts": "2026-09-24T00:35:35.921742+00:00", "trace_id": null, "stage": "gate", "event": "start", "candidates_in": 5}
{"ts": "2026-09-24T00:35:35.921838+00:00", "trace_id": null, "stage": "gate", "event": "finish", "duration_ms": 0.096, "candidates_in": 5, "candidates_out": 5, "top_score": 0.5241257882104945}
{"ts": "2026-09-24T00:35:35.921874+00:00", "trace_id": null, "stage": "embed_query", "event": "start", "model": "Qwen/Qwen3-Embedding-0.6B"}
{"ts": "2026-09-24T00:35:35.955748+00:00", "trace_id": null, "stage": "embed_query", "event": "finish", "duration_ms": 33.871, "model": "Qwen/Qwen3-Embedding-0.6B"}
{"ts": "2026-09-24T00:35:35.955796+00:00", "trace_id": null, "stage": "dense", "event": "start"}
{"ts": "2026-09-24T00:35:35.956026+00:00", "trace_id": null, "stage": "dense", "event": "finish", "duration_ms": 0.229, "candidates_out": 20}
{"ts": "2026-09-24T00:35:35.956059+00:00", "trace_id": null, "stage": "lexical", "event": "start"}
{"ts": "2026-09-24T00:35:35.956365+00:00", "trace_id": null, "stage": "lexical", "event": "finish", "duration_ms": 0.305, "candidates_out": 20}
{"ts": "2026-09-24T00:35:35.956406+00:00", "trace_id": null, "stage": "fuse", "event": "start", "candidates_in": 32}
{"ts": "2026-09-24T00:35:35.956485+00:00", "trace_id": null, "stage": "fuse", "event": "finish", "duration_ms": 0.079, "candidates_in": 32, "candidates_out": 22, "top_score": 0.03278688524590164}
{"ts": "2026-09-24T00:35:35.956678+00:00", "trace_id": null, "stage": "rerank", "event": "start", "candidates_in": 20}
{"ts": "2026-09-24T00:35:36.958532+00:00", "trace_id": null, "stage": "rerank", "event": "stage_slow", "duration_ms": 1001.836, "candidates_in": 20, "soft_budget_ms": 1000.0}
{"ts": "2026-09-24T00:35:37.813764+00:00", "trace_id": null, "stage": "rerank", "event": "finish", "duration_ms": 1857.061, "candidates_in": 20, "candidates_out": 20, "top_score": 0.6764741652801722}
{"ts": "2026-09-24T00:35:37.814200+00:00", "trace_id": null, "stage": "gate", "event": "start", "candidates_in": 5}
{"ts": "2026-09-24T00:35:37.814302+00:00", "trace_id": null, "stage": "gate", "event": "finish", "duration_ms": 0.101, "candidates_in": 5, "candidates_out": 5, "top_score": 0.6764741652801722}
{"ts": "2026-09-24T00:35:37.814340+00:00", "trace_id": null, "stage": "embed_query", "event": "start", "model": "Qwen/Qwen3-Embedding-0.6B"}
{"ts": "2026-09-24T00:35:37.847555+00:00", "trace_id": null, "stage": "embed_query", "event": "finish", "duration_ms": 33.211, "model": "Qwen/Qwen3-Embedding-0.6B"}
{"ts": "2026-09-24T00:35:37.847609+00:00", "trace_id": null, "stage": "dense", "event": "start"}
{"ts": "2026-09-24T00:35:37.847832+00:00", "trace_id": null, "stage": "dense", "event": "finish", "duration_ms": 0.223, "candidates_out": 20}
{"ts": "2026-09-24T00:35:37.847855+00:00", "trace_id": null, "stage": "lexical", "event": "start"}
{"ts": "2026-09-24T00:35:37.848097+00:00", "trace_id": null, "stage": "lexical", "event": "finish", "duration_ms": 0.24, "candidates_out": 11}
{"ts": "2026-09-24T00:35:37.848134+00:00", "trace_id": null, "stage": "fuse", "event": "start", "candidates_in": 25}
{"ts": "2026-09-24T00:35:37.848222+00:00", "trace_id": null, "stage": "fuse", "event": "finish", "duration_ms": 0.086, "candidates_in": 25, "candidates_out": 19, "top_score": 0.03252247488101534}
{"ts": "2026-09-24T00:35:37.848453+00:00", "trace_id": null, "stage": "rerank", "event": "start", "candidates_in": 19}
{"ts": "2026-09-24T00:35:38.853543+00:00", "trace_id": null, "stage": "rerank", "event": "stage_slow", "duration_ms": 1005.072, "candidates_in": 19, "soft_budget_ms": 1000.0}
{"ts": "2026-09-24T00:35:39.716530+00:00", "trace_id": null, "stage": "rerank", "event": "finish", "duration_ms": 1868.054, "candidates_in": 19, "candidates_out": 19, "top_score": 0.5128035088513719}
{"ts": "2026-09-24T00:35:39.716979+00:00", "trace_id": null, "stage": "gate", "event": "start", "candidates_in": 5}
{"ts": "2026-09-24T00:35:39.720833+00:00", "trace_id": null, "stage": "gate", "event": "finish", "duration_ms": 3.854, "candidates_in": 5, "candidates_out": 5, "top_score": 0.5128035088513719}
{"ts": "2026-09-24T00:35:39.720871+00:00", "trace_id": null, "stage": "embed_query", "event": "start", "model": "Qwen/Qwen3-Embedding-0.6B"}
{"ts": "2026-09-24T00:35:39.752237+00:00", "trace_id": null, "stage": "embed_query", "event": "finish", "duration_ms": 31.364, "model": "Qwen/Qwen3-Embedding-0.6B"}
{"ts": "2026-09-24T00:35:39.752279+00:00", "trace_id": null, "stage": "dense", "event": "start"}
{"ts": "2026-09-24T00:35:39.752477+00:00", "trace_id": null, "stage": "dense", "event": "finish", "duration_ms": 0.197, "candidates_out": 20}
{"ts": "2026-09-24T00:35:39.752497+00:00", "trace_id": null, "stage": "lexical", "event": "start"}
{"ts": "2026-09-24T00:35:39.752764+00:00", "trace_id": null, "stage": "lexical", "event": "finish", "duration_ms": 0.265, "candidates_out": 19}
{"ts": "2026-09-24T00:35:39.752803+00:00", "trace_id": null, "stage": "fuse", "event": "start", "candidates_in": 30}
{"ts": "2026-09-24T00:35:39.752878+00:00", "trace_id": null, "stage": "fuse", "event": "finish", "duration_ms": 0.075, "candidates_in": 30, "candidates_out": 22, "top_score": 0.03278688524590164}
{"ts": "2026-09-24T00:35:39.753094+00:00", "trace_id": null, "stage": "rerank", "event": "start", "candidates_in": 20}
{"ts": "2026-09-24T00:35:40.758187+00:00", "trace_id": null, "stage": "rerank", "event": "stage_slow", "duration_ms": 1005.077, "candidates_in": 20, "soft_budget_ms": 1000.0}
{"ts": "2026-09-24T00:35:41.471911+00:00", "trace_id": null, "stage": "rerank", "event": "finish", "duration_ms": 1718.796, "candidates_in": 20, "candidates_out": 20, "top_score": 0.5489736571752578}
{"ts": "2026-09-24T00:35:41.472341+00:00", "trace_id": null, "stage": "gate", "event": "start", "candidates_in": 5}
{"ts": "2026-09-24T00:35:41.473677+00:00", "trace_id": null, "stage": "gate", "event": "finish", "duration_ms": 1.335, "candidates_in": 5, "candidates_out": 5, "top_score": 0.5489736571752578}
{"ts": "2026-09-24T00:35:41.473716+00:00", "trace_id": null, "stage": "embed_query", "event": "start", "model": "Qwen/Qwen3-Embedding-0.6B"}
{"ts": "2026-09-24T00:35:41.508274+00:00", "trace_id": null, "stage": "embed_query", "event": "finish", "duration_ms": 34.555, "model": "Qwen/Qwen3-Embedding-0.6B"}
{"ts": "2026-09-24T00:35:41.508332+00:00", "trace_id": null, "stage": "dense", "event": "start"}
{"ts": "2026-09-24T00:35:41.508557+00:00", "trace_id": null, "stage": "dense", "event": "finish", "duration_ms": 0.223, "candidates_out": 20}
{"ts": "2026-09-24T00:35:41.508592+00:00", "trace_id": null, "stage": "lexical", "event": "start"}
{"ts": "2026-09-24T00:35:41.508888+00:00", "trace_id": null, "stage": "lexical", "event": "finish", "duration_ms": 0.296, "candidates_out": 20}
{"ts": "2026-09-24T00:35:41.508921+00:00", "trace_id": null, "stage": "fuse", "event": "start", "candidates_in": 32}
{"ts": "2026-09-24T00:35:41.508996+00:00", "trace_id": null, "stage": "fuse", "event": "finish", "duration_ms": 0.074, "candidates_in": 32, "candidates_out": 20, "top_score": 0.032266458495966696}
{"ts": "2026-09-24T00:35:41.509207+00:00", "trace_id": null, "stage": "rerank", "event": "start", "candidates_in": 20}
{"ts": "2026-09-24T00:35:42.512170+00:00", "trace_id": null, "stage": "rerank", "event": "stage_slow", "duration_ms": 1002.946, "candidates_in": 20, "soft_budget_ms": 1000.0}
{"ts": "2026-09-24T00:35:43.489007+00:00", "trace_id": null, "stage": "rerank", "event": "finish", "duration_ms": 1979.776, "candidates_in": 20, "candidates_out": 20, "top_score": 0.708408414925463}
{"ts": "2026-09-24T00:35:43.489450+00:00", "trace_id": null, "stage": "gate", "event": "start", "candidates_in": 5}
{"ts": "2026-09-24T00:35:43.491477+00:00", "trace_id": null, "stage": "gate", "event": "finish", "duration_ms": 2.026, "candidates_in": 5, "candidates_out": 5, "top_score": 0.708408414925463}
{"ts": "2026-09-24T00:35:43.491516+00:00", "trace_id": null, "stage": "embed_query", "event": "start", "model": "Qwen/Qwen3-Embedding-0.6B"}
{"ts": "2026-09-24T00:35:43.523709+00:00", "trace_id": null, "stage": "embed_query", "event": "finish", "duration_ms": 32.191, "model": "Qwen/Qwen3-Embedding-0.6B"}
{"ts": "2026-09-24T00:35:43.523755+00:00", "trace_id": null, "stage": "dense", "event": "start"}
{"ts": "2026-09-24T00:35:43.523956+00:00", "trace_id": null, "stage": "dense", "event": "finish", "duration_ms": 0.201, "candidates_out": 20}
{"ts": "2026-09-24T00:35:43.523979+00:00", "trace_id": null, "stage": "lexical", "event": "start"}
{"ts": "2026-09-24T00:35:43.524331+00:00", "trace_id": null, "stage": "lexical", "event": "finish", "duration_ms": 0.353, "candidates_out": 20}
{"ts": "2026-09-24T00:35:43.524361+00:00", "trace_id": null, "stage": "fuse", "event": "start", "candidates_in": 34}
{"ts": "2026-09-24T00:35:43.524442+00:00", "trace_id": null, "stage": "fuse", "event": "finish", "duration_ms": 0.081, "candidates_in": 34, "candidates_out": 25, "top_score": 0.03252247488101534}
{"ts": "2026-09-24T00:35:43.524650+00:00", "trace_id": null, "stage": "rerank", "event": "start", "candidates_in": 20}
{"ts": "2026-09-24T00:35:44.529737+00:00", "trace_id": null, "stage": "rerank", "event": "stage_slow", "duration_ms": 1005.07, "candidates_in": 20, "soft_budget_ms": 1000.0}
{"ts": "2026-09-24T00:35:45.675109+00:00", "trace_id": null, "stage": "rerank", "event": "finish", "duration_ms": 2150.433, "candidates_in": 20, "candidates_out": 20, "top_score": 0.5107960039964672}
{"ts": "2026-09-24T00:35:45.675573+00:00", "trace_id": null, "stage": "gate", "event": "start", "candidates_in": 5}
{"ts": "2026-09-24T00:35:45.675670+00:00", "trace_id": null, "stage": "gate", "event": "finish", "duration_ms": 0.097, "candidates_in": 5, "candidates_out": 5, "top_score": 0.5107960039964672}
{"ts": "2026-09-24T00:35:45.675710+00:00", "trace_id": null, "stage": "embed_query", "event": "start", "model": "Qwen/Qwen3-Embedding-0.6B"}
{"ts": "2026-09-24T00:35:45.706832+00:00", "trace_id": null, "stage": "embed_query", "event": "finish", "duration_ms": 31.12, "model": "Qwen/Qwen3-Embedding-0.6B"}
{"ts": "2026-09-24T00:35:45.706884+00:00", "trace_id": null, "stage": "dense", "event": "start"}
{"ts": "2026-09-24T00:35:45.707092+00:00", "trace_id": null, "stage": "dense", "event": "finish", "duration_ms": 0.207, "candidates_out": 20}
{"ts": "2026-09-24T00:35:45.707119+00:00", "trace_id": null, "stage": "lexical", "event": "start"}
{"ts": "2026-09-24T00:35:45.707440+00:00", "trace_id": null, "stage": "lexical", "event": "finish", "duration_ms": 0.32, "candidates_out": 20}
{"ts": "2026-09-24T00:35:45.707487+00:00", "trace_id": null, "stage": "fuse", "event": "start", "candidates_in": 28}
{"ts": "2026-09-24T00:35:45.707568+00:00", "trace_id": null, "stage": "fuse", "event": "finish", "duration_ms": 0.081, "candidates_in": 28, "candidates_out": 18, "top_score": 0.031746031746031744}
{"ts": "2026-09-24T00:35:45.707791+00:00", "trace_id": null, "stage": "rerank", "event": "start", "candidates_in": 18}
{"ts": "2026-09-24T00:35:46.712904+00:00", "trace_id": null, "stage": "rerank", "event": "stage_slow", "duration_ms": 1005.096, "candidates_in": 18, "soft_budget_ms": 1000.0}
{"ts": "2026-09-24T00:35:47.370067+00:00", "trace_id": null, "stage": "rerank", "event": "finish", "duration_ms": 1662.254, "candidates_in": 18, "candidates_out": 18, "top_score": 0.7308158327013725}
{"ts": "2026-09-24T00:35:47.370516+00:00", "trace_id": null, "stage": "gate", "event": "start", "candidates_in": 5}
{"ts": "2026-09-24T00:35:47.371310+00:00", "trace_id": null, "stage": "gate", "event": "finish", "duration_ms": 0.794, "candidates_in": 5, "candidates_out": 5, "top_score": 0.7308158327013725}
{"ts": "2026-09-24T00:35:47.371338+00:00", "trace_id": null, "stage": "embed_query", "event": "start", "model": "Qwen/Qwen3-Embedding-0.6B"}
{"ts": "2026-09-24T00:35:47.404600+00:00", "trace_id": null, "stage": "embed_query", "event": "finish", "duration_ms": 33.258, "model": "Qwen/Qwen3-Embedding-0.6B"}
{"ts": "2026-09-24T00:35:47.404656+00:00", "trace_id": null, "stage": "dense", "event": "start"}
{"ts": "2026-09-24T00:35:47.404868+00:00", "trace_id": null, "stage": "dense", "event": "finish", "duration_ms": 0.211, "candidates_out": 20}
{"ts": "2026-09-24T00:35:47.404894+00:00", "trace_id": null, "stage": "lexical", "event": "start"}
{"ts": "2026-09-24T00:35:47.405213+00:00", "trace_id": null, "stage": "lexical", "event": "finish", "duration_ms": 0.319, "candidates_out": 20}
{"ts": "2026-09-24T00:35:47.405246+00:00", "trace_id": null, "stage": "fuse", "event": "start", "candidates_in": 27}
{"ts": "2026-09-24T00:35:47.405325+00:00", "trace_id": null, "stage": "fuse", "event": "finish", "duration_ms": 0.079, "candidates_in": 27, "candidates_out": 19, "top_score": 0.03278688524590164}
{"ts": "2026-09-24T00:35:47.405526+00:00", "trace_id": null, "stage": "rerank", "event": "start", "candidates_in": 19}
{"ts": "2026-09-24T00:35:48.410582+00:00", "trace_id": null, "stage": "rerank", "event": "stage_slow", "duration_ms": 1005.041, "candidates_in": 19, "soft_budget_ms": 1000.0}
{"ts": "2026-09-24T00:35:49.289077+00:00", "trace_id": null, "stage": "rerank", "event": "finish", "duration_ms": 1883.528, "candidates_in": 19, "candidates_out": 19, "top_score": 0.7225341641984063}
{"ts": "2026-09-24T00:35:49.289549+00:00", "trace_id": null, "stage": "gate", "event": "start", "candidates_in": 5}
{"ts": "2026-09-24T00:35:49.293689+00:00", "trace_id": null, "stage": "gate", "event": "finish", "duration_ms": 4.14, "candidates_in": 5, "candidates_out": 5, "top_score": 0.720461980641848}
{"ts": "2026-09-24T00:35:49.293726+00:00", "trace_id": null, "stage": "embed_query", "event": "start", "model": "Qwen/Qwen3-Embedding-0.6B"}
{"ts": "2026-09-24T00:35:49.325225+00:00", "trace_id": null, "stage": "embed_query", "event": "finish", "duration_ms": 31.497, "model": "Qwen/Qwen3-Embedding-0.6B"}
{"ts": "2026-09-24T00:35:49.325280+00:00", "trace_id": null, "stage": "dense", "event": "start"}
{"ts": "2026-09-24T00:35:49.325500+00:00", "trace_id": null, "stage": "dense", "event": "finish", "duration_ms": 0.22, "candidates_out": 20}
{"ts": "2026-09-24T00:35:49.325557+00:00", "trace_id": null, "stage": "lexical", "event": "start"}
{"ts": "2026-09-24T00:35:49.325880+00:00", "trace_id": null, "stage": "lexical", "event": "finish", "duration_ms": 0.323, "candidates_out": 20}
{"ts": "2026-09-24T00:35:49.325916+00:00", "trace_id": null, "stage": "fuse", "event": "start", "candidates_in": 30}
{"ts": "2026-09-24T00:35:49.326005+00:00", "trace_id": null, "stage": "fuse", "event": "finish", "duration_ms": 0.089, "candidates_in": 30, "candidates_out": 24, "top_score": 0.03278688524590164}
{"ts": "2026-09-24T00:35:49.326235+00:00", "trace_id": null, "stage": "rerank", "event": "start", "candidates_in": 20}
{"ts": "2026-09-24T00:35:50.328533+00:00", "trace_id": null, "stage": "rerank", "event": "stage_slow", "duration_ms": 1002.28, "candidates_in": 20, "soft_budget_ms": 1000.0}
{"ts": "2026-09-24T00:35:51.304454+00:00", "trace_id": null, "stage": "rerank", "event": "finish", "duration_ms": 1978.194, "candidates_in": 20, "candidates_out": 20, "top_score": 0.6878631124185012}
{"ts": "2026-09-24T00:35:51.304933+00:00", "trace_id": null, "stage": "gate", "event": "start", "candidates_in": 5}
{"ts": "2026-09-24T00:35:51.310163+00:00", "trace_id": null, "stage": "gate", "event": "finish", "duration_ms": 5.229, "candidates_in": 5, "candidates_out": 5, "top_score": 0.6878631124185012}
{"ts": "2026-09-24T00:35:51.310203+00:00", "trace_id": null, "stage": "embed_query", "event": "start", "model": "Qwen/Qwen3-Embedding-0.6B"}
{"ts": "2026-09-24T00:35:51.344270+00:00", "trace_id": null, "stage": "embed_query", "event": "finish", "duration_ms": 34.065, "model": "Qwen/Qwen3-Embedding-0.6B"}
{"ts": "2026-09-24T00:35:51.344321+00:00", "trace_id": null, "stage": "dense", "event": "start"}
{"ts": "2026-09-24T00:35:51.344525+00:00", "trace_id": null, "stage": "dense", "event": "finish", "duration_ms": 0.203, "candidates_out": 20}
{"ts": "2026-09-24T00:35:51.344550+00:00", "trace_id": null, "stage": "lexical", "event": "start"}
{"ts": "2026-09-24T00:35:51.344859+00:00", "trace_id": null, "stage": "lexical", "event": "finish", "duration_ms": 0.309, "candidates_out": 20}
{"ts": "2026-09-24T00:35:51.344887+00:00", "trace_id": null, "stage": "fuse", "event": "start", "candidates_in": 31}
{"ts": "2026-09-24T00:35:51.344988+00:00", "trace_id": null, "stage": "fuse", "event": "finish", "duration_ms": 0.1, "candidates_in": 31, "candidates_out": 19, "top_score": 0.03278688524590164}
{"ts": "2026-09-24T00:35:51.345213+00:00", "trace_id": null, "stage": "rerank", "event": "start", "candidates_in": 19}
{"ts": "2026-09-24T00:35:52.350302+00:00", "trace_id": null, "stage": "rerank", "event": "stage_slow", "duration_ms": 1005.071, "candidates_in": 19, "soft_budget_ms": 1000.0}
{"ts": "2026-09-24T00:35:53.176361+00:00", "trace_id": null, "stage": "rerank", "event": "finish", "duration_ms": 1831.125, "candidates_in": 19, "candidates_out": 19, "top_score": 0.7237283691930124}
{"ts": "2026-09-24T00:35:53.176811+00:00", "trace_id": null, "stage": "gate", "event": "start", "candidates_in": 5}
{"ts": "2026-09-24T00:35:53.176905+00:00", "trace_id": null, "stage": "gate", "event": "finish", "duration_ms": 0.094, "candidates_in": 5, "candidates_out": 5, "top_score": 0.7237283691930124}
{"ts": "2026-09-24T00:35:53.177343+00:00", "trace_id": null, "stage": "embed_query", "event": "start", "model": "Qwen/Qwen3-Embedding-0.6B"}
{"ts": "2026-09-24T00:35:53.207752+00:00", "trace_id": null, "stage": "embed_query", "event": "finish", "duration_ms": 30.407, "model": "Qwen/Qwen3-Embedding-0.6B"}
{"ts": "2026-09-24T00:35:53.207802+00:00", "trace_id": null, "stage": "dense", "event": "start"}
{"ts": "2026-09-24T00:35:53.208027+00:00", "trace_id": null, "stage": "dense", "event": "finish", "duration_ms": 0.224, "candidates_out": 20}
{"ts": "2026-09-24T00:35:53.208061+00:00", "trace_id": null, "stage": "lexical", "event": "start"}
{"ts": "2026-09-24T00:35:53.208313+00:00", "trace_id": null, "stage": "lexical", "event": "finish", "duration_ms": 0.252, "candidates_out": 20}
{"ts": "2026-09-24T00:35:53.208352+00:00", "trace_id": null, "stage": "fuse", "event": "start", "candidates_in": 33}
{"ts": "2026-09-24T00:35:53.208421+00:00", "trace_id": null, "stage": "fuse", "event": "finish", "duration_ms": 0.069, "candidates_in": 33, "candidates_out": 22, "top_score": 0.03278688524590164}
{"ts": "2026-09-24T00:35:53.208655+00:00", "trace_id": null, "stage": "rerank", "event": "start", "candidates_in": 20}
{"ts": "2026-09-24T00:35:54.210590+00:00", "trace_id": null, "stage": "rerank", "event": "stage_slow", "duration_ms": 1001.921, "candidates_in": 20, "soft_budget_ms": 1000.0}
{"ts": "2026-09-24T00:35:55.028384+00:00", "trace_id": null, "stage": "rerank", "event": "finish", "duration_ms": 1819.707, "candidates_in": 20, "candidates_out": 20, "top_score": 0.7308801314085724}
{"ts": "2026-09-24T00:35:55.028836+00:00", "trace_id": null, "stage": "gate", "event": "start", "candidates_in": 5}
{"ts": "2026-09-24T00:35:55.028928+00:00", "trace_id": null, "stage": "gate", "event": "finish", "duration_ms": 0.092, "candidates_in": 5, "candidates_out": 5, "top_score": 0.7308801314085724}
{"ts": "2026-09-24T00:35:55.028962+00:00", "trace_id": null, "stage": "embed_query", "event": "start", "model": "Qwen/Qwen3-Embedding-0.6B"}
{"ts": "2026-09-24T00:35:55.029036+00:00", "trace_id": null, "stage": "embed_query", "event": "finish", "duration_ms": 0.074, "model": "Qwen/Qwen3-Embedding-0.6B"}
{"ts": "2026-09-24T00:35:55.029055+00:00", "trace_id": null, "stage": "dense", "event": "start"}
{"ts": "2026-09-24T00:35:55.029221+00:00", "trace_id": null, "stage": "dense", "event": "finish", "duration_ms": 0.166, "candidates_out": 20}
{"ts": "2026-09-24T00:35:55.029237+00:00", "trace_id": null, "stage": "lexical", "event": "start"}
{"ts": "2026-09-24T00:35:55.029499+00:00", "trace_id": null, "stage": "lexical", "event": "finish", "duration_ms": 0.261, "candidates_out": 20}
{"ts": "2026-09-24T00:35:55.029540+00:00", "trace_id": null, "stage": "fuse", "event": "start", "candidates_in": 31}
{"ts": "2026-09-24T00:35:55.029609+00:00", "trace_id": null, "stage": "fuse", "event": "finish", "duration_ms": 0.069, "candidates_in": 31, "candidates_out": 19, "top_score": 0.03278688524590164}
{"ts": "2026-09-24T00:35:55.029826+00:00", "trace_id": null, "stage": "rerank", "event": "start", "candidates_in": 19}
{"ts": "2026-09-24T00:35:56.034938+00:00", "trace_id": null, "stage": "rerank", "event": "stage_slow", "duration_ms": 1005.087, "candidates_in": 19, "soft_budget_ms": 1000.0}
{"ts": "2026-09-24T00:35:56.786865+00:00", "trace_id": null, "stage": "rerank", "event": "finish", "duration_ms": 1757.017, "candidates_in": 19, "candidates_out": 19, "top_score": 0.7275253434628324}
{"ts": "2026-09-24T00:35:56.787293+00:00", "trace_id": null, "stage": "gate", "event": "start", "candidates_in": 5}
{"ts": "2026-09-24T00:35:56.787386+00:00", "trace_id": null, "stage": "gate", "event": "finish", "duration_ms": 0.092, "candidates_in": 5, "candidates_out": 5, "top_score": 0.7275253434628324}
{"ts": "2026-09-24T00:35:56.787423+00:00", "trace_id": null, "stage": "embed_query", "event": "start", "model": "Qwen/Qwen3-Embedding-0.6B"}
{"ts": "2026-09-24T00:35:56.820124+00:00", "trace_id": null, "stage": "embed_query", "event": "finish", "duration_ms": 32.699, "model": "Qwen/Qwen3-Embedding-0.6B"}
{"ts": "2026-09-24T00:35:56.820170+00:00", "trace_id": null, "stage": "dense", "event": "start"}
{"ts": "2026-09-24T00:35:56.820372+00:00", "trace_id": null, "stage": "dense", "event": "finish", "duration_ms": 0.202, "candidates_out": 20}
{"ts": "2026-09-24T00:35:56.820394+00:00", "trace_id": null, "stage": "lexical", "event": "start"}
{"ts": "2026-09-24T00:35:56.820665+00:00", "trace_id": null, "stage": "lexical", "event": "finish", "duration_ms": 0.271, "candidates_out": 20}
{"ts": "2026-09-24T00:35:56.820701+00:00", "trace_id": null, "stage": "fuse", "event": "start", "candidates_in": 33}
{"ts": "2026-09-24T00:35:56.820786+00:00", "trace_id": null, "stage": "fuse", "event": "finish", "duration_ms": 0.083, "candidates_in": 33, "candidates_out": 20, "top_score": 0.03278688524590164}
{"ts": "2026-09-24T00:35:56.821010+00:00", "trace_id": null, "stage": "rerank", "event": "start", "candidates_in": 20}
{"ts": "2026-09-24T00:35:57.826107+00:00", "trace_id": null, "stage": "rerank", "event": "stage_slow", "duration_ms": 1005.079, "candidates_in": 20, "soft_budget_ms": 1000.0}
{"ts": "2026-09-24T00:35:58.666732+00:00", "trace_id": null, "stage": "rerank", "event": "finish", "duration_ms": 1845.698, "candidates_in": 20, "candidates_out": 20, "top_score": 0.6357854802943926}
{"ts": "2026-09-24T00:35:58.667176+00:00", "trace_id": null, "stage": "gate", "event": "start", "candidates_in": 5}
{"ts": "2026-09-24T00:35:58.667245+00:00", "trace_id": null, "stage": "gate", "event": "finish", "duration_ms": 0.069, "candidates_in": 5, "candidates_out": 0, "reason": "no_confident_hit"}
{"ts": "2026-09-24T00:35:58.667270+00:00", "trace_id": null, "stage": "embed_query", "event": "start", "model": "Qwen/Qwen3-Embedding-0.6B"}
{"ts": "2026-09-24T00:35:58.697929+00:00", "trace_id": null, "stage": "embed_query", "event": "finish", "duration_ms": 30.655, "model": "Qwen/Qwen3-Embedding-0.6B"}
{"ts": "2026-09-24T00:35:58.697974+00:00", "trace_id": null, "stage": "dense", "event": "start"}
{"ts": "2026-09-24T00:35:58.698188+00:00", "trace_id": null, "stage": "dense", "event": "finish", "duration_ms": 0.212, "candidates_out": 20}
{"ts": "2026-09-24T00:35:58.698220+00:00", "trace_id": null, "stage": "lexical", "event": "start"}
{"ts": "2026-09-24T00:35:58.698505+00:00", "trace_id": null, "stage": "lexical", "event": "finish", "duration_ms": 0.285, "candidates_out": 20}
{"ts": "2026-09-24T00:35:58.698543+00:00", "trace_id": null, "stage": "fuse", "event": "start", "candidates_in": 31}
{"ts": "2026-09-24T00:35:58.698632+00:00", "trace_id": null, "stage": "fuse", "event": "finish", "duration_ms": 0.089, "candidates_in": 31, "candidates_out": 18, "top_score": 0.03252247488101534}
{"ts": "2026-09-24T00:35:58.698817+00:00", "trace_id": null, "stage": "rerank", "event": "start", "candidates_in": 18}
{"ts": "2026-09-24T00:35:59.700416+00:00", "trace_id": null, "stage": "rerank", "event": "stage_slow", "duration_ms": 1001.582, "candidates_in": 18, "soft_budget_ms": 1000.0}
{"ts": "2026-09-24T00:36:00.357224+00:00", "trace_id": null, "stage": "rerank", "event": "finish", "duration_ms": 1658.384, "candidates_in": 18, "candidates_out": 18, "top_score": 0.642159454821402}
{"ts": "2026-09-24T00:36:00.357664+00:00", "trace_id": null, "stage": "gate", "event": "start", "candidates_in": 5}
{"ts": "2026-09-24T00:36:00.357739+00:00", "trace_id": null, "stage": "gate", "event": "finish", "duration_ms": 0.074, "candidates_in": 5, "candidates_out": 0, "reason": "no_confident_hit"}
{"ts": "2026-09-24T00:36:00.357780+00:00", "trace_id": null, "stage": "embed_query", "event": "start", "model": "Qwen/Qwen3-Embedding-0.6B"}
{"ts": "2026-09-24T00:36:00.389252+00:00", "trace_id": null, "stage": "embed_query", "event": "finish", "duration_ms": 31.469, "model": "Qwen/Qwen3-Embedding-0.6B"}
{"ts": "2026-09-24T00:36:00.389300+00:00", "trace_id": null, "stage": "dense", "event": "start"}
{"ts": "2026-09-24T00:36:00.389509+00:00", "trace_id": null, "stage": "dense", "event": "finish", "duration_ms": 0.208, "candidates_out": 20}
{"ts": "2026-09-24T00:36:00.389541+00:00", "trace_id": null, "stage": "lexical", "event": "start"}
{"ts": "2026-09-24T00:36:00.389823+00:00", "trace_id": null, "stage": "lexical", "event": "finish", "duration_ms": 0.281, "candidates_out": 20}
{"ts": "2026-09-24T00:36:00.389870+00:00", "trace_id": null, "stage": "fuse", "event": "start", "candidates_in": 31}
{"ts": "2026-09-24T00:36:00.389939+00:00", "trace_id": null, "stage": "fuse", "event": "finish", "duration_ms": 0.07, "candidates_in": 31, "candidates_out": 19, "top_score": 0.03278688524590164}
{"ts": "2026-09-24T00:36:00.390169+00:00", "trace_id": null, "stage": "rerank", "event": "start", "candidates_in": 19}
{"ts": "2026-09-24T00:36:01.394003+00:00", "trace_id": null, "stage": "rerank", "event": "stage_slow", "duration_ms": 1003.82, "candidates_in": 19, "soft_budget_ms": 1000.0}
{"ts": "2026-09-24T00:36:02.140652+00:00", "trace_id": null, "stage": "rerank", "event": "finish", "duration_ms": 1750.461, "candidates_in": 19, "candidates_out": 19, "top_score": 0.6657131870793718}
{"ts": "2026-09-24T00:36:02.141154+00:00", "trace_id": null, "stage": "gate", "event": "start", "candidates_in": 5}
{"ts": "2026-09-24T00:36:02.141231+00:00", "trace_id": null, "stage": "gate", "event": "finish", "duration_ms": 0.078, "candidates_in": 5, "candidates_out": 0, "reason": "no_confident_hit"}
{"ts": "2026-09-24T00:36:02.141259+00:00", "trace_id": null, "stage": "embed_query", "event": "start", "model": "Qwen/Qwen3-Embedding-0.6B"}
{"ts": "2026-09-24T00:36:02.173159+00:00", "trace_id": null, "stage": "embed_query", "event": "finish", "duration_ms": 31.896, "model": "Qwen/Qwen3-Embedding-0.6B"}
{"ts": "2026-09-24T00:36:02.173216+00:00", "trace_id": null, "stage": "dense", "event": "start"}
{"ts": "2026-09-24T00:36:02.173431+00:00", "trace_id": null, "stage": "dense", "event": "finish", "duration_ms": 0.214, "candidates_out": 20}
{"ts": "2026-09-24T00:36:02.173454+00:00", "trace_id": null, "stage": "lexical", "event": "start"}
{"ts": "2026-09-24T00:36:02.173727+00:00", "trace_id": null, "stage": "lexical", "event": "finish", "duration_ms": 0.272, "candidates_out": 20}
{"ts": "2026-09-24T00:36:02.173768+00:00", "trace_id": null, "stage": "fuse", "event": "start", "candidates_in": 32}
{"ts": "2026-09-24T00:36:02.173841+00:00", "trace_id": null, "stage": "fuse", "event": "finish", "duration_ms": 0.072, "candidates_in": 32, "candidates_out": 21, "top_score": 0.03278688524590164}
{"ts": "2026-09-24T00:36:02.174087+00:00", "trace_id": null, "stage": "rerank", "event": "start", "candidates_in": 20}
{"ts": "2026-09-24T00:36:03.177322+00:00", "trace_id": null, "stage": "rerank", "event": "stage_slow", "duration_ms": 1003.217, "candidates_in": 20, "soft_budget_ms": 1000.0}
{"ts": "2026-09-24T00:36:04.029481+00:00", "trace_id": null, "stage": "rerank", "event": "finish", "duration_ms": 1855.372, "candidates_in": 20, "candidates_out": 20, "top_score": 0.6753619686086838}
{"ts": "2026-09-24T00:36:04.029943+00:00", "trace_id": null, "stage": "gate", "event": "start", "candidates_in": 5}
{"ts": "2026-09-24T00:36:04.030012+00:00", "trace_id": null, "stage": "gate", "event": "finish", "duration_ms": 0.07, "candidates_in": 5, "candidates_out": 0, "reason": "no_confident_hit"}
{"ts": "2026-09-24T00:36:04.030038+00:00", "trace_id": null, "stage": "embed_query", "event": "start", "model": "Qwen/Qwen3-Embedding-0.6B"}
{"ts": "2026-09-24T00:36:04.060522+00:00", "trace_id": null, "stage": "embed_query", "event": "finish", "duration_ms": 30.481, "model": "Qwen/Qwen3-Embedding-0.6B"}
{"ts": "2026-09-24T00:36:04.060573+00:00", "trace_id": null, "stage": "dense", "event": "start"}
{"ts": "2026-09-24T00:36:04.060861+00:00", "trace_id": null, "stage": "dense", "event": "finish", "duration_ms": 0.288, "candidates_out": 20}
{"ts": "2026-09-24T00:36:04.060892+00:00", "trace_id": null, "stage": "lexical", "event": "start"}
{"ts": "2026-09-24T00:36:04.061168+00:00", "trace_id": null, "stage": "lexical", "event": "finish", "duration_ms": 0.275, "candidates_out": 20}
{"ts": "2026-09-24T00:36:04.061209+00:00", "trace_id": null, "stage": "fuse", "event": "start", "candidates_in": 30}
{"ts": "2026-09-24T00:36:04.061278+00:00", "trace_id": null, "stage": "fuse", "event": "finish", "duration_ms": 0.068, "candidates_in": 30, "candidates_out": 19, "top_score": 0.03252247488101534}
{"ts": "2026-09-24T00:36:04.061499+00:00", "trace_id": null, "stage": "rerank", "event": "start", "candidates_in": 19}
{"ts": "2026-09-24T00:36:05.066589+00:00", "trace_id": null, "stage": "rerank", "event": "stage_slow", "duration_ms": 1005.074, "candidates_in": 19, "soft_budget_ms": 1000.0}
{"ts": "2026-09-24T00:36:05.802728+00:00", "trace_id": null, "stage": "rerank", "event": "finish", "duration_ms": 1741.206, "candidates_in": 19, "candidates_out": 19, "top_score": 0.7231381737620692}
{"ts": "2026-09-24T00:36:05.803150+00:00", "trace_id": null, "stage": "gate", "event": "start", "candidates_in": 5}
{"ts": "2026-09-24T00:36:05.803245+00:00", "trace_id": null, "stage": "gate", "event": "finish", "duration_ms": 0.094, "candidates_in": 5, "candidates_out": 5, "top_score": 0.7231381737620692}
{"ts": "2026-09-24T00:36:05.803280+00:00", "trace_id": null, "stage": "embed_query", "event": "start", "model": "Qwen/Qwen3-Embedding-0.6B"}
{"ts": "2026-09-24T00:36:05.833457+00:00", "trace_id": null, "stage": "embed_query", "event": "finish", "duration_ms": 30.174, "model": "Qwen/Qwen3-Embedding-0.6B"}
{"ts": "2026-09-24T00:36:05.833504+00:00", "trace_id": null, "stage": "dense", "event": "start"}
{"ts": "2026-09-24T00:36:05.833716+00:00", "trace_id": null, "stage": "dense", "event": "finish", "duration_ms": 0.212, "candidates_out": 20}
{"ts": "2026-09-24T00:36:05.833735+00:00", "trace_id": null, "stage": "lexical", "event": "start"}
{"ts": "2026-09-24T00:36:05.833997+00:00", "trace_id": null, "stage": "lexical", "event": "finish", "duration_ms": 0.261, "candidates_out": 20}
{"ts": "2026-09-24T00:36:05.834039+00:00", "trace_id": null, "stage": "fuse", "event": "start", "candidates_in": 30}
{"ts": "2026-09-24T00:36:05.834122+00:00", "trace_id": null, "stage": "fuse", "event": "finish", "duration_ms": 0.084, "candidates_in": 30, "candidates_out": 19, "top_score": 0.03252247488101534}
{"ts": "2026-09-24T00:36:05.834344+00:00", "trace_id": null, "stage": "rerank", "event": "start", "candidates_in": 19}
{"ts": "2026-09-24T00:36:06.839424+00:00", "trace_id": null, "stage": "rerank", "event": "stage_slow", "duration_ms": 1005.067, "candidates_in": 19, "soft_budget_ms": 1000.0}
{"ts": "2026-09-24T00:36:07.442720+00:00", "trace_id": null, "stage": "rerank", "event": "finish", "duration_ms": 1608.356, "candidates_in": 19, "candidates_out": 19, "top_score": 0.5778115462628196}
{"ts": "2026-09-24T00:36:07.443149+00:00", "trace_id": null, "stage": "gate", "event": "start", "candidates_in": 5}
{"ts": "2026-09-24T00:36:07.443297+00:00", "trace_id": null, "stage": "gate", "event": "finish", "duration_ms": 0.148, "candidates_in": 5, "candidates_out": 0, "reason": "no_confident_hit"}
{"ts": "2026-09-24T00:36:07.443358+00:00", "trace_id": null, "stage": "embed_query", "event": "start", "model": "Qwen/Qwen3-Embedding-0.6B"}
{"ts": "2026-09-24T00:36:07.474650+00:00", "trace_id": null, "stage": "embed_query", "event": "finish", "duration_ms": 31.289, "model": "Qwen/Qwen3-Embedding-0.6B"}
{"ts": "2026-09-24T00:36:07.474699+00:00", "trace_id": null, "stage": "dense", "event": "start"}
{"ts": "2026-09-24T00:36:07.474905+00:00", "trace_id": null, "stage": "dense", "event": "finish", "duration_ms": 0.206, "candidates_out": 20}
{"ts": "2026-09-24T00:36:07.474927+00:00", "trace_id": null, "stage": "lexical", "event": "start"}
{"ts": "2026-09-24T00:36:07.475188+00:00", "trace_id": null, "stage": "lexical", "event": "finish", "duration_ms": 0.261, "candidates_out": 20}
{"ts": "2026-09-24T00:36:07.475218+00:00", "trace_id": null, "stage": "fuse", "event": "start", "candidates_in": 33}
{"ts": "2026-09-24T00:36:07.475306+00:00", "trace_id": null, "stage": "fuse", "event": "finish", "duration_ms": 0.086, "candidates_in": 33, "candidates_out": 23, "top_score": 0.03278688524590164}
{"ts": "2026-09-24T00:36:07.475534+00:00", "trace_id": null, "stage": "rerank", "event": "start", "candidates_in": 20}
{"ts": "2026-09-24T00:36:08.480606+00:00", "trace_id": null, "stage": "rerank", "event": "stage_slow", "duration_ms": 1005.057, "candidates_in": 20, "soft_budget_ms": 1000.0}
{"ts": "2026-09-24T00:36:09.404098+00:00", "trace_id": null, "stage": "rerank", "event": "finish", "duration_ms": 1928.539, "candidates_in": 20, "candidates_out": 20, "top_score": 0.7028691799580828}
{"ts": "2026-09-24T00:36:09.404533+00:00", "trace_id": null, "stage": "gate", "event": "start", "candidates_in": 5}
{"ts": "2026-09-24T00:36:09.404608+00:00", "trace_id": null, "stage": "gate", "event": "finish", "duration_ms": 0.074, "candidates_in": 5, "candidates_out": 0, "reason": "no_confident_hit"}
{"ts": "2026-09-24T00:36:09.404646+00:00", "trace_id": null, "stage": "embed_query", "event": "start", "model": "Qwen/Qwen3-Embedding-0.6B"}
{"ts": "2026-09-24T00:36:09.437892+00:00", "trace_id": null, "stage": "embed_query", "event": "finish", "duration_ms": 33.243, "model": "Qwen/Qwen3-Embedding-0.6B"}
{"ts": "2026-09-24T00:36:09.437949+00:00", "trace_id": null, "stage": "dense", "event": "start"}
{"ts": "2026-09-24T00:36:09.438163+00:00", "trace_id": null, "stage": "dense", "event": "finish", "duration_ms": 0.213, "candidates_out": 20}
{"ts": "2026-09-24T00:36:09.438194+00:00", "trace_id": null, "stage": "lexical", "event": "start"}
{"ts": "2026-09-24T00:36:09.438491+00:00", "trace_id": null, "stage": "lexical", "event": "finish", "duration_ms": 0.298, "candidates_out": 20}
{"ts": "2026-09-24T00:36:09.438531+00:00", "trace_id": null, "stage": "fuse", "event": "start", "candidates_in": 34}
{"ts": "2026-09-24T00:36:09.438612+00:00", "trace_id": null, "stage": "fuse", "event": "finish", "duration_ms": 0.08, "candidates_in": 34, "candidates_out": 21, "top_score": 0.03252247488101534}
{"ts": "2026-09-24T00:36:09.438831+00:00", "trace_id": null, "stage": "rerank", "event": "start", "candidates_in": 20}
{"ts": "2026-09-24T00:36:10.443919+00:00", "trace_id": null, "stage": "rerank", "event": "stage_slow", "duration_ms": 1005.07, "candidates_in": 20, "soft_budget_ms": 1000.0}
{"ts": "2026-09-24T00:36:11.263881+00:00", "trace_id": null, "stage": "rerank", "event": "finish", "duration_ms": 1825.026, "candidates_in": 20, "candidates_out": 20, "top_score": 0.7054022585326246}
{"ts": "2026-09-24T00:36:11.264328+00:00", "trace_id": null, "stage": "gate", "event": "start", "candidates_in": 5}
{"ts": "2026-09-24T00:36:11.264404+00:00", "trace_id": null, "stage": "gate", "event": "finish", "duration_ms": 0.075, "candidates_in": 5, "candidates_out": 0, "reason": "no_confident_hit"}
{"ts": "2026-09-24T00:36:11.264441+00:00", "trace_id": null, "stage": "embed_query", "event": "start", "model": "Qwen/Qwen3-Embedding-0.6B"}
{"ts": "2026-09-24T00:36:11.296760+00:00", "trace_id": null, "stage": "embed_query", "event": "finish", "duration_ms": 32.316, "model": "Qwen/Qwen3-Embedding-0.6B"}
{"ts": "2026-09-24T00:36:11.296807+00:00", "trace_id": null, "stage": "dense", "event": "start"}
{"ts": "2026-09-24T00:36:11.297023+00:00", "trace_id": null, "stage": "dense", "event": "finish", "duration_ms": 0.215, "candidates_out": 20}
{"ts": "2026-09-24T00:36:11.297058+00:00", "trace_id": null, "stage": "lexical", "event": "start"}
{"ts": "2026-09-24T00:36:11.297318+00:00", "trace_id": null, "stage": "lexical", "event": "finish", "duration_ms": 0.259, "candidates_out": 20}
{"ts": "2026-09-24T00:36:11.297349+00:00", "trace_id": null, "stage": "fuse", "event": "start", "candidates_in": 30}
{"ts": "2026-09-24T00:36:11.297421+00:00", "trace_id": null, "stage": "fuse", "event": "finish", "duration_ms": 0.071, "candidates_in": 30, "candidates_out": 19, "top_score": 0.03278688524590164}
{"ts": "2026-09-24T00:36:11.297631+00:00", "trace_id": null, "stage": "rerank", "event": "start", "candidates_in": 19}
{"ts": "2026-09-24T00:36:12.297788+00:00", "trace_id": null, "stage": "rerank", "event": "stage_slow", "duration_ms": 1000.139, "candidates_in": 19, "soft_budget_ms": 1000.0}
{"ts": "2026-09-24T00:36:13.284596+00:00", "trace_id": null, "stage": "rerank", "event": "finish", "duration_ms": 1986.937, "candidates_in": 19, "candidates_out": 19, "top_score": 0.6927522791401339}
{"ts": "2026-09-24T00:36:13.285431+00:00", "trace_id": null, "stage": "gate", "event": "start", "candidates_in": 5}
{"ts": "2026-09-24T00:36:13.285582+00:00", "trace_id": null, "stage": "gate", "event": "finish", "duration_ms": 0.149, "candidates_in": 5, "candidates_out": 0, "reason": "no_confident_hit"}
{"ts": "2026-09-24T00:36:13.285655+00:00", "trace_id": null, "stage": "embed_query", "event": "start", "model": "Qwen/Qwen3-Embedding-0.6B"}
{"ts": "2026-09-24T00:36:13.326056+00:00", "trace_id": null, "stage": "embed_query", "event": "finish", "duration_ms": 40.399, "model": "Qwen/Qwen3-Embedding-0.6B"}
{"ts": "2026-09-24T00:36:13.326116+00:00", "trace_id": null, "stage": "dense", "event": "start"}
{"ts": "2026-09-24T00:36:13.326374+00:00", "trace_id": null, "stage": "dense", "event": "finish", "duration_ms": 0.257, "candidates_out": 20}
{"ts": "2026-09-24T00:36:13.326412+00:00", "trace_id": null, "stage": "lexical", "event": "start"}
{"ts": "2026-09-24T00:36:13.326809+00:00", "trace_id": null, "stage": "lexical", "event": "finish", "duration_ms": 0.397, "candidates_out": 20}
{"ts": "2026-09-24T00:36:13.326849+00:00", "trace_id": null, "stage": "fuse", "event": "start", "candidates_in": 31}
{"ts": "2026-09-24T00:36:13.327049+00:00", "trace_id": null, "stage": "fuse", "event": "finish", "duration_ms": 0.198, "candidates_in": 31, "candidates_out": 19, "top_score": 0.03278688524590164}
{"ts": "2026-09-24T00:36:13.327357+00:00", "trace_id": null, "stage": "rerank", "event": "start", "candidates_in": 19}
{"ts": "2026-09-24T00:36:14.332441+00:00", "trace_id": null, "stage": "rerank", "event": "stage_slow", "duration_ms": 1005.069, "candidates_in": 19, "soft_budget_ms": 1000.0}
{"ts": "2026-09-24T00:36:15.108894+00:00", "trace_id": null, "stage": "rerank", "event": "finish", "duration_ms": 1781.514, "candidates_in": 19, "candidates_out": 19, "top_score": 0.7133155752728362}
{"ts": "2026-09-24T00:36:15.109368+00:00", "trace_id": null, "stage": "gate", "event": "start", "candidates_in": 5}
{"ts": "2026-09-24T00:36:15.109445+00:00", "trace_id": null, "stage": "gate", "event": "finish", "duration_ms": 0.076, "candidates_in": 5, "candidates_out": 0, "reason": "no_confident_hit"}
{"ts": "2026-09-24T00:36:15.109483+00:00", "trace_id": null, "stage": "embed_query", "event": "start", "model": "Qwen/Qwen3-Embedding-0.6B"}
{"ts": "2026-09-24T00:36:15.142654+00:00", "trace_id": null, "stage": "embed_query", "event": "finish", "duration_ms": 33.169, "model": "Qwen/Qwen3-Embedding-0.6B"}
{"ts": "2026-09-24T00:36:15.142709+00:00", "trace_id": null, "stage": "dense", "event": "start"}
{"ts": "2026-09-24T00:36:15.142938+00:00", "trace_id": null, "stage": "dense", "event": "finish", "duration_ms": 0.228, "candidates_out": 20}
{"ts": "2026-09-24T00:36:15.142971+00:00", "trace_id": null, "stage": "lexical", "event": "start"}
{"ts": "2026-09-24T00:36:15.143240+00:00", "trace_id": null, "stage": "lexical", "event": "finish", "duration_ms": 0.269, "candidates_out": 20}
{"ts": "2026-09-24T00:36:15.143269+00:00", "trace_id": null, "stage": "fuse", "event": "start", "candidates_in": 25}
{"ts": "2026-09-24T00:36:15.143353+00:00", "trace_id": null, "stage": "fuse", "event": "finish", "duration_ms": 0.082, "candidates_in": 25, "candidates_out": 18, "top_score": 0.032266458495966696}
{"ts": "2026-09-24T00:36:15.143560+00:00", "trace_id": null, "stage": "rerank", "event": "start", "candidates_in": 18}
{"ts": "2026-09-24T00:36:16.148652+00:00", "trace_id": null, "stage": "rerank", "event": "stage_slow", "duration_ms": 1005.073, "candidates_in": 18, "soft_budget_ms": 1000.0}
{"ts": "2026-09-24T00:36:16.781175+00:00", "trace_id": null, "stage": "rerank", "event": "finish", "duration_ms": 1637.594, "candidates_in": 18, "candidates_out": 18, "top_score": 0.7261287834875907}
{"ts": "2026-09-24T00:36:16.781608+00:00", "trace_id": null, "stage": "gate", "event": "start", "candidates_in": 5}
{"ts": "2026-09-24T00:36:16.784617+00:00", "trace_id": null, "stage": "gate", "event": "finish", "duration_ms": 3.008, "candidates_in": 5, "candidates_out": 5, "top_score": 0.7261287834875907}
{"ts": "2026-09-24T00:36:16.784655+00:00", "trace_id": null, "stage": "embed_query", "event": "start", "model": "Qwen/Qwen3-Embedding-0.6B"}
{"ts": "2026-09-24T00:36:16.816112+00:00", "trace_id": null, "stage": "embed_query", "event": "finish", "duration_ms": 31.454, "model": "Qwen/Qwen3-Embedding-0.6B"}
{"ts": "2026-09-24T00:36:16.816158+00:00", "trace_id": null, "stage": "dense", "event": "start"}
{"ts": "2026-09-24T00:36:16.816380+00:00", "trace_id": null, "stage": "dense", "event": "finish", "duration_ms": 0.22, "candidates_out": 20}
{"ts": "2026-09-24T00:36:16.816412+00:00", "trace_id": null, "stage": "lexical", "event": "start"}
{"ts": "2026-09-24T00:36:16.816698+00:00", "trace_id": null, "stage": "lexical", "event": "finish", "duration_ms": 0.285, "candidates_out": 20}
{"ts": "2026-09-24T00:36:16.816731+00:00", "trace_id": null, "stage": "fuse", "event": "start", "candidates_in": 31}
{"ts": "2026-09-24T00:36:16.816800+00:00", "trace_id": null, "stage": "fuse", "event": "finish", "duration_ms": 0.068, "candidates_in": 31, "candidates_out": 25, "top_score": 0.03252247488101534}
{"ts": "2026-09-24T00:36:16.817051+00:00", "trace_id": null, "stage": "rerank", "event": "start", "candidates_in": 20}
{"ts": "2026-09-24T00:36:17.822138+00:00", "trace_id": null, "stage": "rerank", "event": "stage_slow", "duration_ms": 1005.07, "candidates_in": 20, "soft_budget_ms": 1000.0}
{"ts": "2026-09-24T00:36:18.752504+00:00", "trace_id": null, "stage": "rerank", "event": "finish", "duration_ms": 1935.429, "candidates_in": 20, "candidates_out": 20, "top_score": 0.7280348392544875}
{"ts": "2026-09-24T00:36:18.753009+00:00", "trace_id": null, "stage": "gate", "event": "start", "candidates_in": 5}
{"ts": "2026-09-24T00:36:18.755327+00:00", "trace_id": null, "stage": "gate", "event": "finish", "duration_ms": 2.317, "candidates_in": 5, "candidates_out": 5, "top_score": 0.7280348392544875}
{"ts": "2026-09-24T00:36:18.755365+00:00", "trace_id": null, "stage": "embed_query", "event": "start", "model": "Qwen/Qwen3-Embedding-0.6B"}
{"ts": "2026-09-24T00:36:18.787338+00:00", "trace_id": null, "stage": "embed_query", "event": "finish", "duration_ms": 31.969, "model": "Qwen/Qwen3-Embedding-0.6B"}
{"ts": "2026-09-24T00:36:18.787385+00:00", "trace_id": null, "stage": "dense", "event": "start"}
{"ts": "2026-09-24T00:36:18.787595+00:00", "trace_id": null, "stage": "dense", "event": "finish", "duration_ms": 0.209, "candidates_out": 20}
{"ts": "2026-09-24T00:36:18.787627+00:00", "trace_id": null, "stage": "lexical", "event": "start"}
{"ts": "2026-09-24T00:36:18.787916+00:00", "trace_id": null, "stage": "lexical", "event": "finish", "duration_ms": 0.289, "candidates_out": 20}
{"ts": "2026-09-24T00:36:18.787957+00:00", "trace_id": null, "stage": "fuse", "event": "start", "candidates_in": 30}
{"ts": "2026-09-24T00:36:18.788028+00:00", "trace_id": null, "stage": "fuse", "event": "finish", "duration_ms": 0.07, "candidates_in": 30, "candidates_out": 21, "top_score": 0.03278688524590164}
{"ts": "2026-09-24T00:36:18.788249+00:00", "trace_id": null, "stage": "rerank", "event": "start", "candidates_in": 20}
{"ts": "2026-09-24T00:36:19.793319+00:00", "trace_id": null, "stage": "rerank", "event": "stage_slow", "duration_ms": 1005.055, "candidates_in": 20, "soft_budget_ms": 1000.0}
{"ts": "2026-09-24T00:36:20.621155+00:00", "trace_id": null, "stage": "rerank", "event": "finish", "duration_ms": 1832.883, "candidates_in": 20, "candidates_out": 20, "top_score": 0.7037956385994765}
{"ts": "2026-09-24T00:36:20.621623+00:00", "trace_id": null, "stage": "gate", "event": "start", "candidates_in": 5}
{"ts": "2026-09-24T00:36:20.621705+00:00", "trace_id": null, "stage": "gate", "event": "finish", "duration_ms": 0.081, "candidates_in": 5, "candidates_out": 0, "reason": "no_confident_hit"}
{"ts": "2026-09-24T00:36:20.621745+00:00", "trace_id": null, "stage": "embed_query", "event": "start", "model": "Qwen/Qwen3-Embedding-0.6B"}
{"ts": "2026-09-24T00:36:20.653400+00:00", "trace_id": null, "stage": "embed_query", "event": "finish", "duration_ms": 31.652, "model": "Qwen/Qwen3-Embedding-0.6B"}
{"ts": "2026-09-24T00:36:20.653452+00:00", "trace_id": null, "stage": "dense", "event": "start"}
{"ts": "2026-09-24T00:36:20.653664+00:00", "trace_id": null, "stage": "dense", "event": "finish", "duration_ms": 0.211, "candidates_out": 20}
{"ts": "2026-09-24T00:36:20.653692+00:00", "trace_id": null, "stage": "lexical", "event": "start"}
{"ts": "2026-09-24T00:36:20.653979+00:00", "trace_id": null, "stage": "lexical", "event": "finish", "duration_ms": 0.286, "candidates_out": 20}
{"ts": "2026-09-24T00:36:20.654008+00:00", "trace_id": null, "stage": "fuse", "event": "start", "candidates_in": 31}
{"ts": "2026-09-24T00:36:20.654085+00:00", "trace_id": null, "stage": "fuse", "event": "finish", "duration_ms": 0.076, "candidates_in": 31, "candidates_out": 22, "top_score": 0.03278688524590164}
{"ts": "2026-09-24T00:36:20.654305+00:00", "trace_id": null, "stage": "rerank", "event": "start", "candidates_in": 20}
{"ts": "2026-09-24T00:36:21.659392+00:00", "trace_id": null, "stage": "rerank", "event": "stage_slow", "duration_ms": 1005.07, "candidates_in": 20, "soft_budget_ms": 1000.0}
{"ts": "2026-09-24T00:36:22.485798+00:00", "trace_id": null, "stage": "rerank", "event": "finish", "duration_ms": 1831.469, "candidates_in": 20, "candidates_out": 20, "top_score": 0.727876797187945}
{"ts": "2026-09-24T00:36:22.486283+00:00", "trace_id": null, "stage": "gate", "event": "start", "candidates_in": 5}
{"ts": "2026-09-24T00:36:22.489915+00:00", "trace_id": null, "stage": "gate", "event": "finish", "duration_ms": 3.631, "candidates_in": 5, "candidates_out": 5, "top_score": 0.727876797187945}
{"ts": "2026-09-24T00:36:22.489954+00:00", "trace_id": null, "stage": "embed_query", "event": "start", "model": "Qwen/Qwen3-Embedding-0.6B"}
{"ts": "2026-09-24T00:36:22.520662+00:00", "trace_id": null, "stage": "embed_query", "event": "finish", "duration_ms": 30.706, "model": "Qwen/Qwen3-Embedding-0.6B"}
{"ts": "2026-09-24T00:36:22.520709+00:00", "trace_id": null, "stage": "dense", "event": "start"}
{"ts": "2026-09-24T00:36:22.520928+00:00", "trace_id": null, "stage": "dense", "event": "finish", "duration_ms": 0.218, "candidates_out": 20}
{"ts": "2026-09-24T00:36:22.520960+00:00", "trace_id": null, "stage": "lexical", "event": "start"}
{"ts": "2026-09-24T00:36:22.521237+00:00", "trace_id": null, "stage": "lexical", "event": "finish", "duration_ms": 0.277, "candidates_out": 20}
{"ts": "2026-09-24T00:36:22.521273+00:00", "trace_id": null, "stage": "fuse", "event": "start", "candidates_in": 30}
{"ts": "2026-09-24T00:36:22.521342+00:00", "trace_id": null, "stage": "fuse", "event": "finish", "duration_ms": 0.067, "candidates_in": 30, "candidates_out": 20, "top_score": 0.03252247488101534}
{"ts": "2026-09-24T00:36:22.521581+00:00", "trace_id": null, "stage": "rerank", "event": "start", "candidates_in": 20}
{"ts": "2026-09-24T00:36:23.525677+00:00", "trace_id": null, "stage": "rerank", "event": "stage_slow", "duration_ms": 1004.082, "candidates_in": 20, "soft_budget_ms": 1000.0}
{"ts": "2026-09-24T00:36:24.076905+00:00", "trace_id": null, "stage": "rerank", "event": "finish", "duration_ms": 1555.304, "candidates_in": 20, "candidates_out": 20, "top_score": 0.6827420878065452}
{"ts": "2026-09-24T00:36:24.077350+00:00", "trace_id": null, "stage": "gate", "event": "start", "candidates_in": 5}
{"ts": "2026-09-24T00:36:24.077413+00:00", "trace_id": null, "stage": "gate", "event": "finish", "duration_ms": 0.065, "candidates_in": 5, "candidates_out": 0, "reason": "no_confident_hit"}
{"ts": "2026-09-24T00:36:24.077434+00:00", "trace_id": null, "stage": "embed_query", "event": "start", "model": "Qwen/Qwen3-Embedding-0.6B"}
{"ts": "2026-09-24T00:36:24.108861+00:00", "trace_id": null, "stage": "embed_query", "event": "finish", "duration_ms": 31.423, "model": "Qwen/Qwen3-Embedding-0.6B"}
{"ts": "2026-09-24T00:36:24.108908+00:00", "trace_id": null, "stage": "dense", "event": "start"}
{"ts": "2026-09-24T00:36:24.109119+00:00", "trace_id": null, "stage": "dense", "event": "finish", "duration_ms": 0.21, "candidates_out": 20}
{"ts": "2026-09-24T00:36:24.109152+00:00", "trace_id": null, "stage": "lexical", "event": "start"}
{"ts": "2026-09-24T00:36:24.109447+00:00", "trace_id": null, "stage": "lexical", "event": "finish", "duration_ms": 0.293, "candidates_out": 20}
{"ts": "2026-09-24T00:36:24.109490+00:00", "trace_id": null, "stage": "fuse", "event": "start", "candidates_in": 32}
{"ts": "2026-09-24T00:36:24.109585+00:00", "trace_id": null, "stage": "fuse", "event": "finish", "duration_ms": 0.094, "candidates_in": 32, "candidates_out": 21, "top_score": 0.03278688524590164}
{"ts": "2026-09-24T00:36:24.109808+00:00", "trace_id": null, "stage": "rerank", "event": "start", "candidates_in": 20}
{"ts": "2026-09-24T00:36:25.113814+00:00", "trace_id": null, "stage": "rerank", "event": "stage_slow", "duration_ms": 1003.99, "candidates_in": 20, "soft_budget_ms": 1000.0}
{"ts": "2026-09-24T00:36:25.897923+00:00", "trace_id": null, "stage": "rerank", "event": "finish", "duration_ms": 1788.092, "candidates_in": 20, "candidates_out": 20, "top_score": 0.7297247860725344}
{"ts": "2026-09-24T00:36:25.898383+00:00", "trace_id": null, "stage": "gate", "event": "start", "candidates_in": 5}
{"ts": "2026-09-24T00:36:25.904782+00:00", "trace_id": null, "stage": "gate", "event": "finish", "duration_ms": 6.397, "candidates_in": 5, "candidates_out": 5, "top_score": 0.7296241226820421}
{"ts": "2026-09-24T00:36:25.904820+00:00", "trace_id": null, "stage": "embed_query", "event": "start", "model": "Qwen/Qwen3-Embedding-0.6B"}
{"ts": "2026-09-24T00:36:25.935619+00:00", "trace_id": null, "stage": "embed_query", "event": "finish", "duration_ms": 30.796, "model": "Qwen/Qwen3-Embedding-0.6B"}
{"ts": "2026-09-24T00:36:25.935665+00:00", "trace_id": null, "stage": "dense", "event": "start"}
{"ts": "2026-09-24T00:36:25.935944+00:00", "trace_id": null, "stage": "dense", "event": "finish", "duration_ms": 0.277, "candidates_out": 20}
{"ts": "2026-09-24T00:36:25.935983+00:00", "trace_id": null, "stage": "lexical", "event": "start"}
{"ts": "2026-09-24T00:36:25.936288+00:00", "trace_id": null, "stage": "lexical", "event": "finish", "duration_ms": 0.304, "candidates_out": 20}
{"ts": "2026-09-24T00:36:25.936326+00:00", "trace_id": null, "stage": "fuse", "event": "start", "candidates_in": 30}
{"ts": "2026-09-24T00:36:25.936409+00:00", "trace_id": null, "stage": "fuse", "event": "finish", "duration_ms": 0.083, "candidates_in": 30, "candidates_out": 18, "top_score": 0.03278688524590164}
{"ts": "2026-09-24T00:36:25.936617+00:00", "trace_id": null, "stage": "rerank", "event": "start", "candidates_in": 18}
{"ts": "2026-09-24T00:36:26.941693+00:00", "trace_id": null, "stage": "rerank", "event": "stage_slow", "duration_ms": 1005.06, "candidates_in": 18, "soft_budget_ms": 1000.0}
{"ts": "2026-09-24T00:36:27.670835+00:00", "trace_id": null, "stage": "rerank", "event": "finish", "duration_ms": 1734.195, "candidates_in": 18, "candidates_out": 18, "top_score": 0.7307303557428733}
{"ts": "2026-09-24T00:36:27.671275+00:00", "trace_id": null, "stage": "gate", "event": "start", "candidates_in": 5}
{"ts": "2026-09-24T00:36:27.676353+00:00", "trace_id": null, "stage": "gate", "event": "finish", "duration_ms": 5.077, "candidates_in": 5, "candidates_out": 5, "top_score": 0.7306633483080216}
{"ts": "2026-09-24T00:36:27.676384+00:00", "trace_id": null, "stage": "embed_query", "event": "start", "model": "Qwen/Qwen3-Embedding-0.6B"}
{"ts": "2026-09-24T00:36:27.708773+00:00", "trace_id": null, "stage": "embed_query", "event": "finish", "duration_ms": 32.386, "model": "Qwen/Qwen3-Embedding-0.6B"}
{"ts": "2026-09-24T00:36:27.708829+00:00", "trace_id": null, "stage": "dense", "event": "start"}
{"ts": "2026-09-24T00:36:27.709051+00:00", "trace_id": null, "stage": "dense", "event": "finish", "duration_ms": 0.221, "candidates_out": 20}
{"ts": "2026-09-24T00:36:27.709075+00:00", "trace_id": null, "stage": "lexical", "event": "start"}
{"ts": "2026-09-24T00:36:27.709384+00:00", "trace_id": null, "stage": "lexical", "event": "finish", "duration_ms": 0.309, "candidates_out": 20}
{"ts": "2026-09-24T00:36:27.709416+00:00", "trace_id": null, "stage": "fuse", "event": "start", "candidates_in": 29}
{"ts": "2026-09-24T00:36:27.709495+00:00", "trace_id": null, "stage": "fuse", "event": "finish", "duration_ms": 0.079, "candidates_in": 29, "candidates_out": 20, "top_score": 0.03131881575727918}
{"ts": "2026-09-24T00:36:27.709723+00:00", "trace_id": null, "stage": "rerank", "event": "start", "candidates_in": 20}
{"ts": "2026-09-24T00:36:28.712033+00:00", "trace_id": null, "stage": "rerank", "event": "stage_slow", "duration_ms": 1002.295, "candidates_in": 20, "soft_budget_ms": 1000.0}
{"ts": "2026-09-24T00:36:29.673004+00:00", "trace_id": null, "stage": "rerank", "event": "finish", "duration_ms": 1963.256, "candidates_in": 20, "candidates_out": 20, "top_score": 0.6475640868946485}
{"ts": "2026-09-24T00:36:29.673458+00:00", "trace_id": null, "stage": "gate", "event": "start", "candidates_in": 5}
{"ts": "2026-09-24T00:36:29.673537+00:00", "trace_id": null, "stage": "gate", "event": "finish", "duration_ms": 0.078, "candidates_in": 5, "candidates_out": 0, "reason": "no_confident_hit"}
{"ts": "2026-09-24T00:36:29.673573+00:00", "trace_id": null, "stage": "embed_query", "event": "start", "model": "Qwen/Qwen3-Embedding-0.6B"}
{"ts": "2026-09-24T00:36:29.705283+00:00", "trace_id": null, "stage": "embed_query", "event": "finish", "duration_ms": 31.709, "model": "Qwen/Qwen3-Embedding-0.6B"}
{"ts": "2026-09-24T00:36:29.705333+00:00", "trace_id": null, "stage": "dense", "event": "start"}
{"ts": "2026-09-24T00:36:29.705548+00:00", "trace_id": null, "stage": "dense", "event": "finish", "duration_ms": 0.214, "candidates_out": 20}
{"ts": "2026-09-24T00:36:29.705580+00:00", "trace_id": null, "stage": "lexical", "event": "start"}
{"ts": "2026-09-24T00:36:29.705866+00:00", "trace_id": null, "stage": "lexical", "event": "finish", "duration_ms": 0.285, "candidates_out": 20}
{"ts": "2026-09-24T00:36:29.705897+00:00", "trace_id": null, "stage": "fuse", "event": "start", "candidates_in": 29}
{"ts": "2026-09-24T00:36:29.705976+00:00", "trace_id": null, "stage": "fuse", "event": "finish", "duration_ms": 0.078, "candidates_in": 29, "candidates_out": 20, "top_score": 0.03252247488101534}
{"ts": "2026-09-24T00:36:29.706193+00:00", "trace_id": null, "stage": "rerank", "event": "start", "candidates_in": 20}
{"ts": "2026-09-24T00:36:30.710825+00:00", "trace_id": null, "stage": "rerank", "event": "stage_slow", "duration_ms": 1004.613, "candidates_in": 20, "soft_budget_ms": 1000.0}
{"ts": "2026-09-24T00:36:31.826430+00:00", "trace_id": null, "stage": "rerank", "event": "finish", "duration_ms": 2120.211, "candidates_in": 20, "candidates_out": 20, "top_score": 0.7248758155562289}
{"ts": "2026-09-24T00:36:31.826871+00:00", "trace_id": null, "stage": "gate", "event": "start", "candidates_in": 5}
{"ts": "2026-09-24T00:36:31.828256+00:00", "trace_id": null, "stage": "gate", "event": "finish", "duration_ms": 1.383, "candidates_in": 5, "candidates_out": 5, "top_score": 0.7248758155562289}
{"ts": "2026-09-24T00:36:31.828297+00:00", "trace_id": null, "stage": "embed_query", "event": "start", "model": "Qwen/Qwen3-Embedding-0.6B"}
{"ts": "2026-09-24T00:36:31.860575+00:00", "trace_id": null, "stage": "embed_query", "event": "finish", "duration_ms": 32.273, "model": "Qwen/Qwen3-Embedding-0.6B"}
{"ts": "2026-09-24T00:36:31.860681+00:00", "trace_id": null, "stage": "dense", "event": "start"}
{"ts": "2026-09-24T00:36:31.860924+00:00", "trace_id": null, "stage": "dense", "event": "finish", "duration_ms": 0.241, "candidates_out": 20}
{"ts": "2026-09-24T00:36:31.860961+00:00", "trace_id": null, "stage": "lexical", "event": "start"}
{"ts": "2026-09-24T00:36:31.861260+00:00", "trace_id": null, "stage": "lexical", "event": "finish", "duration_ms": 0.298, "candidates_out": 20}
{"ts": "2026-09-24T00:36:31.861298+00:00", "trace_id": null, "stage": "fuse", "event": "start", "candidates_in": 35}
{"ts": "2026-09-24T00:36:31.861369+00:00", "trace_id": null, "stage": "fuse", "event": "finish", "duration_ms": 0.07, "candidates_in": 35, "candidates_out": 26, "top_score": 0.03278688524590164}
{"ts": "2026-09-24T00:36:31.861619+00:00", "trace_id": null, "stage": "rerank", "event": "start", "candidates_in": 20}
{"ts": "2026-09-24T00:36:32.864203+00:00", "trace_id": null, "stage": "rerank", "event": "stage_slow", "duration_ms": 1002.568, "candidates_in": 20, "soft_budget_ms": 1000.0}
{"ts": "2026-09-24T00:36:33.690949+00:00", "trace_id": null, "stage": "rerank", "event": "finish", "duration_ms": 1829.307, "candidates_in": 20, "candidates_out": 20, "top_score": 0.7309759166045887}
{"ts": "2026-09-24T00:36:33.691449+00:00", "trace_id": null, "stage": "gate", "event": "start", "candidates_in": 5}
{"ts": "2026-09-24T00:36:33.692659+00:00", "trace_id": null, "stage": "gate", "event": "finish", "duration_ms": 1.209, "candidates_in": 5, "candidates_out": 5, "top_score": 0.7309722595554787}
{"ts": "2026-09-24T00:36:33.692697+00:00", "trace_id": null, "stage": "embed_query", "event": "start", "model": "Qwen/Qwen3-Embedding-0.6B"}
{"ts": "2026-09-24T00:36:33.724493+00:00", "trace_id": null, "stage": "embed_query", "event": "finish", "duration_ms": 31.794, "model": "Qwen/Qwen3-Embedding-0.6B"}
{"ts": "2026-09-24T00:36:33.724540+00:00", "trace_id": null, "stage": "dense", "event": "start"}
{"ts": "2026-09-24T00:36:33.724752+00:00", "trace_id": null, "stage": "dense", "event": "finish", "duration_ms": 0.212, "candidates_out": 20}
{"ts": "2026-09-24T00:36:33.724784+00:00", "trace_id": null, "stage": "lexical", "event": "start"}
{"ts": "2026-09-24T00:36:33.725085+00:00", "trace_id": null, "stage": "lexical", "event": "finish", "duration_ms": 0.3, "candidates_out": 20}
{"ts": "2026-09-24T00:36:33.725122+00:00", "trace_id": null, "stage": "fuse", "event": "start", "candidates_in": 33}
{"ts": "2026-09-24T00:36:33.725201+00:00", "trace_id": null, "stage": "fuse", "event": "finish", "duration_ms": 0.078, "candidates_in": 33, "candidates_out": 22, "top_score": 0.03278688524590164}
{"ts": "2026-09-24T00:36:33.725420+00:00", "trace_id": null, "stage": "rerank", "event": "start", "candidates_in": 20}
{"ts": "2026-09-24T00:36:34.730487+00:00", "trace_id": null, "stage": "rerank", "event": "stage_slow", "duration_ms": 1005.053, "candidates_in": 20, "soft_budget_ms": 1000.0}
{"ts": "2026-09-24T00:36:35.663843+00:00", "trace_id": null, "stage": "rerank", "event": "finish", "duration_ms": 1938.399, "candidates_in": 20, "candidates_out": 20, "top_score": 0.7309101669755856}
{"ts": "2026-09-24T00:36:35.664457+00:00", "trace_id": null, "stage": "gate", "event": "start", "candidates_in": 5}
{"ts": "2026-09-24T00:36:35.668790+00:00", "trace_id": null, "stage": "gate", "event": "finish", "duration_ms": 4.333, "candidates_in": 5, "candidates_out": 5, "top_score": 0.7309101669755856}
{"ts": "2026-09-24T00:36:35.668832+00:00", "trace_id": null, "stage": "embed_query", "event": "start", "model": "Qwen/Qwen3-Embedding-0.6B"}
{"ts": "2026-09-24T00:36:35.702249+00:00", "trace_id": null, "stage": "embed_query", "event": "finish", "duration_ms": 33.413, "model": "Qwen/Qwen3-Embedding-0.6B"}
{"ts": "2026-09-24T00:36:35.702307+00:00", "trace_id": null, "stage": "dense", "event": "start"}
{"ts": "2026-09-24T00:36:35.702565+00:00", "trace_id": null, "stage": "dense", "event": "finish", "duration_ms": 0.258, "candidates_out": 20}
{"ts": "2026-09-24T00:36:35.702585+00:00", "trace_id": null, "stage": "lexical", "event": "start"}
{"ts": "2026-09-24T00:36:35.702900+00:00", "trace_id": null, "stage": "lexical", "event": "finish", "duration_ms": 0.315, "candidates_out": 20}
{"ts": "2026-09-24T00:36:35.702930+00:00", "trace_id": null, "stage": "fuse", "event": "start", "candidates_in": 33}
{"ts": "2026-09-24T00:36:35.703025+00:00", "trace_id": null, "stage": "fuse", "event": "finish", "duration_ms": 0.094, "candidates_in": 33, "candidates_out": 22, "top_score": 0.03278688524590164}
{"ts": "2026-09-24T00:36:35.703279+00:00", "trace_id": null, "stage": "rerank", "event": "start", "candidates_in": 20}
{"ts": "2026-09-24T00:36:36.708357+00:00", "trace_id": null, "stage": "rerank", "event": "stage_slow", "duration_ms": 1005.063, "candidates_in": 20, "soft_budget_ms": 1000.0}
{"ts": "2026-09-24T00:36:37.765732+00:00", "trace_id": null, "stage": "rerank", "event": "finish", "duration_ms": 2062.428, "candidates_in": 20, "candidates_out": 20, "top_score": 0.7308948563696267}
{"ts": "2026-09-24T00:36:37.766175+00:00", "trace_id": null, "stage": "gate", "event": "start", "candidates_in": 5}
{"ts": "2026-09-24T00:36:37.766266+00:00", "trace_id": null, "stage": "gate", "event": "finish", "duration_ms": 0.092, "candidates_in": 5, "candidates_out": 5, "top_score": 0.7308948563696267}
{"ts": "2026-09-24T00:36:37.766292+00:00", "trace_id": null, "stage": "embed_query", "event": "start", "model": "Qwen/Qwen3-Embedding-0.6B"}
{"ts": "2026-09-24T00:36:37.797768+00:00", "trace_id": null, "stage": "embed_query", "event": "finish", "duration_ms": 31.472, "model": "Qwen/Qwen3-Embedding-0.6B"}
{"ts": "2026-09-24T00:36:37.797824+00:00", "trace_id": null, "stage": "dense", "event": "start"}
{"ts": "2026-09-24T00:36:37.798057+00:00", "trace_id": null, "stage": "dense", "event": "finish", "duration_ms": 0.232, "candidates_out": 20}
{"ts": "2026-09-24T00:36:37.798098+00:00", "trace_id": null, "stage": "lexical", "event": "start"}
{"ts": "2026-09-24T00:36:37.798409+00:00", "trace_id": null, "stage": "lexical", "event": "finish", "duration_ms": 0.311, "candidates_out": 20}
{"ts": "2026-09-24T00:36:37.798440+00:00", "trace_id": null, "stage": "fuse", "event": "start", "candidates_in": 31}
{"ts": "2026-09-24T00:36:37.798521+00:00", "trace_id": null, "stage": "fuse", "event": "finish", "duration_ms": 0.081, "candidates_in": 31, "candidates_out": 22, "top_score": 0.03278688524590164}
{"ts": "2026-09-24T00:36:37.798730+00:00", "trace_id": null, "stage": "rerank", "event": "start", "candidates_in": 20}
{"ts": "2026-09-24T00:36:38.802540+00:00", "trace_id": null, "stage": "rerank", "event": "stage_slow", "duration_ms": 1003.791, "candidates_in": 20, "soft_budget_ms": 1000.0}
{"ts": "2026-09-24T00:36:39.857183+00:00", "trace_id": null, "stage": "rerank", "event": "finish", "duration_ms": 2058.426, "candidates_in": 20, "candidates_out": 20, "top_score": 0.7042579855309925}
{"ts": "2026-09-24T00:36:39.857643+00:00", "trace_id": null, "stage": "gate", "event": "start", "candidates_in": 5}
{"ts": "2026-09-24T00:36:39.857720+00:00", "trace_id": null, "stage": "gate", "event": "finish", "duration_ms": 0.076, "candidates_in": 5, "candidates_out": 0, "reason": "no_confident_hit"}
{"ts": "2026-09-24T00:36:39.857758+00:00", "trace_id": null, "stage": "embed_query", "event": "start", "model": "Qwen/Qwen3-Embedding-0.6B"}
{"ts": "2026-09-24T00:36:39.888667+00:00", "trace_id": null, "stage": "embed_query", "event": "finish", "duration_ms": 30.906, "model": "Qwen/Qwen3-Embedding-0.6B"}
{"ts": "2026-09-24T00:36:39.888717+00:00", "trace_id": null, "stage": "dense", "event": "start"}
{"ts": "2026-09-24T00:36:39.888942+00:00", "trace_id": null, "stage": "dense", "event": "finish", "duration_ms": 0.223, "candidates_out": 20}
{"ts": "2026-09-24T00:36:39.888979+00:00", "trace_id": null, "stage": "lexical", "event": "start"}
{"ts": "2026-09-24T00:36:39.889274+00:00", "trace_id": null, "stage": "lexical", "event": "finish", "duration_ms": 0.294, "candidates_out": 20}
{"ts": "2026-09-24T00:36:39.889305+00:00", "trace_id": null, "stage": "fuse", "event": "start", "candidates_in": 34}
{"ts": "2026-09-24T00:36:39.889374+00:00", "trace_id": null, "stage": "fuse", "event": "finish", "duration_ms": 0.069, "candidates_in": 34, "candidates_out": 23, "top_score": 0.03252247488101534}
{"ts": "2026-09-24T00:36:39.889586+00:00", "trace_id": null, "stage": "rerank", "event": "start", "candidates_in": 20}
{"ts": "2026-09-24T00:36:40.894558+00:00", "trace_id": null, "stage": "rerank", "event": "stage_slow", "duration_ms": 1004.954, "candidates_in": 20, "soft_budget_ms": 1000.0}
{"ts": "2026-09-24T00:36:41.967029+00:00", "trace_id": null, "stage": "rerank", "event": "finish", "duration_ms": 2077.417, "candidates_in": 20, "candidates_out": 20, "top_score": 0.7276197159385016}
{"ts": "2026-09-24T00:36:41.967486+00:00", "trace_id": null, "stage": "gate", "event": "start", "candidates_in": 5}
{"ts": "2026-09-24T00:36:41.969018+00:00", "trace_id": null, "stage": "gate", "event": "finish", "duration_ms": 1.531, "candidates_in": 5, "candidates_out": 5, "top_score": 0.7276197159385016}
{"ts": "2026-09-24T00:36:41.969062+00:00", "trace_id": null, "stage": "embed_query", "event": "start", "model": "Qwen/Qwen3-Embedding-0.6B"}
{"ts": "2026-09-24T00:36:42.000410+00:00", "trace_id": null, "stage": "embed_query", "event": "finish", "duration_ms": 31.346, "model": "Qwen/Qwen3-Embedding-0.6B"}
{"ts": "2026-09-24T00:36:42.000469+00:00", "trace_id": null, "stage": "dense", "event": "start"}
{"ts": "2026-09-24T00:36:42.000689+00:00", "trace_id": null, "stage": "dense", "event": "finish", "duration_ms": 0.22, "candidates_out": 20}
{"ts": "2026-09-24T00:36:42.000712+00:00", "trace_id": null, "stage": "lexical", "event": "start"}
{"ts": "2026-09-24T00:36:42.001005+00:00", "trace_id": null, "stage": "lexical", "event": "finish", "duration_ms": 0.291, "candidates_out": 20}
{"ts": "2026-09-24T00:36:42.001048+00:00", "trace_id": null, "stage": "fuse", "event": "start", "candidates_in": 34}
{"ts": "2026-09-24T00:36:42.001134+00:00", "trace_id": null, "stage": "fuse", "event": "finish", "duration_ms": 0.085, "candidates_in": 34, "candidates_out": 24, "top_score": 0.03278688524590164}
{"ts": "2026-09-24T00:36:42.001361+00:00", "trace_id": null, "stage": "rerank", "event": "start", "candidates_in": 20}
{"ts": "2026-09-24T00:36:43.006397+00:00", "trace_id": null, "stage": "rerank", "event": "stage_slow", "duration_ms": 1005.017, "candidates_in": 20, "soft_budget_ms": 1000.0}
{"ts": "2026-09-24T00:36:44.089617+00:00", "trace_id": null, "stage": "rerank", "event": "finish", "duration_ms": 2088.23, "candidates_in": 20, "candidates_out": 20, "top_score": 0.7091928488371138}
{"ts": "2026-09-24T00:36:44.090073+00:00", "trace_id": null, "stage": "gate", "event": "start", "candidates_in": 5}
{"ts": "2026-09-24T00:36:44.090177+00:00", "trace_id": null, "stage": "gate", "event": "finish", "duration_ms": 0.104, "candidates_in": 5, "candidates_out": 0, "reason": "no_confident_hit"}
{"ts": "2026-09-24T00:36:44.090215+00:00", "trace_id": null, "stage": "embed_query", "event": "start", "model": "Qwen/Qwen3-Embedding-0.6B"}
{"ts": "2026-09-24T00:36:44.120463+00:00", "trace_id": null, "stage": "embed_query", "event": "finish", "duration_ms": 30.245, "model": "Qwen/Qwen3-Embedding-0.6B"}
{"ts": "2026-09-24T00:36:44.120513+00:00", "trace_id": null, "stage": "dense", "event": "start"}
{"ts": "2026-09-24T00:36:44.120718+00:00", "trace_id": null, "stage": "dense", "event": "finish", "duration_ms": 0.204, "candidates_out": 20}
{"ts": "2026-09-24T00:36:44.120739+00:00", "trace_id": null, "stage": "lexical", "event": "start"}
{"ts": "2026-09-24T00:36:44.121014+00:00", "trace_id": null, "stage": "lexical", "event": "finish", "duration_ms": 0.275, "candidates_out": 20}
{"ts": "2026-09-24T00:36:44.121042+00:00", "trace_id": null, "stage": "fuse", "event": "start", "candidates_in": 32}
{"ts": "2026-09-24T00:36:44.121124+00:00", "trace_id": null, "stage": "fuse", "event": "finish", "duration_ms": 0.081, "candidates_in": 32, "candidates_out": 20, "top_score": 0.03278688524590164}
{"ts": "2026-09-24T00:36:44.121338+00:00", "trace_id": null, "stage": "rerank", "event": "start", "candidates_in": 20}
{"ts": "2026-09-24T00:36:45.126432+00:00", "trace_id": null, "stage": "rerank", "event": "stage_slow", "duration_ms": 1005.077, "candidates_in": 20, "soft_budget_ms": 1000.0}
{"ts": "2026-09-24T00:36:46.190000+00:00", "trace_id": null, "stage": "rerank", "event": "finish", "duration_ms": 2068.636, "candidates_in": 20, "candidates_out": 20, "top_score": 0.7166540973200879}
{"ts": "2026-09-24T00:36:46.190545+00:00", "trace_id": null, "stage": "gate", "event": "start", "candidates_in": 5}
{"ts": "2026-09-24T00:36:46.190627+00:00", "trace_id": null, "stage": "gate", "event": "finish", "duration_ms": 0.083, "candidates_in": 5, "candidates_out": 0, "reason": "no_confident_hit"}
{"ts": "2026-09-24T00:36:46.190664+00:00", "trace_id": null, "stage": "embed_query", "event": "start", "model": "Qwen/Qwen3-Embedding-0.6B"}
{"ts": "2026-09-24T00:36:46.221279+00:00", "trace_id": null, "stage": "embed_query", "event": "finish", "duration_ms": 30.611, "model": "Qwen/Qwen3-Embedding-0.6B"}
{"ts": "2026-09-24T00:36:46.221325+00:00", "trace_id": null, "stage": "dense", "event": "start"}
{"ts": "2026-09-24T00:36:46.221547+00:00", "trace_id": null, "stage": "dense", "event": "finish", "duration_ms": 0.22, "candidates_out": 20}
{"ts": "2026-09-24T00:36:46.221577+00:00", "trace_id": null, "stage": "lexical", "event": "start"}
{"ts": "2026-09-24T00:36:46.221889+00:00", "trace_id": null, "stage": "lexical", "event": "finish", "duration_ms": 0.311, "candidates_out": 20}
{"ts": "2026-09-24T00:36:46.221936+00:00", "trace_id": null, "stage": "fuse", "event": "start", "candidates_in": 33}
{"ts": "2026-09-24T00:36:46.222019+00:00", "trace_id": null, "stage": "fuse", "event": "finish", "duration_ms": 0.083, "candidates_in": 33, "candidates_out": 25, "top_score": 0.032018442622950824}
{"ts": "2026-09-24T00:36:46.222242+00:00", "trace_id": null, "stage": "rerank", "event": "start", "candidates_in": 20}
{"ts": "2026-09-24T00:36:47.226618+00:00", "trace_id": null, "stage": "rerank", "event": "stage_slow", "duration_ms": 1004.36, "candidates_in": 20, "soft_budget_ms": 1000.0}
{"ts": "2026-09-24T00:36:48.309825+00:00", "trace_id": null, "stage": "rerank", "event": "finish", "duration_ms": 2087.557, "candidates_in": 20, "candidates_out": 20, "top_score": 0.7159878419754748}
{"ts": "2026-09-24T00:36:48.310281+00:00", "trace_id": null, "stage": "gate", "event": "start", "candidates_in": 5}
{"ts": "2026-09-24T00:36:48.310364+00:00", "trace_id": null, "stage": "gate", "event": "finish", "duration_ms": 0.082, "candidates_in": 5, "candidates_out": 0, "reason": "no_confident_hit"}
{"ts": "2026-09-24T00:36:48.310401+00:00", "trace_id": null, "stage": "embed_query", "event": "start", "model": "Qwen/Qwen3-Embedding-0.6B"}
{"ts": "2026-09-24T00:36:48.341105+00:00", "trace_id": null, "stage": "embed_query", "event": "finish", "duration_ms": 30.7, "model": "Qwen/Qwen3-Embedding-0.6B"}
{"ts": "2026-09-24T00:36:48.341164+00:00", "trace_id": null, "stage": "dense", "event": "start"}
{"ts": "2026-09-24T00:36:48.341386+00:00", "trace_id": null, "stage": "dense", "event": "finish", "duration_ms": 0.221, "candidates_out": 20}
{"ts": "2026-09-24T00:36:48.341422+00:00", "trace_id": null, "stage": "lexical", "event": "start"}
{"ts": "2026-09-24T00:36:48.341697+00:00", "trace_id": null, "stage": "lexical", "event": "finish", "duration_ms": 0.274, "candidates_out": 20}
{"ts": "2026-09-24T00:36:48.341736+00:00", "trace_id": null, "stage": "fuse", "event": "start", "candidates_in": 30}
{"ts": "2026-09-24T00:36:48.341821+00:00", "trace_id": null, "stage": "fuse", "event": "finish", "duration_ms": 0.085, "candidates_in": 30, "candidates_out": 25, "top_score": 0.03278688524590164}
{"ts": "2026-09-24T00:36:48.342039+00:00", "trace_id": null, "stage": "rerank", "event": "start", "candidates_in": 20}
{"ts": "2026-09-24T00:36:49.343747+00:00", "trace_id": null, "stage": "rerank", "event": "stage_slow", "duration_ms": 1001.692, "candidates_in": 20, "soft_budget_ms": 1000.0}
{"ts": "2026-09-24T00:36:50.280627+00:00", "trace_id": null, "stage": "rerank", "event": "finish", "duration_ms": 1938.564, "candidates_in": 20, "candidates_out": 20, "top_score": 0.7251463644198586}
{"ts": "2026-09-24T00:36:50.281108+00:00", "trace_id": null, "stage": "gate", "event": "start", "candidates_in": 5}
{"ts": "2026-09-24T00:36:50.281966+00:00", "trace_id": null, "stage": "gate", "event": "finish", "duration_ms": 0.866, "candidates_in": 5, "candidates_out": 5, "top_score": 0.7251463644198586}
{"ts": "2026-09-24T00:36:50.282005+00:00", "trace_id": null, "stage": "embed_query", "event": "start", "model": "Qwen/Qwen3-Embedding-0.6B"}
{"ts": "2026-09-24T00:36:50.313912+00:00", "trace_id": null, "stage": "embed_query", "event": "finish", "duration_ms": 31.904, "model": "Qwen/Qwen3-Embedding-0.6B"}
{"ts": "2026-09-24T00:36:50.313957+00:00", "trace_id": null, "stage": "dense", "event": "start"}
{"ts": "2026-09-24T00:36:50.314163+00:00", "trace_id": null, "stage": "dense", "event": "finish", "duration_ms": 0.205, "candidates_out": 20}
{"ts": "2026-09-24T00:36:50.314184+00:00", "trace_id": null, "stage": "lexical", "event": "start"}
{"ts": "2026-09-24T00:36:50.314479+00:00", "trace_id": null, "stage": "lexical", "event": "finish", "duration_ms": 0.295, "candidates_out": 20}
{"ts": "2026-09-24T00:36:50.314508+00:00", "trace_id": null, "stage": "fuse", "event": "start", "candidates_in": 30}
{"ts": "2026-09-24T00:36:50.314579+00:00", "trace_id": null, "stage": "fuse", "event": "finish", "duration_ms": 0.071, "candidates_in": 30, "candidates_out": 22, "top_score": 0.03278688524590164}
{"ts": "2026-09-24T00:36:50.314789+00:00", "trace_id": null, "stage": "rerank", "event": "start", "candidates_in": 20}
{"ts": "2026-09-24T00:36:51.315100+00:00", "trace_id": null, "stage": "rerank", "event": "stage_slow", "duration_ms": 1000.291, "candidates_in": 20, "soft_budget_ms": 1000.0}
{"ts": "2026-09-24T00:36:52.168834+00:00", "trace_id": null, "stage": "rerank", "event": "finish", "duration_ms": 1854.021, "candidates_in": 20, "candidates_out": 20, "top_score": 0.6704111908710034}
{"ts": "2026-09-24T00:36:52.169326+00:00", "trace_id": null, "stage": "gate", "event": "start", "candidates_in": 5}
{"ts": "2026-09-24T00:36:52.169421+00:00", "trace_id": null, "stage": "gate", "event": "finish", "duration_ms": 0.095, "candidates_in": 5, "candidates_out": 0, "reason": "no_confident_hit"}
{"ts": "2026-09-24T00:36:52.169459+00:00", "trace_id": null, "stage": "embed_query", "event": "start", "model": "Qwen/Qwen3-Embedding-0.6B"}
{"ts": "2026-09-24T00:36:52.201149+00:00", "trace_id": null, "stage": "embed_query", "event": "finish", "duration_ms": 31.686, "model": "Qwen/Qwen3-Embedding-0.6B"}
{"ts": "2026-09-24T00:36:52.201205+00:00", "trace_id": null, "stage": "dense", "event": "start"}
{"ts": "2026-09-24T00:36:52.201417+00:00", "trace_id": null, "stage": "dense", "event": "finish", "duration_ms": 0.211, "candidates_out": 20}
{"ts": "2026-09-24T00:36:52.201446+00:00", "trace_id": null, "stage": "lexical", "event": "start"}
{"ts": "2026-09-24T00:36:52.201722+00:00", "trace_id": null, "stage": "lexical", "event": "finish", "duration_ms": 0.276, "candidates_out": 20}
{"ts": "2026-09-24T00:36:52.201754+00:00", "trace_id": null, "stage": "fuse", "event": "start", "candidates_in": 30}
{"ts": "2026-09-24T00:36:52.201846+00:00", "trace_id": null, "stage": "fuse", "event": "finish", "duration_ms": 0.091, "candidates_in": 30, "candidates_out": 21, "top_score": 0.03252247488101534}
{"ts": "2026-09-24T00:36:52.202059+00:00", "trace_id": null, "stage": "rerank", "event": "start", "candidates_in": 20}
{"ts": "2026-09-24T00:36:53.207136+00:00", "trace_id": null, "stage": "rerank", "event": "stage_slow", "duration_ms": 1005.06, "candidates_in": 20, "soft_budget_ms": 1000.0}
{"ts": "2026-09-24T00:36:54.047777+00:00", "trace_id": null, "stage": "rerank", "event": "finish", "duration_ms": 1845.693, "candidates_in": 20, "candidates_out": 20, "top_score": 0.7014265258125751}
{"ts": "2026-09-24T00:36:54.048287+00:00", "trace_id": null, "stage": "gate", "event": "start", "candidates_in": 5}
{"ts": "2026-09-24T00:36:54.048358+00:00", "trace_id": null, "stage": "gate", "event": "finish", "duration_ms": 0.072, "candidates_in": 5, "candidates_out": 0, "reason": "no_confident_hit"}
{"ts": "2026-09-24T00:36:54.048383+00:00", "trace_id": null, "stage": "embed_query", "event": "start", "model": "Qwen/Qwen3-Embedding-0.6B"}
{"ts": "2026-09-24T00:36:54.082153+00:00", "trace_id": null, "stage": "embed_query", "event": "finish", "duration_ms": 33.765, "model": "Qwen/Qwen3-Embedding-0.6B"}
{"ts": "2026-09-24T00:36:54.082230+00:00", "trace_id": null, "stage": "dense", "event": "start"}
{"ts": "2026-09-24T00:36:54.082463+00:00", "trace_id": null, "stage": "dense", "event": "finish", "duration_ms": 0.234, "candidates_out": 20}
{"ts": "2026-09-24T00:36:54.082484+00:00", "trace_id": null, "stage": "lexical", "event": "start"}
{"ts": "2026-09-24T00:36:54.082747+00:00", "trace_id": null, "stage": "lexical", "event": "finish", "duration_ms": 0.262, "candidates_out": 14}
{"ts": "2026-09-24T00:36:54.082774+00:00", "trace_id": null, "stage": "fuse", "event": "start", "candidates_in": 26}
{"ts": "2026-09-24T00:36:54.082851+00:00", "trace_id": null, "stage": "fuse", "event": "finish", "duration_ms": 0.077, "candidates_in": 26, "candidates_out": 16, "top_score": 0.03278688524590164}
{"ts": "2026-09-24T00:36:54.083083+00:00", "trace_id": null, "stage": "rerank", "event": "start", "candidates_in": 16}
{"ts": "2026-09-24T00:36:55.088181+00:00", "trace_id": null, "stage": "rerank", "event": "stage_slow", "duration_ms": 1005.083, "candidates_in": 16, "soft_budget_ms": 1000.0}
{"ts": "2026-09-24T00:36:55.674816+00:00", "trace_id": null, "stage": "rerank", "event": "finish", "duration_ms": 1591.714, "candidates_in": 16, "candidates_out": 16, "top_score": 0.7192975858429916}
{"ts": "2026-09-24T00:36:55.675317+00:00", "trace_id": null, "stage": "gate", "event": "start", "candidates_in": 5}
{"ts": "2026-09-24T00:36:55.675396+00:00", "trace_id": null, "stage": "gate", "event": "finish", "duration_ms": 0.08, "candidates_in": 5, "candidates_out": 0, "reason": "no_confident_hit"}
{"ts": "2026-09-24T00:36:55.675422+00:00", "trace_id": null, "stage": "embed_query", "event": "start", "model": "Qwen/Qwen3-Embedding-0.6B"}
{"ts": "2026-09-24T00:36:55.711887+00:00", "trace_id": null, "stage": "embed_query", "event": "finish", "duration_ms": 36.461, "model": "Qwen/Qwen3-Embedding-0.6B"}
{"ts": "2026-09-24T00:36:55.711938+00:00", "trace_id": null, "stage": "dense", "event": "start"}
{"ts": "2026-09-24T00:36:55.712173+00:00", "trace_id": null, "stage": "dense", "event": "finish", "duration_ms": 0.234, "candidates_out": 20}
{"ts": "2026-09-24T00:36:55.712209+00:00", "trace_id": null, "stage": "lexical", "event": "start"}
{"ts": "2026-09-24T00:36:55.712547+00:00", "trace_id": null, "stage": "lexical", "event": "finish", "duration_ms": 0.338, "candidates_out": 20}
{"ts": "2026-09-24T00:36:55.712578+00:00", "trace_id": null, "stage": "fuse", "event": "start", "candidates_in": 28}
{"ts": "2026-09-24T00:36:55.712674+00:00", "trace_id": null, "stage": "fuse", "event": "finish", "duration_ms": 0.094, "candidates_in": 28, "candidates_out": 22, "top_score": 0.03252247488101534}
{"ts": "2026-09-24T00:36:55.712932+00:00", "trace_id": null, "stage": "rerank", "event": "start", "candidates_in": 20}
{"ts": "2026-09-24T00:36:56.715126+00:00", "trace_id": null, "stage": "rerank", "event": "stage_slow", "duration_ms": 1002.175, "candidates_in": 20, "soft_budget_ms": 1000.0}
{"ts": "2026-09-24T00:36:57.578198+00:00", "trace_id": null, "stage": "rerank", "event": "finish", "duration_ms": 1865.242, "candidates_in": 20, "candidates_out": 20, "top_score": 0.5987341311873402}
{"ts": "2026-09-24T00:36:57.578882+00:00", "trace_id": null, "stage": "gate", "event": "start", "candidates_in": 5}
{"ts": "2026-09-24T00:36:57.578987+00:00", "trace_id": null, "stage": "gate", "event": "finish", "duration_ms": 0.104, "candidates_in": 5, "candidates_out": 0, "reason": "no_confident_hit"}
{"ts": "2026-09-24T00:36:57.579035+00:00", "trace_id": null, "stage": "embed_query", "event": "start", "model": "Qwen/Qwen3-Embedding-0.6B"}
{"ts": "2026-09-24T00:36:57.613447+00:00", "trace_id": null, "stage": "embed_query", "event": "finish", "duration_ms": 34.408, "model": "Qwen/Qwen3-Embedding-0.6B"}
{"ts": "2026-09-24T00:36:57.613506+00:00", "trace_id": null, "stage": "dense", "event": "start"}
{"ts": "2026-09-24T00:36:57.613749+00:00", "trace_id": null, "stage": "dense", "event": "finish", "duration_ms": 0.242, "candidates_out": 20}
{"ts": "2026-09-24T00:36:57.613780+00:00", "trace_id": null, "stage": "lexical", "event": "start"}
{"ts": "2026-09-24T00:36:57.614125+00:00", "trace_id": null, "stage": "lexical", "event": "finish", "duration_ms": 0.345, "candidates_out": 20}
{"ts": "2026-09-24T00:36:57.614156+00:00", "trace_id": null, "stage": "fuse", "event": "start", "candidates_in": 27}
{"ts": "2026-09-24T00:36:57.614262+00:00", "trace_id": null, "stage": "fuse", "event": "finish", "duration_ms": 0.105, "candidates_in": 27, "candidates_out": 19, "top_score": 0.032266458495966696}
{"ts": "2026-09-24T00:36:57.614596+00:00", "trace_id": null, "stage": "rerank", "event": "start", "candidates_in": 19}
{"ts": "2026-09-24T00:36:58.616676+00:00", "trace_id": null, "stage": "rerank", "event": "stage_slow", "duration_ms": 1002.051, "candidates_in": 19, "soft_budget_ms": 1000.0}
{"ts": "2026-09-24T00:36:59.450260+00:00", "trace_id": null, "stage": "rerank", "event": "finish", "duration_ms": 1835.64, "candidates_in": 19, "candidates_out": 19, "top_score": 0.5175965686289059}
{"ts": "2026-09-24T00:36:59.450870+00:00", "trace_id": null, "stage": "gate", "event": "start", "candidates_in": 5}
{"ts": "2026-09-24T00:36:59.450968+00:00", "trace_id": null, "stage": "gate", "event": "finish", "duration_ms": 0.097, "candidates_in": 5, "candidates_out": 0, "reason": "no_confident_hit"}
{"ts": "2026-09-24T00:36:59.451015+00:00", "trace_id": null, "stage": "embed_query", "event": "start", "model": "Qwen/Qwen3-Embedding-0.6B"}
{"ts": "2026-09-24T00:36:59.485069+00:00", "trace_id": null, "stage": "embed_query", "event": "finish", "duration_ms": 34.051, "model": "Qwen/Qwen3-Embedding-0.6B"}
{"ts": "2026-09-24T00:36:59.485125+00:00", "trace_id": null, "stage": "dense", "event": "start"}
{"ts": "2026-09-24T00:36:59.485370+00:00", "trace_id": null, "stage": "dense", "event": "finish", "duration_ms": 0.244, "candidates_out": 20}
{"ts": "2026-09-24T00:36:59.485400+00:00", "trace_id": null, "stage": "lexical", "event": "start"}
{"ts": "2026-09-24T00:36:59.485734+00:00", "trace_id": null, "stage": "lexical", "event": "finish", "duration_ms": 0.333, "candidates_out": 20}
{"ts": "2026-09-24T00:36:59.485777+00:00", "trace_id": null, "stage": "fuse", "event": "start", "candidates_in": 25}
{"ts": "2026-09-24T00:36:59.485866+00:00", "trace_id": null, "stage": "fuse", "event": "finish", "duration_ms": 0.089, "candidates_in": 25, "candidates_out": 19, "top_score": 0.032018442622950824}
{"ts": "2026-09-24T00:36:59.486138+00:00", "trace_id": null, "stage": "rerank", "event": "start", "candidates_in": 19}
{"ts": "2026-09-24T00:37:00.490399+00:00", "trace_id": null, "stage": "rerank", "event": "stage_slow", "duration_ms": 1004.243, "candidates_in": 19, "soft_budget_ms": 1000.0}
{"ts": "2026-09-24T00:37:01.206101+00:00", "trace_id": null, "stage": "rerank", "event": "finish", "duration_ms": 1719.941, "candidates_in": 19, "candidates_out": 19, "top_score": 0.6007629174789808}
{"ts": "2026-09-24T00:37:01.209084+00:00", "trace_id": null, "stage": "gate", "event": "start", "candidates_in": 5}
{"ts": "2026-09-24T00:37:01.209163+00:00", "trace_id": null, "stage": "gate", "event": "finish", "duration_ms": 0.078, "candidates_in": 5, "candidates_out": 0, "reason": "no_confident_hit"}
{"ts": "2026-09-24T00:37:01.209199+00:00", "trace_id": null, "stage": "embed_query", "event": "start", "model": "Qwen/Qwen3-Embedding-0.6B"}
{"ts": "2026-09-24T00:37:01.241031+00:00", "trace_id": null, "stage": "embed_query", "event": "finish", "duration_ms": 31.829, "model": "Qwen/Qwen3-Embedding-0.6B"}
{"ts": "2026-09-24T00:37:01.241082+00:00", "trace_id": null, "stage": "dense", "event": "start"}
{"ts": "2026-09-24T00:37:01.241306+00:00", "trace_id": null, "stage": "dense", "event": "finish", "duration_ms": 0.223, "candidates_out": 20}
{"ts": "2026-09-24T00:37:01.241344+00:00", "trace_id": null, "stage": "lexical", "event": "start"}
{"ts": "2026-09-24T00:37:01.241653+00:00", "trace_id": null, "stage": "lexical", "event": "finish", "duration_ms": 0.309, "candidates_out": 20}
{"ts": "2026-09-24T00:37:01.241686+00:00", "trace_id": null, "stage": "fuse", "event": "start", "candidates_in": 24}
{"ts": "2026-09-24T00:37:01.241775+00:00", "trace_id": null, "stage": "fuse", "event": "finish", "duration_ms": 0.087, "candidates_in": 24, "candidates_out": 18, "top_score": 0.032018442622950824}
{"ts": "2026-09-24T00:37:01.241993+00:00", "trace_id": null, "stage": "rerank", "event": "start", "candidates_in": 18}
{"ts": "2026-09-24T00:37:02.244334+00:00", "trace_id": null, "stage": "rerank", "event": "stage_slow", "duration_ms": 1002.323, "candidates_in": 18, "soft_budget_ms": 1000.0}
{"ts": "2026-09-24T00:37:02.914568+00:00", "trace_id": null, "stage": "rerank", "event": "finish", "duration_ms": 1672.553, "candidates_in": 18, "candidates_out": 18, "top_score": 0.6037362066495155}
{"ts": "2026-09-24T00:37:02.915175+00:00", "trace_id": null, "stage": "gate", "event": "start", "candidates_in": 5}
{"ts": "2026-09-24T00:37:02.915279+00:00", "trace_id": null, "stage": "gate", "event": "finish", "duration_ms": 0.103, "candidates_in": 5, "candidates_out": 0, "reason": "no_confident_hit"}
{"ts": "2026-09-24T00:37:02.915328+00:00", "trace_id": null, "stage": "embed_query", "event": "start", "model": "Qwen/Qwen3-Embedding-0.6B"}
{"ts": "2026-09-24T00:37:02.952959+00:00", "trace_id": null, "stage": "embed_query", "event": "finish", "duration_ms": 37.628, "model": "Qwen/Qwen3-Embedding-0.6B"}
{"ts": "2026-09-24T00:37:02.953103+00:00", "trace_id": null, "stage": "dense", "event": "start"}
{"ts": "2026-09-24T00:37:02.953334+00:00", "trace_id": null, "stage": "dense", "event": "finish", "duration_ms": 0.232, "candidates_out": 20}
{"ts": "2026-09-24T00:37:02.953360+00:00", "trace_id": null, "stage": "lexical", "event": "start"}
{"ts": "2026-09-24T00:37:02.953699+00:00", "trace_id": null, "stage": "lexical", "event": "finish", "duration_ms": 0.338, "candidates_out": 20}
{"ts": "2026-09-24T00:37:02.953730+00:00", "trace_id": null, "stage": "fuse", "event": "start", "candidates_in": 36}
{"ts": "2026-09-24T00:37:02.953823+00:00", "trace_id": null, "stage": "fuse", "event": "finish", "duration_ms": 0.092, "candidates_in": 36, "candidates_out": 27, "top_score": 0.03278688524590164}
{"ts": "2026-09-24T00:37:02.954078+00:00", "trace_id": null, "stage": "rerank", "event": "start", "candidates_in": 20}
{"ts": "2026-09-24T00:37:03.959153+00:00", "trace_id": null, "stage": "rerank", "event": "stage_slow", "duration_ms": 1005.059, "candidates_in": 20, "soft_budget_ms": 1000.0}
{"ts": "2026-09-24T00:37:05.006775+00:00", "trace_id": null, "stage": "rerank", "event": "finish", "duration_ms": 2052.671, "candidates_in": 20, "candidates_out": 20, "top_score": 0.7294970193901077}
{"ts": "2026-09-24T00:37:05.007244+00:00", "trace_id": null, "stage": "gate", "event": "start", "candidates_in": 5}
{"ts": "2026-09-24T00:37:05.008671+00:00", "trace_id": null, "stage": "gate", "event": "finish", "duration_ms": 1.426, "candidates_in": 5, "candidates_out": 5, "top_score": 0.7294970193901077}
{"ts": "2026-09-24T00:37:05.008708+00:00", "trace_id": null, "stage": "embed_query", "event": "start", "model": "Qwen/Qwen3-Embedding-0.6B"}
{"ts": "2026-09-24T00:37:05.041552+00:00", "trace_id": null, "stage": "embed_query", "event": "finish", "duration_ms": 32.841, "model": "Qwen/Qwen3-Embedding-0.6B"}
{"ts": "2026-09-24T00:37:05.041605+00:00", "trace_id": null, "stage": "dense", "event": "start"}
{"ts": "2026-09-24T00:37:05.041819+00:00", "trace_id": null, "stage": "dense", "event": "finish", "duration_ms": 0.214, "candidates_out": 20}
{"ts": "2026-09-24T00:37:05.041839+00:00", "trace_id": null, "stage": "lexical", "event": "start"}
{"ts": "2026-09-24T00:37:05.042120+00:00", "trace_id": null, "stage": "lexical", "event": "finish", "duration_ms": 0.28, "candidates_out": 20}
{"ts": "2026-09-24T00:37:05.042152+00:00", "trace_id": null, "stage": "fuse", "event": "start", "candidates_in": 29}
{"ts": "2026-09-24T00:37:05.042234+00:00", "trace_id": null, "stage": "fuse", "event": "finish", "duration_ms": 0.082, "candidates_in": 29, "candidates_out": 19, "top_score": 0.03278688524590164}
{"ts": "2026-09-24T00:37:05.042455+00:00", "trace_id": null, "stage": "rerank", "event": "start", "candidates_in": 19}
{"ts": "2026-09-24T00:37:06.046841+00:00", "trace_id": null, "stage": "rerank", "event": "stage_slow", "duration_ms": 1004.369, "candidates_in": 19, "soft_budget_ms": 1000.0}
{"ts": "2026-09-24T00:37:06.818709+00:00", "trace_id": null, "stage": "rerank", "event": "finish", "duration_ms": 1776.233, "candidates_in": 19, "candidates_out": 19, "top_score": 0.66901495162187}
{"ts": "2026-09-24T00:37:06.819157+00:00", "trace_id": null, "stage": "gate", "event": "start", "candidates_in": 5}
{"ts": "2026-09-24T00:37:06.819235+00:00", "trace_id": null, "stage": "gate", "event": "finish", "duration_ms": 0.077, "candidates_in": 5, "candidates_out": 0, "reason": "no_confident_hit"}
{"ts": "2026-09-24T00:37:06.819268+00:00", "trace_id": null, "stage": "embed_query", "event": "start", "model": "Qwen/Qwen3-Embedding-0.6B"}
{"ts": "2026-09-24T00:37:06.851866+00:00", "trace_id": null, "stage": "embed_query", "event": "finish", "duration_ms": 32.595, "model": "Qwen/Qwen3-Embedding-0.6B"}
{"ts": "2026-09-24T00:37:06.851914+00:00", "trace_id": null, "stage": "dense", "event": "start"}
{"ts": "2026-09-24T00:37:06.852122+00:00", "trace_id": null, "stage": "dense", "event": "finish", "duration_ms": 0.207, "candidates_out": 20}
{"ts": "2026-09-24T00:37:06.852151+00:00", "trace_id": null, "stage": "lexical", "event": "start"}
{"ts": "2026-09-24T00:37:06.852462+00:00", "trace_id": null, "stage": "lexical", "event": "finish", "duration_ms": 0.311, "candidates_out": 20}
{"ts": "2026-09-24T00:37:06.852504+00:00", "trace_id": null, "stage": "fuse", "event": "start", "candidates_in": 27}
{"ts": "2026-09-24T00:37:06.852576+00:00", "trace_id": null, "stage": "fuse", "event": "finish", "duration_ms": 0.072, "candidates_in": 27, "candidates_out": 20, "top_score": 0.03252247488101534}
{"ts": "2026-09-24T00:37:06.852862+00:00", "trace_id": null, "stage": "rerank", "event": "start", "candidates_in": 20}
{"ts": "2026-09-24T00:37:07.856957+00:00", "trace_id": null, "stage": "rerank", "event": "stage_slow", "duration_ms": 1004.078, "candidates_in": 20, "soft_budget_ms": 1000.0}
{"ts": "2026-09-24T00:37:08.805996+00:00", "trace_id": null, "stage": "rerank", "event": "finish", "duration_ms": 1953.11, "candidates_in": 20, "candidates_out": 20, "top_score": 0.6453371503763594}
{"ts": "2026-09-24T00:37:08.806747+00:00", "trace_id": null, "stage": "gate", "event": "start", "candidates_in": 5}
{"ts": "2026-09-24T00:37:08.806830+00:00", "trace_id": null, "stage": "gate", "event": "finish", "duration_ms": 0.084, "candidates_in": 5, "candidates_out": 0, "reason": "no_confident_hit"}
{"ts": "2026-09-24T00:37:08.806856+00:00", "trace_id": null, "stage": "embed_query", "event": "start", "model": "Qwen/Qwen3-Embedding-0.6B"}
{"ts": "2026-09-24T00:37:08.839742+00:00", "trace_id": null, "stage": "embed_query", "event": "finish", "duration_ms": 32.881, "model": "Qwen/Qwen3-Embedding-0.6B"}
{"ts": "2026-09-24T00:37:08.839793+00:00", "trace_id": null, "stage": "dense", "event": "start"}
{"ts": "2026-09-24T00:37:08.840005+00:00", "trace_id": null, "stage": "dense", "event": "finish", "duration_ms": 0.212, "candidates_out": 20}
{"ts": "2026-09-24T00:37:08.840028+00:00", "trace_id": null, "stage": "lexical", "event": "start"}
{"ts": "2026-09-24T00:37:08.840325+00:00", "trace_id": null, "stage": "lexical", "event": "finish", "duration_ms": 0.296, "candidates_out": 20}
{"ts": "2026-09-24T00:37:08.840366+00:00", "trace_id": null, "stage": "fuse", "event": "start", "candidates_in": 31}
{"ts": "2026-09-24T00:37:08.840444+00:00", "trace_id": null, "stage": "fuse", "event": "finish", "duration_ms": 0.078, "candidates_in": 31, "candidates_out": 23, "top_score": 0.03278688524590164}
{"ts": "2026-09-24T00:37:08.840672+00:00", "trace_id": null, "stage": "rerank", "event": "start", "candidates_in": 20}
{"ts": "2026-09-24T00:37:09.843296+00:00", "trace_id": null, "stage": "rerank", "event": "stage_slow", "duration_ms": 1002.607, "candidates_in": 20, "soft_budget_ms": 1000.0}
{"ts": "2026-09-24T00:37:10.988066+00:00", "trace_id": null, "stage": "rerank", "event": "finish", "duration_ms": 2147.368, "candidates_in": 20, "candidates_out": 20, "top_score": 0.730568149862659}
{"ts": "2026-09-24T00:37:10.988527+00:00", "trace_id": null, "stage": "gate", "event": "start", "candidates_in": 5}
{"ts": "2026-09-24T00:37:10.992831+00:00", "trace_id": null, "stage": "gate", "event": "finish", "duration_ms": 4.303, "candidates_in": 5, "candidates_out": 5, "top_score": 0.730568149862659}
{"ts": "2026-09-24T00:37:10.992871+00:00", "trace_id": null, "stage": "embed_query", "event": "start", "model": "Qwen/Qwen3-Embedding-0.6B"}
{"ts": "2026-09-24T00:37:11.023526+00:00", "trace_id": null, "stage": "embed_query", "event": "finish", "duration_ms": 30.654, "model": "Qwen/Qwen3-Embedding-0.6B"}
{"ts": "2026-09-24T00:37:11.023571+00:00", "trace_id": null, "stage": "dense", "event": "start"}
{"ts": "2026-09-24T00:37:11.023783+00:00", "trace_id": null, "stage": "dense", "event": "finish", "duration_ms": 0.211, "candidates_out": 20}
{"ts": "2026-09-24T00:37:11.023816+00:00", "trace_id": null, "stage": "lexical", "event": "start"}
{"ts": "2026-09-24T00:37:11.024100+00:00", "trace_id": null, "stage": "lexical", "event": "finish", "duration_ms": 0.284, "candidates_out": 20}
{"ts": "2026-09-24T00:37:11.024130+00:00", "trace_id": null, "stage": "fuse", "event": "start", "candidates_in": 30}
{"ts": "2026-09-24T00:37:11.024203+00:00", "trace_id": null, "stage": "fuse", "event": "finish", "duration_ms": 0.072, "candidates_in": 30, "candidates_out": 20, "top_score": 0.03252247488101534}
{"ts": "2026-09-24T00:37:11.024452+00:00", "trace_id": null, "stage": "rerank", "event": "start", "candidates_in": 20}
{"ts": "2026-09-24T00:37:12.027233+00:00", "trace_id": null, "stage": "rerank", "event": "stage_slow", "duration_ms": 1002.766, "candidates_in": 20, "soft_budget_ms": 1000.0}
{"ts": "2026-09-24T00:37:13.118308+00:00", "trace_id": null, "stage": "rerank", "event": "finish", "duration_ms": 2093.831, "candidates_in": 20, "candidates_out": 20, "top_score": 0.7241671296018655}
{"ts": "2026-09-24T00:37:13.118755+00:00", "trace_id": null, "stage": "gate", "event": "start", "candidates_in": 5}
{"ts": "2026-09-24T00:37:13.121202+00:00", "trace_id": null, "stage": "gate", "event": "finish", "duration_ms": 2.447, "candidates_in": 5, "candidates_out": 5, "top_score": 0.7241671296018655}
{"ts": "2026-09-24T00:37:13.121234+00:00", "trace_id": null, "stage": "embed_query", "event": "start", "model": "Qwen/Qwen3-Embedding-0.6B"}
{"ts": "2026-09-24T00:37:13.152910+00:00", "trace_id": null, "stage": "embed_query", "event": "finish", "duration_ms": 31.672, "model": "Qwen/Qwen3-Embedding-0.6B"}
{"ts": "2026-09-24T00:37:13.152970+00:00", "trace_id": null, "stage": "dense", "event": "start"}
{"ts": "2026-09-24T00:37:13.153211+00:00", "trace_id": null, "stage": "dense", "event": "finish", "duration_ms": 0.239, "candidates_out": 20}
{"ts": "2026-09-24T00:37:13.153244+00:00", "trace_id": null, "stage": "lexical", "event": "start"}
{"ts": "2026-09-24T00:37:13.153521+00:00", "trace_id": null, "stage": "lexical", "event": "finish", "duration_ms": 0.277, "candidates_out": 20}
{"ts": "2026-09-24T00:37:13.153555+00:00", "trace_id": null, "stage": "fuse", "event": "start", "candidates_in": 32}
{"ts": "2026-09-24T00:37:13.153635+00:00", "trace_id": null, "stage": "fuse", "event": "finish", "duration_ms": 0.08, "candidates_in": 32, "candidates_out": 22, "top_score": 0.03252247488101534}
{"ts": "2026-09-24T00:37:13.153894+00:00", "trace_id": null, "stage": "rerank", "event": "start", "candidates_in": 20}
{"ts": "2026-09-24T00:37:14.158988+00:00", "trace_id": null, "stage": "rerank", "event": "stage_slow", "duration_ms": 1005.077, "candidates_in": 20, "soft_budget_ms": 1000.0}
{"ts": "2026-09-24T00:37:15.302335+00:00", "trace_id": null, "stage": "rerank", "event": "finish", "duration_ms": 2148.415, "candidates_in": 20, "candidates_out": 20, "top_score": 0.7182602701599163}
{"ts": "2026-09-24T00:37:15.303196+00:00", "trace_id": null, "stage": "gate", "event": "start", "candidates_in": 5}
{"ts": "2026-09-24T00:37:15.303313+00:00", "trace_id": null, "stage": "gate", "event": "finish", "duration_ms": 0.117, "candidates_in": 5, "candidates_out": 0, "reason": "no_confident_hit"}
{"ts": "2026-09-24T00:37:15.303367+00:00", "trace_id": null, "stage": "embed_query", "event": "start", "model": "Qwen/Qwen3-Embedding-0.6B"}
{"ts": "2026-09-24T00:37:15.339453+00:00", "trace_id": null, "stage": "embed_query", "event": "finish", "duration_ms": 36.085, "model": "Qwen/Qwen3-Embedding-0.6B"}
{"ts": "2026-09-24T00:37:15.339508+00:00", "trace_id": null, "stage": "dense", "event": "start"}
{"ts": "2026-09-24T00:37:15.339747+00:00", "trace_id": null, "stage": "dense", "event": "finish", "duration_ms": 0.238, "candidates_out": 20}
{"ts": "2026-09-24T00:37:15.339770+00:00", "trace_id": null, "stage": "lexical", "event": "start"}
{"ts": "2026-09-24T00:37:15.340111+00:00", "trace_id": null, "stage": "lexical", "event": "finish", "duration_ms": 0.34, "candidates_out": 20}
{"ts": "2026-09-24T00:37:15.340152+00:00", "trace_id": null, "stage": "fuse", "event": "start", "candidates_in": 29}
{"ts": "2026-09-24T00:37:15.340253+00:00", "trace_id": null, "stage": "fuse", "event": "finish", "duration_ms": 0.1, "candidates_in": 29, "candidates_out": 19, "top_score": 0.032266458495966696}
{"ts": "2026-09-24T00:37:15.340510+00:00", "trace_id": null, "stage": "rerank", "event": "start", "candidates_in": 19}
{"ts": "2026-09-24T00:37:16.342309+00:00", "trace_id": null, "stage": "rerank", "event": "stage_slow", "duration_ms": 1001.78, "candidates_in": 19, "soft_budget_ms": 1000.0}
{"ts": "2026-09-24T00:37:17.337582+00:00", "trace_id": null, "stage": "rerank", "event": "finish", "duration_ms": 1997.047, "candidates_in": 19, "candidates_out": 19, "top_score": 0.6280308802368357}
{"ts": "2026-09-24T00:37:17.338018+00:00", "trace_id": null, "stage": "gate", "event": "start", "candidates_in": 5}
{"ts": "2026-09-24T00:37:17.338084+00:00", "trace_id": null, "stage": "gate", "event": "finish", "duration_ms": 0.066, "candidates_in": 5, "candidates_out": 0, "reason": "no_confident_hit"}
{"ts": "2026-09-24T00:37:17.338108+00:00", "trace_id": null, "stage": "embed_query", "event": "start", "model": "Qwen/Qwen3-Embedding-0.6B"}
{"ts": "2026-09-24T00:37:17.368412+00:00", "trace_id": null, "stage": "embed_query", "event": "finish", "duration_ms": 30.302, "model": "Qwen/Qwen3-Embedding-0.6B"}
{"ts": "2026-09-24T00:37:17.368457+00:00", "trace_id": null, "stage": "dense", "event": "start"}
{"ts": "2026-09-24T00:37:17.368673+00:00", "trace_id": null, "stage": "dense", "event": "finish", "duration_ms": 0.215, "candidates_out": 20}
{"ts": "2026-09-24T00:37:17.368709+00:00", "trace_id": null, "stage": "lexical", "event": "start"}
{"ts": "2026-09-24T00:37:17.368992+00:00", "trace_id": null, "stage": "lexical", "event": "finish", "duration_ms": 0.282, "candidates_out": 20}
{"ts": "2026-09-24T00:37:17.369034+00:00", "trace_id": null, "stage": "fuse", "event": "start", "candidates_in": 32}
{"ts": "2026-09-24T00:37:17.369118+00:00", "trace_id": null, "stage": "fuse", "event": "finish", "duration_ms": 0.084, "candidates_in": 32, "candidates_out": 18, "top_score": 0.03278688524590164}
{"ts": "2026-09-24T00:37:17.369417+00:00", "trace_id": null, "stage": "rerank", "event": "start", "candidates_in": 18}
{"ts": "2026-09-24T00:37:18.372155+00:00", "trace_id": null, "stage": "rerank", "event": "stage_slow", "duration_ms": 1002.72, "candidates_in": 18, "soft_budget_ms": 1000.0}
{"ts": "2026-09-24T00:37:19.278821+00:00", "trace_id": null, "stage": "rerank", "event": "finish", "duration_ms": 1909.38, "candidates_in": 18, "candidates_out": 18, "top_score": 0.7159085789625023}
{"ts": "2026-09-24T00:37:19.279271+00:00", "trace_id": null, "stage": "gate", "event": "start", "candidates_in": 5}
{"ts": "2026-09-24T00:37:19.279348+00:00", "trace_id": null, "stage": "gate", "event": "finish", "duration_ms": 0.076, "candidates_in": 5, "candidates_out": 0, "reason": "no_confident_hit"}
{"ts": "2026-09-24T00:37:19.279383+00:00", "trace_id": null, "stage": "embed_query", "event": "start", "model": "Qwen/Qwen3-Embedding-0.6B"}
{"ts": "2026-09-24T00:37:19.310144+00:00", "trace_id": null, "stage": "embed_query", "event": "finish", "duration_ms": 30.757, "model": "Qwen/Qwen3-Embedding-0.6B"}
{"ts": "2026-09-24T00:37:19.310196+00:00", "trace_id": null, "stage": "dense", "event": "start"}
{"ts": "2026-09-24T00:37:19.310411+00:00", "trace_id": null, "stage": "dense", "event": "finish", "duration_ms": 0.215, "candidates_out": 20}
{"ts": "2026-09-24T00:37:19.310441+00:00", "trace_id": null, "stage": "lexical", "event": "start"}
{"ts": "2026-09-24T00:37:19.310709+00:00", "trace_id": null, "stage": "lexical", "event": "finish", "duration_ms": 0.268, "candidates_out": 20}
{"ts": "2026-09-24T00:37:19.310741+00:00", "trace_id": null, "stage": "fuse", "event": "start", "candidates_in": 32}
{"ts": "2026-09-24T00:37:19.310802+00:00", "trace_id": null, "stage": "fuse", "event": "finish", "duration_ms": 0.061, "candidates_in": 32, "candidates_out": 20, "top_score": 0.03278688524590164}
{"ts": "2026-09-24T00:37:19.311030+00:00", "trace_id": null, "stage": "rerank", "event": "start", "candidates_in": 20}
{"ts": "2026-09-24T00:37:20.314645+00:00", "trace_id": null, "stage": "rerank", "event": "stage_slow", "duration_ms": 1003.6, "candidates_in": 20, "soft_budget_ms": 1000.0}
{"ts": "2026-09-24T00:37:21.453956+00:00", "trace_id": null, "stage": "rerank", "event": "finish", "duration_ms": 2142.9, "candidates_in": 20, "candidates_out": 20, "top_score": 0.7205293790701435}
{"ts": "2026-09-24T00:37:21.454404+00:00", "trace_id": null, "stage": "gate", "event": "start", "candidates_in": 5}
{"ts": "2026-09-24T00:37:21.454490+00:00", "trace_id": null, "stage": "gate", "event": "finish", "duration_ms": 0.087, "candidates_in": 5, "candidates_out": 5, "top_score": 0.7205293790701435}
{"ts": "2026-09-24T00:37:21.454516+00:00", "trace_id": null, "stage": "embed_query", "event": "start", "model": "Qwen/Qwen3-Embedding-0.6B"}
{"ts": "2026-09-24T00:37:21.484713+00:00", "trace_id": null, "stage": "embed_query", "event": "finish", "duration_ms": 30.194, "model": "Qwen/Qwen3-Embedding-0.6B"}
{"ts": "2026-09-24T00:37:21.484767+00:00", "trace_id": null, "stage": "dense", "event": "start"}
{"ts": "2026-09-24T00:37:21.484980+00:00", "trace_id": null, "stage": "dense", "event": "finish", "duration_ms": 0.213, "candidates_out": 20}
{"ts": "2026-09-24T00:37:21.485003+00:00", "trace_id": null, "stage": "lexical", "event": "start"}
{"ts": "2026-09-24T00:37:21.485284+00:00", "trace_id": null, "stage": "lexical", "event": "finish", "duration_ms": 0.28, "candidates_out": 20}
{"ts": "2026-09-24T00:37:21.485329+00:00", "trace_id": null, "stage": "fuse", "event": "start", "candidates_in": 32}
{"ts": "2026-09-24T00:37:21.485438+00:00", "trace_id": null, "stage": "fuse", "event": "finish", "duration_ms": 0.108, "candidates_in": 32, "candidates_out": 22, "top_score": 0.03278688524590164}
{"ts": "2026-09-24T00:37:21.485666+00:00", "trace_id": null, "stage": "rerank", "event": "start", "candidates_in": 20}
{"ts": "2026-09-24T00:37:22.489780+00:00", "trace_id": null, "stage": "rerank", "event": "stage_slow", "duration_ms": 1004.095, "candidates_in": 20, "soft_budget_ms": 1000.0}
{"ts": "2026-09-24T00:37:23.578122+00:00", "trace_id": null, "stage": "rerank", "event": "finish", "duration_ms": 2092.43, "candidates_in": 20, "candidates_out": 20, "top_score": 0.7138970731442791}
{"ts": "2026-09-24T00:37:23.581055+00:00", "trace_id": null, "stage": "gate", "event": "start", "candidates_in": 5}
{"ts": "2026-09-24T00:37:23.581134+00:00", "trace_id": null, "stage": "gate", "event": "finish", "duration_ms": 0.08, "candidates_in": 5, "candidates_out": 0, "reason": "no_confident_hit"}
{"ts": "2026-09-24T00:37:23.581161+00:00", "trace_id": null, "stage": "embed_query", "event": "start", "model": "Qwen/Qwen3-Embedding-0.6B"}
{"ts": "2026-09-24T00:37:23.612089+00:00", "trace_id": null, "stage": "embed_query", "event": "finish", "duration_ms": 30.926, "model": "Qwen/Qwen3-Embedding-0.6B"}
{"ts": "2026-09-24T00:37:23.612138+00:00", "trace_id": null, "stage": "dense", "event": "start"}
{"ts": "2026-09-24T00:37:23.612341+00:00", "trace_id": null, "stage": "dense", "event": "finish", "duration_ms": 0.202, "candidates_out": 20}
{"ts": "2026-09-24T00:37:23.612363+00:00", "trace_id": null, "stage": "lexical", "event": "start"}
{"ts": "2026-09-24T00:37:23.612634+00:00", "trace_id": null, "stage": "lexical", "event": "finish", "duration_ms": 0.271, "candidates_out": 20}
{"ts": "2026-09-24T00:37:23.612662+00:00", "trace_id": null, "stage": "fuse", "event": "start", "candidates_in": 23}
{"ts": "2026-09-24T00:37:23.612737+00:00", "trace_id": null, "stage": "fuse", "event": "finish", "duration_ms": 0.075, "candidates_in": 23, "candidates_out": 18, "top_score": 0.032266458495966696}
{"ts": "2026-09-24T00:37:23.613128+00:00", "trace_id": null, "stage": "rerank", "event": "start", "candidates_in": 18}
{"ts": "2026-09-24T00:37:24.618197+00:00", "trace_id": null, "stage": "rerank", "event": "stage_slow", "duration_ms": 1005.055, "candidates_in": 18, "soft_budget_ms": 1000.0}
{"ts": "2026-09-24T00:37:25.363564+00:00", "trace_id": null, "stage": "rerank", "event": "finish", "duration_ms": 1750.414, "candidates_in": 18, "candidates_out": 18, "top_score": 0.6097130988350586}
{"ts": "2026-09-24T00:37:25.364000+00:00", "trace_id": null, "stage": "gate", "event": "start", "candidates_in": 5}
{"ts": "2026-09-24T00:37:25.364076+00:00", "trace_id": null, "stage": "gate", "event": "finish", "duration_ms": 0.075, "candidates_in": 5, "candidates_out": 0, "reason": "no_confident_hit"}
{"ts": "2026-09-24T00:37:25.364109+00:00", "trace_id": null, "stage": "embed_query", "event": "start", "model": "Qwen/Qwen3-Embedding-0.6B"}
{"ts": "2026-09-24T00:37:25.394642+00:00", "trace_id": null, "stage": "embed_query", "event": "finish", "duration_ms": 30.53, "model": "Qwen/Qwen3-Embedding-0.6B"}
{"ts": "2026-09-24T00:37:25.394697+00:00", "trace_id": null, "stage": "dense", "event": "start"}
{"ts": "2026-09-24T00:37:25.394925+00:00", "trace_id": null, "stage": "dense", "event": "finish", "duration_ms": 0.228, "candidates_out": 20}
{"ts": "2026-09-24T00:37:25.394960+00:00", "trace_id": null, "stage": "lexical", "event": "start"}
{"ts": "2026-09-24T00:37:25.395244+00:00", "trace_id": null, "stage": "lexical", "event": "finish", "duration_ms": 0.284, "candidates_out": 20}
{"ts": "2026-09-24T00:37:25.395277+00:00", "trace_id": null, "stage": "fuse", "event": "start", "candidates_in": 32}
{"ts": "2026-09-24T00:37:25.395345+00:00", "trace_id": null, "stage": "fuse", "event": "finish", "duration_ms": 0.068, "candidates_in": 32, "candidates_out": 25, "top_score": 0.03252247488101534}
{"ts": "2026-09-24T00:37:25.395564+00:00", "trace_id": null, "stage": "rerank", "event": "start", "candidates_in": 20}
{"ts": "2026-09-24T00:37:26.398162+00:00", "trace_id": null, "stage": "rerank", "event": "stage_slow", "duration_ms": 1002.579, "candidates_in": 20, "soft_budget_ms": 1000.0}
{"ts": "2026-09-24T00:37:27.330812+00:00", "trace_id": null, "stage": "rerank", "event": "finish", "duration_ms": 1935.225, "candidates_in": 20, "candidates_out": 20, "top_score": 0.5722669916612986}
{"ts": "2026-09-24T00:37:27.331262+00:00", "trace_id": null, "stage": "gate", "event": "start", "candidates_in": 5}
{"ts": "2026-09-24T00:37:27.331334+00:00", "trace_id": null, "stage": "gate", "event": "finish", "duration_ms": 0.072, "candidates_in": 5, "candidates_out": 0, "reason": "no_confident_hit"}
{"ts": "2026-09-24T00:37:27.331370+00:00", "trace_id": null, "stage": "embed_query", "event": "start", "model": "Qwen/Qwen3-Embedding-0.6B"}
{"ts": "2026-09-24T00:37:27.362920+00:00", "trace_id": null, "stage": "embed_query", "event": "finish", "duration_ms": 31.549, "model": "Qwen/Qwen3-Embedding-0.6B"}
{"ts": "2026-09-24T00:37:27.362965+00:00", "trace_id": null, "stage": "dense", "event": "start"}
{"ts": "2026-09-24T00:37:27.363181+00:00", "trace_id": null, "stage": "dense", "event": "finish", "duration_ms": 0.215, "candidates_out": 20}
{"ts": "2026-09-24T00:37:27.363214+00:00", "trace_id": null, "stage": "lexical", "event": "start"}
{"ts": "2026-09-24T00:37:27.363534+00:00", "trace_id": null, "stage": "lexical", "event": "finish", "duration_ms": 0.32, "candidates_out": 20}
{"ts": "2026-09-24T00:37:27.363567+00:00", "trace_id": null, "stage": "fuse", "event": "start", "candidates_in": 30}
{"ts": "2026-09-24T00:37:27.363646+00:00", "trace_id": null, "stage": "fuse", "event": "finish", "duration_ms": 0.079, "candidates_in": 30, "candidates_out": 20, "top_score": 0.03252247488101534}
{"ts": "2026-09-24T00:37:27.363859+00:00", "trace_id": null, "stage": "rerank", "event": "start", "candidates_in": 20}
{"ts": "2026-09-24T00:37:28.368934+00:00", "trace_id": null, "stage": "rerank", "event": "stage_slow", "duration_ms": 1005.06, "candidates_in": 20, "soft_budget_ms": 1000.0}
{"ts": "2026-09-24T00:37:29.228233+00:00", "trace_id": null, "stage": "rerank", "event": "finish", "duration_ms": 1864.351, "candidates_in": 20, "candidates_out": 20, "top_score": 0.649266501100885}
{"ts": "2026-09-24T00:37:29.228702+00:00", "trace_id": null, "stage": "gate", "event": "start", "candidates_in": 5}
{"ts": "2026-09-24T00:37:29.228789+00:00", "trace_id": null, "stage": "gate", "event": "finish", "duration_ms": 0.087, "candidates_in": 5, "candidates_out": 0, "reason": "no_confident_hit"}
{"ts": "2026-09-24T00:37:29.228818+00:00", "trace_id": null, "stage": "embed_query", "event": "start", "model": "Qwen/Qwen3-Embedding-0.6B"}
{"ts": "2026-09-24T00:37:29.261084+00:00", "trace_id": null, "stage": "embed_query", "event": "finish", "duration_ms": 32.263, "model": "Qwen/Qwen3-Embedding-0.6B"}
{"ts": "2026-09-24T00:37:29.261214+00:00", "trace_id": null, "stage": "dense", "event": "start"}
{"ts": "2026-09-24T00:37:29.261452+00:00", "trace_id": null, "stage": "dense", "event": "finish", "duration_ms": 0.238, "candidates_out": 20}
{"ts": "2026-09-24T00:37:29.261474+00:00", "trace_id": null, "stage": "lexical", "event": "start"}
{"ts": "2026-09-24T00:37:29.261825+00:00", "trace_id": null, "stage": "lexical", "event": "finish", "duration_ms": 0.35, "candidates_out": 20}
{"ts": "2026-09-24T00:37:29.261855+00:00", "trace_id": null, "stage": "fuse", "event": "start", "candidates_in": 30}
{"ts": "2026-09-24T00:37:29.261932+00:00", "trace_id": null, "stage": "fuse", "event": "finish", "duration_ms": 0.07, "candidates_in": 30, "candidates_out": 21, "top_score": 0.03131881575727918}
{"ts": "2026-09-24T00:37:29.262163+00:00", "trace_id": null, "stage": "rerank", "event": "start", "candidates_in": 20}
{"ts": "2026-09-24T00:37:30.262333+00:00", "trace_id": null, "stage": "rerank", "event": "stage_slow", "duration_ms": 1000.156, "candidates_in": 20, "soft_budget_ms": 1000.0}
{"ts": "2026-09-24T00:37:31.001214+00:00", "trace_id": null, "stage": "rerank", "event": "finish", "duration_ms": 1739.029, "candidates_in": 20, "candidates_out": 20, "top_score": 0.5245854815735117}
{"ts": "2026-09-24T00:37:31.001669+00:00", "trace_id": null, "stage": "gate", "event": "start", "candidates_in": 5}
{"ts": "2026-09-24T00:37:31.001749+00:00", "trace_id": null, "stage": "gate", "event": "finish", "duration_ms": 0.079, "candidates_in": 5, "candidates_out": 0, "reason": "no_confident_hit"}
{"ts": "2026-09-24T00:37:31.001786+00:00", "trace_id": null, "stage": "embed_query", "event": "start", "model": "Qwen/Qwen3-Embedding-0.6B"}
{"ts": "2026-09-24T00:37:31.036439+00:00", "trace_id": null, "stage": "embed_query", "event": "finish", "duration_ms": 34.649, "model": "Qwen/Qwen3-Embedding-0.6B"}
{"ts": "2026-09-24T00:37:31.036486+00:00", "trace_id": null, "stage": "dense", "event": "start"}
{"ts": "2026-09-24T00:37:31.036687+00:00", "trace_id": null, "stage": "dense", "event": "finish", "duration_ms": 0.2, "candidates_out": 20}
{"ts": "2026-09-24T00:37:31.036709+00:00", "trace_id": null, "stage": "lexical", "event": "start"}
{"ts": "2026-09-24T00:37:31.037000+00:00", "trace_id": null, "stage": "lexical", "event": "finish", "duration_ms": 0.289, "candidates_out": 19}
{"ts": "2026-09-24T00:37:31.037043+00:00", "trace_id": null, "stage": "fuse", "event": "start", "candidates_in": 33}
{"ts": "2026-09-24T00:37:31.037130+00:00", "trace_id": null, "stage": "fuse", "event": "finish", "duration_ms": 0.086, "candidates_in": 33, "candidates_out": 29, "top_score": 0.03278688524590164}
{"ts": "2026-09-24T00:37:31.037368+00:00", "trace_id": null, "stage": "rerank", "event": "start", "candidates_in": 20}
{"ts": "2026-09-24T00:37:32.042454+00:00", "trace_id": null, "stage": "rerank", "event": "stage_slow", "duration_ms": 1005.069, "candidates_in": 20, "soft_budget_ms": 1000.0}
{"ts": "2026-09-24T00:37:33.168477+00:00", "trace_id": null, "stage": "rerank", "event": "finish", "duration_ms": 2131.083, "candidates_in": 20, "candidates_out": 20, "top_score": 0.5329894620801231}
{"ts": "2026-09-24T00:37:33.168928+00:00", "trace_id": null, "stage": "gate", "event": "start", "candidates_in": 5}
{"ts": "2026-09-24T00:37:33.169004+00:00", "trace_id": null, "stage": "gate", "event": "finish", "duration_ms": 0.075, "candidates_in": 5, "candidates_out": 0, "reason": "no_confident_hit"}
{"ts": "2026-09-24T00:37:33.169039+00:00", "trace_id": null, "stage": "embed_query", "event": "start", "model": "Qwen/Qwen3-Embedding-0.6B"}
{"ts": "2026-09-24T00:37:33.202511+00:00", "trace_id": null, "stage": "embed_query", "event": "finish", "duration_ms": 33.469, "model": "Qwen/Qwen3-Embedding-0.6B"}
{"ts": "2026-09-24T00:37:33.202561+00:00", "trace_id": null, "stage": "dense", "event": "start"}
{"ts": "2026-09-24T00:37:33.202769+00:00", "trace_id": null, "stage": "dense", "event": "finish", "duration_ms": 0.208, "candidates_out": 20}
{"ts": "2026-09-24T00:37:33.202790+00:00", "trace_id": null, "stage": "lexical", "event": "start"}
{"ts": "2026-09-24T00:37:33.203203+00:00", "trace_id": null, "stage": "lexical", "event": "finish", "duration_ms": 0.411, "candidates_out": 20}
{"ts": "2026-09-24T00:37:33.203246+00:00", "trace_id": null, "stage": "fuse", "event": "start", "candidates_in": 34}
{"ts": "2026-09-24T00:37:33.203319+00:00", "trace_id": null, "stage": "fuse", "event": "finish", "duration_ms": 0.072, "candidates_in": 34, "candidates_out": 25, "top_score": 0.032266458495966696}
{"ts": "2026-09-24T00:37:33.203577+00:00", "trace_id": null, "stage": "rerank", "event": "start", "candidates_in": 20}
{"ts": "2026-09-24T00:37:34.208670+00:00", "trace_id": null, "stage": "rerank", "event": "stage_slow", "duration_ms": 1005.074, "candidates_in": 20, "soft_budget_ms": 1000.0}
{"ts": "2026-09-24T00:37:35.326117+00:00", "trace_id": null, "stage": "rerank", "event": "finish", "duration_ms": 2122.515, "candidates_in": 20, "candidates_out": 20, "top_score": 0.5795537675478222}
{"ts": "2026-09-24T00:37:35.326575+00:00", "trace_id": null, "stage": "gate", "event": "start", "candidates_in": 5}
{"ts": "2026-09-24T00:37:35.326649+00:00", "trace_id": null, "stage": "gate", "event": "finish", "duration_ms": 0.073, "candidates_in": 5, "candidates_out": 0, "reason": "no_confident_hit"}
{"ts": "2026-09-24T00:37:35.326686+00:00", "trace_id": null, "stage": "embed_query", "event": "start", "model": "Qwen/Qwen3-Embedding-0.6B"}
{"ts": "2026-09-24T00:37:35.359565+00:00", "trace_id": null, "stage": "embed_query", "event": "finish", "duration_ms": 32.876, "model": "Qwen/Qwen3-Embedding-0.6B"}
{"ts": "2026-09-24T00:37:35.359613+00:00", "trace_id": null, "stage": "dense", "event": "start"}
{"ts": "2026-09-24T00:37:35.359821+00:00", "trace_id": null, "stage": "dense", "event": "finish", "duration_ms": 0.208, "candidates_out": 20}
{"ts": "2026-09-24T00:37:35.359842+00:00", "trace_id": null, "stage": "lexical", "event": "start"}
{"ts": "2026-09-24T00:37:35.360238+00:00", "trace_id": null, "stage": "lexical", "event": "finish", "duration_ms": 0.394, "candidates_out": 20}
{"ts": "2026-09-24T00:37:35.360282+00:00", "trace_id": null, "stage": "fuse", "event": "start", "candidates_in": 33}
{"ts": "2026-09-24T00:37:35.360367+00:00", "trace_id": null, "stage": "fuse", "event": "finish", "duration_ms": 0.086, "candidates_in": 33, "candidates_out": 23, "top_score": 0.03252247488101534}
{"ts": "2026-09-24T00:37:35.360571+00:00", "trace_id": null, "stage": "rerank", "event": "start", "candidates_in": 20}
{"ts": "2026-09-24T00:37:36.363299+00:00", "trace_id": null, "stage": "rerank", "event": "stage_slow", "duration_ms": 1002.71, "candidates_in": 20, "soft_budget_ms": 1000.0}
{"ts": "2026-09-24T00:37:37.500869+00:00", "trace_id": null, "stage": "rerank", "event": "finish", "duration_ms": 2140.271, "candidates_in": 20, "candidates_out": 20, "top_score": 0.6477548762804705}
{"ts": "2026-09-24T00:37:37.501320+00:00", "trace_id": null, "stage": "gate", "event": "start", "candidates_in": 5}
{"ts": "2026-09-24T00:37:37.501401+00:00", "trace_id": null, "stage": "gate", "event": "finish", "duration_ms": 0.08, "candidates_in": 5, "candidates_out": 0, "reason": "no_confident_hit"}
{"ts": "2026-09-24T00:37:37.501440+00:00", "trace_id": null, "stage": "embed_query", "event": "start", "model": "Qwen/Qwen3-Embedding-0.6B"}
{"ts": "2026-09-24T00:37:37.535358+00:00", "trace_id": null, "stage": "embed_query", "event": "finish", "duration_ms": 33.915, "model": "Qwen/Qwen3-Embedding-0.6B"}
{"ts": "2026-09-24T00:37:37.535440+00:00", "trace_id": null, "stage": "dense", "event": "start"}
{"ts": "2026-09-24T00:37:37.535642+00:00", "trace_id": null, "stage": "dense", "event": "finish", "duration_ms": 0.201, "candidates_out": 20}
{"ts": "2026-09-24T00:37:37.535669+00:00", "trace_id": null, "stage": "lexical", "event": "start"}
{"ts": "2026-09-24T00:37:37.536005+00:00", "trace_id": null, "stage": "lexical", "event": "finish", "duration_ms": 0.335, "candidates_out": 20}
{"ts": "2026-09-24T00:37:37.536041+00:00", "trace_id": null, "stage": "fuse", "event": "start", "candidates_in": 31}
{"ts": "2026-09-24T00:37:37.536138+00:00", "trace_id": null, "stage": "fuse", "event": "finish", "duration_ms": 0.096, "candidates_in": 31, "candidates_out": 18, "top_score": 0.03278688524590164}
{"ts": "2026-09-24T00:37:37.536436+00:00", "trace_id": null, "stage": "rerank", "event": "start", "candidates_in": 18}
{"ts": "2026-09-24T00:37:38.541318+00:00", "trace_id": null, "stage": "rerank", "event": "stage_slow", "duration_ms": 1004.864, "candidates_in": 18, "soft_budget_ms": 1000.0}
{"ts": "2026-09-24T00:37:39.230981+00:00", "trace_id": null, "stage": "rerank", "event": "finish", "duration_ms": 1694.525, "candidates_in": 18, "candidates_out": 18, "top_score": 0.6517794275982862}
{"ts": "2026-09-24T00:37:39.231412+00:00", "trace_id": null, "stage": "gate", "event": "start", "candidates_in": 5}
{"ts": "2026-09-24T00:37:39.231492+00:00", "trace_id": null, "stage": "gate", "event": "finish", "duration_ms": 0.079, "candidates_in": 5, "candidates_out": 0, "reason": "no_confident_hit"}
{"ts": "2026-09-24T00:37:39.231533+00:00", "trace_id": null, "stage": "embed_query", "event": "start", "model": "Qwen/Qwen3-Embedding-0.6B"}
{"ts": "2026-09-24T00:37:39.264478+00:00", "trace_id": null, "stage": "embed_query", "event": "finish", "duration_ms": 32.942, "model": "Qwen/Qwen3-Embedding-0.6B"}
{"ts": "2026-09-24T00:37:39.264533+00:00", "trace_id": null, "stage": "dense", "event": "start"}
{"ts": "2026-09-24T00:37:39.264743+00:00", "trace_id": null, "stage": "dense", "event": "finish", "duration_ms": 0.21, "candidates_out": 20}
{"ts": "2026-09-24T00:37:39.264765+00:00", "trace_id": null, "stage": "lexical", "event": "start"}
{"ts": "2026-09-24T00:37:39.265108+00:00", "trace_id": null, "stage": "lexical", "event": "finish", "duration_ms": 0.342, "candidates_out": 20}
{"ts": "2026-09-24T00:37:39.265151+00:00", "trace_id": null, "stage": "fuse", "event": "start", "candidates_in": 34}
{"ts": "2026-09-24T00:37:39.265226+00:00", "trace_id": null, "stage": "fuse", "event": "finish", "duration_ms": 0.074, "candidates_in": 34, "candidates_out": 23, "top_score": 0.032266458495966696}
{"ts": "2026-09-24T00:37:39.265469+00:00", "trace_id": null, "stage": "rerank", "event": "start", "candidates_in": 20}
{"ts": "2026-09-24T00:37:40.269531+00:00", "trace_id": null, "stage": "rerank", "event": "stage_slow", "duration_ms": 1004.044, "candidates_in": 20, "soft_budget_ms": 1000.0}
{"ts": "2026-09-24T00:37:41.239014+00:00", "trace_id": null, "stage": "rerank", "event": "finish", "duration_ms": 1973.52, "candidates_in": 20, "candidates_out": 20, "top_score": 0.5127695191940547}
{"ts": "2026-09-24T00:37:41.239486+00:00", "trace_id": null, "stage": "gate", "event": "start", "candidates_in": 5}
{"ts": "2026-09-24T00:37:41.239559+00:00", "trace_id": null, "stage": "gate", "event": "finish", "duration_ms": 0.073, "candidates_in": 5, "candidates_out": 0, "reason": "no_confident_hit"}
{"ts": "2026-09-24T00:37:41.239592+00:00", "trace_id": null, "stage": "embed_query", "event": "start", "model": "Qwen/Qwen3-Embedding-0.6B"}
{"ts": "2026-09-24T00:37:41.274725+00:00", "trace_id": null, "stage": "embed_query", "event": "finish", "duration_ms": 35.13, "model": "Qwen/Qwen3-Embedding-0.6B"}
{"ts": "2026-09-24T00:37:41.274773+00:00", "trace_id": null, "stage": "dense", "event": "start"}
{"ts": "2026-09-24T00:37:41.275005+00:00", "trace_id": null, "stage": "dense", "event": "finish", "duration_ms": 0.231, "candidates_out": 20}
{"ts": "2026-09-24T00:37:41.275045+00:00", "trace_id": null, "stage": "lexical", "event": "start"}
{"ts": "2026-09-24T00:37:41.275416+00:00", "trace_id": null, "stage": "lexical", "event": "finish", "duration_ms": 0.371, "candidates_out": 20}
{"ts": "2026-09-24T00:37:41.275449+00:00", "trace_id": null, "stage": "fuse", "event": "start", "candidates_in": 32}
{"ts": "2026-09-24T00:37:41.275512+00:00", "trace_id": null, "stage": "fuse", "event": "finish", "duration_ms": 0.063, "candidates_in": 32, "candidates_out": 22, "top_score": 0.03278688524590164}
{"ts": "2026-09-24T00:37:41.275750+00:00", "trace_id": null, "stage": "rerank", "event": "start", "candidates_in": 20}
{"ts": "2026-09-24T00:37:42.279817+00:00", "trace_id": null, "stage": "rerank", "event": "stage_slow", "duration_ms": 1004.052, "candidates_in": 20, "soft_budget_ms": 1000.0}
{"ts": "2026-09-24T00:37:43.238501+00:00", "trace_id": null, "stage": "rerank", "event": "finish", "duration_ms": 1962.727, "candidates_in": 20, "candidates_out": 20, "top_score": 0.7227531802312235}
{"ts": "2026-09-24T00:37:43.238998+00:00", "trace_id": null, "stage": "gate", "event": "start", "candidates_in": 5}
{"ts": "2026-09-24T00:37:43.240515+00:00", "trace_id": null, "stage": "gate", "event": "finish", "duration_ms": 1.515, "candidates_in": 5, "candidates_out": 5, "top_score": 0.7227531802312235}
{"ts": "2026-09-24T00:37:43.240552+00:00", "trace_id": null, "stage": "embed_query", "event": "start", "model": "Qwen/Qwen3-Embedding-0.6B"}
{"ts": "2026-09-24T00:37:43.271286+00:00", "trace_id": null, "stage": "embed_query", "event": "finish", "duration_ms": 30.731, "model": "Qwen/Qwen3-Embedding-0.6B"}
{"ts": "2026-09-24T00:37:43.271334+00:00", "trace_id": null, "stage": "dense", "event": "start"}
{"ts": "2026-09-24T00:37:43.271546+00:00", "trace_id": null, "stage": "dense", "event": "finish", "duration_ms": 0.211, "candidates_out": 20}
{"ts": "2026-09-24T00:37:43.271577+00:00", "trace_id": null, "stage": "lexical", "event": "start"}
{"ts": "2026-09-24T00:37:43.271879+00:00", "trace_id": null, "stage": "lexical", "event": "finish", "duration_ms": 0.301, "candidates_out": 20}
{"ts": "2026-09-24T00:37:43.271915+00:00", "trace_id": null, "stage": "fuse", "event": "start", "candidates_in": 33}
{"ts": "2026-09-24T00:37:43.271989+00:00", "trace_id": null, "stage": "fuse", "event": "finish", "duration_ms": 0.073, "candidates_in": 33, "candidates_out": 24, "top_score": 0.03278688524590164}
{"ts": "2026-09-24T00:37:43.272236+00:00", "trace_id": null, "stage": "rerank", "event": "start", "candidates_in": 20}
{"ts": "2026-09-24T00:37:44.275346+00:00", "trace_id": null, "stage": "rerank", "event": "stage_slow", "duration_ms": 1003.088, "candidates_in": 20, "soft_budget_ms": 1000.0}
{"ts": "2026-09-24T00:37:45.368911+00:00", "trace_id": null, "stage": "rerank", "event": "finish", "duration_ms": 2096.649, "candidates_in": 20, "candidates_out": 20, "top_score": 0.6906654918705633}
{"ts": "2026-09-24T00:37:45.369361+00:00", "trace_id": null, "stage": "gate", "event": "start", "candidates_in": 5}
{"ts": "2026-09-24T00:37:45.369435+00:00", "trace_id": null, "stage": "gate", "event": "finish", "duration_ms": 0.074, "candidates_in": 5, "candidates_out": 0, "reason": "no_confident_hit"}
{"ts": "2026-09-24T00:37:45.369472+00:00", "trace_id": null, "stage": "embed_query", "event": "start", "model": "Qwen/Qwen3-Embedding-0.6B"}
{"ts": "2026-09-24T00:37:45.400787+00:00", "trace_id": null, "stage": "embed_query", "event": "finish", "duration_ms": 31.312, "model": "Qwen/Qwen3-Embedding-0.6B"}
{"ts": "2026-09-24T00:37:45.400834+00:00", "trace_id": null, "stage": "dense", "event": "start"}
{"ts": "2026-09-24T00:37:45.401041+00:00", "trace_id": null, "stage": "dense", "event": "finish", "duration_ms": 0.206, "candidates_out": 20}
{"ts": "2026-09-24T00:37:45.401062+00:00", "trace_id": null, "stage": "lexical", "event": "start"}
{"ts": "2026-09-24T00:37:45.401359+00:00", "trace_id": null, "stage": "lexical", "event": "finish", "duration_ms": 0.297, "candidates_out": 20}
{"ts": "2026-09-24T00:37:45.401399+00:00", "trace_id": null, "stage": "fuse", "event": "start", "candidates_in": 31}
{"ts": "2026-09-24T00:37:45.401480+00:00", "trace_id": null, "stage": "fuse", "event": "finish", "duration_ms": 0.081, "candidates_in": 31, "candidates_out": 21, "top_score": 0.032266458495966696}
{"ts": "2026-09-24T00:37:45.401717+00:00", "trace_id": null, "stage": "rerank", "event": "start", "candidates_in": 20}
{"ts": "2026-09-24T00:37:46.402078+00:00", "trace_id": null, "stage": "rerank", "event": "stage_slow", "duration_ms": 1000.344, "candidates_in": 20, "soft_budget_ms": 1000.0}
{"ts": "2026-09-24T00:37:47.240689+00:00", "trace_id": null, "stage": "rerank", "event": "finish", "duration_ms": 1838.95, "candidates_in": 20, "candidates_out": 20, "top_score": 0.6778842207162664}
{"ts": "2026-09-24T00:37:47.241154+00:00", "trace_id": null, "stage": "gate", "event": "start", "candidates_in": 5}
{"ts": "2026-09-24T00:37:47.241242+00:00", "trace_id": null, "stage": "gate", "event": "finish", "duration_ms": 0.087, "candidates_in": 5, "candidates_out": 0, "reason": "no_confident_hit"}
{"ts": "2026-09-24T00:37:47.241285+00:00", "trace_id": null, "stage": "embed_query", "event": "start", "model": "Qwen/Qwen3-Embedding-0.6B"}
{"ts": "2026-09-24T00:37:47.271848+00:00", "trace_id": null, "stage": "embed_query", "event": "finish", "duration_ms": 30.561, "model": "Qwen/Qwen3-Embedding-0.6B"}
{"ts": "2026-09-24T00:37:47.271900+00:00", "trace_id": null, "stage": "dense", "event": "start"}
{"ts": "2026-09-24T00:37:47.272110+00:00", "trace_id": null, "stage": "dense", "event": "finish", "duration_ms": 0.21, "candidates_out": 20}
{"ts": "2026-09-24T00:37:47.272133+00:00", "trace_id": null, "stage": "lexical", "event": "start"}
{"ts": "2026-09-24T00:37:47.272424+00:00", "trace_id": null, "stage": "lexical", "event": "finish", "duration_ms": 0.29, "candidates_out": 20}
{"ts": "2026-09-24T00:37:47.272465+00:00", "trace_id": null, "stage": "fuse", "event": "start", "candidates_in": 33}
{"ts": "2026-09-24T00:37:47.272535+00:00", "trace_id": null, "stage": "fuse", "event": "finish", "duration_ms": 0.07, "candidates_in": 33, "candidates_out": 27, "top_score": 0.03252247488101534}
{"ts": "2026-09-24T00:37:47.272761+00:00", "trace_id": null, "stage": "rerank", "event": "start", "candidates_in": 20}
{"ts": "2026-09-24T00:37:48.275395+00:00", "trace_id": null, "stage": "rerank", "event": "stage_slow", "duration_ms": 1002.62, "candidates_in": 20, "soft_budget_ms": 1000.0}
{"ts": "2026-09-24T00:37:49.331085+00:00", "trace_id": null, "stage": "rerank", "event": "finish", "duration_ms": 2058.299, "candidates_in": 20, "candidates_out": 20, "top_score": 0.5098897217426692}
{"ts": "2026-09-24T00:37:49.331524+00:00", "trace_id": null, "stage": "gate", "event": "start", "candidates_in": 5}
{"ts": "2026-09-24T00:37:49.331603+00:00", "trace_id": null, "stage": "gate", "event": "finish", "duration_ms": 0.079, "candidates_in": 5, "candidates_out": 0, "reason": "no_confident_hit"}
{"ts": "2026-09-24T00:37:49.331639+00:00", "trace_id": null, "stage": "embed_query", "event": "start", "model": "Qwen/Qwen3-Embedding-0.6B"}
{"ts": "2026-09-24T00:37:49.365003+00:00", "trace_id": null, "stage": "embed_query", "event": "finish", "duration_ms": 33.361, "model": "Qwen/Qwen3-Embedding-0.6B"}
{"ts": "2026-09-24T00:37:49.365057+00:00", "trace_id": null, "stage": "dense", "event": "start"}
{"ts": "2026-09-24T00:37:49.365293+00:00", "trace_id": null, "stage": "dense", "event": "finish", "duration_ms": 0.236, "candidates_out": 20}
{"ts": "2026-09-24T00:37:49.365321+00:00", "trace_id": null, "stage": "lexical", "event": "start"}
{"ts": "2026-09-24T00:37:49.365683+00:00", "trace_id": null, "stage": "lexical", "event": "finish", "duration_ms": 0.36, "candidates_out": 20}
{"ts": "2026-09-24T00:37:49.365730+00:00", "trace_id": null, "stage": "fuse", "event": "start", "candidates_in": 33}
{"ts": "2026-09-24T00:37:49.365808+00:00", "trace_id": null, "stage": "fuse", "event": "finish", "duration_ms": 0.078, "candidates_in": 33, "candidates_out": 22, "top_score": 0.03252247488101534}
{"ts": "2026-09-24T00:37:49.366075+00:00", "trace_id": null, "stage": "rerank", "event": "start", "candidates_in": 20}
{"ts": "2026-09-24T00:37:50.368562+00:00", "trace_id": null, "stage": "rerank", "event": "stage_slow", "duration_ms": 1002.47, "candidates_in": 20, "soft_budget_ms": 1000.0}
{"ts": "2026-09-24T00:37:51.468718+00:00", "trace_id": null, "stage": "rerank", "event": "finish", "duration_ms": 2102.618, "candidates_in": 20, "candidates_out": 20, "top_score": 0.5008014437165256}
{"ts": "2026-09-24T00:37:51.469165+00:00", "trace_id": null, "stage": "gate", "event": "start", "candidates_in": 5}
{"ts": "2026-09-24T00:37:51.469232+00:00", "trace_id": null, "stage": "gate", "event": "finish", "duration_ms": 0.067, "candidates_in": 5, "candidates_out": 0, "reason": "no_confident_hit"}
{"ts": "2026-09-24T00:37:51.469260+00:00", "trace_id": null, "stage": "embed_query", "event": "start", "model": "Qwen/Qwen3-Embedding-0.6B"}
{"ts": "2026-09-24T00:37:51.501830+00:00", "trace_id": null, "stage": "embed_query", "event": "finish", "duration_ms": 32.566, "model": "Qwen/Qwen3-Embedding-0.6B"}
{"ts": "2026-09-24T00:37:51.501888+00:00", "trace_id": null, "stage": "dense", "event": "start"}
{"ts": "2026-09-24T00:37:51.502109+00:00", "trace_id": null, "stage": "dense", "event": "finish", "duration_ms": 0.221, "candidates_out": 20}
{"ts": "2026-09-24T00:37:51.502131+00:00", "trace_id": null, "stage": "lexical", "event": "start"}
{"ts": "2026-09-24T00:37:51.502444+00:00", "trace_id": null, "stage": "lexical", "event": "finish", "duration_ms": 0.313, "candidates_out": 20}
{"ts": "2026-09-24T00:37:51.502475+00:00", "trace_id": null, "stage": "fuse", "event": "start", "candidates_in": 34}
{"ts": "2026-09-24T00:37:51.502552+00:00", "trace_id": null, "stage": "fuse", "event": "finish", "duration_ms": 0.075, "candidates_in": 34, "candidates_out": 24, "top_score": 0.03252247488101534}
{"ts": "2026-09-24T00:37:51.502815+00:00", "trace_id": null, "stage": "rerank", "event": "start", "candidates_in": 20}
{"ts": "2026-09-24T00:37:52.507910+00:00", "trace_id": null, "stage": "rerank", "event": "stage_slow", "duration_ms": 1005.078, "candidates_in": 20, "soft_budget_ms": 1000.0}
{"ts": "2026-09-24T00:37:53.056903+00:00", "trace_id": null, "stage": "rerank", "event": "finish", "duration_ms": 1554.068, "candidates_in": 20, "candidates_out": 20, "top_score": 0.6282013930819603}
{"ts": "2026-09-24T00:37:53.057362+00:00", "trace_id": null, "stage": "gate", "event": "start", "candidates_in": 5}
{"ts": "2026-09-24T00:37:53.057439+00:00", "trace_id": null, "stage": "gate", "event": "finish", "duration_ms": 0.075, "candidates_in": 5, "candidates_out": 0, "reason": "no_confident_hit"}
{"ts": "2026-09-24T00:37:53.057472+00:00", "trace_id": null, "stage": "embed_query", "event": "start", "model": "Qwen/Qwen3-Embedding-0.6B"}
{"ts": "2026-09-24T00:37:53.088822+00:00", "trace_id": null, "stage": "embed_query", "event": "finish", "duration_ms": 31.348, "model": "Qwen/Qwen3-Embedding-0.6B"}
{"ts": "2026-09-24T00:37:53.088869+00:00", "trace_id": null, "stage": "dense", "event": "start"}
{"ts": "2026-09-24T00:37:53.089080+00:00", "trace_id": null, "stage": "dense", "event": "finish", "duration_ms": 0.21, "candidates_out": 20}
{"ts": "2026-09-24T00:37:53.089107+00:00", "trace_id": null, "stage": "lexical", "event": "start"}
{"ts": "2026-09-24T00:37:53.089404+00:00", "trace_id": null, "stage": "lexical", "event": "finish", "duration_ms": 0.297, "candidates_out": 20}
{"ts": "2026-09-24T00:37:53.089435+00:00", "trace_id": null, "stage": "fuse", "event": "start", "candidates_in": 33}
{"ts": "2026-09-24T00:37:53.089512+00:00", "trace_id": null, "stage": "fuse", "event": "finish", "duration_ms": 0.077, "candidates_in": 33, "candidates_out": 21, "top_score": 0.032018442622950824}
{"ts": "2026-09-24T00:37:53.089752+00:00", "trace_id": null, "stage": "rerank", "event": "start", "candidates_in": 20}
{"ts": "2026-09-24T00:37:54.094836+00:00", "trace_id": null, "stage": "rerank", "event": "stage_slow", "duration_ms": 1005.072, "candidates_in": 20, "soft_budget_ms": 1000.0}
{"ts": "2026-09-24T00:37:55.180884+00:00", "trace_id": null, "stage": "rerank", "event": "finish", "duration_ms": 2091.108, "candidates_in": 20, "candidates_out": 20, "top_score": 0.5478878860716457}
{"ts": "2026-09-24T00:37:55.181352+00:00", "trace_id": null, "stage": "gate", "event": "start", "candidates_in": 5}
{"ts": "2026-09-24T00:37:55.181428+00:00", "trace_id": null, "stage": "gate", "event": "finish", "duration_ms": 0.075, "candidates_in": 5, "candidates_out": 0, "reason": "no_confident_hit"}
{"ts": "2026-09-24T00:37:55.181466+00:00", "trace_id": null, "stage": "embed_query", "event": "start", "model": "Qwen/Qwen3-Embedding-0.6B"}
{"ts": "2026-09-24T00:37:55.213574+00:00", "trace_id": null, "stage": "embed_query", "event": "finish", "duration_ms": 32.104, "model": "Qwen/Qwen3-Embedding-0.6B"}
{"ts": "2026-09-24T00:37:55.213632+00:00", "trace_id": null, "stage": "dense", "event": "start"}
{"ts": "2026-09-24T00:37:55.213849+00:00", "trace_id": null, "stage": "dense", "event": "finish", "duration_ms": 0.215, "candidates_out": 20}
{"ts": "2026-09-24T00:37:55.213881+00:00", "trace_id": null, "stage": "lexical", "event": "start"}
{"ts": "2026-09-24T00:37:55.214186+00:00", "trace_id": null, "stage": "lexical", "event": "finish", "duration_ms": 0.305, "candidates_out": 20}
{"ts": "2026-09-24T00:37:55.214219+00:00", "trace_id": null, "stage": "fuse", "event": "start", "candidates_in": 33}
{"ts": "2026-09-24T00:37:55.214301+00:00", "trace_id": null, "stage": "fuse", "event": "finish", "duration_ms": 0.081, "candidates_in": 33, "candidates_out": 25, "top_score": 0.030834914611005692}
{"ts": "2026-09-24T00:37:55.214490+00:00", "trace_id": null, "stage": "rerank", "event": "start", "candidates_in": 20}
{"ts": "2026-09-24T00:37:56.217050+00:00", "trace_id": null, "stage": "rerank", "event": "stage_slow", "duration_ms": 1002.54, "candidates_in": 20, "soft_budget_ms": 1000.0}
{"ts": "2026-09-24T00:37:57.312425+00:00", "trace_id": null, "stage": "rerank", "event": "finish", "duration_ms": 2097.908, "candidates_in": 20, "candidates_out": 20, "top_score": 0.5024503720328167}
{"ts": "2026-09-24T00:37:57.312864+00:00", "trace_id": null, "stage": "gate", "event": "start", "candidates_in": 5}
{"ts": "2026-09-24T00:37:57.312941+00:00", "trace_id": null, "stage": "gate", "event": "finish", "duration_ms": 0.076, "candidates_in": 5, "candidates_out": 0, "reason": "no_confident_hit"}
{"ts": "2026-09-24T00:37:57.312982+00:00", "trace_id": null, "stage": "embed_query", "event": "start", "model": "Qwen/Qwen3-Embedding-0.6B"}
{"ts": "2026-09-24T00:37:57.344447+00:00", "trace_id": null, "stage": "embed_query", "event": "finish", "duration_ms": 31.462, "model": "Qwen/Qwen3-Embedding-0.6B"}
{"ts": "2026-09-24T00:37:57.344528+00:00", "trace_id": null, "stage": "dense", "event": "start"}
{"ts": "2026-09-24T00:37:57.344797+00:00", "trace_id": null, "stage": "dense", "event": "finish", "duration_ms": 0.269, "candidates_out": 20}
{"ts": "2026-09-24T00:37:57.344823+00:00", "trace_id": null, "stage": "lexical", "event": "start"}
{"ts": "2026-09-24T00:37:57.345119+00:00", "trace_id": null, "stage": "lexical", "event": "finish", "duration_ms": 0.296, "candidates_out": 20}
{"ts": "2026-09-24T00:37:57.345150+00:00", "trace_id": null, "stage": "fuse", "event": "start", "candidates_in": 35}
{"ts": "2026-09-24T00:37:57.345234+00:00", "trace_id": null, "stage": "fuse", "event": "finish", "duration_ms": 0.082, "candidates_in": 35, "candidates_out": 27, "top_score": 0.03177805800756621}
{"ts": "2026-09-24T00:37:57.345477+00:00", "trace_id": null, "stage": "rerank", "event": "start", "candidates_in": 20}
{"ts": "2026-09-24T00:37:58.348176+00:00", "trace_id": null, "stage": "rerank", "event": "stage_slow", "duration_ms": 1002.685, "candidates_in": 20, "soft_budget_ms": 1000.0}
{"ts": "2026-09-24T00:37:59.431094+00:00", "trace_id": null, "stage": "rerank", "event": "finish", "duration_ms": 2085.592, "candidates_in": 20, "candidates_out": 20, "top_score": 0.5340918546073078}
{"ts": "2026-09-24T00:37:59.431558+00:00", "trace_id": null, "stage": "gate", "event": "start", "candidates_in": 5}
{"ts": "2026-09-24T00:37:59.431630+00:00", "trace_id": null, "stage": "gate", "event": "finish", "duration_ms": 0.071, "candidates_in": 5, "candidates_out": 0, "reason": "no_confident_hit"}
{"ts": "2026-09-24T00:37:59.431666+00:00", "trace_id": null, "stage": "embed_query", "event": "start", "model": "Qwen/Qwen3-Embedding-0.6B"}
{"ts": "2026-09-24T00:37:59.462643+00:00", "trace_id": null, "stage": "embed_query", "event": "finish", "duration_ms": 30.974, "model": "Qwen/Qwen3-Embedding-0.6B"}
{"ts": "2026-09-24T00:37:59.462692+00:00", "trace_id": null, "stage": "dense", "event": "start"}
{"ts": "2026-09-24T00:37:59.462907+00:00", "trace_id": null, "stage": "dense", "event": "finish", "duration_ms": 0.213, "candidates_out": 20}
{"ts": "2026-09-24T00:37:59.462941+00:00", "trace_id": null, "stage": "lexical", "event": "start"}
{"ts": "2026-09-24T00:37:59.463221+00:00", "trace_id": null, "stage": "lexical", "event": "finish", "duration_ms": 0.28, "candidates_out": 20}
{"ts": "2026-09-24T00:37:59.463254+00:00", "trace_id": null, "stage": "fuse", "event": "start", "candidates_in": 31}
{"ts": "2026-09-24T00:37:59.463314+00:00", "trace_id": null, "stage": "fuse", "event": "finish", "duration_ms": 0.061, "candidates_in": 31, "candidates_out": 22, "top_score": 0.03278688524590164}
{"ts": "2026-09-24T00:37:59.463540+00:00", "trace_id": null, "stage": "rerank", "event": "start", "candidates_in": 20}
{"ts": "2026-09-24T00:38:00.466978+00:00", "trace_id": null, "stage": "rerank", "event": "stage_slow", "duration_ms": 1003.421, "candidates_in": 20, "soft_budget_ms": 1000.0}
{"ts": "2026-09-24T00:38:01.539840+00:00", "trace_id": null, "stage": "rerank", "event": "finish", "duration_ms": 2076.275, "candidates_in": 20, "candidates_out": 20, "top_score": 0.5035646393910896}
{"ts": "2026-09-24T00:38:01.540292+00:00", "trace_id": null, "stage": "gate", "event": "start", "candidates_in": 5}
{"ts": "2026-09-24T00:38:01.540367+00:00", "trace_id": null, "stage": "gate", "event": "finish", "duration_ms": 0.074, "candidates_in": 5, "candidates_out": 0, "reason": "no_confident_hit"}
{"ts": "2026-09-24T00:38:01.540405+00:00", "trace_id": null, "stage": "embed_query", "event": "start", "model": "Qwen/Qwen3-Embedding-0.6B"}
{"ts": "2026-09-24T00:38:01.572291+00:00", "trace_id": null, "stage": "embed_query", "event": "finish", "duration_ms": 31.884, "model": "Qwen/Qwen3-Embedding-0.6B"}
{"ts": "2026-09-24T00:38:01.572338+00:00", "trace_id": null, "stage": "dense", "event": "start"}
{"ts": "2026-09-24T00:38:01.572535+00:00", "trace_id": null, "stage": "dense", "event": "finish", "duration_ms": 0.197, "candidates_out": 20}
{"ts": "2026-09-24T00:38:01.572556+00:00", "trace_id": null, "stage": "lexical", "event": "start"}
{"ts": "2026-09-24T00:38:01.572842+00:00", "trace_id": null, "stage": "lexical", "event": "finish", "duration_ms": 0.285, "candidates_out": 20}
{"ts": "2026-09-24T00:38:01.572882+00:00", "trace_id": null, "stage": "fuse", "event": "start", "candidates_in": 37}
{"ts": "2026-09-24T00:38:01.572970+00:00", "trace_id": null, "stage": "fuse", "event": "finish", "duration_ms": 0.087, "candidates_in": 37, "candidates_out": 29, "top_score": 0.03278688524590164}
{"ts": "2026-09-24T00:38:01.573193+00:00", "trace_id": null, "stage": "rerank", "event": "start", "candidates_in": 20}
{"ts": "2026-09-24T00:38:02.578010+00:00", "trace_id": null, "stage": "rerank", "event": "stage_slow", "duration_ms": 1004.773, "candidates_in": 20, "soft_budget_ms": 1000.0}
{"ts": "2026-09-24T00:38:03.671795+00:00", "trace_id": null, "stage": "rerank", "event": "finish", "duration_ms": 2098.576, "candidates_in": 20, "candidates_out": 20, "top_score": 0.5113003853926718}
{"ts": "2026-09-24T00:38:03.672251+00:00", "trace_id": null, "stage": "gate", "event": "start", "candidates_in": 5}
{"ts": "2026-09-24T00:38:03.672320+00:00", "trace_id": null, "stage": "gate", "event": "finish", "duration_ms": 0.069, "candidates_in": 5, "candidates_out": 0, "reason": "no_confident_hit"}
{"ts": "2026-09-24T00:38:03.672344+00:00", "trace_id": null, "stage": "embed_query", "event": "start", "model": "Qwen/Qwen3-Embedding-0.6B"}
{"ts": "2026-09-24T00:38:03.704161+00:00", "trace_id": null, "stage": "embed_query", "event": "finish", "duration_ms": 31.813, "model": "Qwen/Qwen3-Embedding-0.6B"}
{"ts": "2026-09-24T00:38:03.704223+00:00", "trace_id": null, "stage": "dense", "event": "start"}
{"ts": "2026-09-24T00:38:03.704439+00:00", "trace_id": null, "stage": "dense", "event": "finish", "duration_ms": 0.215, "candidates_out": 20}
{"ts": "2026-09-24T00:38:03.704472+00:00", "trace_id": null, "stage": "lexical", "event": "start"}
{"ts": "2026-09-24T00:38:03.704717+00:00", "trace_id": null, "stage": "lexical", "event": "finish", "duration_ms": 0.244, "candidates_out": 14}
{"ts": "2026-09-24T00:38:03.704748+00:00", "trace_id": null, "stage": "fuse", "event": "start", "candidates_in": 28}
{"ts": "2026-09-24T00:38:03.704828+00:00", "trace_id": null, "stage": "fuse", "event": "finish", "duration_ms": 0.078, "candidates_in": 28, "candidates_out": 21, "top_score": 0.03177805800756621}
{"ts": "2026-09-24T00:38:03.705065+00:00", "trace_id": null, "stage": "rerank", "event": "start", "candidates_in": 20}
{"ts": "2026-09-24T00:38:04.710140+00:00", "trace_id": null, "stage": "rerank", "event": "stage_slow", "duration_ms": 1005.061, "candidates_in": 20, "soft_budget_ms": 1000.0}
{"ts": "2026-09-24T00:38:05.782690+00:00", "trace_id": null, "stage": "rerank", "event": "finish", "duration_ms": 2077.599, "candidates_in": 20, "candidates_out": 20, "top_score": 0.5069939346610859}
{"ts": "2026-09-24T00:38:05.783161+00:00", "trace_id": null, "stage": "gate", "event": "start", "candidates_in": 5}
{"ts": "2026-09-24T00:38:05.783244+00:00", "trace_id": null, "stage": "gate", "event": "finish", "duration_ms": 0.082, "candidates_in": 5, "candidates_out": 0, "reason": "no_confident_hit"}
{"ts": "2026-09-24T00:38:05.783281+00:00", "trace_id": null, "stage": "embed_query", "event": "start", "model": "Qwen/Qwen3-Embedding-0.6B"}
{"ts": "2026-09-24T00:38:05.814806+00:00", "trace_id": null, "stage": "embed_query", "event": "finish", "duration_ms": 31.523, "model": "Qwen/Qwen3-Embedding-0.6B"}
{"ts": "2026-09-24T00:38:05.814853+00:00", "trace_id": null, "stage": "dense", "event": "start"}
{"ts": "2026-09-24T00:38:05.815064+00:00", "trace_id": null, "stage": "dense", "event": "finish", "duration_ms": 0.21, "candidates_out": 20}
{"ts": "2026-09-24T00:38:05.815096+00:00", "trace_id": null, "stage": "lexical", "event": "start"}
{"ts": "2026-09-24T00:38:05.815397+00:00", "trace_id": null, "stage": "lexical", "event": "finish", "duration_ms": 0.3, "candidates_out": 20}
{"ts": "2026-09-24T00:38:05.815435+00:00", "trace_id": null, "stage": "fuse", "event": "start", "candidates_in": 30}
{"ts": "2026-09-24T00:38:05.815520+00:00", "trace_id": null, "stage": "fuse", "event": "finish", "duration_ms": 0.085, "candidates_in": 30, "candidates_out": 20, "top_score": 0.03278688524590164}
{"ts": "2026-09-24T00:38:05.815742+00:00", "trace_id": null, "stage": "rerank", "event": "start", "candidates_in": 20}
{"ts": "2026-09-24T00:38:06.820830+00:00", "trace_id": null, "stage": "rerank", "event": "stage_slow", "duration_ms": 1005.071, "candidates_in": 20, "soft_budget_ms": 1000.0}
{"ts": "2026-09-24T00:38:07.626988+00:00", "trace_id": null, "stage": "rerank", "event": "finish", "duration_ms": 1811.223, "candidates_in": 20, "candidates_out": 20, "top_score": 0.6835388115554042}
{"ts": "2026-09-24T00:38:07.627492+00:00", "trace_id": null, "stage": "gate", "event": "start", "candidates_in": 5}
{"ts": "2026-09-24T00:38:07.627595+00:00", "trace_id": null, "stage": "gate", "event": "finish", "duration_ms": 0.103, "candidates_in": 5, "candidates_out": 0, "reason": "no_confident_hit"}
{"ts": "2026-09-24T00:38:07.627636+00:00", "trace_id": null, "stage": "embed_query", "event": "start", "model": "Qwen/Qwen3-Embedding-0.6B"}
{"ts": "2026-09-24T00:38:07.658661+00:00", "trace_id": null, "stage": "embed_query", "event": "finish", "duration_ms": 31.022, "model": "Qwen/Qwen3-Embedding-0.6B"}
{"ts": "2026-09-24T00:38:07.658714+00:00", "trace_id": null, "stage": "dense", "event": "start"}
{"ts": "2026-09-24T00:38:07.658934+00:00", "trace_id": null, "stage": "dense", "event": "finish", "duration_ms": 0.219, "candidates_out": 20}
{"ts": "2026-09-24T00:38:07.658963+00:00", "trace_id": null, "stage": "lexical", "event": "start"}
{"ts": "2026-09-24T00:38:07.659272+00:00", "trace_id": null, "stage": "lexical", "event": "finish", "duration_ms": 0.309, "candidates_out": 20}
{"ts": "2026-09-24T00:38:07.659305+00:00", "trace_id": null, "stage": "fuse", "event": "start", "candidates_in": 33}
{"ts": "2026-09-24T00:38:07.659384+00:00", "trace_id": null, "stage": "fuse", "event": "finish", "duration_ms": 0.079, "candidates_in": 33, "candidates_out": 23, "top_score": 0.032266458495966696}
{"ts": "2026-09-24T00:38:07.659597+00:00", "trace_id": null, "stage": "rerank", "event": "start", "candidates_in": 20}
{"ts": "2026-09-24T00:38:08.661384+00:00", "trace_id": null, "stage": "rerank", "event": "stage_slow", "duration_ms": 1001.772, "candidates_in": 20, "soft_budget_ms": 1000.0}
{"ts": "2026-09-24T00:38:09.740473+00:00", "trace_id": null, "stage": "rerank", "event": "finish", "duration_ms": 2080.85, "candidates_in": 20, "candidates_out": 20, "top_score": 0.5955574726236708}
{"ts": "2026-09-24T00:38:09.740930+00:00", "trace_id": null, "stage": "gate", "event": "start", "candidates_in": 5}
{"ts": "2026-09-24T00:38:09.741007+00:00", "trace_id": null, "stage": "gate", "event": "finish", "duration_ms": 0.076, "candidates_in": 5, "candidates_out": 0, "reason": "no_confident_hit"}
{"ts": "2026-09-24T00:38:09.741044+00:00", "trace_id": null, "stage": "embed_query", "event": "start", "model": "Qwen/Qwen3-Embedding-0.6B"}
{"ts": "2026-09-24T00:38:09.773006+00:00", "trace_id": null, "stage": "embed_query", "event": "finish", "duration_ms": 31.959, "model": "Qwen/Qwen3-Embedding-0.6B"}
{"ts": "2026-09-24T00:38:09.773061+00:00", "trace_id": null, "stage": "dense", "event": "start"}
{"ts": "2026-09-24T00:38:09.773274+00:00", "trace_id": null, "stage": "dense", "event": "finish", "duration_ms": 0.212, "candidates_out": 20}
{"ts": "2026-09-24T00:38:09.773308+00:00", "trace_id": null, "stage": "lexical", "event": "start"}
{"ts": "2026-09-24T00:38:09.773523+00:00", "trace_id": null, "stage": "lexical", "event": "finish", "duration_ms": 0.215, "candidates_out": 9}
{"ts": "2026-09-24T00:38:09.773553+00:00", "trace_id": null, "stage": "fuse", "event": "start", "candidates_in": 22}
{"ts": "2026-09-24T00:38:09.773627+00:00", "trace_id": null, "stage": "fuse", "event": "finish", "duration_ms": 0.073, "candidates_in": 22, "candidates_out": 17, "top_score": 0.03252247488101534}
{"ts": "2026-09-24T00:38:09.773811+00:00", "trace_id": null, "stage": "rerank", "event": "start", "candidates_in": 17}
{"ts": "2026-09-24T00:38:10.778035+00:00", "trace_id": null, "stage": "rerank", "event": "stage_slow", "duration_ms": 1004.207, "candidates_in": 17, "soft_budget_ms": 1000.0}
{"ts": "2026-09-24T00:38:11.555841+00:00", "trace_id": null, "stage": "rerank", "event": "finish", "duration_ms": 1782.008, "candidates_in": 17, "candidates_out": 17, "top_score": 0.6234103191297027}
{"ts": "2026-09-24T00:38:11.556241+00:00", "trace_id": null, "stage": "gate", "event": "start", "candidates_in": 5}
{"ts": "2026-09-24T00:38:11.556323+00:00", "trace_id": null, "stage": "gate", "event": "finish", "duration_ms": 0.081, "candidates_in": 5, "candidates_out": 0, "reason": "no_confident_hit"}
{"ts": "2026-09-24T00:38:11.556360+00:00", "trace_id": null, "stage": "embed_query", "event": "start", "model": "Qwen/Qwen3-Embedding-0.6B"}
{"ts": "2026-09-24T00:38:11.590141+00:00", "trace_id": null, "stage": "embed_query", "event": "finish", "duration_ms": 33.778, "model": "Qwen/Qwen3-Embedding-0.6B"}
{"ts": "2026-09-24T00:38:11.590190+00:00", "trace_id": null, "stage": "dense", "event": "start"}
{"ts": "2026-09-24T00:38:11.590407+00:00", "trace_id": null, "stage": "dense", "event": "finish", "duration_ms": 0.216, "candidates_out": 20}
{"ts": "2026-09-24T00:38:11.590436+00:00", "trace_id": null, "stage": "lexical", "event": "start"}
{"ts": "2026-09-24T00:38:11.590748+00:00", "trace_id": null, "stage": "lexical", "event": "finish", "duration_ms": 0.31, "candidates_out": 20}
{"ts": "2026-09-24T00:38:11.590793+00:00", "trace_id": null, "stage": "fuse", "event": "start", "candidates_in": 34}
{"ts": "2026-09-24T00:38:11.590864+00:00", "trace_id": null, "stage": "fuse", "event": "finish", "duration_ms": 0.071, "candidates_in": 34, "candidates_out": 23, "top_score": 0.03278688524590164}
{"ts": "2026-09-24T00:38:11.591096+00:00", "trace_id": null, "stage": "rerank", "event": "start", "candidates_in": 20}
{"ts": "2026-09-24T00:38:12.595905+00:00", "trace_id": null, "stage": "rerank", "event": "stage_slow", "duration_ms": 1004.79, "candidates_in": 20, "soft_budget_ms": 1000.0}
{"ts": "2026-09-24T00:38:13.677250+00:00", "trace_id": null, "stage": "rerank", "event": "finish", "duration_ms": 2086.128, "candidates_in": 20, "candidates_out": 20, "top_score": 0.5326439127519175}
{"ts": "2026-09-24T00:38:13.677716+00:00", "trace_id": null, "stage": "gate", "event": "start", "candidates_in": 5}
{"ts": "2026-09-24T00:38:13.677796+00:00", "trace_id": null, "stage": "gate", "event": "finish", "duration_ms": 0.079, "candidates_in": 5, "candidates_out": 0, "reason": "no_confident_hit"}
{"ts": "2026-09-24T00:38:13.677830+00:00", "trace_id": null, "stage": "embed_query", "event": "start", "model": "Qwen/Qwen3-Embedding-0.6B"}
{"ts": "2026-09-24T00:38:13.710032+00:00", "trace_id": null, "stage": "embed_query", "event": "finish", "duration_ms": 32.198, "model": "Qwen/Qwen3-Embedding-0.6B"}
{"ts": "2026-09-24T00:38:13.710122+00:00", "trace_id": null, "stage": "dense", "event": "start"}
{"ts": "2026-09-24T00:38:13.710312+00:00", "trace_id": null, "stage": "dense", "event": "finish", "duration_ms": 0.19, "candidates_out": 20}
{"ts": "2026-09-24T00:38:13.710336+00:00", "trace_id": null, "stage": "lexical", "event": "start"}
{"ts": "2026-09-24T00:38:13.710609+00:00", "trace_id": null, "stage": "lexical", "event": "finish", "duration_ms": 0.272, "candidates_out": 20}
{"ts": "2026-09-24T00:38:13.710646+00:00", "trace_id": null, "stage": "fuse", "event": "start", "candidates_in": 31}
{"ts": "2026-09-24T00:38:13.710730+00:00", "trace_id": null, "stage": "fuse", "event": "finish", "duration_ms": 0.083, "candidates_in": 31, "candidates_out": 22, "top_score": 0.03252247488101534}
{"ts": "2026-09-24T00:38:13.710959+00:00", "trace_id": null, "stage": "rerank", "event": "start", "candidates_in": 20}
{"ts": "2026-09-24T00:38:14.716032+00:00", "trace_id": null, "stage": "rerank", "event": "stage_slow", "duration_ms": 1005.059, "candidates_in": 20, "soft_budget_ms": 1000.0}
{"ts": "2026-09-24T00:38:15.746312+00:00", "trace_id": null, "stage": "rerank", "event": "finish", "duration_ms": 2035.328, "candidates_in": 20, "candidates_out": 20, "top_score": 0.5019866728913814}
{"ts": "2026-09-24T00:38:15.746765+00:00", "trace_id": null, "stage": "gate", "event": "start", "candidates_in": 5}
{"ts": "2026-09-24T00:38:15.746830+00:00", "trace_id": null, "stage": "gate", "event": "finish", "duration_ms": 0.066, "candidates_in": 5, "candidates_out": 0, "reason": "no_confident_hit"}
{"ts": "2026-09-24T00:38:15.746854+00:00", "trace_id": null, "stage": "embed_query", "event": "start", "model": "Qwen/Qwen3-Embedding-0.6B"}
{"ts": "2026-09-24T00:38:15.778868+00:00", "trace_id": null, "stage": "embed_query", "event": "finish", "duration_ms": 32.011, "model": "Qwen/Qwen3-Embedding-0.6B"}
{"ts": "2026-09-24T00:38:15.778922+00:00", "trace_id": null, "stage": "dense", "event": "start"}
{"ts": "2026-09-24T00:38:15.779141+00:00", "trace_id": null, "stage": "dense", "event": "finish", "duration_ms": 0.219, "candidates_out": 20}
{"ts": "2026-09-24T00:38:15.779170+00:00", "trace_id": null, "stage": "lexical", "event": "start"}
{"ts": "2026-09-24T00:38:15.779479+00:00", "trace_id": null, "stage": "lexical", "event": "finish", "duration_ms": 0.308, "candidates_out": 20}
{"ts": "2026-09-24T00:38:15.779521+00:00", "trace_id": null, "stage": "fuse", "event": "start", "candidates_in": 30}
{"ts": "2026-09-24T00:38:15.779608+00:00", "trace_id": null, "stage": "fuse", "event": "finish", "duration_ms": 0.086, "candidates_in": 30, "candidates_out": 20, "top_score": 0.031009615384615385}
{"ts": "2026-09-24T00:38:15.779830+00:00", "trace_id": null, "stage": "rerank", "event": "start", "candidates_in": 20}
{"ts": "2026-09-24T00:38:16.783352+00:00", "trace_id": null, "stage": "rerank", "event": "stage_slow", "duration_ms": 1003.503, "candidates_in": 20, "soft_budget_ms": 1000.0}
{"ts": "2026-09-24T00:38:17.575765+00:00", "trace_id": null, "stage": "rerank", "event": "finish", "duration_ms": 1795.912, "candidates_in": 20, "candidates_out": 20, "top_score": 0.6809953063352326}
{"ts": "2026-09-24T00:38:17.576220+00:00", "trace_id": null, "stage": "gate", "event": "start", "candidates_in": 5}
{"ts": "2026-09-24T00:38:17.576292+00:00", "trace_id": null, "stage": "gate", "event": "finish", "duration_ms": 0.071, "candidates_in": 5, "candidates_out": 0, "reason": "no_confident_hit"}
{"ts": "2026-09-24T00:38:17.576326+00:00", "trace_id": null, "stage": "embed_query", "event": "start", "model": "Qwen/Qwen3-Embedding-0.6B"}
{"ts": "2026-09-24T00:38:17.607549+00:00", "trace_id": null, "stage": "embed_query", "event": "finish", "duration_ms": 31.22, "model": "Qwen/Qwen3-Embedding-0.6B"}
{"ts": "2026-09-24T00:38:17.607596+00:00", "trace_id": null, "stage": "dense", "event": "start"}
{"ts": "2026-09-24T00:38:17.607796+00:00", "trace_id": null, "stage": "dense", "event": "finish", "duration_ms": 0.2, "candidates_out": 20}
{"ts": "2026-09-24T00:38:17.607817+00:00", "trace_id": null, "stage": "lexical", "event": "start"}
{"ts": "2026-09-24T00:38:17.608150+00:00", "trace_id": null, "stage": "lexical", "event": "finish", "duration_ms": 0.332, "candidates_out": 20}
{"ts": "2026-09-24T00:38:17.608189+00:00", "trace_id": null, "stage": "fuse", "event": "start", "candidates_in": 28}
{"ts": "2026-09-24T00:38:17.608285+00:00", "trace_id": null, "stage": "fuse", "event": "finish", "duration_ms": 0.094, "candidates_in": 28, "candidates_out": 22, "top_score": 0.03278688524590164}
{"ts": "2026-09-24T00:38:17.608515+00:00", "trace_id": null, "stage": "rerank", "event": "start", "candidates_in": 20}
{"ts": "2026-09-24T00:38:18.613604+00:00", "trace_id": null, "stage": "rerank", "event": "stage_slow", "duration_ms": 1005.072, "candidates_in": 20, "soft_budget_ms": 1000.0}
{"ts": "2026-09-24T00:38:19.681316+00:00", "trace_id": null, "stage": "rerank", "event": "finish", "duration_ms": 2072.775, "candidates_in": 20, "candidates_out": 20, "top_score": 0.5021745981904981}
{"ts": "2026-09-24T00:38:19.681771+00:00", "trace_id": null, "stage": "gate", "event": "start", "candidates_in": 5}
{"ts": "2026-09-24T00:38:19.681842+00:00", "trace_id": null, "stage": "gate", "event": "finish", "duration_ms": 0.071, "candidates_in": 5, "candidates_out": 0, "reason": "no_confident_hit"}
{"ts": "2026-09-24T00:38:19.681878+00:00", "trace_id": null, "stage": "embed_query", "event": "start", "model": "Qwen/Qwen3-Embedding-0.6B"}
{"ts": "2026-09-24T00:38:19.713496+00:00", "trace_id": null, "stage": "embed_query", "event": "finish", "duration_ms": 31.614, "model": "Qwen/Qwen3-Embedding-0.6B"}
{"ts": "2026-09-24T00:38:19.713552+00:00", "trace_id": null, "stage": "dense", "event": "start"}
{"ts": "2026-09-24T00:38:19.713761+00:00", "trace_id": null, "stage": "dense", "event": "finish", "duration_ms": 0.209, "candidates_out": 20}
{"ts": "2026-09-24T00:38:19.713783+00:00", "trace_id": null, "stage": "lexical", "event": "start"}
{"ts": "2026-09-24T00:38:19.714080+00:00", "trace_id": null, "stage": "lexical", "event": "finish", "duration_ms": 0.295, "candidates_out": 20}
{"ts": "2026-09-24T00:38:19.714117+00:00", "trace_id": null, "stage": "fuse", "event": "start", "candidates_in": 34}
{"ts": "2026-09-24T00:38:19.714198+00:00", "trace_id": null, "stage": "fuse", "event": "finish", "duration_ms": 0.079, "candidates_in": 34, "candidates_out": 25, "top_score": 0.03278688524590164}
{"ts": "2026-09-24T00:38:19.714434+00:00", "trace_id": null, "stage": "rerank", "event": "start", "candidates_in": 20}
{"ts": "2026-09-24T00:38:20.714955+00:00", "trace_id": null, "stage": "rerank", "event": "stage_slow", "duration_ms": 1000.504, "candidates_in": 20, "soft_budget_ms": 1000.0}
{"ts": "2026-09-24T00:38:21.773650+00:00", "trace_id": null, "stage": "rerank", "event": "finish", "duration_ms": 2059.191, "candidates_in": 20, "candidates_out": 20, "top_score": 0.5279710819990432}
{"ts": "2026-09-24T00:38:21.774100+00:00", "trace_id": null, "stage": "gate", "event": "start", "candidates_in": 5}
{"ts": "2026-09-24T00:38:21.774176+00:00", "trace_id": null, "stage": "gate", "event": "finish", "duration_ms": 0.075, "candidates_in": 5, "candidates_out": 0, "reason": "no_confident_hit"}
{"ts": "2026-09-24T00:38:21.774213+00:00", "trace_id": null, "stage": "embed_query", "event": "start", "model": "Qwen/Qwen3-Embedding-0.6B"}
{"ts": "2026-09-24T00:38:21.774280+00:00", "trace_id": null, "stage": "embed_query", "event": "finish", "duration_ms": 0.065, "model": "Qwen/Qwen3-Embedding-0.6B"}
{"ts": "2026-09-24T00:38:21.774318+00:00", "trace_id": null, "stage": "dense", "event": "start"}
{"ts": "2026-09-24T00:38:21.774495+00:00", "trace_id": null, "stage": "dense", "event": "finish", "duration_ms": 0.177, "candidates_out": 20}
{"ts": "2026-09-24T00:38:21.774517+00:00", "trace_id": null, "stage": "lexical", "event": "start"}
{"ts": "2026-09-24T00:38:21.774787+00:00", "trace_id": null, "stage": "lexical", "event": "finish", "duration_ms": 0.269, "candidates_out": 20}
{"ts": "2026-09-24T00:38:21.774819+00:00", "trace_id": null, "stage": "fuse", "event": "start", "candidates_in": 31}
{"ts": "2026-09-24T00:38:21.774885+00:00", "trace_id": null, "stage": "fuse", "event": "finish", "duration_ms": 0.066, "candidates_in": 31, "candidates_out": 19, "top_score": 0.03278688524590164}
{"ts": "2026-09-24T00:38:21.775115+00:00", "trace_id": null, "stage": "rerank", "event": "start", "candidates_in": 19}
{"ts": "2026-09-24T00:38:22.778082+00:00", "trace_id": null, "stage": "rerank", "event": "stage_slow", "duration_ms": 1002.953, "candidates_in": 19, "soft_budget_ms": 1000.0}
{"ts": "2026-09-24T00:38:23.495694+00:00", "trace_id": null, "stage": "rerank", "event": "finish", "duration_ms": 1720.558, "candidates_in": 19, "candidates_out": 19, "top_score": 0.7275253434628324}
{"ts": "2026-09-24T00:38:23.496120+00:00", "trace_id": null, "stage": "gate", "event": "start", "candidates_in": 5}
{"ts": "2026-09-24T00:38:23.496215+00:00", "trace_id": null, "stage": "gate", "event": "finish", "duration_ms": 0.094, "candidates_in": 5, "candidates_out": 5, "top_score": 0.7275253434628324}
{"ts": "2026-09-24T00:38:23.496251+00:00", "trace_id": null, "stage": "embed_query", "event": "start", "model": "Qwen/Qwen3-Embedding-0.6B"}
{"ts": "2026-09-24T00:38:23.527879+00:00", "trace_id": null, "stage": "embed_query", "event": "finish", "duration_ms": 31.625, "model": "Qwen/Qwen3-Embedding-0.6B"}
{"ts": "2026-09-24T00:38:23.527931+00:00", "trace_id": null, "stage": "dense", "event": "start"}
{"ts": "2026-09-24T00:38:23.528185+00:00", "trace_id": null, "stage": "dense", "event": "finish", "duration_ms": 0.253, "candidates_out": 20}
{"ts": "2026-09-24T00:38:23.528216+00:00", "trace_id": null, "stage": "lexical", "event": "start"}
{"ts": "2026-09-24T00:38:23.528517+00:00", "trace_id": null, "stage": "lexical", "event": "finish", "duration_ms": 0.3, "candidates_out": 20}
{"ts": "2026-09-24T00:38:23.528561+00:00", "trace_id": null, "stage": "fuse", "event": "start", "candidates_in": 33}
{"ts": "2026-09-24T00:38:23.528645+00:00", "trace_id": null, "stage": "fuse", "event": "finish", "duration_ms": 0.084, "candidates_in": 33, "candidates_out": 19, "top_score": 0.03252247488101534}
{"ts": "2026-09-24T00:38:23.528856+00:00", "trace_id": null, "stage": "rerank", "event": "start", "candidates_in": 19}
{"ts": "2026-09-24T00:38:24.533942+00:00", "trace_id": null, "stage": "rerank", "event": "stage_slow", "duration_ms": 1005.069, "candidates_in": 19, "soft_budget_ms": 1000.0}
{"ts": "2026-09-24T00:38:25.231891+00:00", "trace_id": null, "stage": "rerank", "event": "finish", "duration_ms": 1703.013, "candidates_in": 19, "candidates_out": 19, "top_score": 0.6611156332120085}
{"ts": "2026-09-24T00:38:25.232324+00:00", "trace_id": null, "stage": "gate", "event": "start", "candidates_in": 5}
{"ts": "2026-09-24T00:38:25.232397+00:00", "trace_id": null, "stage": "gate", "event": "finish", "duration_ms": 0.071, "candidates_in": 5, "candidates_out": 0, "reason": "no_confident_hit"}
{"ts": "2026-09-24T00:38:25.232432+00:00", "trace_id": null, "stage": "embed_query", "event": "start", "model": "Qwen/Qwen3-Embedding-0.6B"}
{"ts": "2026-09-24T00:38:25.267083+00:00", "trace_id": null, "stage": "embed_query", "event": "finish", "duration_ms": 34.648, "model": "Qwen/Qwen3-Embedding-0.6B"}
{"ts": "2026-09-24T00:38:25.267137+00:00", "trace_id": null, "stage": "dense", "event": "start"}
{"ts": "2026-09-24T00:38:25.267355+00:00", "trace_id": null, "stage": "dense", "event": "finish", "duration_ms": 0.217, "candidates_out": 20}
{"ts": "2026-09-24T00:38:25.267388+00:00", "trace_id": null, "stage": "lexical", "event": "start"}
{"ts": "2026-09-24T00:38:25.267689+00:00", "trace_id": null, "stage": "lexical", "event": "finish", "duration_ms": 0.3, "candidates_out": 20}
{"ts": "2026-09-24T00:38:25.267721+00:00", "trace_id": null, "stage": "fuse", "event": "start", "candidates_in": 34}
{"ts": "2026-09-24T00:38:25.267797+00:00", "trace_id": null, "stage": "fuse", "event": "finish", "duration_ms": 0.075, "candidates_in": 34, "candidates_out": 24, "top_score": 0.03278688524590164}
{"ts": "2026-09-24T00:38:25.268018+00:00", "trace_id": null, "stage": "rerank", "event": "start", "candidates_in": 20}
{"ts": "2026-09-24T00:38:26.269242+00:00", "trace_id": null, "stage": "rerank", "event": "stage_slow", "duration_ms": 1001.202, "candidates_in": 20, "soft_budget_ms": 1000.0}
{"ts": "2026-09-24T00:38:26.796928+00:00", "trace_id": null, "stage": "rerank", "event": "finish", "duration_ms": 1528.89, "candidates_in": 20, "candidates_out": 20, "top_score": 0.7227163684278656}
{"ts": "2026-09-24T00:38:26.797423+00:00", "trace_id": null, "stage": "gate", "event": "start", "candidates_in": 5}
{"ts": "2026-09-24T00:38:26.798930+00:00", "trace_id": null, "stage": "gate", "event": "finish", "duration_ms": 1.507, "candidates_in": 5, "candidates_out": 5, "top_score": 0.7227163684278656}
{"ts": "2026-09-24T00:38:26.798967+00:00", "trace_id": null, "stage": "embed_query", "event": "start", "model": "Qwen/Qwen3-Embedding-0.6B"}
{"ts": "2026-09-24T00:38:26.830148+00:00", "trace_id": null, "stage": "embed_query", "event": "finish", "duration_ms": 31.179, "model": "Qwen/Qwen3-Embedding-0.6B"}
{"ts": "2026-09-24T00:38:26.830200+00:00", "trace_id": null, "stage": "dense", "event": "start"}
{"ts": "2026-09-24T00:38:26.830405+00:00", "trace_id": null, "stage": "dense", "event": "finish", "duration_ms": 0.204, "candidates_out": 20}
{"ts": "2026-09-24T00:38:26.830433+00:00", "trace_id": null, "stage": "lexical", "event": "start"}
{"ts": "2026-09-24T00:38:26.830749+00:00", "trace_id": null, "stage": "lexical", "event": "finish", "duration_ms": 0.316, "candidates_out": 20}
{"ts": "2026-09-24T00:38:26.830777+00:00", "trace_id": null, "stage": "fuse", "event": "start", "candidates_in": 31}
{"ts": "2026-09-24T00:38:26.830843+00:00", "trace_id": null, "stage": "fuse", "event": "finish", "duration_ms": 0.065, "candidates_in": 31, "candidates_out": 22, "top_score": 0.03278688524590164}
{"ts": "2026-09-24T00:38:26.831085+00:00", "trace_id": null, "stage": "rerank", "event": "start", "candidates_in": 20}
{"ts": "2026-09-24T00:38:27.832552+00:00", "trace_id": null, "stage": "rerank", "event": "stage_slow", "duration_ms": 1001.453, "candidates_in": 20, "soft_budget_ms": 1000.0}
{"ts": "2026-09-24T00:38:28.900806+00:00", "trace_id": null, "stage": "rerank", "event": "finish", "duration_ms": 2069.695, "candidates_in": 20, "candidates_out": 20, "top_score": 0.7173673984975226}
{"ts": "2026-09-24T00:38:28.901263+00:00", "trace_id": null, "stage": "gate", "event": "start", "candidates_in": 5}
{"ts": "2026-09-24T00:38:28.901339+00:00", "trace_id": null, "stage": "gate", "event": "finish", "duration_ms": 0.075, "candidates_in": 5, "candidates_out": 0, "reason": "no_confident_hit"}
{"ts": "2026-09-24T00:38:28.901375+00:00", "trace_id": null, "stage": "embed_query", "event": "start", "model": "Qwen/Qwen3-Embedding-0.6B"}
{"ts": "2026-09-24T00:38:28.935833+00:00", "trace_id": null, "stage": "embed_query", "event": "finish", "duration_ms": 34.455, "model": "Qwen/Qwen3-Embedding-0.6B"}
{"ts": "2026-09-24T00:38:28.935889+00:00", "trace_id": null, "stage": "dense", "event": "start"}
{"ts": "2026-09-24T00:38:28.936110+00:00", "trace_id": null, "stage": "dense", "event": "finish", "duration_ms": 0.22, "candidates_out": 20}
{"ts": "2026-09-24T00:38:28.936136+00:00", "trace_id": null, "stage": "lexical", "event": "start"}
{"ts": "2026-09-24T00:38:28.936515+00:00", "trace_id": null, "stage": "lexical", "event": "finish", "duration_ms": 0.378, "candidates_out": 16}
{"ts": "2026-09-24T00:38:28.936551+00:00", "trace_id": null, "stage": "fuse", "event": "start", "candidates_in": 28}
{"ts": "2026-09-24T00:38:28.936619+00:00", "trace_id": null, "stage": "fuse", "event": "finish", "duration_ms": 0.068, "candidates_in": 28, "candidates_out": 22, "top_score": 0.03278688524590164}
{"ts": "2026-09-24T00:38:28.936856+00:00", "trace_id": null, "stage": "rerank", "event": "start", "candidates_in": 20}
{"ts": "2026-09-24T00:38:29.941934+00:00", "trace_id": null, "stage": "rerank", "event": "stage_slow", "duration_ms": 1005.062, "candidates_in": 20, "soft_budget_ms": 1000.0}
{"ts": "2026-09-24T00:38:30.771928+00:00", "trace_id": null, "stage": "rerank", "event": "finish", "duration_ms": 1835.049, "candidates_in": 20, "candidates_out": 20, "top_score": 0.6281053016618118}
{"ts": "2026-09-24T00:38:30.772374+00:00", "trace_id": null, "stage": "gate", "event": "start", "candidates_in": 5}
{"ts": "2026-09-24T00:38:30.772454+00:00", "trace_id": null, "stage": "gate", "event": "finish", "duration_ms": 0.079, "candidates_in": 5, "candidates_out": 0, "reason": "no_confident_hit"}
{"ts": "2026-09-24T00:38:30.772490+00:00", "trace_id": null, "stage": "embed_query", "event": "start", "model": "Qwen/Qwen3-Embedding-0.6B"}
{"ts": "2026-09-24T00:38:30.807205+00:00", "trace_id": null, "stage": "embed_query", "event": "finish", "duration_ms": 34.713, "model": "Qwen/Qwen3-Embedding-0.6B"}
{"ts": "2026-09-24T00:38:30.807251+00:00", "trace_id": null, "stage": "dense", "event": "start"}
{"ts": "2026-09-24T00:38:30.807465+00:00", "trace_id": null, "stage": "dense", "event": "finish", "duration_ms": 0.213, "candidates_out": 20}
{"ts": "2026-09-24T00:38:30.807500+00:00", "trace_id": null, "stage": "lexical", "event": "start"}
{"ts": "2026-09-24T00:38:30.807821+00:00", "trace_id": null, "stage": "lexical", "event": "finish", "duration_ms": 0.321, "candidates_out": 20}
{"ts": "2026-09-24T00:38:30.807854+00:00", "trace_id": null, "stage": "fuse", "event": "start", "candidates_in": 33}
{"ts": "2026-09-24T00:38:30.807924+00:00", "trace_id": null, "stage": "fuse", "event": "finish", "duration_ms": 0.069, "candidates_in": 33, "candidates_out": 20, "top_score": 0.03278688524590164}
{"ts": "2026-09-24T00:38:30.808178+00:00", "trace_id": null, "stage": "rerank", "event": "start", "candidates_in": 20}
{"ts": "2026-09-24T00:38:31.812397+00:00", "trace_id": null, "stage": "rerank", "event": "stage_slow", "duration_ms": 1004.205, "candidates_in": 20, "soft_budget_ms": 1000.0}
{"ts": "2026-09-24T00:38:32.646920+00:00", "trace_id": null, "stage": "rerank", "event": "finish", "duration_ms": 1838.72, "candidates_in": 20, "candidates_out": 20, "top_score": 0.5367188830782206}
{"ts": "2026-09-24T00:38:32.647398+00:00", "trace_id": null, "stage": "gate", "event": "start", "candidates_in": 5}
{"ts": "2026-09-24T00:38:32.647472+00:00", "trace_id": null, "stage": "gate", "event": "finish", "duration_ms": 0.073, "candidates_in": 5, "candidates_out": 0, "reason": "no_confident_hit"}
{"ts": "2026-09-24T00:38:32.647508+00:00", "trace_id": null, "stage": "embed_query", "event": "start", "model": "Qwen/Qwen3-Embedding-0.6B"}
{"ts": "2026-09-24T00:38:32.679931+00:00", "trace_id": null, "stage": "embed_query", "event": "finish", "duration_ms": 32.419, "model": "Qwen/Qwen3-Embedding-0.6B"}
{"ts": "2026-09-24T00:38:32.679984+00:00", "trace_id": null, "stage": "dense", "event": "start"}
{"ts": "2026-09-24T00:38:32.680193+00:00", "trace_id": null, "stage": "dense", "event": "finish", "duration_ms": 0.209, "candidates_out": 20}
{"ts": "2026-09-24T00:38:32.680215+00:00", "trace_id": null, "stage": "lexical", "event": "start"}
{"ts": "2026-09-24T00:38:32.680515+00:00", "trace_id": null, "stage": "lexical", "event": "finish", "duration_ms": 0.299, "candidates_out": 20}
{"ts": "2026-09-24T00:38:32.680550+00:00", "trace_id": null, "stage": "fuse", "event": "start", "candidates_in": 34}
{"ts": "2026-09-24T00:38:32.680650+00:00", "trace_id": null, "stage": "fuse", "event": "finish", "duration_ms": 0.099, "candidates_in": 34, "candidates_out": 22, "top_score": 0.03278688524590164}
{"ts": "2026-09-24T00:38:32.680864+00:00", "trace_id": null, "stage": "rerank", "event": "start", "candidates_in": 20}
{"ts": "2026-09-24T00:38:33.681415+00:00", "trace_id": null, "stage": "rerank", "event": "stage_slow", "duration_ms": 1000.53, "candidates_in": 20, "soft_budget_ms": 1000.0}
{"ts": "2026-09-24T00:38:34.488994+00:00", "trace_id": null, "stage": "rerank", "event": "finish", "duration_ms": 1808.106, "candidates_in": 20, "candidates_out": 20, "top_score": 0.6931936357606568}
{"ts": "2026-09-24T00:38:34.489485+00:00", "trace_id": null, "stage": "gate", "event": "start", "candidates_in": 5}
{"ts": "2026-09-24T00:38:34.489558+00:00", "trace_id": null, "stage": "gate", "event": "finish", "duration_ms": 0.072, "candidates_in": 5, "candidates_out": 0, "reason": "no_confident_hit"}
{"ts": "2026-09-24T00:38:34.489596+00:00", "trace_id": null, "stage": "embed_query", "event": "start", "model": "Qwen/Qwen3-Embedding-0.6B"}
{"ts": "2026-09-24T00:38:34.523516+00:00", "trace_id": null, "stage": "embed_query", "event": "finish", "duration_ms": 33.918, "model": "Qwen/Qwen3-Embedding-0.6B"}
{"ts": "2026-09-24T00:38:34.523560+00:00", "trace_id": null, "stage": "dense", "event": "start"}
{"ts": "2026-09-24T00:38:34.523766+00:00", "trace_id": null, "stage": "dense", "event": "finish", "duration_ms": 0.206, "candidates_out": 20}
{"ts": "2026-09-24T00:38:34.523787+00:00", "trace_id": null, "stage": "lexical", "event": "start"}
{"ts": "2026-09-24T00:38:34.524128+00:00", "trace_id": null, "stage": "lexical", "event": "finish", "duration_ms": 0.34, "candidates_out": 20}
{"ts": "2026-09-24T00:38:34.524170+00:00", "trace_id": null, "stage": "fuse", "event": "start", "candidates_in": 35}
{"ts": "2026-09-24T00:38:34.524255+00:00", "trace_id": null, "stage": "fuse", "event": "finish", "duration_ms": 0.084, "candidates_in": 35, "candidates_out": 25, "top_score": 0.03252247488101534}
{"ts": "2026-09-24T00:38:34.524448+00:00", "trace_id": null, "stage": "rerank", "event": "start", "candidates_in": 20}
{"ts": "2026-09-24T00:38:35.529534+00:00", "trace_id": null, "stage": "rerank", "event": "stage_slow", "duration_ms": 1005.067, "candidates_in": 20, "soft_budget_ms": 1000.0}
{"ts": "2026-09-24T00:38:36.628595+00:00", "trace_id": null, "stage": "rerank", "event": "finish", "duration_ms": 2104.12, "candidates_in": 20, "candidates_out": 20, "top_score": 0.5431702417078096}
{"ts": "2026-09-24T00:38:36.629052+00:00", "trace_id": null, "stage": "gate", "event": "start", "candidates_in": 5}
{"ts": "2026-09-24T00:38:36.629133+00:00", "trace_id": null, "stage": "gate", "event": "finish", "duration_ms": 0.08, "candidates_in": 5, "candidates_out": 0, "reason": "no_confident_hit"}
{"ts": "2026-09-24T00:38:36.629175+00:00", "trace_id": null, "stage": "embed_query", "event": "start", "model": "Qwen/Qwen3-Embedding-0.6B"}
{"ts": "2026-09-24T00:38:36.660938+00:00", "trace_id": null, "stage": "embed_query", "event": "finish", "duration_ms": 31.761, "model": "Qwen/Qwen3-Embedding-0.6B"}
{"ts": "2026-09-24T00:38:36.660993+00:00", "trace_id": null, "stage": "dense", "event": "start"}
{"ts": "2026-09-24T00:38:36.661205+00:00", "trace_id": null, "stage": "dense", "event": "finish", "duration_ms": 0.211, "candidates_out": 20}
{"ts": "2026-09-24T00:38:36.661230+00:00", "trace_id": null, "stage": "lexical", "event": "start"}
{"ts": "2026-09-24T00:38:36.661492+00:00", "trace_id": null, "stage": "lexical", "event": "finish", "duration_ms": 0.261, "candidates_out": 20}
{"ts": "2026-09-24T00:38:36.661530+00:00", "trace_id": null, "stage": "fuse", "event": "start", "candidates_in": 33}
{"ts": "2026-09-24T00:38:36.661669+00:00", "trace_id": null, "stage": "fuse", "event": "finish", "duration_ms": 0.139, "candidates_in": 33, "candidates_out": 22, "top_score": 0.03278688524590164}
{"ts": "2026-09-24T00:38:36.661918+00:00", "trace_id": null, "stage": "rerank", "event": "start", "candidates_in": 20}
{"ts": "2026-09-24T00:38:37.665270+00:00", "trace_id": null, "stage": "rerank", "event": "stage_slow", "duration_ms": 1003.338, "candidates_in": 20, "soft_budget_ms": 1000.0}
{"ts": "2026-09-24T00:38:38.723976+00:00", "trace_id": null, "stage": "rerank", "event": "finish", "duration_ms": 2062.032, "candidates_in": 20, "candidates_out": 20, "top_score": 0.5611144636114856}
{"ts": "2026-09-24T00:38:38.724433+00:00", "trace_id": null, "stage": "gate", "event": "start", "candidates_in": 5}
{"ts": "2026-09-24T00:38:38.724511+00:00", "trace_id": null, "stage": "gate", "event": "finish", "duration_ms": 0.077, "candidates_in": 5, "candidates_out": 0, "reason": "no_confident_hit"}
{"ts": "2026-09-24T00:38:38.724553+00:00", "trace_id": null, "stage": "embed_query", "event": "start", "model": "Qwen/Qwen3-Embedding-0.6B"}
{"ts": "2026-09-24T00:38:38.755694+00:00", "trace_id": null, "stage": "embed_query", "event": "finish", "duration_ms": 31.138, "model": "Qwen/Qwen3-Embedding-0.6B"}
{"ts": "2026-09-24T00:38:38.755743+00:00", "trace_id": null, "stage": "dense", "event": "start"}
{"ts": "2026-09-24T00:38:38.755957+00:00", "trace_id": null, "stage": "dense", "event": "finish", "duration_ms": 0.214, "candidates_out": 20}
{"ts": "2026-09-24T00:38:38.755987+00:00", "trace_id": null, "stage": "lexical", "event": "start"}
{"ts": "2026-09-24T00:38:38.756276+00:00", "trace_id": null, "stage": "lexical", "event": "finish", "duration_ms": 0.288, "candidates_out": 20}
{"ts": "2026-09-24T00:38:38.756307+00:00", "trace_id": null, "stage": "fuse", "event": "start", "candidates_in": 30}
{"ts": "2026-09-24T00:38:38.756387+00:00", "trace_id": null, "stage": "fuse", "event": "finish", "duration_ms": 0.078, "candidates_in": 30, "candidates_out": 18, "top_score": 0.03278688524590164}
{"ts": "2026-09-24T00:38:38.756610+00:00", "trace_id": null, "stage": "rerank", "event": "start", "candidates_in": 18}
{"ts": "2026-09-24T00:38:39.761530+00:00", "trace_id": null, "stage": "rerank", "event": "stage_slow", "duration_ms": 1004.902, "candidates_in": 18, "soft_budget_ms": 1000.0}
{"ts": "2026-09-24T00:38:40.443368+00:00", "trace_id": null, "stage": "rerank", "event": "finish", "duration_ms": 1686.735, "candidates_in": 18, "candidates_out": 18, "top_score": 0.7307282681504349}
{"ts": "2026-09-24T00:38:40.443801+00:00", "trace_id": null, "stage": "gate", "event": "start", "candidates_in": 5}
{"ts": "2026-09-24T00:38:40.449723+00:00", "trace_id": null, "stage": "gate", "event": "finish", "duration_ms": 5.921, "candidates_in": 5, "candidates_out": 5, "top_score": 0.730654797153296}
{"ts": "2026-09-24T00:38:40.449769+00:00", "trace_id": null, "stage": "embed_query", "event": "start", "model": "Qwen/Qwen3-Embedding-0.6B"}
{"ts": "2026-09-24T00:38:40.480486+00:00", "trace_id": null, "stage": "embed_query", "event": "finish", "duration_ms": 30.715, "model": "Qwen/Qwen3-Embedding-0.6B"}
{"ts": "2026-09-24T00:38:40.480531+00:00", "trace_id": null, "stage": "dense", "event": "start"}
{"ts": "2026-09-24T00:38:40.480737+00:00", "trace_id": null, "stage": "dense", "event": "finish", "duration_ms": 0.205, "candidates_out": 20}
{"ts": "2026-09-24T00:38:40.480768+00:00", "trace_id": null, "stage": "lexical", "event": "start"}
{"ts": "2026-09-24T00:38:40.481043+00:00", "trace_id": null, "stage": "lexical", "event": "finish", "duration_ms": 0.275, "candidates_out": 20}
{"ts": "2026-09-24T00:38:40.481076+00:00", "trace_id": null, "stage": "fuse", "event": "start", "candidates_in": 32}
{"ts": "2026-09-24T00:38:40.481135+00:00", "trace_id": null, "stage": "fuse", "event": "finish", "duration_ms": 0.059, "candidates_in": 32, "candidates_out": 20, "top_score": 0.03278688524590164}
{"ts": "2026-09-24T00:38:40.481359+00:00", "trace_id": null, "stage": "rerank", "event": "start", "candidates_in": 20}
{"ts": "2026-09-24T00:38:41.486459+00:00", "trace_id": null, "stage": "rerank", "event": "stage_slow", "duration_ms": 1005.083, "candidates_in": 20, "soft_budget_ms": 1000.0}
{"ts": "2026-09-24T00:38:42.358074+00:00", "trace_id": null, "stage": "rerank", "event": "finish", "duration_ms": 1876.691, "candidates_in": 20, "candidates_out": 20, "top_score": 0.730530651214025}
{"ts": "2026-09-24T00:38:42.358554+00:00", "trace_id": null, "stage": "gate", "event": "start", "candidates_in": 5}
{"ts": "2026-09-24T00:38:42.364347+00:00", "trace_id": null, "stage": "gate", "event": "finish", "duration_ms": 5.793, "candidates_in": 5, "candidates_out": 5, "top_score": 0.7304815553890739}
{"ts": "2026-09-24T00:38:42.364382+00:00", "trace_id": null, "stage": "embed_query", "event": "start", "model": "Qwen/Qwen3-Embedding-0.6B"}
{"ts": "2026-09-24T00:38:42.397181+00:00", "trace_id": null, "stage": "embed_query", "event": "finish", "duration_ms": 32.796, "model": "Qwen/Qwen3-Embedding-0.6B"}
{"ts": "2026-09-24T00:38:42.397228+00:00", "trace_id": null, "stage": "dense", "event": "start"}
{"ts": "2026-09-24T00:38:42.397433+00:00", "trace_id": null, "stage": "dense", "event": "finish", "duration_ms": 0.204, "candidates_out": 20}
{"ts": "2026-09-24T00:38:42.397466+00:00", "trace_id": null, "stage": "lexical", "event": "start"}
{"ts": "2026-09-24T00:38:42.397795+00:00", "trace_id": null, "stage": "lexical", "event": "finish", "duration_ms": 0.328, "candidates_out": 20}
{"ts": "2026-09-24T00:38:42.397838+00:00", "trace_id": null, "stage": "fuse", "event": "start", "candidates_in": 32}
{"ts": "2026-09-24T00:38:42.397908+00:00", "trace_id": null, "stage": "fuse", "event": "finish", "duration_ms": 0.07, "candidates_in": 32, "candidates_out": 21, "top_score": 0.03278688524590164}
{"ts": "2026-09-24T00:38:42.398154+00:00", "trace_id": null, "stage": "rerank", "event": "start", "candidates_in": 20}
{"ts": "2026-09-24T00:38:43.403256+00:00", "trace_id": null, "stage": "rerank", "event": "stage_slow", "duration_ms": 1005.088, "candidates_in": 20, "soft_budget_ms": 1000.0}
{"ts": "2026-09-24T00:38:44.220968+00:00", "trace_id": null, "stage": "rerank", "event": "finish", "duration_ms": 1822.792, "candidates_in": 20, "candidates_out": 20, "top_score": 0.7136340029517464}
{"ts": "2026-09-24T00:38:44.221440+00:00", "trace_id": null, "stage": "gate", "event": "start", "candidates_in": 5}
{"ts": "2026-09-24T00:38:44.221516+00:00", "trace_id": null, "stage": "gate", "event": "finish", "duration_ms": 0.075, "candidates_in": 5, "candidates_out": 0, "reason": "no_confident_hit"}
{"ts": "2026-09-24T00:38:44.221555+00:00", "trace_id": null, "stage": "embed_query", "event": "start", "model": "Qwen/Qwen3-Embedding-0.6B"}
{"ts": "2026-09-24T00:38:44.253879+00:00", "trace_id": null, "stage": "embed_query", "event": "finish", "duration_ms": 32.321, "model": "Qwen/Qwen3-Embedding-0.6B"}
{"ts": "2026-09-24T00:38:44.253928+00:00", "trace_id": null, "stage": "dense", "event": "start"}
{"ts": "2026-09-24T00:38:44.254151+00:00", "trace_id": null, "stage": "dense", "event": "finish", "duration_ms": 0.222, "candidates_out": 20}
{"ts": "2026-09-24T00:38:44.254176+00:00", "trace_id": null, "stage": "lexical", "event": "start"}
{"ts": "2026-09-24T00:38:44.254548+00:00", "trace_id": null, "stage": "lexical", "event": "finish", "duration_ms": 0.371, "candidates_out": 20}
{"ts": "2026-09-24T00:38:44.254592+00:00", "trace_id": null, "stage": "fuse", "event": "start", "candidates_in": 33}
{"ts": "2026-09-24T00:38:44.254674+00:00", "trace_id": null, "stage": "fuse", "event": "finish", "duration_ms": 0.081, "candidates_in": 33, "candidates_out": 22, "top_score": 0.03252247488101534}
{"ts": "2026-09-24T00:38:44.254892+00:00", "trace_id": null, "stage": "rerank", "event": "start", "candidates_in": 20}
{"ts": "2026-09-24T00:38:45.255017+00:00", "trace_id": null, "stage": "rerank", "event": "stage_slow", "duration_ms": 1000.11, "candidates_in": 20, "soft_budget_ms": 1000.0}
{"ts": "2026-09-24T00:38:46.071053+00:00", "trace_id": null, "stage": "rerank", "event": "finish", "duration_ms": 1816.138, "candidates_in": 20, "candidates_out": 20, "top_score": 0.7102519093009744}
{"ts": "2026-09-24T00:38:46.071521+00:00", "trace_id": null, "stage": "gate", "event": "start", "candidates_in": 5}
{"ts": "2026-09-24T00:38:46.071597+00:00", "trace_id": null, "stage": "gate", "event": "finish", "duration_ms": 0.075, "candidates_in": 5, "candidates_out": 0, "reason": "no_confident_hit"}
{"ts": "2026-09-24T00:38:46.071629+00:00", "trace_id": null, "stage": "embed_query", "event": "start", "model": "Qwen/Qwen3-Embedding-0.6B"}
{"ts": "2026-09-24T00:38:46.102130+00:00", "trace_id": null, "stage": "embed_query", "event": "finish", "duration_ms": 30.499, "model": "Qwen/Qwen3-Embedding-0.6B"}
{"ts": "2026-09-24T00:38:46.102177+00:00", "trace_id": null, "stage": "dense", "event": "start"}
{"ts": "2026-09-24T00:38:46.102393+00:00", "trace_id": null, "stage": "dense", "event": "finish", "duration_ms": 0.215, "candidates_out": 20}
{"ts": "2026-09-24T00:38:46.102428+00:00", "trace_id": null, "stage": "lexical", "event": "start"}
{"ts": "2026-09-24T00:38:46.102714+00:00", "trace_id": null, "stage": "lexical", "event": "finish", "duration_ms": 0.286, "candidates_out": 20}
{"ts": "2026-09-24T00:38:46.102746+00:00", "trace_id": null, "stage": "fuse", "event": "start", "candidates_in": 32}
{"ts": "2026-09-24T00:38:46.102816+00:00", "trace_id": null, "stage": "fuse", "event": "finish", "duration_ms": 0.07, "candidates_in": 32, "candidates_out": 22, "top_score": 0.030886196246139225}
{"ts": "2026-09-24T00:38:46.103046+00:00", "trace_id": null, "stage": "rerank", "event": "start", "candidates_in": 20}
{"ts": "2026-09-24T00:38:47.103254+00:00", "trace_id": null, "stage": "rerank", "event": "stage_slow", "duration_ms": 1000.19, "candidates_in": 20, "soft_budget_ms": 1000.0}
{"ts": "2026-09-24T00:38:47.981982+00:00", "trace_id": null, "stage": "rerank", "event": "finish", "duration_ms": 1878.912, "candidates_in": 20, "candidates_out": 20, "top_score": 0.5040482715823729}
{"ts": "2026-09-24T00:38:47.982456+00:00", "trace_id": null, "stage": "gate", "event": "start", "candidates_in": 5}
{"ts": "2026-09-24T00:38:47.982540+00:00", "trace_id": null, "stage": "gate", "event": "finish", "duration_ms": 0.083, "candidates_in": 5, "candidates_out": 0, "reason": "no_confident_hit"}
{"ts": "2026-09-24T00:38:47.982577+00:00", "trace_id": null, "stage": "embed_query", "event": "start", "model": "Qwen/Qwen3-Embedding-0.6B"}
{"ts": "2026-09-24T00:38:48.017024+00:00", "trace_id": null, "stage": "embed_query", "event": "finish", "duration_ms": 34.445, "model": "Qwen/Qwen3-Embedding-0.6B"}
{"ts": "2026-09-24T00:38:48.017074+00:00", "trace_id": null, "stage": "dense", "event": "start"}
{"ts": "2026-09-24T00:38:48.017285+00:00", "trace_id": null, "stage": "dense", "event": "finish", "duration_ms": 0.211, "candidates_out": 20}
{"ts": "2026-09-24T00:38:48.017306+00:00", "trace_id": null, "stage": "lexical", "event": "start"}
{"ts": "2026-09-24T00:38:48.017608+00:00", "trace_id": null, "stage": "lexical", "event": "finish", "duration_ms": 0.3, "candidates_out": 20}
{"ts": "2026-09-24T00:38:48.017648+00:00", "trace_id": null, "stage": "fuse", "event": "start", "candidates_in": 33}
{"ts": "2026-09-24T00:38:48.017729+00:00", "trace_id": null, "stage": "fuse", "event": "finish", "duration_ms": 0.081, "candidates_in": 33, "candidates_out": 24, "top_score": 0.03278688524590164}
{"ts": "2026-09-24T00:38:48.017957+00:00", "trace_id": null, "stage": "rerank", "event": "start", "candidates_in": 20}
{"ts": "2026-09-24T00:38:49.019907+00:00", "trace_id": null, "stage": "rerank", "event": "stage_slow", "duration_ms": 1001.936, "candidates_in": 20, "soft_budget_ms": 1000.0}
{"ts": "2026-09-24T00:38:49.849527+00:00", "trace_id": null, "stage": "rerank", "event": "finish", "duration_ms": 1831.548, "candidates_in": 20, "candidates_out": 20, "top_score": 0.7284356294870871}
{"ts": "2026-09-24T00:38:49.850001+00:00", "trace_id": null, "stage": "gate", "event": "start", "candidates_in": 5}
{"ts": "2026-09-24T00:38:49.850103+00:00", "trace_id": null, "stage": "gate", "event": "finish", "duration_ms": 0.103, "candidates_in": 5, "candidates_out": 5, "top_score": 0.7284356294870871}
{"ts": "2026-09-24T00:38:49.850129+00:00", "trace_id": null, "stage": "embed_query", "event": "start", "model": "Qwen/Qwen3-Embedding-0.6B"}
{"ts": "2026-09-24T00:38:49.881431+00:00", "trace_id": null, "stage": "embed_query", "event": "finish", "duration_ms": 31.298, "model": "Qwen/Qwen3-Embedding-0.6B"}
{"ts": "2026-09-24T00:38:49.881483+00:00", "trace_id": null, "stage": "dense", "event": "start"}
{"ts": "2026-09-24T00:38:49.881695+00:00", "trace_id": null, "stage": "dense", "event": "finish", "duration_ms": 0.213, "candidates_out": 20}
{"ts": "2026-09-24T00:38:49.881715+00:00", "trace_id": null, "stage": "lexical", "event": "start"}
{"ts": "2026-09-24T00:38:49.882000+00:00", "trace_id": null, "stage": "lexical", "event": "finish", "duration_ms": 0.284, "candidates_out": 20}
{"ts": "2026-09-24T00:38:49.882036+00:00", "trace_id": null, "stage": "fuse", "event": "start", "candidates_in": 32}
{"ts": "2026-09-24T00:38:49.882109+00:00", "trace_id": null, "stage": "fuse", "event": "finish", "duration_ms": 0.072, "candidates_in": 32, "candidates_out": 19, "top_score": 0.03278688524590164}
{"ts": "2026-09-24T00:38:49.882344+00:00", "trace_id": null, "stage": "rerank", "event": "start", "candidates_in": 19}
{"ts": "2026-09-24T00:38:50.886863+00:00", "trace_id": null, "stage": "rerank", "event": "stage_slow", "duration_ms": 1004.505, "candidates_in": 19, "soft_budget_ms": 1000.0}
{"ts": "2026-09-24T00:38:51.879904+00:00", "trace_id": null, "stage": "rerank", "event": "finish", "duration_ms": 1997.536, "candidates_in": 19, "candidates_out": 19, "top_score": 0.5131346672253697}
{"ts": "2026-09-24T00:38:51.880340+00:00", "trace_id": null, "stage": "gate", "event": "start", "candidates_in": 5}
{"ts": "2026-09-24T00:38:51.880413+00:00", "trace_id": null, "stage": "gate", "event": "finish", "duration_ms": 0.072, "candidates_in": 5, "candidates_out": 0, "reason": "no_confident_hit"}
{"ts": "2026-09-24T00:38:51.883138+00:00", "trace_id": null, "stage": "embed_query", "event": "start", "model": "Qwen/Qwen3-Embedding-0.6B"}
{"ts": "2026-09-24T00:38:51.914630+00:00", "trace_id": null, "stage": "embed_query", "event": "finish", "duration_ms": 31.49, "model": "Qwen/Qwen3-Embedding-0.6B"}
{"ts": "2026-09-24T00:38:51.914673+00:00", "trace_id": null, "stage": "dense", "event": "start"}
{"ts": "2026-09-24T00:38:51.914876+00:00", "trace_id": null, "stage": "dense", "event": "finish", "duration_ms": 0.203, "candidates_out": 20}
{"ts": "2026-09-24T00:38:51.914896+00:00", "trace_id": null, "stage": "lexical", "event": "start"}
{"ts": "2026-09-24T00:38:51.915165+00:00", "trace_id": null, "stage": "lexical", "event": "finish", "duration_ms": 0.269, "candidates_out": 20}
{"ts": "2026-09-24T00:38:51.915195+00:00", "trace_id": null, "stage": "fuse", "event": "start", "candidates_in": 33}
{"ts": "2026-09-24T00:38:51.915267+00:00", "trace_id": null, "stage": "fuse", "event": "finish", "duration_ms": 0.072, "candidates_in": 33, "candidates_out": 19, "top_score": 0.03278688524590164}
{"ts": "2026-09-24T00:38:51.915479+00:00", "trace_id": null, "stage": "rerank", "event": "start", "candidates_in": 19}
{"ts": "2026-09-24T00:38:52.918045+00:00", "trace_id": null, "stage": "rerank", "event": "stage_slow", "duration_ms": 1002.551, "candidates_in": 19, "soft_budget_ms": 1000.0}
{"ts": "2026-09-24T00:38:53.633332+00:00", "trace_id": null, "stage": "rerank", "event": "finish", "duration_ms": 1717.831, "candidates_in": 19, "candidates_out": 19, "top_score": 0.7264569387204822}
{"ts": "2026-09-24T00:38:53.633777+00:00", "trace_id": null, "stage": "gate", "event": "start", "candidates_in": 5}
{"ts": "2026-09-24T00:38:53.633879+00:00", "trace_id": null, "stage": "gate", "event": "finish", "duration_ms": 0.1, "candidates_in": 5, "candidates_out": 5, "top_score": 0.7264569387204822}
{"ts": "2026-09-24T00:38:53.633913+00:00", "trace_id": null, "stage": "embed_query", "event": "start", "model": "Qwen/Qwen3-Embedding-0.6B"}
{"ts": "2026-09-24T00:38:53.665127+00:00", "trace_id": null, "stage": "embed_query", "event": "finish", "duration_ms": 31.211, "model": "Qwen/Qwen3-Embedding-0.6B"}
{"ts": "2026-09-24T00:38:53.665180+00:00", "trace_id": null, "stage": "dense", "event": "start"}
{"ts": "2026-09-24T00:38:53.665393+00:00", "trace_id": null, "stage": "dense", "event": "finish", "duration_ms": 0.212, "candidates_out": 20}
{"ts": "2026-09-24T00:38:53.665422+00:00", "trace_id": null, "stage": "lexical", "event": "start"}
{"ts": "2026-09-24T00:38:53.665696+00:00", "trace_id": null, "stage": "lexical", "event": "finish", "duration_ms": 0.274, "candidates_out": 20}
{"ts": "2026-09-24T00:38:53.665733+00:00", "trace_id": null, "stage": "fuse", "event": "start", "candidates_in": 33}
{"ts": "2026-09-24T00:38:53.665819+00:00", "trace_id": null, "stage": "fuse", "event": "finish", "duration_ms": 0.086, "candidates_in": 33, "candidates_out": 20, "top_score": 0.03252247488101534}
{"ts": "2026-09-24T00:38:53.666049+00:00", "trace_id": null, "stage": "rerank", "event": "start", "candidates_in": 20}
{"ts": "2026-09-24T00:38:54.668447+00:00", "trace_id": null, "stage": "rerank", "event": "stage_slow", "duration_ms": 1002.384, "candidates_in": 20, "soft_budget_ms": 1000.0}
{"ts": "2026-09-24T00:38:55.187338+00:00", "trace_id": null, "stage": "rerank", "event": "finish", "duration_ms": 1521.269, "candidates_in": 20, "candidates_out": 20, "top_score": 0.653463980739174}
{"ts": "2026-09-24T00:38:55.187791+00:00", "trace_id": null, "stage": "gate", "event": "start", "candidates_in": 5}
{"ts": "2026-09-24T00:38:55.187888+00:00", "trace_id": null, "stage": "gate", "event": "finish", "duration_ms": 0.096, "candidates_in": 5, "candidates_out": 5, "top_score": 0.653463980739174}
{"ts": "2026-09-24T00:38:55.187923+00:00", "trace_id": null, "stage": "embed_query", "event": "start", "model": "Qwen/Qwen3-Embedding-0.6B"}
{"ts": "2026-09-24T00:38:55.222512+00:00", "trace_id": null, "stage": "embed_query", "event": "finish", "duration_ms": 34.585, "model": "Qwen/Qwen3-Embedding-0.6B"}
{"ts": "2026-09-24T00:38:55.222562+00:00", "trace_id": null, "stage": "dense", "event": "start"}
{"ts": "2026-09-24T00:38:55.222774+00:00", "trace_id": null, "stage": "dense", "event": "finish", "duration_ms": 0.21, "candidates_out": 20}
{"ts": "2026-09-24T00:38:55.222806+00:00", "trace_id": null, "stage": "lexical", "event": "start"}
{"ts": "2026-09-24T00:38:55.223081+00:00", "trace_id": null, "stage": "lexical", "event": "finish", "duration_ms": 0.273, "candidates_out": 20}
{"ts": "2026-09-24T00:38:55.223125+00:00", "trace_id": null, "stage": "fuse", "event": "start", "candidates_in": 30}
{"ts": "2026-09-24T00:38:55.223196+00:00", "trace_id": null, "stage": "fuse", "event": "finish", "duration_ms": 0.072, "candidates_in": 30, "candidates_out": 17, "top_score": 0.03252247488101534}
{"ts": "2026-09-24T00:38:55.223405+00:00", "trace_id": null, "stage": "rerank", "event": "start", "candidates_in": 17}
{"ts": "2026-09-24T00:38:56.226575+00:00", "trace_id": null, "stage": "rerank", "event": "stage_slow", "duration_ms": 1003.154, "candidates_in": 17, "soft_budget_ms": 1000.0}
{"ts": "2026-09-24T00:38:56.737762+00:00", "trace_id": null, "stage": "rerank", "event": "finish", "duration_ms": 1514.336, "candidates_in": 17, "candidates_out": 17, "top_score": 0.719521087925673}
{"ts": "2026-09-24T00:38:56.738166+00:00", "trace_id": null, "stage": "gate", "event": "start", "candidates_in": 5}
{"ts": "2026-09-24T00:38:56.738261+00:00", "trace_id": null, "stage": "gate", "event": "finish", "duration_ms": 0.094, "candidates_in": 5, "candidates_out": 5, "top_score": 0.719521087925673}
{"ts": "2026-09-24T00:38:56.738296+00:00", "trace_id": null, "stage": "embed_query", "event": "start", "model": "Qwen/Qwen3-Embedding-0.6B"}
{"ts": "2026-09-24T00:38:56.768877+00:00", "trace_id": null, "stage": "embed_query", "event": "finish", "duration_ms": 30.579, "model": "Qwen/Qwen3-Embedding-0.6B"}
{"ts": "2026-09-24T00:38:56.768922+00:00", "trace_id": null, "stage": "dense", "event": "start"}
{"ts": "2026-09-24T00:38:56.769124+00:00", "trace_id": null, "stage": "dense", "event": "finish", "duration_ms": 0.202, "candidates_out": 20}
{"ts": "2026-09-24T00:38:56.769155+00:00", "trace_id": null, "stage": "lexical", "event": "start"}
{"ts": "2026-09-24T00:38:56.769419+00:00", "trace_id": null, "stage": "lexical", "event": "finish", "duration_ms": 0.264, "candidates_out": 20}
{"ts": "2026-09-24T00:38:56.769448+00:00", "trace_id": null, "stage": "fuse", "event": "start", "candidates_in": 31}
{"ts": "2026-09-24T00:38:56.769530+00:00", "trace_id": null, "stage": "fuse", "event": "finish", "duration_ms": 0.08, "candidates_in": 31, "candidates_out": 21, "top_score": 0.03252247488101534}
{"ts": "2026-09-24T00:38:56.769755+00:00", "trace_id": null, "stage": "rerank", "event": "start", "candidates_in": 20}
{"ts": "2026-09-24T00:38:57.771289+00:00", "trace_id": null, "stage": "rerank", "event": "stage_slow", "duration_ms": 1001.519, "candidates_in": 20, "soft_budget_ms": 1000.0}
{"ts": "2026-09-24T00:38:58.421744+00:00", "trace_id": null, "stage": "rerank", "event": "finish", "duration_ms": 1651.968, "candidates_in": 20, "candidates_out": 20, "top_score": 0.5388979698468449}
{"ts": "2026-09-24T00:38:58.422177+00:00", "trace_id": null, "stage": "gate", "event": "start", "candidates_in": 5}
{"ts": "2026-09-24T00:38:58.422272+00:00", "trace_id": null, "stage": "gate", "event": "finish", "duration_ms": 0.094, "candidates_in": 5, "candidates_out": 5, "top_score": 0.5388979698468449}
{"ts": "2026-09-24T00:38:58.422307+00:00", "trace_id": null, "stage": "embed_query", "event": "start", "model": "Qwen/Qwen3-Embedding-0.6B"}
{"ts": "2026-09-24T00:38:58.452568+00:00", "trace_id": null, "stage": "embed_query", "event": "finish", "duration_ms": 30.25, "model": "Qwen/Qwen3-Embedding-0.6B"}
{"ts": "2026-09-24T00:38:58.452629+00:00", "trace_id": null, "stage": "dense", "event": "start"}
{"ts": "2026-09-24T00:38:58.452901+00:00", "trace_id": null, "stage": "dense", "event": "finish", "duration_ms": 0.272, "candidates_out": 20}
{"ts": "2026-09-24T00:38:58.452925+00:00", "trace_id": null, "stage": "lexical", "event": "start"}
{"ts": "2026-09-24T00:38:58.453204+00:00", "trace_id": null, "stage": "lexical", "event": "finish", "duration_ms": 0.278, "candidates_out": 20}
{"ts": "2026-09-24T00:38:58.453244+00:00", "trace_id": null, "stage": "fuse", "event": "start", "candidates_in": 31}
{"ts": "2026-09-24T00:38:58.453327+00:00", "trace_id": null, "stage": "fuse", "event": "finish", "duration_ms": 0.082, "candidates_in": 31, "candidates_out": 20, "top_score": 0.032266458495966696}
{"ts": "2026-09-24T00:38:58.453543+00:00", "trace_id": null, "stage": "rerank", "event": "start", "candidates_in": 20}
{"ts": "2026-09-24T00:38:59.458629+00:00", "trace_id": null, "stage": "rerank", "event": "stage_slow", "duration_ms": 1005.067, "candidates_in": 20, "soft_budget_ms": 1000.0}
{"ts": "2026-09-24T00:39:00.319149+00:00", "trace_id": null, "stage": "rerank", "event": "finish", "duration_ms": 1865.582, "candidates_in": 20, "candidates_out": 20, "top_score": 0.5295449719797976}
{"ts": "2026-09-24T00:39:00.319578+00:00", "trace_id": null, "stage": "gate", "event": "start", "candidates_in": 5}
{"ts": "2026-09-24T00:39:00.321111+00:00", "trace_id": null, "stage": "gate", "event": "finish", "duration_ms": 1.532, "candidates_in": 5, "candidates_out": 5, "top_score": 0.5295449719797976}
{"ts": "2026-09-24T00:39:00.321152+00:00", "trace_id": null, "stage": "embed_query", "event": "start", "model": "Qwen/Qwen3-Embedding-0.6B"}
{"ts": "2026-09-24T00:39:00.354969+00:00", "trace_id": null, "stage": "embed_query", "event": "finish", "duration_ms": 33.814, "model": "Qwen/Qwen3-Embedding-0.6B"}
{"ts": "2026-09-24T00:39:00.355013+00:00", "trace_id": null, "stage": "dense", "event": "start"}
{"ts": "2026-09-24T00:39:00.355221+00:00", "trace_id": null, "stage": "dense", "event": "finish", "duration_ms": 0.207, "candidates_out": 20}
{"ts": "2026-09-24T00:39:00.355254+00:00", "trace_id": null, "stage": "lexical", "event": "start"}
{"ts": "2026-09-24T00:39:00.355527+00:00", "trace_id": null, "stage": "lexical", "event": "finish", "duration_ms": 0.272, "candidates_out": 20}
{"ts": "2026-09-24T00:39:00.355559+00:00", "trace_id": null, "stage": "fuse", "event": "start", "candidates_in": 29}
{"ts": "2026-09-24T00:39:00.355641+00:00", "trace_id": null, "stage": "fuse", "event": "finish", "duration_ms": 0.082, "candidates_in": 29, "candidates_out": 21, "top_score": 0.032018442622950824}
{"ts": "2026-09-24T00:39:00.355840+00:00", "trace_id": null, "stage": "rerank", "event": "start", "candidates_in": 20}
{"ts": "2026-09-24T00:39:01.360931+00:00", "trace_id": null, "stage": "rerank", "event": "stage_slow", "duration_ms": 1005.07, "candidates_in": 20, "soft_budget_ms": 1000.0}
{"ts": "2026-09-24T00:39:02.112416+00:00", "trace_id": null, "stage": "rerank", "event": "finish", "duration_ms": 1756.553, "candidates_in": 20, "candidates_out": 20, "top_score": 0.7063393015793482}
{"ts": "2026-09-24T00:39:02.112847+00:00", "trace_id": null, "stage": "gate", "event": "start", "candidates_in": 5}
{"ts": "2026-09-24T00:39:02.112943+00:00", "trace_id": null, "stage": "gate", "event": "finish", "duration_ms": 0.094, "candidates_in": 5, "candidates_out": 5, "top_score": 0.7063393015793482}
{"ts": "2026-09-24T00:39:02.112977+00:00", "trace_id": null, "stage": "embed_query", "event": "start", "model": "Qwen/Qwen3-Embedding-0.6B"}
{"ts": "2026-09-24T00:39:02.144576+00:00", "trace_id": null, "stage": "embed_query", "event": "finish", "duration_ms": 31.595, "model": "Qwen/Qwen3-Embedding-0.6B"}
{"ts": "2026-09-24T00:39:02.144631+00:00", "trace_id": null, "stage": "dense", "event": "start"}
{"ts": "2026-09-24T00:39:02.144850+00:00", "trace_id": null, "stage": "dense", "event": "finish", "duration_ms": 0.218, "candidates_out": 20}
{"ts": "2026-09-24T00:39:02.144876+00:00", "trace_id": null, "stage": "lexical", "event": "start"}
{"ts": "2026-09-24T00:39:02.145185+00:00", "trace_id": null, "stage": "lexical", "event": "finish", "duration_ms": 0.308, "candidates_out": 20}
{"ts": "2026-09-24T00:39:02.145235+00:00", "trace_id": null, "stage": "fuse", "event": "start", "candidates_in": 30}
{"ts": "2026-09-24T00:39:02.145352+00:00", "trace_id": null, "stage": "fuse", "event": "finish", "duration_ms": 0.117, "candidates_in": 30, "candidates_out": 20, "top_score": 0.03278688524590164}
{"ts": "2026-09-24T00:39:02.145601+00:00", "trace_id": null, "stage": "rerank", "event": "start", "candidates_in": 20}
{"ts": "2026-09-24T00:39:03.145853+00:00", "trace_id": null, "stage": "rerank", "event": "stage_slow", "duration_ms": 1000.235, "candidates_in": 20, "soft_budget_ms": 1000.0}
{"ts": "2026-09-24T00:39:03.929923+00:00", "trace_id": null, "stage": "rerank", "event": "finish", "duration_ms": 1784.3, "candidates_in": 20, "candidates_out": 20, "top_score": 0.6632837130119178}
{"ts": "2026-09-24T00:39:03.930369+00:00", "trace_id": null, "stage": "gate", "event": "start", "candidates_in": 5}
{"ts": "2026-09-24T00:39:03.930461+00:00", "trace_id": null, "stage": "gate", "event": "finish", "duration_ms": 0.091, "candidates_in": 5, "candidates_out": 5, "top_score": 0.6632837130119178}
{"ts": "2026-09-24T00:39:03.930495+00:00", "trace_id": null, "stage": "embed_query", "event": "start", "model": "Qwen/Qwen3-Embedding-0.6B"}
{"ts": "2026-09-24T00:39:03.964675+00:00", "trace_id": null, "stage": "embed_query", "event": "finish", "duration_ms": 34.177, "model": "Qwen/Qwen3-Embedding-0.6B"}
{"ts": "2026-09-24T00:39:03.964720+00:00", "trace_id": null, "stage": "dense", "event": "start"}
{"ts": "2026-09-24T00:39:03.964940+00:00", "trace_id": null, "stage": "dense", "event": "finish", "duration_ms": 0.219, "candidates_out": 20}
{"ts": "2026-09-24T00:39:03.964976+00:00", "trace_id": null, "stage": "lexical", "event": "start"}
{"ts": "2026-09-24T00:39:03.965249+00:00", "trace_id": null, "stage": "lexical", "event": "finish", "duration_ms": 0.272, "candidates_out": 20}
{"ts": "2026-09-24T00:39:03.965290+00:00", "trace_id": null, "stage": "fuse", "event": "start", "candidates_in": 29}
{"ts": "2026-09-24T00:39:03.965374+00:00", "trace_id": null, "stage": "fuse", "event": "finish", "duration_ms": 0.084, "candidates_in": 29, "candidates_out": 20, "top_score": 0.03278688524590164}
{"ts": "2026-09-24T00:39:03.965599+00:00", "trace_id": null, "stage": "rerank", "event": "start", "candidates_in": 20}
{"ts": "2026-09-24T00:39:04.970668+00:00", "trace_id": null, "stage": "rerank", "event": "stage_slow", "duration_ms": 1005.055, "candidates_in": 20, "soft_budget_ms": 1000.0}
{"ts": "2026-09-24T00:39:05.742513+00:00", "trace_id": null, "stage": "rerank", "event": "finish", "duration_ms": 1776.891, "candidates_in": 20, "candidates_out": 20, "top_score": 0.7135156880462179}
{"ts": "2026-09-24T00:39:05.742962+00:00", "trace_id": null, "stage": "gate", "event": "start", "candidates_in": 5}
{"ts": "2026-09-24T00:39:05.743058+00:00", "trace_id": null, "stage": "gate", "event": "finish", "duration_ms": 0.094, "candidates_in": 5, "candidates_out": 5, "top_score": 0.7135156880462179}
{"ts": "2026-09-24T00:39:05.743095+00:00", "trace_id": null, "stage": "embed_query", "event": "start", "model": "Qwen/Qwen3-Embedding-0.6B"}
{"ts": "2026-09-24T00:39:05.774665+00:00", "trace_id": null, "stage": "embed_query", "event": "finish", "duration_ms": 31.567, "model": "Qwen/Qwen3-Embedding-0.6B"}
{"ts": "2026-09-24T00:39:05.774713+00:00", "trace_id": null, "stage": "dense", "event": "start"}
{"ts": "2026-09-24T00:39:05.774924+00:00", "trace_id": null, "stage": "dense", "event": "finish", "duration_ms": 0.21, "candidates_out": 20}
{"ts": "2026-09-24T00:39:05.774958+00:00", "trace_id": null, "stage": "lexical", "event": "start"}
{"ts": "2026-09-24T00:39:05.775289+00:00", "trace_id": null, "stage": "lexical", "event": "finish", "duration_ms": 0.331, "candidates_out": 20}
{"ts": "2026-09-24T00:39:05.775322+00:00", "trace_id": null, "stage": "fuse", "event": "start", "candidates_in": 27}
{"ts": "2026-09-24T00:39:05.775390+00:00", "trace_id": null, "stage": "fuse", "event": "finish", "duration_ms": 0.069, "candidates_in": 27, "candidates_out": 18, "top_score": 0.03252247488101534}
{"ts": "2026-09-24T00:39:05.775605+00:00", "trace_id": null, "stage": "rerank", "event": "start", "candidates_in": 18}
{"ts": "2026-09-24T00:39:06.780440+00:00", "trace_id": null, "stage": "rerank", "event": "stage_slow", "duration_ms": 1004.82, "candidates_in": 18, "soft_budget_ms": 1000.0}
{"ts": "2026-09-24T00:39:07.371758+00:00", "trace_id": null, "stage": "rerank", "event": "finish", "duration_ms": 1596.132, "candidates_in": 18, "candidates_out": 18, "top_score": 0.7297598163811952}
{"ts": "2026-09-24T00:39:07.372181+00:00", "trace_id": null, "stage": "gate", "event": "start", "candidates_in": 5}
{"ts": "2026-09-24T00:39:07.373154+00:00", "trace_id": null, "stage": "gate", "event": "finish", "duration_ms": 0.972, "candidates_in": 5, "candidates_out": 5, "top_score": 0.7297598163811952}
{"ts": "2026-09-24T00:39:07.373191+00:00", "trace_id": null, "stage": "embed_query", "event": "start", "model": "Qwen/Qwen3-Embedding-0.6B"}
{"ts": "2026-09-24T00:39:07.405878+00:00", "trace_id": null, "stage": "embed_query", "event": "finish", "duration_ms": 32.684, "model": "Qwen/Qwen3-Embedding-0.6B"}
{"ts": "2026-09-24T00:39:07.405925+00:00", "trace_id": null, "stage": "dense", "event": "start"}
{"ts": "2026-09-24T00:39:07.406129+00:00", "trace_id": null, "stage": "dense", "event": "finish", "duration_ms": 0.204, "candidates_out": 20}
{"ts": "2026-09-24T00:39:07.406155+00:00", "trace_id": null, "stage": "lexical", "event": "start"}
{"ts": "2026-09-24T00:39:07.406434+00:00", "trace_id": null, "stage": "lexical", "event": "finish", "duration_ms": 0.279, "candidates_out": 20}
{"ts": "2026-09-24T00:39:07.406464+00:00", "trace_id": null, "stage": "fuse", "event": "start", "candidates_in": 31}
{"ts": "2026-09-24T00:39:07.406538+00:00", "trace_id": null, "stage": "fuse", "event": "finish", "duration_ms": 0.073, "candidates_in": 31, "candidates_out": 22, "top_score": 0.03278688524590164}
{"ts": "2026-09-24T00:39:07.406752+00:00", "trace_id": null, "stage": "rerank", "event": "start", "candidates_in": 20}
{"ts": "2026-09-24T00:39:08.411727+00:00", "trace_id": null, "stage": "rerank", "event": "stage_slow", "duration_ms": 1004.957, "candidates_in": 20, "soft_budget_ms": 1000.0}
{"ts": "2026-09-24T00:39:09.269566+00:00", "trace_id": null, "stage": "rerank", "event": "finish", "duration_ms": 1862.788, "candidates_in": 20, "candidates_out": 20, "top_score": 0.7207418440282718}
{"ts": "2026-09-24T00:39:09.270815+00:00", "trace_id": null, "stage": "gate", "event": "start", "candidates_in": 5}
{"ts": "2026-09-24T00:39:09.275790+00:00", "trace_id": null, "stage": "gate", "event": "finish", "duration_ms": 4.975, "candidates_in": 5, "candidates_out": 5, "top_score": 0.7207418440282718}
{"ts": "2026-09-24T00:39:09.275859+00:00", "trace_id": null, "stage": "embed_query", "event": "start", "model": "Qwen/Qwen3-Embedding-0.6B"}
{"ts": "2026-09-24T00:39:09.317041+00:00", "trace_id": null, "stage": "embed_query", "event": "finish", "duration_ms": 41.179, "model": "Qwen/Qwen3-Embedding-0.6B"}
{"ts": "2026-09-24T00:39:09.317096+00:00", "trace_id": null, "stage": "dense", "event": "start"}
{"ts": "2026-09-24T00:39:09.317326+00:00", "trace_id": null, "stage": "dense", "event": "finish", "duration_ms": 0.229, "candidates_out": 20}
{"ts": "2026-09-24T00:39:09.317356+00:00", "trace_id": null, "stage": "lexical", "event": "start"}
{"ts": "2026-09-24T00:39:09.317709+00:00", "trace_id": null, "stage": "lexical", "event": "finish", "duration_ms": 0.353, "candidates_out": 20}
{"ts": "2026-09-24T00:39:09.317743+00:00", "trace_id": null, "stage": "fuse", "event": "start", "candidates_in": 32}
{"ts": "2026-09-24T00:39:09.317848+00:00", "trace_id": null, "stage": "fuse", "event": "finish", "duration_ms": 0.105, "candidates_in": 32, "candidates_out": 26, "top_score": 0.03252247488101534}
{"ts": "2026-09-24T00:39:09.318162+00:00", "trace_id": null, "stage": "rerank", "event": "start", "candidates_in": 20}
{"ts": "2026-09-24T00:39:10.321192+00:00", "trace_id": null, "stage": "rerank", "event": "stage_slow", "duration_ms": 1003.016, "candidates_in": 20, "soft_budget_ms": 1000.0}
{"ts": "2026-09-24T00:39:11.213531+00:00", "trace_id": null, "stage": "rerank", "event": "finish", "duration_ms": 1895.346, "candidates_in": 20, "candidates_out": 20, "top_score": 0.6809065503797577}
{"ts": "2026-09-24T00:39:11.213985+00:00", "trace_id": null, "stage": "gate", "event": "start", "candidates_in": 5}
{"ts": "2026-09-24T00:39:11.215340+00:00", "trace_id": null, "stage": "gate", "event": "finish", "duration_ms": 1.353, "candidates_in": 5, "candidates_out": 5, "top_score": 0.6809065503797577}
{"ts": "2026-09-24T00:39:11.215379+00:00", "trace_id": null, "stage": "embed_query", "event": "start", "model": "Qwen/Qwen3-Embedding-0.6B"}
{"ts": "2026-09-24T00:39:11.246080+00:00", "trace_id": null, "stage": "embed_query", "event": "finish", "duration_ms": 30.698, "model": "Qwen/Qwen3-Embedding-0.6B"}
{"ts": "2026-09-24T00:39:11.246131+00:00", "trace_id": null, "stage": "dense", "event": "start"}
{"ts": "2026-09-24T00:39:11.246348+00:00", "trace_id": null, "stage": "dense", "event": "finish", "duration_ms": 0.217, "candidates_out": 20}
{"ts": "2026-09-24T00:39:11.246382+00:00", "trace_id": null, "stage": "lexical", "event": "start"}
{"ts": "2026-09-24T00:39:11.246667+00:00", "trace_id": null, "stage": "lexical", "event": "finish", "duration_ms": 0.285, "candidates_out": 20}
{"ts": "2026-09-24T00:39:11.246699+00:00", "trace_id": null, "stage": "fuse", "event": "start", "candidates_in": 31}
{"ts": "2026-09-24T00:39:11.246778+00:00", "trace_id": null, "stage": "fuse", "event": "finish", "duration_ms": 0.078, "candidates_in": 31, "candidates_out": 22, "top_score": 0.031754032258064516}
{"ts": "2026-09-24T00:39:11.246991+00:00", "trace_id": null, "stage": "rerank", "event": "start", "candidates_in": 20}
{"ts": "2026-09-24T00:39:12.252074+00:00", "trace_id": null, "stage": "rerank", "event": "stage_slow", "duration_ms": 1005.067, "candidates_in": 20, "soft_budget_ms": 1000.0}
{"ts": "2026-09-24T00:39:12.970852+00:00", "trace_id": null, "stage": "rerank", "event": "finish", "duration_ms": 1723.837, "candidates_in": 20, "candidates_out": 20, "top_score": 0.6892512985395102}
{"ts": "2026-09-24T00:39:12.971300+00:00", "trace_id": null, "stage": "gate", "event": "start", "candidates_in": 5}
{"ts": "2026-09-24T00:39:12.976976+00:00", "trace_id": null, "stage": "gate", "event": "finish", "duration_ms": 5.675, "candidates_in": 5, "candidates_out": 5, "top_score": 0.6892512985395102}
{"ts": "2026-09-24T00:39:12.977014+00:00", "trace_id": null, "stage": "embed_query", "event": "start", "model": "Qwen/Qwen3-Embedding-0.6B"}
{"ts": "2026-09-24T00:39:13.007478+00:00", "trace_id": null, "stage": "embed_query", "event": "finish", "duration_ms": 30.461, "model": "Qwen/Qwen3-Embedding-0.6B"}
{"ts": "2026-09-24T00:39:13.007524+00:00", "trace_id": null, "stage": "dense", "event": "start"}
{"ts": "2026-09-24T00:39:13.007717+00:00", "trace_id": null, "stage": "dense", "event": "finish", "duration_ms": 0.192, "candidates_out": 20}
{"ts": "2026-09-24T00:39:13.007744+00:00", "trace_id": null, "stage": "lexical", "event": "start"}
{"ts": "2026-09-24T00:39:13.008036+00:00", "trace_id": null, "stage": "lexical", "event": "finish", "duration_ms": 0.292, "candidates_out": 20}
{"ts": "2026-09-24T00:39:13.008068+00:00", "trace_id": null, "stage": "fuse", "event": "start", "candidates_in": 32}
{"ts": "2026-09-24T00:39:13.008145+00:00", "trace_id": null, "stage": "fuse", "event": "finish", "duration_ms": 0.076, "candidates_in": 32, "candidates_out": 21, "top_score": 0.03252247488101534}
{"ts": "2026-09-24T00:39:13.008348+00:00", "trace_id": null, "stage": "rerank", "event": "start", "candidates_in": 20}
{"ts": "2026-09-24T00:39:14.011781+00:00", "trace_id": null, "stage": "rerank", "event": "stage_slow", "duration_ms": 1003.417, "candidates_in": 20, "soft_budget_ms": 1000.0}
{"ts": "2026-09-24T00:39:14.733412+00:00", "trace_id": null, "stage": "rerank", "event": "finish", "duration_ms": 1725.041, "candidates_in": 20, "candidates_out": 20, "top_score": 0.6857463902016058}
{"ts": "2026-09-24T00:39:14.733907+00:00", "trace_id": null, "stage": "gate", "event": "start", "candidates_in": 5}
{"ts": "2026-09-24T00:39:14.736099+00:00", "trace_id": null, "stage": "gate", "event": "finish", "duration_ms": 2.191, "candidates_in": 5, "candidates_out": 5, "top_score": 0.6857463902016058}
{"ts": "2026-09-24T00:39:14.736127+00:00", "trace_id": null, "stage": "embed_query", "event": "start", "model": "Qwen/Qwen3-Embedding-0.6B"}
{"ts": "2026-09-24T00:39:14.765996+00:00", "trace_id": null, "stage": "embed_query", "event": "finish", "duration_ms": 29.865, "model": "Qwen/Qwen3-Embedding-0.6B"}
{"ts": "2026-09-24T00:39:14.766049+00:00", "trace_id": null, "stage": "dense", "event": "start"}
{"ts": "2026-09-24T00:39:14.766254+00:00", "trace_id": null, "stage": "dense", "event": "finish", "duration_ms": 0.205, "candidates_out": 20}
{"ts": "2026-09-24T00:39:14.766277+00:00", "trace_id": null, "stage": "lexical", "event": "start"}
{"ts": "2026-09-24T00:39:14.766560+00:00", "trace_id": null, "stage": "lexical", "event": "finish", "duration_ms": 0.282, "candidates_out": 20}
{"ts": "2026-09-24T00:39:14.766599+00:00", "trace_id": null, "stage": "fuse", "event": "start", "candidates_in": 32}
{"ts": "2026-09-24T00:39:14.766670+00:00", "trace_id": null, "stage": "fuse", "event": "finish", "duration_ms": 0.07, "candidates_in": 32, "candidates_out": 21, "top_score": 0.03252247488101534}
{"ts": "2026-09-24T00:39:14.766939+00:00", "trace_id": null, "stage": "rerank", "event": "start", "candidates_in": 20}
{"ts": "2026-09-24T00:39:15.771486+00:00", "trace_id": null, "stage": "rerank", "event": "stage_slow", "duration_ms": 1004.532, "candidates_in": 20, "soft_budget_ms": 1000.0}
{"ts": "2026-09-24T00:39:16.776910+00:00", "trace_id": null, "stage": "rerank", "event": "finish", "duration_ms": 2009.946, "candidates_in": 20, "candidates_out": 20, "top_score": 0.7305384304597763}
{"ts": "2026-09-24T00:39:16.777363+00:00", "trace_id": null, "stage": "gate", "event": "start", "candidates_in": 5}
{"ts": "2026-09-24T00:39:16.779930+00:00", "trace_id": null, "stage": "gate", "event": "finish", "duration_ms": 2.566, "candidates_in": 5, "candidates_out": 5, "top_score": 0.7305267087367207}
{"ts": "2026-09-24T00:39:16.779971+00:00", "trace_id": null, "stage": "embed_query", "event": "start", "model": "Qwen/Qwen3-Embedding-0.6B"}
{"ts": "2026-09-24T00:39:16.811449+00:00", "trace_id": null, "stage": "embed_query", "event": "finish", "duration_ms": 31.476, "model": "Qwen/Qwen3-Embedding-0.6B"}
{"ts": "2026-09-24T00:39:16.811494+00:00", "trace_id": null, "stage": "dense", "event": "start"}
{"ts": "2026-09-24T00:39:16.811690+00:00", "trace_id": null, "stage": "dense", "event": "finish", "duration_ms": 0.197, "candidates_out": 20}
{"ts": "2026-09-24T00:39:16.811713+00:00", "trace_id": null, "stage": "lexical", "event": "start"}
{"ts": "2026-09-24T00:39:16.812042+00:00", "trace_id": null, "stage": "lexical", "event": "finish", "duration_ms": 0.328, "candidates_out": 20}
{"ts": "2026-09-24T00:39:16.812069+00:00", "trace_id": null, "stage": "fuse", "event": "start", "candidates_in": 33}
{"ts": "2026-09-24T00:39:16.812136+00:00", "trace_id": null, "stage": "fuse", "event": "finish", "duration_ms": 0.066, "candidates_in": 33, "candidates_out": 22, "top_score": 0.03278688524590164}
{"ts": "2026-09-24T00:39:16.812385+00:00", "trace_id": null, "stage": "rerank", "event": "start", "candidates_in": 20}
{"ts": "2026-09-24T00:39:17.816143+00:00", "trace_id": null, "stage": "rerank", "event": "stage_slow", "duration_ms": 1003.743, "candidates_in": 20, "soft_budget_ms": 1000.0}
{"ts": "2026-09-24T00:39:18.682552+00:00", "trace_id": null, "stage": "rerank", "event": "finish", "duration_ms": 1870.145, "candidates_in": 20, "candidates_out": 20, "top_score": 0.7308836133919727}
{"ts": "2026-09-24T00:39:18.683035+00:00", "trace_id": null, "stage": "gate", "event": "start", "candidates_in": 5}
{"ts": "2026-09-24T00:39:18.686433+00:00", "trace_id": null, "stage": "gate", "event": "finish", "duration_ms": 3.398, "candidates_in": 5, "candidates_out": 5, "top_score": 0.7308836133919727}
{"ts": "2026-09-24T00:39:18.686463+00:00", "trace_id": null, "stage": "embed_query", "event": "start", "model": "Qwen/Qwen3-Embedding-0.6B"}
{"ts": "2026-09-24T00:39:18.717008+00:00", "trace_id": null, "stage": "embed_query", "event": "finish", "duration_ms": 30.541, "model": "Qwen/Qwen3-Embedding-0.6B"}
{"ts": "2026-09-24T00:39:18.717094+00:00", "trace_id": null, "stage": "dense", "event": "start"}
{"ts": "2026-09-24T00:39:18.717300+00:00", "trace_id": null, "stage": "dense", "event": "finish", "duration_ms": 0.206, "candidates_out": 20}
{"ts": "2026-09-24T00:39:18.717331+00:00", "trace_id": null, "stage": "lexical", "event": "start"}
{"ts": "2026-09-24T00:39:18.717609+00:00", "trace_id": null, "stage": "lexical", "event": "finish", "duration_ms": 0.277, "candidates_out": 20}
{"ts": "2026-09-24T00:39:18.717639+00:00", "trace_id": null, "stage": "fuse", "event": "start", "candidates_in": 32}
{"ts": "2026-09-24T00:39:18.717711+00:00", "trace_id": null, "stage": "fuse", "event": "finish", "duration_ms": 0.071, "candidates_in": 32, "candidates_out": 22, "top_score": 0.03278688524590164}
{"ts": "2026-09-24T00:39:18.717943+00:00", "trace_id": null, "stage": "rerank", "event": "start", "candidates_in": 20}
{"ts": "2026-09-24T00:39:19.720096+00:00", "trace_id": null, "stage": "rerank", "event": "stage_slow", "duration_ms": 1002.135, "candidates_in": 20, "soft_budget_ms": 1000.0}
{"ts": "2026-09-24T00:39:20.725129+00:00", "trace_id": null, "stage": "rerank", "event": "finish", "duration_ms": 2007.161, "candidates_in": 20, "candidates_out": 20, "top_score": 0.7291307288567872}
{"ts": "2026-09-24T00:39:20.725610+00:00", "trace_id": null, "stage": "gate", "event": "start", "candidates_in": 5}
{"ts": "2026-09-24T00:39:20.725706+00:00", "trace_id": null, "stage": "gate", "event": "finish", "duration_ms": 0.096, "candidates_in": 5, "candidates_out": 5, "top_score": 0.7291307288567872}
{"ts": "2026-09-24T00:39:20.725737+00:00", "trace_id": null, "stage": "embed_query", "event": "start", "model": "Qwen/Qwen3-Embedding-0.6B"}
{"ts": "2026-09-24T00:39:20.756370+00:00", "trace_id": null, "stage": "embed_query", "event": "finish", "duration_ms": 30.631, "model": "Qwen/Qwen3-Embedding-0.6B"}
{"ts": "2026-09-24T00:39:20.756422+00:00", "trace_id": null, "stage": "dense", "event": "start"}
{"ts": "2026-09-24T00:39:20.756640+00:00", "trace_id": null, "stage": "dense", "event": "finish", "duration_ms": 0.217, "candidates_out": 20}
{"ts": "2026-09-24T00:39:20.756674+00:00", "trace_id": null, "stage": "lexical", "event": "start"}
{"ts": "2026-09-24T00:39:20.756976+00:00", "trace_id": null, "stage": "lexical", "event": "finish", "duration_ms": 0.302, "candidates_out": 20}
{"ts": "2026-09-24T00:39:20.757015+00:00", "trace_id": null, "stage": "fuse", "event": "start", "candidates_in": 33}
{"ts": "2026-09-24T00:39:20.757081+00:00", "trace_id": null, "stage": "fuse", "event": "finish", "duration_ms": 0.066, "candidates_in": 33, "candidates_out": 20, "top_score": 0.03225806451612903}
{"ts": "2026-09-24T00:39:20.757306+00:00", "trace_id": null, "stage": "rerank", "event": "start", "candidates_in": 20}
{"ts": "2026-09-24T00:39:21.759256+00:00", "trace_id": null, "stage": "rerank", "event": "stage_slow", "duration_ms": 1001.933, "candidates_in": 20, "soft_budget_ms": 1000.0}
{"ts": "2026-09-24T00:39:22.769482+00:00", "trace_id": null, "stage": "rerank", "event": "finish", "duration_ms": 2012.15, "candidates_in": 20, "candidates_out": 20, "top_score": 0.7081424104609778}
{"ts": "2026-09-24T00:39:22.769920+00:00", "trace_id": null, "stage": "gate", "event": "start", "candidates_in": 5}
{"ts": "2026-09-24T00:39:22.771287+00:00", "trace_id": null, "stage": "gate", "event": "finish", "duration_ms": 1.367, "candidates_in": 5, "candidates_out": 5, "top_score": 0.7081424104609778}
{"ts": "2026-09-24T00:39:22.771317+00:00", "trace_id": null, "stage": "embed_query", "event": "start", "model": "Qwen/Qwen3-Embedding-0.6B"}
{"ts": "2026-09-24T00:39:22.805251+00:00", "trace_id": null, "stage": "embed_query", "event": "finish", "duration_ms": 33.932, "model": "Qwen/Qwen3-Embedding-0.6B"}
{"ts": "2026-09-24T00:39:22.805292+00:00", "trace_id": null, "stage": "dense", "event": "start"}
{"ts": "2026-09-24T00:39:22.805503+00:00", "trace_id": null, "stage": "dense", "event": "finish", "duration_ms": 0.211, "candidates_out": 20}
{"ts": "2026-09-24T00:39:22.805536+00:00", "trace_id": null, "stage": "lexical", "event": "start"}
{"ts": "2026-09-24T00:39:22.805822+00:00", "trace_id": null, "stage": "lexical", "event": "finish", "duration_ms": 0.286, "candidates_out": 20}
{"ts": "2026-09-24T00:39:22.805859+00:00", "trace_id": null, "stage": "fuse", "event": "start", "candidates_in": 34}
{"ts": "2026-09-24T00:39:22.805930+00:00", "trace_id": null, "stage": "fuse", "event": "finish", "duration_ms": 0.071, "candidates_in": 34, "candidates_out": 26, "top_score": 0.03278688524590164}
{"ts": "2026-09-24T00:39:22.806161+00:00", "trace_id": null, "stage": "rerank", "event": "start", "candidates_in": 20}
{"ts": "2026-09-24T00:39:23.811240+00:00", "trace_id": null, "stage": "rerank", "event": "stage_slow", "duration_ms": 1005.062, "candidates_in": 20, "soft_budget_ms": 1000.0}
{"ts": "2026-09-24T00:39:24.816563+00:00", "trace_id": null, "stage": "rerank", "event": "finish", "duration_ms": 2010.376, "candidates_in": 20, "candidates_out": 20, "top_score": 0.7291828397488201}
{"ts": "2026-09-24T00:39:24.817013+00:00", "trace_id": null, "stage": "gate", "event": "start", "candidates_in": 5}
{"ts": "2026-09-24T00:39:24.818522+00:00", "trace_id": null, "stage": "gate", "event": "finish", "duration_ms": 1.509, "candidates_in": 5, "candidates_out": 5, "top_score": 0.7291828397488201}
{"ts": "2026-09-24T00:39:24.818552+00:00", "trace_id": null, "stage": "embed_query", "event": "start", "model": "Qwen/Qwen3-Embedding-0.6B"}
{"ts": "2026-09-24T00:39:24.849002+00:00", "trace_id": null, "stage": "embed_query", "event": "finish", "duration_ms": 30.446, "model": "Qwen/Qwen3-Embedding-0.6B"}
{"ts": "2026-09-24T00:39:24.849057+00:00", "trace_id": null, "stage": "dense", "event": "start"}
{"ts": "2026-09-24T00:39:24.849274+00:00", "trace_id": null, "stage": "dense", "event": "finish", "duration_ms": 0.216, "candidates_out": 20}
{"ts": "2026-09-24T00:39:24.849307+00:00", "trace_id": null, "stage": "lexical", "event": "start"}
{"ts": "2026-09-24T00:39:24.849575+00:00", "trace_id": null, "stage": "lexical", "event": "finish", "duration_ms": 0.267, "candidates_out": 20}
{"ts": "2026-09-24T00:39:24.849609+00:00", "trace_id": null, "stage": "fuse", "event": "start", "candidates_in": 34}
{"ts": "2026-09-24T00:39:24.849692+00:00", "trace_id": null, "stage": "fuse", "event": "finish", "duration_ms": 0.083, "candidates_in": 34, "candidates_out": 26, "top_score": 0.03278688524590164}
{"ts": "2026-09-24T00:39:24.849933+00:00", "trace_id": null, "stage": "rerank", "event": "start", "candidates_in": 20}
{"ts": "2026-09-24T00:39:25.853443+00:00", "trace_id": null, "stage": "rerank", "event": "stage_slow", "duration_ms": 1003.496, "candidates_in": 20, "soft_budget_ms": 1000.0}
{"ts": "2026-09-24T00:39:26.861406+00:00", "trace_id": null, "stage": "rerank", "event": "finish", "duration_ms": 2011.449, "candidates_in": 20, "candidates_out": 20, "top_score": 0.7004073166671512}
{"ts": "2026-09-24T00:39:26.861883+00:00", "trace_id": null, "stage": "gate", "event": "start", "candidates_in": 5}
{"ts": "2026-09-24T00:39:26.861974+00:00", "trace_id": null, "stage": "gate", "event": "finish", "duration_ms": 0.091, "candidates_in": 5, "candidates_out": 5, "top_score": 0.7004073166671512}
{"ts": "2026-09-24T00:39:26.861999+00:00", "trace_id": null, "stage": "embed_query", "event": "start", "model": "Qwen/Qwen3-Embedding-0.6B"}
{"ts": "2026-09-24T00:39:26.894716+00:00", "trace_id": null, "stage": "embed_query", "event": "finish", "duration_ms": 32.714, "model": "Qwen/Qwen3-Embedding-0.6B"}
{"ts": "2026-09-24T00:39:26.894768+00:00", "trace_id": null, "stage": "dense", "event": "start"}
{"ts": "2026-09-24T00:39:26.894986+00:00", "trace_id": null, "stage": "dense", "event": "finish", "duration_ms": 0.217, "candidates_out": 20}
{"ts": "2026-09-24T00:39:26.895020+00:00", "trace_id": null, "stage": "lexical", "event": "start"}
{"ts": "2026-09-24T00:39:26.895405+00:00", "trace_id": null, "stage": "lexical", "event": "finish", "duration_ms": 0.385, "candidates_out": 20}
{"ts": "2026-09-24T00:39:26.895441+00:00", "trace_id": null, "stage": "fuse", "event": "start", "candidates_in": 34}
{"ts": "2026-09-24T00:39:26.895530+00:00", "trace_id": null, "stage": "fuse", "event": "finish", "duration_ms": 0.088, "candidates_in": 34, "candidates_out": 22, "top_score": 0.03278688524590164}
{"ts": "2026-09-24T00:39:26.895752+00:00", "trace_id": null, "stage": "rerank", "event": "start", "candidates_in": 20}
{"ts": "2026-09-24T00:39:27.897862+00:00", "trace_id": null, "stage": "rerank", "event": "stage_slow", "duration_ms": 1002.091, "candidates_in": 20, "soft_budget_ms": 1000.0}
{"ts": "2026-09-24T00:39:28.665776+00:00", "trace_id": null, "stage": "rerank", "event": "finish", "duration_ms": 1770.0, "candidates_in": 20, "candidates_out": 20, "top_score": 0.7287884674012421}
{"ts": "2026-09-24T00:39:28.666229+00:00", "trace_id": null, "stage": "gate", "event": "start", "candidates_in": 5}
{"ts": "2026-09-24T00:39:28.666328+00:00", "trace_id": null, "stage": "gate", "event": "finish", "duration_ms": 0.098, "candidates_in": 5, "candidates_out": 5, "top_score": 0.7287884674012421}
{"ts": "2026-09-24T00:39:28.666363+00:00", "trace_id": null, "stage": "embed_query", "event": "start", "model": "Qwen/Qwen3-Embedding-0.6B"}
{"ts": "2026-09-24T00:39:28.699511+00:00", "trace_id": null, "stage": "embed_query", "event": "finish", "duration_ms": 33.145, "model": "Qwen/Qwen3-Embedding-0.6B"}
{"ts": "2026-09-24T00:39:28.699560+00:00", "trace_id": null, "stage": "dense", "event": "start"}
{"ts": "2026-09-24T00:39:28.699775+00:00", "trace_id": null, "stage": "dense", "event": "finish", "duration_ms": 0.213, "candidates_out": 20}
{"ts": "2026-09-24T00:39:28.699807+00:00", "trace_id": null, "stage": "lexical", "event": "start"}
{"ts": "2026-09-24T00:39:28.700077+00:00", "trace_id": null, "stage": "lexical", "event": "finish", "duration_ms": 0.27, "candidates_out": 19}
{"ts": "2026-09-24T00:39:28.700107+00:00", "trace_id": null, "stage": "fuse", "event": "start", "candidates_in": 26}
{"ts": "2026-09-24T00:39:28.700171+00:00", "trace_id": null, "stage": "fuse", "event": "finish", "duration_ms": 0.063, "candidates_in": 26, "candidates_out": 16, "top_score": 0.03278688524590164}
{"ts": "2026-09-24T00:39:28.700379+00:00", "trace_id": null, "stage": "rerank", "event": "start", "candidates_in": 16}
{"ts": "2026-09-24T00:39:29.703470+00:00", "trace_id": null, "stage": "rerank", "event": "stage_slow", "duration_ms": 1003.076, "candidates_in": 16, "soft_budget_ms": 1000.0}
{"ts": "2026-09-24T00:39:30.122808+00:00", "trace_id": null, "stage": "rerank", "event": "finish", "duration_ms": 1422.411, "candidates_in": 16, "candidates_out": 16, "top_score": 0.6566697871163449}
{"ts": "2026-09-24T00:39:30.123204+00:00", "trace_id": null, "stage": "gate", "event": "start", "candidates_in": 5}
{"ts": "2026-09-24T00:39:30.123289+00:00", "trace_id": null, "stage": "gate", "event": "finish", "duration_ms": 0.086, "candidates_in": 5, "candidates_out": 5, "top_score": 0.6566697871163449}
{"ts": "2026-09-24T00:39:30.123314+00:00", "trace_id": null, "stage": "embed_query", "event": "start", "model": "Qwen/Qwen3-Embedding-0.6B"}
{"ts": "2026-09-24T00:39:30.154472+00:00", "trace_id": null, "stage": "embed_query", "event": "finish", "duration_ms": 31.154, "model": "Qwen/Qwen3-Embedding-0.6B"}
{"ts": "2026-09-24T00:39:30.154528+00:00", "trace_id": null, "stage": "dense", "event": "start"}
{"ts": "2026-09-24T00:39:30.154770+00:00", "trace_id": null, "stage": "dense", "event": "finish", "duration_ms": 0.241, "candidates_out": 20}
{"ts": "2026-09-24T00:39:30.154803+00:00", "trace_id": null, "stage": "lexical", "event": "start"}
{"ts": "2026-09-24T00:39:30.155111+00:00", "trace_id": null, "stage": "lexical", "event": "finish", "duration_ms": 0.307, "candidates_out": 20}
{"ts": "2026-09-24T00:39:30.155144+00:00", "trace_id": null, "stage": "fuse", "event": "start", "candidates_in": 30}
{"ts": "2026-09-24T00:39:30.155209+00:00", "trace_id": null, "stage": "fuse", "event": "finish", "duration_ms": 0.065, "candidates_in": 30, "candidates_out": 21, "top_score": 0.032266458495966696}
{"ts": "2026-09-24T00:39:30.155446+00:00", "trace_id": null, "stage": "rerank", "event": "start", "candidates_in": 20}
{"ts": "2026-09-24T00:39:31.160537+00:00", "trace_id": null, "stage": "rerank", "event": "stage_slow", "duration_ms": 1005.072, "candidates_in": 20, "soft_budget_ms": 1000.0}
{"ts": "2026-09-24T00:39:32.008529+00:00", "trace_id": null, "stage": "rerank", "event": "finish", "duration_ms": 1853.057, "candidates_in": 20, "candidates_out": 20, "top_score": 0.700393883703674}
{"ts": "2026-09-24T00:39:32.009048+00:00", "trace_id": null, "stage": "gate", "event": "start", "candidates_in": 5}
{"ts": "2026-09-24T00:39:32.010560+00:00", "trace_id": null, "stage": "gate", "event": "finish", "duration_ms": 1.511, "candidates_in": 5, "candidates_out": 5, "top_score": 0.700393883703674}
{"ts": "2026-09-24T00:39:32.010596+00:00", "trace_id": null, "stage": "embed_query", "event": "start", "model": "Qwen/Qwen3-Embedding-0.6B"}
{"ts": "2026-09-24T00:39:32.040425+00:00", "trace_id": null, "stage": "embed_query", "event": "finish", "duration_ms": 29.826, "model": "Qwen/Qwen3-Embedding-0.6B"}
{"ts": "2026-09-24T00:39:32.040472+00:00", "trace_id": null, "stage": "dense", "event": "start"}
{"ts": "2026-09-24T00:39:32.040680+00:00", "trace_id": null, "stage": "dense", "event": "finish", "duration_ms": 0.207, "candidates_out": 20}
{"ts": "2026-09-24T00:39:32.040714+00:00", "trace_id": null, "stage": "lexical", "event": "start"}
{"ts": "2026-09-24T00:39:32.040996+00:00", "trace_id": null, "stage": "lexical", "event": "finish", "duration_ms": 0.282, "candidates_out": 20}
{"ts": "2026-09-24T00:39:32.041028+00:00", "trace_id": null, "stage": "fuse", "event": "start", "candidates_in": 21}
{"ts": "2026-09-24T00:39:32.041091+00:00", "trace_id": null, "stage": "fuse", "event": "finish", "duration_ms": 0.064, "candidates_in": 21, "candidates_out": 15, "top_score": 0.032018442622950824}
{"ts": "2026-09-24T00:39:32.041270+00:00", "trace_id": null, "stage": "rerank", "event": "start", "candidates_in": 15}
{"ts": "2026-09-24T00:39:33.043103+00:00", "trace_id": null, "stage": "rerank", "event": "stage_slow", "duration_ms": 1001.814, "candidates_in": 15, "soft_budget_ms": 1000.0}
{"ts": "2026-09-24T00:39:33.366777+00:00", "trace_id": null, "stage": "rerank", "event": "finish", "duration_ms": 1325.488, "candidates_in": 15, "candidates_out": 15, "top_score": 0.68453671702318}
{"ts": "2026-09-24T00:39:33.367243+00:00", "trace_id": null, "stage": "gate", "event": "start", "candidates_in": 5}
{"ts": "2026-09-24T00:39:33.372973+00:00", "trace_id": null, "stage": "gate", "event": "finish", "duration_ms": 5.731, "candidates_in": 5, "candidates_out": 5, "top_score": 0.68453671702318}
{"ts": "2026-09-24T00:39:33.373005+00:00", "trace_id": null, "stage": "embed_query", "event": "start", "model": "Qwen/Qwen3-Embedding-0.6B"}
{"ts": "2026-09-24T00:39:33.404790+00:00", "trace_id": null, "stage": "embed_query", "event": "finish", "duration_ms": 31.783, "model": "Qwen/Qwen3-Embedding-0.6B"}
{"ts": "2026-09-24T00:39:33.404835+00:00", "trace_id": null, "stage": "dense", "event": "start"}
{"ts": "2026-09-24T00:39:33.405042+00:00", "trace_id": null, "stage": "dense", "event": "finish", "duration_ms": 0.207, "candidates_out": 20}
{"ts": "2026-09-24T00:39:33.405063+00:00", "trace_id": null, "stage": "lexical", "event": "start"}
{"ts": "2026-09-24T00:39:33.405342+00:00", "trace_id": null, "stage": "lexical", "event": "finish", "duration_ms": 0.277, "candidates_out": 20}
{"ts": "2026-09-24T00:39:33.405385+00:00", "trace_id": null, "stage": "fuse", "event": "start", "candidates_in": 31}
{"ts": "2026-09-24T00:39:33.405466+00:00", "trace_id": null, "stage": "fuse", "event": "finish", "duration_ms": 0.081, "candidates_in": 31, "candidates_out": 20, "top_score": 0.03278688524590164}
{"ts": "2026-09-24T00:39:33.405701+00:00", "trace_id": null, "stage": "rerank", "event": "start", "candidates_in": 20}
{"ts": "2026-09-24T00:39:34.409610+00:00", "trace_id": null, "stage": "rerank", "event": "stage_slow", "duration_ms": 1003.892, "candidates_in": 20, "soft_budget_ms": 1000.0}
{"ts": "2026-09-24T00:39:35.149968+00:00", "trace_id": null, "stage": "rerank", "event": "finish", "duration_ms": 1744.244, "candidates_in": 20, "candidates_out": 20, "top_score": 0.6037366344417459}
{"ts": "2026-09-24T00:39:35.150477+00:00", "trace_id": null, "stage": "gate", "event": "start", "candidates_in": 5}
{"ts": "2026-09-24T00:39:35.153267+00:00", "trace_id": null, "stage": "gate", "event": "finish", "duration_ms": 2.79, "candidates_in": 5, "candidates_out": 5, "top_score": 0.5320473040102167}
{"ts": "2026-09-24T00:39:35.153303+00:00", "trace_id": null, "stage": "embed_query", "event": "start", "model": "Qwen/Qwen3-Embedding-0.6B"}
{"ts": "2026-09-24T00:39:35.184793+00:00", "trace_id": null, "stage": "embed_query", "event": "finish", "duration_ms": 31.486, "model": "Qwen/Qwen3-Embedding-0.6B"}
{"ts": "2026-09-24T00:39:35.184841+00:00", "trace_id": null, "stage": "dense", "event": "start"}
{"ts": "2026-09-24T00:39:35.185060+00:00", "trace_id": null, "stage": "dense", "event": "finish", "duration_ms": 0.218, "candidates_out": 20}
{"ts": "2026-09-24T00:39:35.185095+00:00", "trace_id": null, "stage": "lexical", "event": "start"}
{"ts": "2026-09-24T00:39:35.185415+00:00", "trace_id": null, "stage": "lexical", "event": "finish", "duration_ms": 0.32, "candidates_out": 20}
{"ts": "2026-09-24T00:39:35.185448+00:00", "trace_id": null, "stage": "fuse", "event": "start", "candidates_in": 33}
{"ts": "2026-09-24T00:39:35.185525+00:00", "trace_id": null, "stage": "fuse", "event": "finish", "duration_ms": 0.077, "candidates_in": 33, "candidates_out": 20, "top_score": 0.03278688524590164}
{"ts": "2026-09-24T00:39:35.185741+00:00", "trace_id": null, "stage": "rerank", "event": "start", "candidates_in": 20}
{"ts": "2026-09-24T00:39:36.188264+00:00", "trace_id": null, "stage": "rerank", "event": "stage_slow", "duration_ms": 1002.508, "candidates_in": 20, "soft_budget_ms": 1000.0}
{"ts": "2026-09-24T00:39:37.231560+00:00", "trace_id": null, "stage": "rerank", "event": "finish", "duration_ms": 2045.793, "candidates_in": 20, "candidates_out": 20, "top_score": 0.6640747464854982}
{"ts": "2026-09-24T00:39:37.232021+00:00", "trace_id": null, "stage": "gate", "event": "start", "candidates_in": 5}
{"ts": "2026-09-24T00:39:37.232106+00:00", "trace_id": null, "stage": "gate", "event": "finish", "duration_ms": 0.085, "candidates_in": 5, "candidates_out": 5, "top_score": 0.6640747464854982}
{"ts": "2026-09-24T00:39:37.232132+00:00", "trace_id": null, "stage": "embed_query", "event": "start", "model": "Qwen/Qwen3-Embedding-0.6B"}
{"ts": "2026-09-24T00:39:37.262607+00:00", "trace_id": null, "stage": "embed_query", "event": "finish", "duration_ms": 30.473, "model": "Qwen/Qwen3-Embedding-0.6B"}
{"ts": "2026-09-24T00:39:37.262652+00:00", "trace_id": null, "stage": "dense", "event": "start"}
{"ts": "2026-09-24T00:39:37.262862+00:00", "trace_id": null, "stage": "dense", "event": "finish", "duration_ms": 0.209, "candidates_out": 20}
{"ts": "2026-09-24T00:39:37.262895+00:00", "trace_id": null, "stage": "lexical", "event": "start"}
{"ts": "2026-09-24T00:39:37.263132+00:00", "trace_id": null, "stage": "lexical", "event": "finish", "duration_ms": 0.237, "candidates_out": 13}
{"ts": "2026-09-24T00:39:37.263163+00:00", "trace_id": null, "stage": "fuse", "event": "start", "candidates_in": 25}
{"ts": "2026-09-24T00:39:37.263235+00:00", "trace_id": null, "stage": "fuse", "event": "finish", "duration_ms": 0.071, "candidates_in": 25, "candidates_out": 19, "top_score": 0.03278688524590164}
{"ts": "2026-09-24T00:39:37.263436+00:00", "trace_id": null, "stage": "rerank", "event": "start", "candidates_in": 19}
{"ts": "2026-09-24T00:39:38.266346+00:00", "trace_id": null, "stage": "rerank", "event": "stage_slow", "duration_ms": 1002.896, "candidates_in": 19, "soft_budget_ms": 1000.0}
{"ts": "2026-09-24T00:39:39.204146+00:00", "trace_id": null, "stage": "rerank", "event": "finish", "duration_ms": 1940.686, "candidates_in": 19, "candidates_out": 19, "top_score": 0.6822886850511104}
{"ts": "2026-09-24T00:39:39.204572+00:00", "trace_id": null, "stage": "gate", "event": "start", "candidates_in": 5}
{"ts": "2026-09-24T00:39:39.205921+00:00", "trace_id": null, "stage": "gate", "event": "finish", "duration_ms": 1.348, "candidates_in": 5, "candidates_out": 5, "top_score": 0.6822886850511104}
{"ts": "2026-09-24T00:39:39.205956+00:00", "trace_id": null, "stage": "embed_query", "event": "start", "model": "Qwen/Qwen3-Embedding-0.6B"}
{"ts": "2026-09-24T00:39:39.236383+00:00", "trace_id": null, "stage": "embed_query", "event": "finish", "duration_ms": 30.423, "model": "Qwen/Qwen3-Embedding-0.6B"}
{"ts": "2026-09-24T00:39:39.236434+00:00", "trace_id": null, "stage": "dense", "event": "start"}
{"ts": "2026-09-24T00:39:39.236639+00:00", "trace_id": null, "stage": "dense", "event": "finish", "duration_ms": 0.204, "candidates_out": 20}
{"ts": "2026-09-24T00:39:39.236661+00:00", "trace_id": null, "stage": "lexical", "event": "start"}
{"ts": "2026-09-24T00:39:39.236930+00:00", "trace_id": null, "stage": "lexical", "event": "finish", "duration_ms": 0.269, "candidates_out": 20}
{"ts": "2026-09-24T00:39:39.236972+00:00", "trace_id": null, "stage": "fuse", "event": "start", "candidates_in": 33}
{"ts": "2026-09-24T00:39:39.237112+00:00", "trace_id": null, "stage": "fuse", "event": "finish", "duration_ms": 0.148, "candidates_in": 33, "candidates_out": 22, "top_score": 0.03278688524590164}
{"ts": "2026-09-24T00:39:39.237443+00:00", "trace_id": null, "stage": "rerank", "event": "start", "candidates_in": 20}
{"ts": "2026-09-24T00:39:40.238504+00:00", "trace_id": null, "stage": "rerank", "event": "stage_slow", "duration_ms": 1001.048, "candidates_in": 20, "soft_budget_ms": 1000.0}
{"ts": "2026-09-24T00:39:41.264668+00:00", "trace_id": null, "stage": "rerank", "event": "finish", "duration_ms": 2027.201, "candidates_in": 20, "candidates_out": 20, "top_score": 0.7209404319001321}
{"ts": "2026-09-24T00:39:41.265119+00:00", "trace_id": null, "stage": "gate", "event": "start", "candidates_in": 5}
{"ts": "2026-09-24T00:39:41.266573+00:00", "trace_id": null, "stage": "gate", "event": "finish", "duration_ms": 1.453, "candidates_in": 5, "candidates_out": 5, "top_score": 0.7209404319001321}
{"ts": "2026-09-24T00:39:41.266603+00:00", "trace_id": null, "stage": "embed_query", "event": "start", "model": "Qwen/Qwen3-Embedding-0.6B"}
{"ts": "2026-09-24T00:39:41.298934+00:00", "trace_id": null, "stage": "embed_query", "event": "finish", "duration_ms": 32.328, "model": "Qwen/Qwen3-Embedding-0.6B"}
{"ts": "2026-09-24T00:39:41.298987+00:00", "trace_id": null, "stage": "dense", "event": "start"}
{"ts": "2026-09-24T00:39:41.299207+00:00", "trace_id": null, "stage": "dense", "event": "finish", "duration_ms": 0.219, "candidates_out": 20}
{"ts": "2026-09-24T00:39:41.299238+00:00", "trace_id": null, "stage": "lexical", "event": "start"}
{"ts": "2026-09-24T00:39:41.299547+00:00", "trace_id": null, "stage": "lexical", "event": "finish", "duration_ms": 0.309, "candidates_out": 20}
{"ts": "2026-09-24T00:39:41.299576+00:00", "trace_id": null, "stage": "fuse", "event": "start", "candidates_in": 35}
{"ts": "2026-09-24T00:39:41.299662+00:00", "trace_id": null, "stage": "fuse", "event": "finish", "duration_ms": 0.085, "candidates_in": 35, "candidates_out": 22, "top_score": 0.032266458495966696}
{"ts": "2026-09-24T00:39:41.299889+00:00", "trace_id": null, "stage": "rerank", "event": "start", "candidates_in": 20}
{"ts": "2026-09-24T00:39:42.303572+00:00", "trace_id": null, "stage": "rerank", "event": "stage_slow", "duration_ms": 1003.665, "candidates_in": 20, "soft_budget_ms": 1000.0}
{"ts": "2026-09-24T00:39:43.300483+00:00", "trace_id": null, "stage": "rerank", "event": "finish", "duration_ms": 2000.565, "candidates_in": 20, "candidates_out": 20, "top_score": 0.7098081471948069}
{"ts": "2026-09-24T00:39:43.300953+00:00", "trace_id": null, "stage": "gate", "event": "start", "candidates_in": 5}
{"ts": "2026-09-24T00:39:43.302426+00:00", "trace_id": null, "stage": "gate", "event": "finish", "duration_ms": 1.473, "candidates_in": 5, "candidates_out": 5, "top_score": 0.7098081471948069}
{"ts": "2026-09-24T00:39:43.302457+00:00", "trace_id": null, "stage": "embed_query", "event": "start", "model": "Qwen/Qwen3-Embedding-0.6B"}
{"ts": "2026-09-24T00:39:43.335246+00:00", "trace_id": null, "stage": "embed_query", "event": "finish", "duration_ms": 32.786, "model": "Qwen/Qwen3-Embedding-0.6B"}
{"ts": "2026-09-24T00:39:43.335294+00:00", "trace_id": null, "stage": "dense", "event": "start"}
{"ts": "2026-09-24T00:39:43.335511+00:00", "trace_id": null, "stage": "dense", "event": "finish", "duration_ms": 0.215, "candidates_out": 20}
{"ts": "2026-09-24T00:39:43.335545+00:00", "trace_id": null, "stage": "lexical", "event": "start"}
{"ts": "2026-09-24T00:39:43.335832+00:00", "trace_id": null, "stage": "lexical", "event": "finish", "duration_ms": 0.286, "candidates_out": 20}
{"ts": "2026-09-24T00:39:43.335872+00:00", "trace_id": null, "stage": "fuse", "event": "start", "candidates_in": 36}
{"ts": "2026-09-24T00:39:43.335950+00:00", "trace_id": null, "stage": "fuse", "event": "finish", "duration_ms": 0.078, "candidates_in": 36, "candidates_out": 25, "top_score": 0.03252247488101534}
{"ts": "2026-09-24T00:39:43.336189+00:00", "trace_id": null, "stage": "rerank", "event": "start", "candidates_in": 20}
{"ts": "2026-09-24T00:39:44.338997+00:00", "trace_id": null, "stage": "rerank", "event": "stage_slow", "duration_ms": 1002.794, "candidates_in": 20, "soft_budget_ms": 1000.0}
{"ts": "2026-09-24T00:39:45.388821+00:00", "trace_id": null, "stage": "rerank", "event": "finish", "duration_ms": 2052.608, "candidates_in": 20, "candidates_out": 20, "top_score": 0.7172493138264142}
{"ts": "2026-09-24T00:39:45.389261+00:00", "trace_id": null, "stage": "gate", "event": "start", "candidates_in": 5}
{"ts": "2026-09-24T00:39:45.390772+00:00", "trace_id": null, "stage": "gate", "event": "finish", "duration_ms": 1.509, "candidates_in": 5, "candidates_out": 5, "top_score": 0.7172493138264142}
{"ts": "2026-09-24T00:39:45.390810+00:00", "trace_id": null, "stage": "embed_query", "event": "start", "model": "Qwen/Qwen3-Embedding-0.6B"}
{"ts": "2026-09-24T00:39:45.421345+00:00", "trace_id": null, "stage": "embed_query", "event": "finish", "duration_ms": 30.532, "model": "Qwen/Qwen3-Embedding-0.6B"}
{"ts": "2026-09-24T00:39:45.421391+00:00", "trace_id": null, "stage": "dense", "event": "start"}
{"ts": "2026-09-24T00:39:45.421593+00:00", "trace_id": null, "stage": "dense", "event": "finish", "duration_ms": 0.202, "candidates_out": 20}
{"ts": "2026-09-24T00:39:45.421619+00:00", "trace_id": null, "stage": "lexical", "event": "start"}
{"ts": "2026-09-24T00:39:45.421909+00:00", "trace_id": null, "stage": "lexical", "event": "finish", "duration_ms": 0.288, "candidates_out": 20}
{"ts": "2026-09-24T00:39:45.421952+00:00", "trace_id": null, "stage": "fuse", "event": "start", "candidates_in": 32}
{"ts": "2026-09-24T00:39:45.422033+00:00", "trace_id": null, "stage": "fuse", "event": "finish", "duration_ms": 0.081, "candidates_in": 32, "candidates_out": 22, "top_score": 0.03252247488101534}
{"ts": "2026-09-24T00:39:45.422246+00:00", "trace_id": null, "stage": "rerank", "event": "start", "candidates_in": 20}
{"ts": "2026-09-24T00:39:46.424782+00:00", "trace_id": null, "stage": "rerank", "event": "stage_slow", "duration_ms": 1002.517, "candidates_in": 20, "soft_budget_ms": 1000.0}
{"ts": "2026-09-24T00:39:47.445792+00:00", "trace_id": null, "stage": "rerank", "event": "finish", "duration_ms": 2023.52, "candidates_in": 20, "candidates_out": 20, "top_score": 0.5245494483621921}
{"ts": "2026-09-24T00:39:47.446235+00:00", "trace_id": null, "stage": "gate", "event": "start", "candidates_in": 5}
{"ts": "2026-09-24T00:39:47.446331+00:00", "trace_id": null, "stage": "gate", "event": "finish", "duration_ms": 0.094, "candidates_in": 5, "candidates_out": 5, "top_score": 0.5245494483621921}
{"ts": "2026-09-24T00:39:47.446369+00:00", "trace_id": null, "stage": "embed_query", "event": "start", "model": "Qwen/Qwen3-Embedding-0.6B"}
{"ts": "2026-09-24T00:39:47.477429+00:00", "trace_id": null, "stage": "embed_query", "event": "finish", "duration_ms": 31.056, "model": "Qwen/Qwen3-Embedding-0.6B"}
{"ts": "2026-09-24T00:39:47.477484+00:00", "trace_id": null, "stage": "dense", "event": "start"}
{"ts": "2026-09-24T00:39:47.477697+00:00", "trace_id": null, "stage": "dense", "event": "finish", "duration_ms": 0.212, "candidates_out": 20}
{"ts": "2026-09-24T00:39:47.477728+00:00", "trace_id": null, "stage": "lexical", "event": "start"}
{"ts": "2026-09-24T00:39:47.478022+00:00", "trace_id": null, "stage": "lexical", "event": "finish", "duration_ms": 0.294, "candidates_out": 20}
{"ts": "2026-09-24T00:39:47.478055+00:00", "trace_id": null, "stage": "fuse", "event": "start", "candidates_in": 31}
{"ts": "2026-09-24T00:39:47.478115+00:00", "trace_id": null, "stage": "fuse", "event": "finish", "duration_ms": 0.061, "candidates_in": 31, "candidates_out": 22, "top_score": 0.03177805800756621}
{"ts": "2026-09-24T00:39:47.478341+00:00", "trace_id": null, "stage": "rerank", "event": "start", "candidates_in": 20}
{"ts": "2026-09-24T00:39:48.483239+00:00", "trace_id": null, "stage": "rerank", "event": "stage_slow", "duration_ms": 1004.879, "candidates_in": 20, "soft_budget_ms": 1000.0}
{"ts": "2026-09-24T00:39:49.500951+00:00", "trace_id": null, "stage": "rerank", "event": "finish", "duration_ms": 2022.584, "candidates_in": 20, "candidates_out": 20, "top_score": 0.5077904853871738}
{"ts": "2026-09-24T00:39:49.501403+00:00", "trace_id": null, "stage": "gate", "event": "start", "candidates_in": 5}
{"ts": "2026-09-24T00:39:49.502757+00:00", "trace_id": null, "stage": "gate", "event": "finish", "duration_ms": 1.353, "candidates_in": 5, "candidates_out": 5, "top_score": 0.5077904853871738}
{"ts": "2026-09-24T00:39:49.502794+00:00", "trace_id": null, "stage": "embed_query", "event": "start", "model": "Qwen/Qwen3-Embedding-0.6B"}
{"ts": "2026-09-24T00:39:49.534074+00:00", "trace_id": null, "stage": "embed_query", "event": "finish", "duration_ms": 31.279, "model": "Qwen/Qwen3-Embedding-0.6B"}
{"ts": "2026-09-24T00:39:49.534118+00:00", "trace_id": null, "stage": "dense", "event": "start"}
{"ts": "2026-09-24T00:39:49.534330+00:00", "trace_id": null, "stage": "dense", "event": "finish", "duration_ms": 0.211, "candidates_out": 20}
{"ts": "2026-09-24T00:39:49.534360+00:00", "trace_id": null, "stage": "lexical", "event": "start"}
{"ts": "2026-09-24T00:39:49.534643+00:00", "trace_id": null, "stage": "lexical", "event": "finish", "duration_ms": 0.283, "candidates_out": 20}
{"ts": "2026-09-24T00:39:49.534675+00:00", "trace_id": null, "stage": "fuse", "event": "start", "candidates_in": 34}
{"ts": "2026-09-24T00:39:49.534756+00:00", "trace_id": null, "stage": "fuse", "event": "finish", "duration_ms": 0.08, "candidates_in": 34, "candidates_out": 24, "top_score": 0.03252247488101534}
{"ts": "2026-09-24T00:39:49.534974+00:00", "trace_id": null, "stage": "rerank", "event": "start", "candidates_in": 20}
{"ts": "2026-09-24T00:39:50.540047+00:00", "trace_id": null, "stage": "rerank", "event": "stage_slow", "duration_ms": 1005.058, "candidates_in": 20, "soft_budget_ms": 1000.0}
{"ts": "2026-09-24T00:39:51.557194+00:00", "trace_id": null, "stage": "rerank", "event": "finish", "duration_ms": 2022.195, "candidates_in": 20, "candidates_out": 20, "top_score": 0.7187996223733173}
{"ts": "2026-09-24T00:39:51.557644+00:00", "trace_id": null, "stage": "gate", "event": "start", "candidates_in": 5}
{"ts": "2026-09-24T00:39:51.559016+00:00", "trace_id": null, "stage": "gate", "event": "finish", "duration_ms": 1.37, "candidates_in": 5, "candidates_out": 5, "top_score": 0.7187996223733173}
{"ts": "2026-09-24T00:39:51.559056+00:00", "trace_id": null, "stage": "embed_query", "event": "start", "model": "Qwen/Qwen3-Embedding-0.6B"}
{"ts": "2026-09-24T00:39:51.589634+00:00", "trace_id": null, "stage": "embed_query", "event": "finish", "duration_ms": 30.576, "model": "Qwen/Qwen3-Embedding-0.6B"}
{"ts": "2026-09-24T00:39:51.589682+00:00", "trace_id": null, "stage": "dense", "event": "start"}
{"ts": "2026-09-24T00:39:51.589888+00:00", "trace_id": null, "stage": "dense", "event": "finish", "duration_ms": 0.205, "candidates_out": 20}
{"ts": "2026-09-24T00:39:51.589920+00:00", "trace_id": null, "stage": "lexical", "event": "start"}
{"ts": "2026-09-24T00:39:51.590230+00:00", "trace_id": null, "stage": "lexical", "event": "finish", "duration_ms": 0.309, "candidates_out": 20}
{"ts": "2026-09-24T00:39:51.590262+00:00", "trace_id": null, "stage": "fuse", "event": "start", "candidates_in": 30}
{"ts": "2026-09-24T00:39:51.590354+00:00", "trace_id": null, "stage": "fuse", "event": "finish", "duration_ms": 0.091, "candidates_in": 30, "candidates_out": 24, "top_score": 0.032018442622950824}
{"ts": "2026-09-24T00:39:51.590562+00:00", "trace_id": null, "stage": "rerank", "event": "start", "candidates_in": 20}
{"ts": "2026-09-24T00:39:52.591342+00:00", "trace_id": null, "stage": "rerank", "event": "stage_slow", "duration_ms": 1000.761, "candidates_in": 20, "soft_budget_ms": 1000.0}
{"ts": "2026-09-24T00:39:53.350646+00:00", "trace_id": null, "stage": "rerank", "event": "finish", "duration_ms": 1760.062, "candidates_in": 20, "candidates_out": 20, "top_score": 0.5025233847521314}
{"ts": "2026-09-24T00:39:53.351101+00:00", "trace_id": null, "stage": "gate", "event": "start", "candidates_in": 5}
{"ts": "2026-09-24T00:39:53.351197+00:00", "trace_id": null, "stage": "gate", "event": "finish", "duration_ms": 0.094, "candidates_in": 5, "candidates_out": 5, "top_score": 0.5025233847521314}
{"ts": "2026-09-24T00:39:53.351237+00:00", "trace_id": null, "stage": "embed_query", "event": "start", "model": "Qwen/Qwen3-Embedding-0.6B"}
{"ts": "2026-09-24T00:39:53.384763+00:00", "trace_id": null, "stage": "embed_query", "event": "finish", "duration_ms": 33.523, "model": "Qwen/Qwen3-Embedding-0.6B"}
{"ts": "2026-09-24T00:39:53.384811+00:00", "trace_id": null, "stage": "dense", "event": "start"}
{"ts": "2026-09-24T00:39:53.385026+00:00", "trace_id": null, "stage": "dense", "event": "finish", "duration_ms": 0.214, "candidates_out": 20}
{"ts": "2026-09-24T00:39:53.385059+00:00", "trace_id": null, "stage": "lexical", "event": "start"}
{"ts": "2026-09-24T00:39:53.385399+00:00", "trace_id": null, "stage": "lexical", "event": "finish", "duration_ms": 0.339, "candidates_out": 20}
{"ts": "2026-09-24T00:39:53.385440+00:00", "trace_id": null, "stage": "fuse", "event": "start", "candidates_in": 28}
{"ts": "2026-09-24T00:39:53.385513+00:00", "trace_id": null, "stage": "fuse", "event": "finish", "duration_ms": 0.072, "candidates_in": 28, "candidates_out": 19, "top_score": 0.03278688524590164}
{"ts": "2026-09-24T00:39:53.385774+00:00", "trace_id": null, "stage": "rerank", "event": "start", "candidates_in": 19}
{"ts": "2026-09-24T00:39:54.387525+00:00", "trace_id": null, "stage": "rerank", "event": "stage_slow", "duration_ms": 1001.733, "candidates_in": 19, "soft_budget_ms": 1000.0}
{"ts": "2026-09-24T00:39:55.067508+00:00", "trace_id": null, "stage": "rerank", "event": "finish", "duration_ms": 1681.713, "candidates_in": 19, "candidates_out": 19, "top_score": 0.529363103321402}
{"ts": "2026-09-24T00:39:55.067978+00:00", "trace_id": null, "stage": "gate", "event": "start", "candidates_in": 5}
{"ts": "2026-09-24T00:39:55.068064+00:00", "trace_id": null, "stage": "gate", "event": "finish", "duration_ms": 0.086, "candidates_in": 5, "candidates_out": 5, "top_score": 0.529363103321402}
{"ts": "2026-09-24T00:39:55.068087+00:00", "trace_id": null, "stage": "embed_query", "event": "start", "model": "Qwen/Qwen3-Embedding-0.6B"}
{"ts": "2026-09-24T00:39:55.102346+00:00", "trace_id": null, "stage": "embed_query", "event": "finish", "duration_ms": 34.254, "model": "Qwen/Qwen3-Embedding-0.6B"}
{"ts": "2026-09-24T00:39:55.102399+00:00", "trace_id": null, "stage": "dense", "event": "start"}
{"ts": "2026-09-24T00:39:55.102615+00:00", "trace_id": null, "stage": "dense", "event": "finish", "duration_ms": 0.215, "candidates_out": 20}
{"ts": "2026-09-24T00:39:55.102637+00:00", "trace_id": null, "stage": "lexical", "event": "start"}
{"ts": "2026-09-24T00:39:55.102979+00:00", "trace_id": null, "stage": "lexical", "event": "finish", "duration_ms": 0.341, "candidates_out": 20}
{"ts": "2026-09-24T00:39:55.103017+00:00", "trace_id": null, "stage": "fuse", "event": "start", "candidates_in": 30}
{"ts": "2026-09-24T00:39:55.103095+00:00", "trace_id": null, "stage": "fuse", "event": "finish", "duration_ms": 0.078, "candidates_in": 30, "candidates_out": 21, "top_score": 0.03252247488101534}
{"ts": "2026-09-24T00:39:55.103303+00:00", "trace_id": null, "stage": "rerank", "event": "start", "candidates_in": 20}
{"ts": "2026-09-24T00:39:56.103639+00:00", "trace_id": null, "stage": "rerank", "event": "stage_slow", "duration_ms": 1000.318, "candidates_in": 20, "soft_budget_ms": 1000.0}
{"ts": "2026-09-24T00:39:57.068758+00:00", "trace_id": null, "stage": "rerank", "event": "finish", "duration_ms": 1965.428, "candidates_in": 20, "candidates_out": 20, "top_score": 0.6055224722259748}
{"ts": "2026-09-24T00:39:57.071753+00:00", "trace_id": null, "stage": "gate", "event": "start", "candidates_in": 5}
{"ts": "2026-09-24T00:39:57.071892+00:00", "trace_id": null, "stage": "gate", "event": "finish", "duration_ms": 0.141, "candidates_in": 5, "candidates_out": 5, "top_score": 0.6055224722259748}
{"ts": "2026-09-24T00:39:57.071937+00:00", "trace_id": null, "stage": "embed_query", "event": "start", "model": "Qwen/Qwen3-Embedding-0.6B"}
{"ts": "2026-09-24T00:39:57.115267+00:00", "trace_id": null, "stage": "embed_query", "event": "finish", "duration_ms": 43.328, "model": "Qwen/Qwen3-Embedding-0.6B"}
{"ts": "2026-09-24T00:39:57.115322+00:00", "trace_id": null, "stage": "dense", "event": "start"}
{"ts": "2026-09-24T00:39:57.115574+00:00", "trace_id": null, "stage": "dense", "event": "finish", "duration_ms": 0.252, "candidates_out": 20}
{"ts": "2026-09-24T00:39:57.115609+00:00", "trace_id": null, "stage": "lexical", "event": "start"}
{"ts": "2026-09-24T00:39:57.116041+00:00", "trace_id": null, "stage": "lexical", "event": "finish", "duration_ms": 0.432, "candidates_out": 20}
{"ts": "2026-09-24T00:39:57.116076+00:00", "trace_id": null, "stage": "fuse", "event": "start", "candidates_in": 34}
{"ts": "2026-09-24T00:39:57.116176+00:00", "trace_id": null, "stage": "fuse", "event": "finish", "duration_ms": 0.098, "candidates_in": 34, "candidates_out": 27, "top_score": 0.03278688524590164}
{"ts": "2026-09-24T00:39:57.116451+00:00", "trace_id": null, "stage": "rerank", "event": "start", "candidates_in": 20}
{"ts": "2026-09-24T00:39:58.120399+00:00", "trace_id": null, "stage": "rerank", "event": "stage_slow", "duration_ms": 1003.921, "candidates_in": 20, "soft_budget_ms": 1000.0}
{"ts": "2026-09-24T00:39:59.230054+00:00", "trace_id": null, "stage": "rerank", "event": "finish", "duration_ms": 2113.576, "candidates_in": 20, "candidates_out": 20, "top_score": 0.5196001009828084}
{"ts": "2026-09-24T00:39:59.230663+00:00", "trace_id": null, "stage": "gate", "event": "start", "candidates_in": 5}
{"ts": "2026-09-24T00:39:59.232047+00:00", "trace_id": null, "stage": "gate", "event": "finish", "duration_ms": 1.385, "candidates_in": 5, "candidates_out": 5, "top_score": 0.5196001009828084}
{"ts": "2026-09-24T00:39:59.232076+00:00", "trace_id": null, "stage": "embed_query", "event": "start", "model": "Qwen/Qwen3-Embedding-0.6B"}
{"ts": "2026-09-24T00:39:59.269898+00:00", "trace_id": null, "stage": "embed_query", "event": "finish", "duration_ms": 37.817, "model": "Qwen/Qwen3-Embedding-0.6B"}
{"ts": "2026-09-24T00:39:59.269953+00:00", "trace_id": null, "stage": "dense", "event": "start"}
{"ts": "2026-09-24T00:39:59.270168+00:00", "trace_id": null, "stage": "dense", "event": "finish", "duration_ms": 0.215, "candidates_out": 20}
{"ts": "2026-09-24T00:39:59.270211+00:00", "trace_id": null, "stage": "lexical", "event": "start"}
{"ts": "2026-09-24T00:39:59.270704+00:00", "trace_id": null, "stage": "lexical", "event": "finish", "duration_ms": 0.494, "candidates_out": 20}
{"ts": "2026-09-24T00:39:59.270742+00:00", "trace_id": null, "stage": "fuse", "event": "start", "candidates_in": 34}
{"ts": "2026-09-24T00:39:59.270854+00:00", "trace_id": null, "stage": "fuse", "event": "finish", "duration_ms": 0.112, "candidates_in": 34, "candidates_out": 20, "top_score": 0.03278688524590164}
{"ts": "2026-09-24T00:39:59.271088+00:00", "trace_id": null, "stage": "rerank", "event": "start", "candidates_in": 20}
{"ts": "2026-09-24T00:40:00.272755+00:00", "trace_id": null, "stage": "rerank", "event": "stage_slow", "duration_ms": 1001.642, "candidates_in": 20, "soft_budget_ms": 1000.0}
{"ts": "2026-09-24T00:40:01.081147+00:00", "trace_id": null, "stage": "rerank", "event": "finish", "duration_ms": 1810.035, "candidates_in": 20, "candidates_out": 20, "top_score": 0.6562372179139057}
{"ts": "2026-09-24T00:40:01.081626+00:00", "trace_id": null, "stage": "gate", "event": "start", "candidates_in": 5}
{"ts": "2026-09-24T00:40:01.081734+00:00", "trace_id": null, "stage": "gate", "event": "finish", "duration_ms": 0.106, "candidates_in": 5, "candidates_out": 5, "top_score": 0.6562372179139057}
{"ts": "2026-09-24T00:40:01.081775+00:00", "trace_id": null, "stage": "embed_query", "event": "start", "model": "Qwen/Qwen3-Embedding-0.6B"}
{"ts": "2026-09-24T00:40:01.118021+00:00", "trace_id": null, "stage": "embed_query", "event": "finish", "duration_ms": 36.243, "model": "Qwen/Qwen3-Embedding-0.6B"}
{"ts": "2026-09-24T00:40:01.118070+00:00", "trace_id": null, "stage": "dense", "event": "start"}
{"ts": "2026-09-24T00:40:01.118297+00:00", "trace_id": null, "stage": "dense", "event": "finish", "duration_ms": 0.226, "candidates_out": 20}
{"ts": "2026-09-24T00:40:01.118318+00:00", "trace_id": null, "stage": "lexical", "event": "start"}
{"ts": "2026-09-24T00:40:01.118712+00:00", "trace_id": null, "stage": "lexical", "event": "finish", "duration_ms": 0.392, "candidates_out": 20}
{"ts": "2026-09-24T00:40:01.118759+00:00", "trace_id": null, "stage": "fuse", "event": "start", "candidates_in": 33}
{"ts": "2026-09-24T00:40:01.118849+00:00", "trace_id": null, "stage": "fuse", "event": "finish", "duration_ms": 0.091, "candidates_in": 33, "candidates_out": 24, "top_score": 0.03278688524590164}
{"ts": "2026-09-24T00:40:01.119061+00:00", "trace_id": null, "stage": "rerank", "event": "start", "candidates_in": 20}
{"ts": "2026-09-24T00:40:02.119434+00:00", "trace_id": null, "stage": "rerank", "event": "stage_slow", "duration_ms": 1000.354, "candidates_in": 20, "soft_budget_ms": 1000.0}
{"ts": "2026-09-24T00:40:02.803204+00:00", "trace_id": null, "stage": "rerank", "event": "finish", "duration_ms": 1684.122, "candidates_in": 20, "candidates_out": 20, "top_score": 0.5921403120322317}
{"ts": "2026-09-24T00:40:02.803971+00:00", "trace_id": null, "stage": "gate", "event": "start", "candidates_in": 5}
{"ts": "2026-09-24T00:40:02.804083+00:00", "trace_id": null, "stage": "gate", "event": "finish", "duration_ms": 0.113, "candidates_in": 5, "candidates_out": 5, "top_score": 0.5921403120322317}
{"ts": "2026-09-24T00:40:02.804121+00:00", "trace_id": null, "stage": "embed_query", "event": "start", "model": "Qwen/Qwen3-Embedding-0.6B"}
{"ts": "2026-09-24T00:40:02.836704+00:00", "trace_id": null, "stage": "embed_query", "event": "finish", "duration_ms": 32.58, "model": "Qwen/Qwen3-Embedding-0.6B"}
{"ts": "2026-09-24T00:40:02.836752+00:00", "trace_id": null, "stage": "dense", "event": "start"}
{"ts": "2026-09-24T00:40:02.836989+00:00", "trace_id": null, "stage": "dense", "event": "finish", "duration_ms": 0.236, "candidates_out": 20}
{"ts": "2026-09-24T00:40:02.837025+00:00", "trace_id": null, "stage": "lexical", "event": "start"}
{"ts": "2026-09-24T00:40:02.837264+00:00", "trace_id": null, "stage": "lexical", "event": "finish", "duration_ms": 0.238, "candidates_out": 8}
{"ts": "2026-09-24T00:40:02.837301+00:00", "trace_id": null, "stage": "fuse", "event": "start", "candidates_in": 21}
{"ts": "2026-09-24T00:40:02.837377+00:00", "trace_id": null, "stage": "fuse", "event": "finish", "duration_ms": 0.075, "candidates_in": 21, "candidates_out": 16, "top_score": 0.03200204813108039}
{"ts": "2026-09-24T00:40:02.837559+00:00", "trace_id": null, "stage": "rerank", "event": "start", "candidates_in": 16}
{"ts": "2026-09-24T00:40:03.841398+00:00", "trace_id": null, "stage": "rerank", "event": "stage_slow", "duration_ms": 1003.821, "candidates_in": 16, "soft_budget_ms": 1000.0}
{"ts": "2026-09-24T00:40:04.329408+00:00", "trace_id": null, "stage": "rerank", "event": "finish", "duration_ms": 1491.828, "candidates_in": 16, "candidates_out": 16, "top_score": 0.5010348606513204}
{"ts": "2026-09-24T00:40:04.329813+00:00", "trace_id": null, "stage": "gate", "event": "start", "candidates_in": 5}
{"ts": "2026-09-24T00:40:04.330648+00:00", "trace_id": null, "stage": "gate", "event": "finish", "duration_ms": 0.834, "candidates_in": 5, "candidates_out": 5, "top_score": 0.5010348606513204}
{"ts": "2026-09-24T00:40:04.330687+00:00", "trace_id": null, "stage": "embed_query", "event": "start", "model": "Qwen/Qwen3-Embedding-0.6B"}
{"ts": "2026-09-24T00:40:04.362371+00:00", "trace_id": null, "stage": "embed_query", "event": "finish", "duration_ms": 31.681, "model": "Qwen/Qwen3-Embedding-0.6B"}
{"ts": "2026-09-24T00:40:04.362420+00:00", "trace_id": null, "stage": "dense", "event": "start"}
{"ts": "2026-09-24T00:40:04.362633+00:00", "trace_id": null, "stage": "dense", "event": "finish", "duration_ms": 0.211, "candidates_out": 20}
{"ts": "2026-09-24T00:40:04.362666+00:00", "trace_id": null, "stage": "lexical", "event": "start"}
{"ts": "2026-09-24T00:40:04.362949+00:00", "trace_id": null, "stage": "lexical", "event": "finish", "duration_ms": 0.282, "candidates_out": 20}
{"ts": "2026-09-24T00:40:04.362981+00:00", "trace_id": null, "stage": "fuse", "event": "start", "candidates_in": 29}
{"ts": "2026-09-24T00:40:04.363063+00:00", "trace_id": null, "stage": "fuse", "event": "finish", "duration_ms": 0.081, "candidates_in": 29, "candidates_out": 19, "top_score": 0.031746031746031744}
{"ts": "2026-09-24T00:40:04.363272+00:00", "trace_id": null, "stage": "rerank", "event": "start", "candidates_in": 19}
{"ts": "2026-09-24T00:40:05.368385+00:00", "trace_id": null, "stage": "rerank", "event": "stage_slow", "duration_ms": 1005.086, "candidates_in": 19, "soft_budget_ms": 1000.0}
{"ts": "2026-09-24T00:40:06.272801+00:00", "trace_id": null, "stage": "rerank", "event": "finish", "duration_ms": 1909.505, "candidates_in": 19, "candidates_out": 19, "top_score": 0.5319493851072417}
{"ts": "2026-09-24T00:40:06.273257+00:00", "trace_id": null, "stage": "gate", "event": "start", "candidates_in": 5}
{"ts": "2026-09-24T00:40:06.278544+00:00", "trace_id": null, "stage": "gate", "event": "finish", "duration_ms": 5.286, "candidates_in": 5, "candidates_out": 5, "top_score": 0.5319493851072417}
{"ts": "2026-09-24T00:40:06.278586+00:00", "trace_id": null, "stage": "embed_query", "event": "start", "model": "Qwen/Qwen3-Embedding-0.6B"}
{"ts": "2026-09-24T00:40:06.315501+00:00", "trace_id": null, "stage": "embed_query", "event": "finish", "duration_ms": 36.911, "model": "Qwen/Qwen3-Embedding-0.6B"}
{"ts": "2026-09-24T00:40:06.315558+00:00", "trace_id": null, "stage": "dense", "event": "start"}
{"ts": "2026-09-24T00:40:06.315788+00:00", "trace_id": null, "stage": "dense", "event": "finish", "duration_ms": 0.229, "candidates_out": 20}
{"ts": "2026-09-24T00:40:06.315812+00:00", "trace_id": null, "stage": "lexical", "event": "start"}
{"ts": "2026-09-24T00:40:06.315985+00:00", "trace_id": null, "stage": "lexical", "event": "finish", "duration_ms": 0.171, "candidates_out": 1}
{"ts": "2026-09-24T00:40:06.316024+00:00", "trace_id": null, "stage": "fuse", "event": "start", "candidates_in": 20}
{"ts": "2026-09-24T00:40:06.316085+00:00", "trace_id": null, "stage": "fuse", "event": "finish", "duration_ms": 0.061, "candidates_in": 20, "candidates_out": 19, "top_score": 0.029551337359792925}
{"ts": "2026-09-24T00:40:06.316308+00:00", "trace_id": null, "stage": "rerank", "event": "start", "candidates_in": 19}
{"ts": "2026-09-24T00:40:07.319447+00:00", "trace_id": null, "stage": "rerank", "event": "stage_slow", "duration_ms": 1003.119, "candidates_in": 19, "soft_budget_ms": 1000.0}
{"ts": "2026-09-24T00:40:08.264775+00:00", "trace_id": null, "stage": "rerank", "event": "finish", "duration_ms": 1948.442, "candidates_in": 19, "candidates_out": 19, "top_score": 0.5342245975645511}
{"ts": "2026-09-24T00:40:08.265195+00:00", "trace_id": null, "stage": "gate", "event": "start", "candidates_in": 5}
{"ts": "2026-09-24T00:40:08.265279+00:00", "trace_id": null, "stage": "gate", "event": "finish", "duration_ms": 0.084, "candidates_in": 5, "candidates_out": 5, "top_score": 0.5342245975645511}
{"ts": "2026-09-24T00:40:08.265304+00:00", "trace_id": null, "stage": "embed_query", "event": "start", "model": "Qwen/Qwen3-Embedding-0.6B"}
{"ts": "2026-09-24T00:40:08.296271+00:00", "trace_id": null, "stage": "embed_query", "event": "finish", "duration_ms": 30.964, "model": "Qwen/Qwen3-Embedding-0.6B"}
{"ts": "2026-09-24T00:40:08.296318+00:00", "trace_id": null, "stage": "dense", "event": "start"}
{"ts": "2026-09-24T00:40:08.296537+00:00", "trace_id": null, "stage": "dense", "event": "finish", "duration_ms": 0.218, "candidates_out": 20}
{"ts": "2026-09-24T00:40:08.296571+00:00", "trace_id": null, "stage": "lexical", "event": "start"}
{"ts": "2026-09-24T00:40:08.296880+00:00", "trace_id": null, "stage": "lexical", "event": "finish", "duration_ms": 0.309, "candidates_out": 20}
{"ts": "2026-09-24T00:40:08.296913+00:00", "trace_id": null, "stage": "fuse", "event": "start", "candidates_in": 31}
{"ts": "2026-09-24T00:40:08.296984+00:00", "trace_id": null, "stage": "fuse", "event": "finish", "duration_ms": 0.07, "candidates_in": 31, "candidates_out": 24, "top_score": 0.03149801587301587}
{"ts": "2026-09-24T00:40:08.297223+00:00", "trace_id": null, "stage": "rerank", "event": "start", "candidates_in": 20}
{"ts": "2026-09-24T00:40:09.298105+00:00", "trace_id": null, "stage": "rerank", "event": "stage_slow", "duration_ms": 1000.864, "candidates_in": 20, "soft_budget_ms": 1000.0}
{"ts": "2026-09-24T00:40:10.145195+00:00", "trace_id": null, "stage": "rerank", "event": "finish", "duration_ms": 1847.948, "candidates_in": 20, "candidates_out": 20, "top_score": 0.5974262492559603}
{"ts": "2026-09-24T00:40:10.145812+00:00", "trace_id": null, "stage": "gate", "event": "start", "candidates_in": 5}
{"ts": "2026-09-24T00:40:10.146641+00:00", "trace_id": null, "stage": "gate", "event": "finish", "duration_ms": 0.83, "candidates_in": 5, "candidates_out": 5, "top_score": 0.5974262492559603}
{"ts": "2026-09-24T00:40:10.146670+00:00", "trace_id": null, "stage": "embed_query", "event": "start", "model": "Qwen/Qwen3-Embedding-0.6B"}
{"ts": "2026-09-24T00:40:10.177900+00:00", "trace_id": null, "stage": "embed_query", "event": "finish", "duration_ms": 31.226, "model": "Qwen/Qwen3-Embedding-0.6B"}
{"ts": "2026-09-24T00:40:10.177948+00:00", "trace_id": null, "stage": "dense", "event": "start"}
{"ts": "2026-09-24T00:40:10.178157+00:00", "trace_id": null, "stage": "dense", "event": "finish", "duration_ms": 0.21, "candidates_out": 20}
{"ts": "2026-09-24T00:40:10.178176+00:00", "trace_id": null, "stage": "lexical", "event": "start"}
{"ts": "2026-09-24T00:40:10.178471+00:00", "trace_id": null, "stage": "lexical", "event": "finish", "duration_ms": 0.293, "candidates_out": 20}
{"ts": "2026-09-24T00:40:10.178516+00:00", "trace_id": null, "stage": "fuse", "event": "start", "candidates_in": 27}
{"ts": "2026-09-24T00:40:10.178584+00:00", "trace_id": null, "stage": "fuse", "event": "finish", "duration_ms": 0.067, "candidates_in": 27, "candidates_out": 19, "top_score": 0.03252247488101534}
{"ts": "2026-09-24T00:40:10.178861+00:00", "trace_id": null, "stage": "rerank", "event": "start", "candidates_in": 19}
{"ts": "2026-09-24T00:40:11.183979+00:00", "trace_id": null, "stage": "rerank", "event": "stage_slow", "duration_ms": 1005.099, "candidates_in": 19, "soft_budget_ms": 1000.0}
{"ts": "2026-09-24T00:40:11.832083+00:00", "trace_id": null, "stage": "rerank", "event": "finish", "duration_ms": 1653.201, "candidates_in": 19, "candidates_out": 19, "top_score": 0.5041008468379405}
{"ts": "2026-09-24T00:40:11.832790+00:00", "trace_id": null, "stage": "gate", "event": "start", "candidates_in": 5}
{"ts": "2026-09-24T00:40:11.835822+00:00", "trace_id": null, "stage": "gate", "event": "finish", "duration_ms": 3.031, "candidates_in": 5, "candidates_out": 5, "top_score": 0.5041008468379405}
{"ts": "2026-09-24T00:40:11.835862+00:00", "trace_id": null, "stage": "embed_query", "event": "start", "model": "Qwen/Qwen3-Embedding-0.6B"}
{"ts": "2026-09-24T00:40:11.867378+00:00", "trace_id": null, "stage": "embed_query", "event": "finish", "duration_ms": 31.513, "model": "Qwen/Qwen3-Embedding-0.6B"}
{"ts": "2026-09-24T00:40:11.867431+00:00", "trace_id": null, "stage": "dense", "event": "start"}
{"ts": "2026-09-24T00:40:11.867650+00:00", "trace_id": null, "stage": "dense", "event": "finish", "duration_ms": 0.218, "candidates_out": 20}
{"ts": "2026-09-24T00:40:11.867678+00:00", "trace_id": null, "stage": "lexical", "event": "start"}
{"ts": "2026-09-24T00:40:11.867948+00:00", "trace_id": null, "stage": "lexical", "event": "finish", "duration_ms": 0.269, "candidates_out": 20}
{"ts": "2026-09-24T00:40:11.867978+00:00", "trace_id": null, "stage": "fuse", "event": "start", "candidates_in": 34}
{"ts": "2026-09-24T00:40:11.868069+00:00", "trace_id": null, "stage": "fuse", "event": "finish", "duration_ms": 0.088, "candidates_in": 34, "candidates_out": 24, "top_score": 0.03177805800756621}
{"ts": "2026-09-24T00:40:11.868366+00:00", "trace_id": null, "stage": "rerank", "event": "start", "candidates_in": 20}
{"ts": "2026-09-24T00:40:12.871604+00:00", "trace_id": null, "stage": "rerank", "event": "stage_slow", "duration_ms": 1003.221, "candidates_in": 20, "soft_budget_ms": 1000.0}
{"ts": "2026-09-24T00:40:13.669261+00:00", "trace_id": null, "stage": "rerank", "event": "finish", "duration_ms": 1800.872, "candidates_in": 20, "candidates_out": 20, "top_score": 0.5706119969831213}
{"ts": "2026-09-24T00:40:13.669728+00:00", "trace_id": null, "stage": "gate", "event": "start", "candidates_in": 5}
{"ts": "2026-09-24T00:40:13.671906+00:00", "trace_id": null, "stage": "gate", "event": "finish", "duration_ms": 2.177, "candidates_in": 5, "candidates_out": 5, "top_score": 0.5706119969831213}
{"ts": "2026-09-24T00:40:13.671945+00:00", "trace_id": null, "stage": "embed_query", "event": "start", "model": "Qwen/Qwen3-Embedding-0.6B"}
{"ts": "2026-09-24T00:40:13.701979+00:00", "trace_id": null, "stage": "embed_query", "event": "finish", "duration_ms": 30.03, "model": "Qwen/Qwen3-Embedding-0.6B"}
{"ts": "2026-09-24T00:40:13.702035+00:00", "trace_id": null, "stage": "dense", "event": "start"}
{"ts": "2026-09-24T00:40:13.702240+00:00", "trace_id": null, "stage": "dense", "event": "finish", "duration_ms": 0.205, "candidates_out": 20}
{"ts": "2026-09-24T00:40:13.702263+00:00", "trace_id": null, "stage": "lexical", "event": "start"}
{"ts": "2026-09-24T00:40:13.702450+00:00", "trace_id": null, "stage": "lexical", "event": "finish", "duration_ms": 0.186, "candidates_out": 4}
{"ts": "2026-09-24T00:40:13.702491+00:00", "trace_id": null, "stage": "fuse", "event": "start", "candidates_in": 18}
{"ts": "2026-09-24T00:40:13.702563+00:00", "trace_id": null, "stage": "fuse", "event": "finish", "duration_ms": 0.072, "candidates_in": 18, "candidates_out": 16, "top_score": 0.03252247488101534}
{"ts": "2026-09-24T00:40:13.702749+00:00", "trace_id": null, "stage": "rerank", "event": "start", "candidates_in": 16}
{"ts": "2026-09-24T00:40:14.702912+00:00", "trace_id": null, "stage": "rerank", "event": "stage_slow", "duration_ms": 1000.148, "candidates_in": 16, "soft_budget_ms": 1000.0}
{"ts": "2026-09-24T00:40:15.095183+00:00", "trace_id": null, "stage": "rerank", "event": "finish", "duration_ms": 1392.417, "candidates_in": 16, "candidates_out": 16, "top_score": 0.5175544057997303}
{"ts": "2026-09-24T00:40:15.095738+00:00", "trace_id": null, "stage": "gate", "event": "start", "candidates_in": 5}
{"ts": "2026-09-24T00:40:15.096556+00:00", "trace_id": null, "stage": "gate", "event": "finish", "duration_ms": 0.819, "candidates_in": 5, "candidates_out": 5, "top_score": 0.5175544057997303}
{"ts": "2026-09-24T00:40:15.096587+00:00", "trace_id": null, "stage": "embed_query", "event": "start", "model": "Qwen/Qwen3-Embedding-0.6B"}
{"ts": "2026-09-24T00:40:15.127511+00:00", "trace_id": null, "stage": "embed_query", "event": "finish", "duration_ms": 30.921, "model": "Qwen/Qwen3-Embedding-0.6B"}
{"ts": "2026-09-24T00:40:15.127565+00:00", "trace_id": null, "stage": "dense", "event": "start"}
{"ts": "2026-09-24T00:40:15.127787+00:00", "trace_id": null, "stage": "dense", "event": "finish", "duration_ms": 0.222, "candidates_out": 20}
{"ts": "2026-09-24T00:40:15.127815+00:00", "trace_id": null, "stage": "lexical", "event": "start"}
{"ts": "2026-09-24T00:40:15.128125+00:00", "trace_id": null, "stage": "lexical", "event": "finish", "duration_ms": 0.309, "candidates_out": 20}
{"ts": "2026-09-24T00:40:15.128157+00:00", "trace_id": null, "stage": "fuse", "event": "start", "candidates_in": 32}
{"ts": "2026-09-24T00:40:15.128240+00:00", "trace_id": null, "stage": "fuse", "event": "finish", "duration_ms": 0.081, "candidates_in": 32, "candidates_out": 25, "top_score": 0.032266458495966696}
{"ts": "2026-09-24T00:40:15.128488+00:00", "trace_id": null, "stage": "rerank", "event": "start", "candidates_in": 20}
{"ts": "2026-09-24T00:40:16.133579+00:00", "trace_id": null, "stage": "rerank", "event": "stage_slow", "duration_ms": 1005.072, "candidates_in": 20, "soft_budget_ms": 1000.0}
{"ts": "2026-09-24T00:40:17.166132+00:00", "trace_id": null, "stage": "rerank", "event": "finish", "duration_ms": 2037.618, "candidates_in": 20, "candidates_out": 20, "top_score": 0.5433571415323794}
{"ts": "2026-09-24T00:40:17.166641+00:00", "trace_id": null, "stage": "gate", "event": "start", "candidates_in": 5}
{"ts": "2026-09-24T00:40:17.169995+00:00", "trace_id": null, "stage": "gate", "event": "finish", "duration_ms": 3.353, "candidates_in": 5, "candidates_out": 5, "top_score": 0.5433571415323794}
{"ts": "2026-09-24T00:40:17.170042+00:00", "trace_id": null, "stage": "embed_query", "event": "start", "model": "Qwen/Qwen3-Embedding-0.6B"}
{"ts": "2026-09-24T00:40:17.212733+00:00", "trace_id": null, "stage": "embed_query", "event": "finish", "duration_ms": 42.687, "model": "Qwen/Qwen3-Embedding-0.6B"}
{"ts": "2026-09-24T00:40:17.212796+00:00", "trace_id": null, "stage": "dense", "event": "start"}
{"ts": "2026-09-24T00:40:17.213033+00:00", "trace_id": null, "stage": "dense", "event": "finish", "duration_ms": 0.237, "candidates_out": 20}
{"ts": "2026-09-24T00:40:17.213068+00:00", "trace_id": null, "stage": "lexical", "event": "start"}
{"ts": "2026-09-24T00:40:17.213346+00:00", "trace_id": null, "stage": "lexical", "event": "finish", "duration_ms": 0.278, "candidates_out": 11}
{"ts": "2026-09-24T00:40:17.213377+00:00", "trace_id": null, "stage": "fuse", "event": "start", "candidates_in": 22}
{"ts": "2026-09-24T00:40:17.213452+00:00", "trace_id": null, "stage": "fuse", "event": "finish", "duration_ms": 0.074, "candidates_in": 22, "candidates_out": 16, "top_score": 0.03278688524590164}
{"ts": "2026-09-24T00:40:17.213655+00:00", "trace_id": null, "stage": "rerank", "event": "start", "candidates_in": 16}
{"ts": "2026-09-24T00:40:18.218747+00:00", "trace_id": null, "stage": "rerank", "event": "stage_slow", "duration_ms": 1005.073, "candidates_in": 16, "soft_budget_ms": 1000.0}
{"ts": "2026-09-24T00:40:18.722274+00:00", "trace_id": null, "stage": "rerank", "event": "finish", "duration_ms": 1508.598, "candidates_in": 16, "candidates_out": 16, "top_score": 0.5241045254007868}
{"ts": "2026-09-24T00:40:18.722683+00:00", "trace_id": null, "stage": "gate", "event": "start", "candidates_in": 5}
{"ts": "2026-09-24T00:40:18.724201+00:00", "trace_id": null, "stage": "gate", "event": "finish", "duration_ms": 1.517, "candidates_in": 5, "candidates_out": 5, "top_score": 0.5241045254007868}
{"ts": "2026-09-24T00:40:18.724238+00:00", "trace_id": null, "stage": "embed_query", "event": "start", "model": "Qwen/Qwen3-Embedding-0.6B"}
{"ts": "2026-09-24T00:40:18.753946+00:00", "trace_id": null, "stage": "embed_query", "event": "finish", "duration_ms": 29.703, "model": "Qwen/Qwen3-Embedding-0.6B"}
{"ts": "2026-09-24T00:40:18.754004+00:00", "trace_id": null, "stage": "dense", "event": "start"}
{"ts": "2026-09-24T00:40:18.754225+00:00", "trace_id": null, "stage": "dense", "event": "finish", "duration_ms": 0.22, "candidates_out": 20}
{"ts": "2026-09-24T00:40:18.754262+00:00", "trace_id": null, "stage": "lexical", "event": "start"}
{"ts": "2026-09-24T00:40:18.754520+00:00", "trace_id": null, "stage": "lexical", "event": "finish", "duration_ms": 0.258, "candidates_out": 20}
{"ts": "2026-09-24T00:40:18.754555+00:00", "trace_id": null, "stage": "fuse", "event": "start", "candidates_in": 36}
{"ts": "2026-09-24T00:40:18.754625+00:00", "trace_id": null, "stage": "fuse", "event": "finish", "duration_ms": 0.07, "candidates_in": 36, "candidates_out": 25, "top_score": 0.03200204813108039}
{"ts": "2026-09-24T00:40:18.754862+00:00", "trace_id": null, "stage": "rerank", "event": "start", "candidates_in": 20}
{"ts": "2026-09-24T00:40:19.759862+00:00", "trace_id": null, "stage": "rerank", "event": "stage_slow", "duration_ms": 1004.986, "candidates_in": 20, "soft_budget_ms": 1000.0}
{"ts": "2026-09-24T00:40:20.703954+00:00", "trace_id": null, "stage": "rerank", "event": "finish", "duration_ms": 1949.068, "candidates_in": 20, "candidates_out": 20, "top_score": 0.5046917452804655}
{"ts": "2026-09-24T00:40:20.704423+00:00", "trace_id": null, "stage": "gate", "event": "start", "candidates_in": 5}
{"ts": "2026-09-24T00:40:20.707420+00:00", "trace_id": null, "stage": "gate", "event": "finish", "duration_ms": 2.996, "candidates_in": 5, "candidates_out": 5, "top_score": 0.5046917452804655}
{"ts": "2026-09-24T00:40:20.707459+00:00", "trace_id": null, "stage": "embed_query", "event": "start", "model": "Qwen/Qwen3-Embedding-0.6B"}
{"ts": "2026-09-24T00:40:20.737908+00:00", "trace_id": null, "stage": "embed_query", "event": "finish", "duration_ms": 30.445, "model": "Qwen/Qwen3-Embedding-0.6B"}
{"ts": "2026-09-24T00:40:20.737953+00:00", "trace_id": null, "stage": "dense", "event": "start"}
{"ts": "2026-09-24T00:40:20.738170+00:00", "trace_id": null, "stage": "dense", "event": "finish", "duration_ms": 0.216, "candidates_out": 20}
{"ts": "2026-09-24T00:40:20.738204+00:00", "trace_id": null, "stage": "lexical", "event": "start"}
{"ts": "2026-09-24T00:40:20.738454+00:00", "trace_id": null, "stage": "lexical", "event": "finish", "duration_ms": 0.25, "candidates_out": 20}
{"ts": "2026-09-24T00:40:20.738487+00:00", "trace_id": null, "stage": "fuse", "event": "start", "candidates_in": 34}
{"ts": "2026-09-24T00:40:20.738565+00:00", "trace_id": null, "stage": "fuse", "event": "finish", "duration_ms": 0.077, "candidates_in": 34, "candidates_out": 26, "top_score": 0.03278688524590164}
{"ts": "2026-09-24T00:40:20.738789+00:00", "trace_id": null, "stage": "rerank", "event": "start", "candidates_in": 20}
{"ts": "2026-09-24T00:40:21.741272+00:00", "trace_id": null, "stage": "rerank", "event": "stage_slow", "duration_ms": 1002.465, "candidates_in": 20, "soft_budget_ms": 1000.0}
{"ts": "2026-09-24T00:40:22.749244+00:00", "trace_id": null, "stage": "rerank", "event": "finish", "duration_ms": 2010.431, "candidates_in": 20, "candidates_out": 20, "top_score": 0.5009730506511373}
{"ts": "2026-09-24T00:40:22.749767+00:00", "trace_id": null, "stage": "gate", "event": "start", "candidates_in": 5}
{"ts": "2026-09-24T00:40:22.752111+00:00", "trace_id": null, "stage": "gate", "event": "finish", "duration_ms": 2.352, "candidates_in": 5, "candidates_out": 5, "top_score": 0.5009730506511373}
{"ts": "2026-09-24T00:40:22.752152+00:00", "trace_id": null, "stage": "embed_query", "event": "start", "model": "Qwen/Qwen3-Embedding-0.6B"}
{"ts": "2026-09-24T00:40:22.782785+00:00", "trace_id": null, "stage": "embed_query", "event": "finish", "duration_ms": 30.631, "model": "Qwen/Qwen3-Embedding-0.6B"}
{"ts": "2026-09-24T00:40:22.782832+00:00", "trace_id": null, "stage": "dense", "event": "start"}
{"ts": "2026-09-24T00:40:22.783137+00:00", "trace_id": null, "stage": "dense", "event": "finish", "duration_ms": 0.304, "candidates_out": 20}
{"ts": "2026-09-24T00:40:22.783177+00:00", "trace_id": null, "stage": "lexical", "event": "start"}
{"ts": "2026-09-24T00:40:22.783504+00:00", "trace_id": null, "stage": "lexical", "event": "finish", "duration_ms": 0.327, "candidates_out": 20}
{"ts": "2026-09-24T00:40:22.783542+00:00", "trace_id": null, "stage": "fuse", "event": "start", "candidates_in": 30}
{"ts": "2026-09-24T00:40:22.783625+00:00", "trace_id": null, "stage": "fuse", "event": "finish", "duration_ms": 0.082, "candidates_in": 30, "candidates_out": 21, "top_score": 0.031544957774465976}
{"ts": "2026-09-24T00:40:22.783835+00:00", "trace_id": null, "stage": "rerank", "event": "start", "candidates_in": 20}
{"ts": "2026-09-24T00:40:23.787641+00:00", "trace_id": null, "stage": "rerank", "event": "stage_slow", "duration_ms": 1003.786, "candidates_in": 20, "soft_budget_ms": 1000.0}
{"ts": "2026-09-24T00:40:24.785540+00:00", "trace_id": null, "stage": "rerank", "event": "finish", "duration_ms": 2001.68, "candidates_in": 20, "candidates_out": 20, "top_score": 0.5497479931473709}
{"ts": "2026-09-24T00:40:24.785982+00:00", "trace_id": null, "stage": "gate", "event": "start", "candidates_in": 5}
{"ts": "2026-09-24T00:40:24.787343+00:00", "trace_id": null, "stage": "gate", "event": "finish", "duration_ms": 1.36, "candidates_in": 5, "candidates_out": 5, "top_score": 0.5497479931473709}
{"ts": "2026-09-24T00:40:24.787382+00:00", "trace_id": null, "stage": "embed_query", "event": "start", "model": "Qwen/Qwen3-Embedding-0.6B"}
{"ts": "2026-09-24T00:40:24.822480+00:00", "trace_id": null, "stage": "embed_query", "event": "finish", "duration_ms": 35.094, "model": "Qwen/Qwen3-Embedding-0.6B"}
{"ts": "2026-09-24T00:40:24.822537+00:00", "trace_id": null, "stage": "dense", "event": "start"}
{"ts": "2026-09-24T00:40:24.822753+00:00", "trace_id": null, "stage": "dense", "event": "finish", "duration_ms": 0.215, "candidates_out": 20}
{"ts": "2026-09-24T00:40:24.822776+00:00", "trace_id": null, "stage": "lexical", "event": "start"}
{"ts": "2026-09-24T00:40:24.823107+00:00", "trace_id": null, "stage": "lexical", "event": "finish", "duration_ms": 0.33, "candidates_out": 20}
{"ts": "2026-09-24T00:40:24.823146+00:00", "trace_id": null, "stage": "fuse", "event": "start", "candidates_in": 32}
{"ts": "2026-09-24T00:40:24.823215+00:00", "trace_id": null, "stage": "fuse", "event": "finish", "duration_ms": 0.069, "candidates_in": 32, "candidates_out": 24, "top_score": 0.03278688524590164}
{"ts": "2026-09-24T00:40:24.823462+00:00", "trace_id": null, "stage": "rerank", "event": "start", "candidates_in": 20}
{"ts": "2026-09-24T00:40:25.826744+00:00", "trace_id": null, "stage": "rerank", "event": "stage_slow", "duration_ms": 1003.264, "candidates_in": 20, "soft_budget_ms": 1000.0}
{"ts": "2026-09-24T00:40:26.696813+00:00", "trace_id": null, "stage": "rerank", "event": "finish", "duration_ms": 1873.328, "candidates_in": 20, "candidates_out": 20, "top_score": 0.5313366583855357}
{"ts": "2026-09-24T00:40:26.697278+00:00", "trace_id": null, "stage": "gate", "event": "start", "candidates_in": 5}
{"ts": "2026-09-24T00:40:26.697380+00:00", "trace_id": null, "stage": "gate", "event": "finish", "duration_ms": 0.101, "candidates_in": 5, "candidates_out": 5, "top_score": 0.5241257882104945}
{"ts": "2026-09-24T00:40:26.697418+00:00", "trace_id": null, "stage": "embed_query", "event": "start", "model": "Qwen/Qwen3-Embedding-0.6B"}
{"ts": "2026-09-24T00:40:26.733727+00:00", "trace_id": null, "stage": "embed_query", "event": "finish", "duration_ms": 36.306, "model": "Qwen/Qwen3-Embedding-0.6B"}
{"ts": "2026-09-24T00:40:26.733781+00:00", "trace_id": null, "stage": "dense", "event": "start"}
{"ts": "2026-09-24T00:40:26.734006+00:00", "trace_id": null, "stage": "dense", "event": "finish", "duration_ms": 0.223, "candidates_out": 20}
{"ts": "2026-09-24T00:40:26.734038+00:00", "trace_id": null, "stage": "lexical", "event": "start"}
{"ts": "2026-09-24T00:40:26.734368+00:00", "trace_id": null, "stage": "lexical", "event": "finish", "duration_ms": 0.329, "candidates_out": 20}
{"ts": "2026-09-24T00:40:26.734413+00:00", "trace_id": null, "stage": "fuse", "event": "start", "candidates_in": 32}
{"ts": "2026-09-24T00:40:26.734490+00:00", "trace_id": null, "stage": "fuse", "event": "finish", "duration_ms": 0.077, "candidates_in": 32, "candidates_out": 22, "top_score": 0.03278688524590164}
{"ts": "2026-09-24T00:40:26.734690+00:00", "trace_id": null, "stage": "rerank", "event": "start", "candidates_in": 20}
{"ts": "2026-09-24T00:40:27.739759+00:00", "trace_id": null, "stage": "rerank", "event": "stage_slow", "duration_ms": 1005.054, "candidates_in": 20, "soft_budget_ms": 1000.0}
{"ts": "2026-09-24T00:40:28.646030+00:00", "trace_id": null, "stage": "rerank", "event": "finish", "duration_ms": 1911.316, "candidates_in": 20, "candidates_out": 20, "top_score": 0.6764741652801722}
{"ts": "2026-09-24T00:40:28.646482+00:00", "trace_id": null, "stage": "gate", "event": "start", "candidates_in": 5}
{"ts": "2026-09-24T00:40:28.646582+00:00", "trace_id": null, "stage": "gate", "event": "finish", "duration_ms": 0.099, "candidates_in": 5, "candidates_out": 5, "top_score": 0.6764741652801722}
{"ts": "2026-09-24T00:40:28.646619+00:00", "trace_id": null, "stage": "embed_query", "event": "start", "model": "Qwen/Qwen3-Embedding-0.6B"}
{"ts": "2026-09-24T00:40:28.684739+00:00", "trace_id": null, "stage": "embed_query", "event": "finish", "duration_ms": 38.117, "model": "Qwen/Qwen3-Embedding-0.6B"}
{"ts": "2026-09-24T00:40:28.684808+00:00", "trace_id": null, "stage": "dense", "event": "start"}
{"ts": "2026-09-24T00:40:28.685088+00:00", "trace_id": null, "stage": "dense", "event": "finish", "duration_ms": 0.279, "candidates_out": 20}
{"ts": "2026-09-24T00:40:28.685118+00:00", "trace_id": null, "stage": "lexical", "event": "start"}
{"ts": "2026-09-24T00:40:28.685390+00:00", "trace_id": null, "stage": "lexical", "event": "finish", "duration_ms": 0.271, "candidates_out": 11}
{"ts": "2026-09-24T00:40:28.685444+00:00", "trace_id": null, "stage": "fuse", "event": "start", "candidates_in": 25}
{"ts": "2026-09-24T00:40:28.685532+00:00", "trace_id": null, "stage": "fuse", "event": "finish", "duration_ms": 0.088, "candidates_in": 25, "candidates_out": 19, "top_score": 0.03252247488101534}
{"ts": "2026-09-24T00:40:28.685744+00:00", "trace_id": null, "stage": "rerank", "event": "start", "candidates_in": 19}
{"ts": "2026-09-24T00:40:29.687167+00:00", "trace_id": null, "stage": "rerank", "event": "stage_slow", "duration_ms": 1001.407, "candidates_in": 19, "soft_budget_ms": 1000.0}
{"ts": "2026-09-24T00:40:30.683175+00:00", "trace_id": null, "stage": "rerank", "event": "finish", "duration_ms": 1997.406, "candidates_in": 19, "candidates_out": 19, "top_score": 0.5128035088513719}
{"ts": "2026-09-24T00:40:30.686189+00:00", "trace_id": null, "stage": "gate", "event": "start", "candidates_in": 5}
{"ts": "2026-09-24T00:40:30.689932+00:00", "trace_id": null, "stage": "gate", "event": "finish", "duration_ms": 3.743, "candidates_in": 5, "candidates_out": 5, "top_score": 0.5128035088513719}
{"ts": "2026-09-24T00:40:30.689963+00:00", "trace_id": null, "stage": "embed_query", "event": "start", "model": "Qwen/Qwen3-Embedding-0.6B"}
{"ts": "2026-09-24T00:40:30.721120+00:00", "trace_id": null, "stage": "embed_query", "event": "finish", "duration_ms": 31.155, "model": "Qwen/Qwen3-Embedding-0.6B"}
{"ts": "2026-09-24T00:40:30.721169+00:00", "trace_id": null, "stage": "dense", "event": "start"}
{"ts": "2026-09-24T00:40:30.721390+00:00", "trace_id": null, "stage": "dense", "event": "finish", "duration_ms": 0.219, "candidates_out": 20}
{"ts": "2026-09-24T00:40:30.721426+00:00", "trace_id": null, "stage": "lexical", "event": "start"}
{"ts": "2026-09-24T00:40:30.721702+00:00", "trace_id": null, "stage": "lexical", "event": "finish", "duration_ms": 0.276, "candidates_out": 19}
{"ts": "2026-09-24T00:40:30.721736+00:00", "trace_id": null, "stage": "fuse", "event": "start", "candidates_in": 30}
{"ts": "2026-09-24T00:40:30.721808+00:00", "trace_id": null, "stage": "fuse", "event": "finish", "duration_ms": 0.071, "candidates_in": 30, "candidates_out": 22, "top_score": 0.03278688524590164}
{"ts": "2026-09-24T00:40:30.722048+00:00", "trace_id": null, "stage": "rerank", "event": "start", "candidates_in": 20}
{"ts": "2026-09-24T00:40:31.724723+00:00", "trace_id": null, "stage": "rerank", "event": "stage_slow", "duration_ms": 1002.657, "candidates_in": 20, "soft_budget_ms": 1000.0}
{"ts": "2026-09-24T00:40:32.470689+00:00", "trace_id": null, "stage": "rerank", "event": "finish", "duration_ms": 1748.619, "candidates_in": 20, "candidates_out": 20, "top_score": 0.5489736571752578}
{"ts": "2026-09-24T00:40:32.471404+00:00", "trace_id": null, "stage": "gate", "event": "start", "candidates_in": 5}
{"ts": "2026-09-24T00:40:32.473470+00:00", "trace_id": null, "stage": "gate", "event": "finish", "duration_ms": 2.067, "candidates_in": 5, "candidates_out": 5, "top_score": 0.5489736571752578}
{"ts": "2026-09-24T00:40:32.473511+00:00", "trace_id": null, "stage": "embed_query", "event": "start", "model": "Qwen/Qwen3-Embedding-0.6B"}
{"ts": "2026-09-24T00:40:32.519390+00:00", "trace_id": null, "stage": "embed_query", "event": "finish", "duration_ms": 45.876, "model": "Qwen/Qwen3-Embedding-0.6B"}
{"ts": "2026-09-24T00:40:32.519440+00:00", "trace_id": null, "stage": "dense", "event": "start"}
{"ts": "2026-09-24T00:40:32.519684+00:00", "trace_id": null, "stage": "dense", "event": "finish", "duration_ms": 0.242, "candidates_out": 20}
{"ts": "2026-09-24T00:40:32.519718+00:00", "trace_id": null, "stage": "lexical", "event": "start"}
{"ts": "2026-09-24T00:40:32.520061+00:00", "trace_id": null, "stage": "lexical", "event": "finish", "duration_ms": 0.343, "candidates_out": 20}
{"ts": "2026-09-24T00:40:32.520096+00:00", "trace_id": null, "stage": "fuse", "event": "start", "candidates_in": 32}
{"ts": "2026-09-24T00:40:32.520169+00:00", "trace_id": null, "stage": "fuse", "event": "finish", "duration_ms": 0.073, "candidates_in": 32, "candidates_out": 20, "top_score": 0.032266458495966696}
{"ts": "2026-09-24T00:40:32.520445+00:00", "trace_id": null, "stage": "rerank", "event": "start", "candidates_in": 20}
{"ts": "2026-09-24T00:40:33.524653+00:00", "trace_id": null, "stage": "rerank", "event": "stage_slow", "duration_ms": 1004.193, "candidates_in": 20, "soft_budget_ms": 1000.0}
{"ts": "2026-09-24T00:40:34.489145+00:00", "trace_id": null, "stage": "rerank", "event": "finish", "duration_ms": 1968.675, "candidates_in": 20, "candidates_out": 20, "top_score": 0.708408414925463}
{"ts": "2026-09-24T00:40:34.489591+00:00", "trace_id": null, "stage": "gate", "event": "start", "candidates_in": 5}
{"ts": "2026-09-24T00:40:34.491554+00:00", "trace_id": null, "stage": "gate", "event": "finish", "duration_ms": 1.962, "candidates_in": 5, "candidates_out": 5, "top_score": 0.708408414925463}
{"ts": "2026-09-24T00:40:34.491584+00:00", "trace_id": null, "stage": "embed_query", "event": "start", "model": "Qwen/Qwen3-Embedding-0.6B"}
{"ts": "2026-09-24T00:40:34.523678+00:00", "trace_id": null, "stage": "embed_query", "event": "finish", "duration_ms": 32.091, "model": "Qwen/Qwen3-Embedding-0.6B"}
{"ts": "2026-09-24T00:40:34.523734+00:00", "trace_id": null, "stage": "dense", "event": "start"}
{"ts": "2026-09-24T00:40:34.523944+00:00", "trace_id": null, "stage": "dense", "event": "finish", "duration_ms": 0.21, "candidates_out": 20}
{"ts": "2026-09-24T00:40:34.523973+00:00", "trace_id": null, "stage": "lexical", "event": "start"}
{"ts": "2026-09-24T00:40:34.524297+00:00", "trace_id": null, "stage": "lexical", "event": "finish", "duration_ms": 0.325, "candidates_out": 20}
{"ts": "2026-09-24T00:40:34.524328+00:00", "trace_id": null, "stage": "fuse", "event": "start", "candidates_in": 34}
{"ts": "2026-09-24T00:40:34.524400+00:00", "trace_id": null, "stage": "fuse", "event": "finish", "duration_ms": 0.071, "candidates_in": 34, "candidates_out": 25, "top_score": 0.03252247488101534}
{"ts": "2026-09-24T00:40:34.524623+00:00", "trace_id": null, "stage": "rerank", "event": "start", "candidates_in": 20}
{"ts": "2026-09-24T00:40:35.528225+00:00", "trace_id": null, "stage": "rerank", "event": "stage_slow", "duration_ms": 1003.588, "candidates_in": 20, "soft_budget_ms": 1000.0}
{"ts": "2026-09-24T00:40:36.711356+00:00", "trace_id": null, "stage": "rerank", "event": "finish", "duration_ms": 2186.707, "candidates_in": 20, "candidates_out": 20, "top_score": 0.5107960039964672}
{"ts": "2026-09-24T00:40:36.711818+00:00", "trace_id": null, "stage": "gate", "event": "start", "candidates_in": 5}
{"ts": "2026-09-24T00:40:36.711919+00:00", "trace_id": null, "stage": "gate", "event": "finish", "duration_ms": 0.1, "candidates_in": 5, "candidates_out": 5, "top_score": 0.5107960039964672}
{"ts": "2026-09-24T00:40:36.711959+00:00", "trace_id": null, "stage": "embed_query", "event": "start", "model": "Qwen/Qwen3-Embedding-0.6B"}
{"ts": "2026-09-24T00:40:36.743722+00:00", "trace_id": null, "stage": "embed_query", "event": "finish", "duration_ms": 31.758, "model": "Qwen/Qwen3-Embedding-0.6B"}
{"ts": "2026-09-24T00:40:36.743787+00:00", "trace_id": null, "stage": "dense", "event": "start"}
{"ts": "2026-09-24T00:40:36.744086+00:00", "trace_id": null, "stage": "dense", "event": "finish", "duration_ms": 0.299, "candidates_out": 20}
{"ts": "2026-09-24T00:40:36.744113+00:00", "trace_id": null, "stage": "lexical", "event": "start"}
{"ts": "2026-09-24T00:40:36.744416+00:00", "trace_id": null, "stage": "lexical", "event": "finish", "duration_ms": 0.302, "candidates_out": 20}
{"ts": "2026-09-24T00:40:36.744451+00:00", "trace_id": null, "stage": "fuse", "event": "start", "candidates_in": 28}
{"ts": "2026-09-24T00:40:36.744550+00:00", "trace_id": null, "stage": "fuse", "event": "finish", "duration_ms": 0.099, "candidates_in": 28, "candidates_out": 18, "top_score": 0.031746031746031744}
{"ts": "2026-09-24T00:40:36.744768+00:00", "trace_id": null, "stage": "rerank", "event": "start", "candidates_in": 18}
{"ts": "2026-09-24T00:40:37.749719+00:00", "trace_id": null, "stage": "rerank", "event": "stage_slow", "duration_ms": 1004.929, "candidates_in": 18, "soft_budget_ms": 1000.0}
{"ts": "2026-09-24T00:40:38.448797+00:00", "trace_id": null, "stage": "rerank", "event": "finish", "duration_ms": 1704.005, "candidates_in": 18, "candidates_out": 18, "top_score": 0.7308158327013725}
{"ts": "2026-09-24T00:40:38.449564+00:00", "trace_id": null, "stage": "gate", "event": "start", "candidates_in": 5}
{"ts": "2026-09-24T00:40:38.451360+00:00", "trace_id": null, "stage": "gate", "event": "finish", "duration_ms": 1.796, "candidates_in": 5, "candidates_out": 5, "top_score": 0.7308158327013725}
{"ts": "2026-09-24T00:40:38.451417+00:00", "trace_id": null, "stage": "embed_query", "event": "start", "model": "Qwen/Qwen3-Embedding-0.6B"}
{"ts": "2026-09-24T00:40:38.493383+00:00", "trace_id": null, "stage": "embed_query", "event": "finish", "duration_ms": 41.963, "model": "Qwen/Qwen3-Embedding-0.6B"}
{"ts": "2026-09-24T00:40:38.493442+00:00", "trace_id": null, "stage": "dense", "event": "start"}
{"ts": "2026-09-24T00:40:38.493685+00:00", "trace_id": null, "stage": "dense", "event": "finish", "duration_ms": 0.242, "candidates_out": 20}
{"ts": "2026-09-24T00:40:38.493724+00:00", "trace_id": null, "stage": "lexical", "event": "start"}
{"ts": "2026-09-24T00:40:38.494101+00:00", "trace_id": null, "stage": "lexical", "event": "finish", "duration_ms": 0.376, "candidates_out": 20}
{"ts": "2026-09-24T00:40:38.494139+00:00", "trace_id": null, "stage": "fuse", "event": "start", "candidates_in": 27}
{"ts": "2026-09-24T00:40:38.494240+00:00", "trace_id": null, "stage": "fuse", "event": "finish", "duration_ms": 0.1, "candidates_in": 27, "candidates_out": 19, "top_score": 0.03278688524590164}
{"ts": "2026-09-24T00:40:38.494507+00:00", "trace_id": null, "stage": "rerank", "event": "start", "candidates_in": 19}
{"ts": "2026-09-24T00:40:39.499597+00:00", "trace_id": null, "stage": "rerank", "event": "stage_slow", "duration_ms": 1005.073, "candidates_in": 19, "soft_budget_ms": 1000.0}
{"ts": "2026-09-24T00:40:40.317938+00:00", "trace_id": null, "stage": "rerank", "event": "finish", "duration_ms": 1823.409, "candidates_in": 19, "candidates_out": 19, "top_score": 0.7225341641984063}
{"ts": "2026-09-24T00:40:40.318395+00:00", "trace_id": null, "stage": "gate", "event": "start", "candidates_in": 5}
{"ts": "2026-09-24T00:40:40.322313+00:00", "trace_id": null, "stage": "gate", "event": "finish", "duration_ms": 3.918, "candidates_in": 5, "candidates_out": 5, "top_score": 0.720461980641848}
{"ts": "2026-09-24T00:40:40.322343+00:00", "trace_id": null, "stage": "embed_query", "event": "start", "model": "Qwen/Qwen3-Embedding-0.6B"}
{"ts": "2026-09-24T00:40:40.353939+00:00", "trace_id": null, "stage": "embed_query", "event": "finish", "duration_ms": 31.594, "model": "Qwen/Qwen3-Embedding-0.6B"}
{"ts": "2026-09-24T00:40:40.353985+00:00", "trace_id": null, "stage": "dense", "event": "start"}
{"ts": "2026-09-24T00:40:40.354189+00:00", "trace_id": null, "stage": "dense", "event": "finish", "duration_ms": 0.203, "candidates_out": 20}
{"ts": "2026-09-24T00:40:40.354221+00:00", "trace_id": null, "stage": "lexical", "event": "start"}
{"ts": "2026-09-24T00:40:40.354535+00:00", "trace_id": null, "stage": "lexical", "event": "finish", "duration_ms": 0.313, "candidates_out": 20}
{"ts": "2026-09-24T00:40:40.354565+00:00", "trace_id": null, "stage": "fuse", "event": "start", "candidates_in": 30}
{"ts": "2026-09-24T00:40:40.354646+00:00", "trace_id": null, "stage": "fuse", "event": "finish", "duration_ms": 0.081, "candidates_in": 30, "candidates_out": 24, "top_score": 0.03278688524590164}
{"ts": "2026-09-24T00:40:40.354885+00:00", "trace_id": null, "stage": "rerank", "event": "start", "candidates_in": 20}
{"ts": "2026-09-24T00:40:41.358117+00:00", "trace_id": null, "stage": "rerank", "event": "stage_slow", "duration_ms": 1003.222, "candidates_in": 20, "soft_budget_ms": 1000.0}
{"ts": "2026-09-24T00:40:42.251495+00:00", "trace_id": null, "stage": "rerank", "event": "finish", "duration_ms": 1896.59, "candidates_in": 20, "candidates_out": 20, "top_score": 0.6878631124185012}
{"ts": "2026-09-24T00:40:42.251978+00:00", "trace_id": null, "stage": "gate", "event": "start", "candidates_in": 5}
{"ts": "2026-09-24T00:40:42.257145+00:00", "trace_id": null, "stage": "gate", "event": "finish", "duration_ms": 5.166, "candidates_in": 5, "candidates_out": 5, "top_score": 0.6878631124185012}
{"ts": "2026-09-24T00:40:42.257175+00:00", "trace_id": null, "stage": "embed_query", "event": "start", "model": "Qwen/Qwen3-Embedding-0.6B"}
{"ts": "2026-09-24T00:40:42.293659+00:00", "trace_id": null, "stage": "embed_query", "event": "finish", "duration_ms": 36.481, "model": "Qwen/Qwen3-Embedding-0.6B"}
{"ts": "2026-09-24T00:40:42.293717+00:00", "trace_id": null, "stage": "dense", "event": "start"}
{"ts": "2026-09-24T00:40:42.293938+00:00", "trace_id": null, "stage": "dense", "event": "finish", "duration_ms": 0.22, "candidates_out": 20}
{"ts": "2026-09-24T00:40:42.293971+00:00", "trace_id": null, "stage": "lexical", "event": "start"}
{"ts": "2026-09-24T00:40:42.294302+00:00", "trace_id": null, "stage": "lexical", "event": "finish", "duration_ms": 0.329, "candidates_out": 20}
{"ts": "2026-09-24T00:40:42.294347+00:00", "trace_id": null, "stage": "fuse", "event": "start", "candidates_in": 31}
{"ts": "2026-09-24T00:40:42.294417+00:00", "trace_id": null, "stage": "fuse", "event": "finish", "duration_ms": 0.071, "candidates_in": 31, "candidates_out": 19, "top_score": 0.03278688524590164}
{"ts": "2026-09-24T00:40:42.294642+00:00", "trace_id": null, "stage": "rerank", "event": "start", "candidates_in": 19}
{"ts": "2026-09-24T00:40:43.295505+00:00", "trace_id": null, "stage": "rerank", "event": "stage_slow", "duration_ms": 1000.845, "candidates_in": 19, "soft_budget_ms": 1000.0}
{"ts": "2026-09-24T00:40:44.048987+00:00", "trace_id": null, "stage": "rerank", "event": "finish", "duration_ms": 1754.322, "candidates_in": 19, "candidates_out": 19, "top_score": 0.7237283691930124}
{"ts": "2026-09-24T00:40:44.049426+00:00", "trace_id": null, "stage": "gate", "event": "start", "candidates_in": 5}
{"ts": "2026-09-24T00:40:44.049508+00:00", "trace_id": null, "stage": "gate", "event": "finish", "duration_ms": 0.082, "candidates_in": 5, "candidates_out": 5, "top_score": 0.7237283691930124}
{"ts": "2026-09-24T00:40:44.052337+00:00", "trace_id": null, "stage": "embed_query", "event": "start", "model": "Qwen/Qwen3-Embedding-0.6B"}
{"ts": "2026-09-24T00:40:44.082964+00:00", "trace_id": null, "stage": "embed_query", "event": "finish", "duration_ms": 30.623, "model": "Qwen/Qwen3-Embedding-0.6B"}
{"ts": "2026-09-24T00:40:44.083017+00:00", "trace_id": null, "stage": "dense", "event": "start"}
{"ts": "2026-09-24T00:40:44.083293+00:00", "trace_id": null, "stage": "dense", "event": "finish", "duration_ms": 0.276, "candidates_out": 20}
{"ts": "2026-09-24T00:40:44.083323+00:00", "trace_id": null, "stage": "lexical", "event": "start"}
{"ts": "2026-09-24T00:40:44.083588+00:00", "trace_id": null, "stage": "lexical", "event": "finish", "duration_ms": 0.264, "candidates_out": 20}
{"ts": "2026-09-24T00:40:44.083631+00:00", "trace_id": null, "stage": "fuse", "event": "start", "candidates_in": 33}
{"ts": "2026-09-24T00:40:44.083711+00:00", "trace_id": null, "stage": "fuse", "event": "finish", "duration_ms": 0.08, "candidates_in": 33, "candidates_out": 22, "top_score": 0.03278688524590164}
{"ts": "2026-09-24T00:40:44.083928+00:00", "trace_id": null, "stage": "rerank", "event": "start", "candidates_in": 20}
{"ts": "2026-09-24T00:40:45.089009+00:00", "trace_id": null, "stage": "rerank", "event": "stage_slow", "duration_ms": 1005.066, "candidates_in": 20, "soft_budget_ms": 1000.0}
{"ts": "2026-09-24T00:40:45.829138+00:00", "trace_id": null, "stage": "rerank", "event": "finish", "duration_ms": 1745.187, "candidates_in": 20, "candidates_out": 20, "top_score": 0.7308801314085724}
{"ts": "2026-09-24T00:40:45.829580+00:00", "trace_id": null, "stage": "gate", "event": "start", "candidates_in": 5}
{"ts": "2026-09-24T00:40:45.829674+00:00", "trace_id": null, "stage": "gate", "event": "finish", "duration_ms": 0.094, "candidates_in": 5, "candidates_out": 5, "top_score": 0.7308801314085724}
{"ts": "2026-09-24T00:40:45.829707+00:00", "trace_id": null, "stage": "embed_query", "event": "start", "model": "Qwen/Qwen3-Embedding-0.6B"}
{"ts": "2026-09-24T00:40:45.829780+00:00", "trace_id": null, "stage": "embed_query", "event": "finish", "duration_ms": 0.073, "model": "Qwen/Qwen3-Embedding-0.6B"}
{"ts": "2026-09-24T00:40:45.829798+00:00", "trace_id": null, "stage": "dense", "event": "start"}
{"ts": "2026-09-24T00:40:45.829970+00:00", "trace_id": null, "stage": "dense", "event": "finish", "duration_ms": 0.172, "candidates_out": 20}
{"ts": "2026-09-24T00:40:45.829986+00:00", "trace_id": null, "stage": "lexical", "event": "start"}
{"ts": "2026-09-24T00:40:45.830239+00:00", "trace_id": null, "stage": "lexical", "event": "finish", "duration_ms": 0.251, "candidates_out": 20}
{"ts": "2026-09-24T00:40:45.830279+00:00", "trace_id": null, "stage": "fuse", "event": "start", "candidates_in": 31}
{"ts": "2026-09-24T00:40:45.830348+00:00", "trace_id": null, "stage": "fuse", "event": "finish", "duration_ms": 0.068, "candidates_in": 31, "candidates_out": 19, "top_score": 0.03278688524590164}
{"ts": "2026-09-24T00:40:45.830573+00:00", "trace_id": null, "stage": "rerank", "event": "start", "candidates_in": 19}
{"ts": "2026-09-24T00:40:46.833102+00:00", "trace_id": null, "stage": "rerank", "event": "stage_slow", "duration_ms": 1002.51, "candidates_in": 19, "soft_budget_ms": 1000.0}
{"ts": "2026-09-24T00:40:47.516713+00:00", "trace_id": null, "stage": "rerank", "event": "finish", "duration_ms": 1686.118, "candidates_in": 19, "candidates_out": 19, "top_score": 0.7275253434628324}
{"ts": "2026-09-24T00:40:47.517159+00:00", "trace_id": null, "stage": "gate", "event": "start", "candidates_in": 5}
{"ts": "2026-09-24T00:40:47.517246+00:00", "trace_id": null, "stage": "gate", "event": "finish", "duration_ms": 0.087, "candidates_in": 5, "candidates_out": 5, "top_score": 0.7275253434628324}
{"ts": "2026-09-24T00:40:47.517274+00:00", "trace_id": null, "stage": "embed_query", "event": "start", "model": "Qwen/Qwen3-Embedding-0.6B"}
{"ts": "2026-09-24T00:40:47.554399+00:00", "trace_id": null, "stage": "embed_query", "event": "finish", "duration_ms": 37.118, "model": "Qwen/Qwen3-Embedding-0.6B"}
{"ts": "2026-09-24T00:40:47.554574+00:00", "trace_id": null, "stage": "dense", "event": "start"}
{"ts": "2026-09-24T00:40:47.555198+00:00", "trace_id": null, "stage": "dense", "event": "finish", "duration_ms": 0.624, "candidates_out": 20}
{"ts": "2026-09-24T00:40:47.555247+00:00", "trace_id": null, "stage": "lexical", "event": "start"}
{"ts": "2026-09-24T00:40:47.555763+00:00", "trace_id": null, "stage": "lexical", "event": "finish", "duration_ms": 0.515, "candidates_out": 20}
{"ts": "2026-09-24T00:40:47.555814+00:00", "trace_id": null, "stage": "fuse", "event": "start", "candidates_in": 33}
{"ts": "2026-09-24T00:40:47.555965+00:00", "trace_id": null, "stage": "fuse", "event": "finish", "duration_ms": 0.15, "candidates_in": 33, "candidates_out": 20, "top_score": 0.03278688524590164}
{"ts": "2026-09-24T00:40:47.556448+00:00", "trace_id": null, "stage": "rerank", "event": "start", "candidates_in": 20}
{"ts": "2026-09-24T00:40:48.557224+00:00", "trace_id": null, "stage": "rerank", "event": "stage_slow", "duration_ms": 1000.764, "candidates_in": 20, "soft_budget_ms": 1000.0}
{"ts": "2026-09-24T00:40:49.341733+00:00", "trace_id": null, "stage": "rerank", "event": "finish", "duration_ms": 1785.264, "candidates_in": 20, "candidates_out": 20, "top_score": 0.6357854802943926}
{"ts": "2026-09-24T00:40:49.342177+00:00", "trace_id": null, "stage": "gate", "event": "start", "candidates_in": 5}
{"ts": "2026-09-24T00:40:49.342249+00:00", "trace_id": null, "stage": "gate", "event": "finish", "duration_ms": 0.071, "candidates_in": 5, "candidates_out": 0, "reason": "no_confident_hit"}
{"ts": "2026-09-24T00:40:49.342286+00:00", "trace_id": null, "stage": "embed_query", "event": "start", "model": "Qwen/Qwen3-Embedding-0.6B"}
{"ts": "2026-09-24T00:40:49.373316+00:00", "trace_id": null, "stage": "embed_query", "event": "finish", "duration_ms": 31.027, "model": "Qwen/Qwen3-Embedding-0.6B"}
{"ts": "2026-09-24T00:40:49.373363+00:00", "trace_id": null, "stage": "dense", "event": "start"}
{"ts": "2026-09-24T00:40:49.373577+00:00", "trace_id": null, "stage": "dense", "event": "finish", "duration_ms": 0.213, "candidates_out": 20}
{"ts": "2026-09-24T00:40:49.373604+00:00", "trace_id": null, "stage": "lexical", "event": "start"}
{"ts": "2026-09-24T00:40:49.373876+00:00", "trace_id": null, "stage": "lexical", "event": "finish", "duration_ms": 0.273, "candidates_out": 20}
{"ts": "2026-09-24T00:40:49.373909+00:00", "trace_id": null, "stage": "fuse", "event": "start", "candidates_in": 31}
{"ts": "2026-09-24T00:40:49.373981+00:00", "trace_id": null, "stage": "fuse", "event": "finish", "duration_ms": 0.072, "candidates_in": 31, "candidates_out": 18, "top_score": 0.03252247488101534}
{"ts": "2026-09-24T00:40:49.374167+00:00", "trace_id": null, "stage": "rerank", "event": "start", "candidates_in": 18}
{"ts": "2026-09-24T00:40:50.377827+00:00", "trace_id": null, "stage": "rerank", "event": "stage_slow", "duration_ms": 1003.641, "candidates_in": 18, "soft_budget_ms": 1000.0}
{"ts": "2026-09-24T00:40:50.965740+00:00", "trace_id": null, "stage": "rerank", "event": "finish", "duration_ms": 1591.551, "candidates_in": 18, "candidates_out": 18, "top_score": 0.642159454821402}
{"ts": "2026-09-24T00:40:50.966166+00:00", "trace_id": null, "stage": "gate", "event": "start", "candidates_in": 5}
{"ts": "2026-09-24T00:40:50.966240+00:00", "trace_id": null, "stage": "gate", "event": "finish", "duration_ms": 0.073, "candidates_in": 5, "candidates_out": 0, "reason": "no_confident_hit"}
{"ts": "2026-09-24T00:40:50.966283+00:00", "trace_id": null, "stage": "embed_query", "event": "start", "model": "Qwen/Qwen3-Embedding-0.6B"}
{"ts": "2026-09-24T00:40:50.997244+00:00", "trace_id": null, "stage": "embed_query", "event": "finish", "duration_ms": 30.959, "model": "Qwen/Qwen3-Embedding-0.6B"}
{"ts": "2026-09-24T00:40:50.997290+00:00", "trace_id": null, "stage": "dense", "event": "start"}
{"ts": "2026-09-24T00:40:50.997500+00:00", "trace_id": null, "stage": "dense", "event": "finish", "duration_ms": 0.208, "candidates_out": 20}
{"ts": "2026-09-24T00:40:50.997531+00:00", "trace_id": null, "stage": "lexical", "event": "start"}
{"ts": "2026-09-24T00:40:50.997787+00:00", "trace_id": null, "stage": "lexical", "event": "finish", "duration_ms": 0.255, "candidates_out": 20}
{"ts": "2026-09-24T00:40:50.997818+00:00", "trace_id": null, "stage": "fuse", "event": "start", "candidates_in": 31}
{"ts": "2026-09-24T00:40:50.997895+00:00", "trace_id": null, "stage": "fuse", "event": "finish", "duration_ms": 0.076, "candidates_in": 31, "candidates_out": 19, "top_score": 0.03278688524590164}
{"ts": "2026-09-24T00:40:50.998115+00:00", "trace_id": null, "stage": "rerank", "event": "start", "candidates_in": 19}
{"ts": "2026-09-24T00:40:52.003189+00:00", "trace_id": null, "stage": "rerank", "event": "stage_slow", "duration_ms": 1005.059, "candidates_in": 19, "soft_budget_ms": 1000.0}
{"ts": "2026-09-24T00:40:52.673479+00:00", "trace_id": null, "stage": "rerank", "event": "finish", "duration_ms": 1675.342, "candidates_in": 19, "candidates_out": 19, "top_score": 0.6657131870793718}
{"ts": "2026-09-24T00:40:52.673922+00:00", "trace_id": null, "stage": "gate", "event": "start", "candidates_in": 5}
{"ts": "2026-09-24T00:40:52.673995+00:00", "trace_id": null, "stage": "gate", "event": "finish", "duration_ms": 0.073, "candidates_in": 5, "candidates_out": 0, "reason": "no_confident_hit"}
{"ts": "2026-09-24T00:40:52.674028+00:00", "trace_id": null, "stage": "embed_query", "event": "start", "model": "Qwen/Qwen3-Embedding-0.6B"}
{"ts": "2026-09-24T00:40:52.705641+00:00", "trace_id": null, "stage": "embed_query", "event": "finish", "duration_ms": 31.609, "model": "Qwen/Qwen3-Embedding-0.6B"}
{"ts": "2026-09-24T00:40:52.705689+00:00", "trace_id": null, "stage": "dense", "event": "start"}
{"ts": "2026-09-24T00:40:52.705891+00:00", "trace_id": null, "stage": "dense", "event": "finish", "duration_ms": 0.201, "candidates_out": 20}
{"ts": "2026-09-24T00:40:52.705911+00:00", "trace_id": null, "stage": "lexical", "event": "start"}
{"ts": "2026-09-24T00:40:52.706181+00:00", "trace_id": null, "stage": "lexical", "event": "finish", "duration_ms": 0.269, "candidates_out": 20}
{"ts": "2026-09-24T00:40:52.706224+00:00", "trace_id": null, "stage": "fuse", "event": "start", "candidates_in": 32}
{"ts": "2026-09-24T00:40:52.706291+00:00", "trace_id": null, "stage": "fuse", "event": "finish", "duration_ms": 0.067, "candidates_in": 32, "candidates_out": 21, "top_score": 0.03278688524590164}
{"ts": "2026-09-24T00:40:52.706552+00:00", "trace_id": null, "stage": "rerank", "event": "start", "candidates_in": 20}
{"ts": "2026-09-24T00:40:53.711640+00:00", "trace_id": null, "stage": "rerank", "event": "stage_slow", "duration_ms": 1005.069, "candidates_in": 20, "soft_budget_ms": 1000.0}
{"ts": "2026-09-24T00:40:54.468719+00:00", "trace_id": null, "stage": "rerank", "event": "finish", "duration_ms": 1762.144, "candidates_in": 20, "candidates_out": 20, "top_score": 0.6753619686086838}
{"ts": "2026-09-24T00:40:54.469159+00:00", "trace_id": null, "stage": "gate", "event": "start", "candidates_in": 5}
{"ts": "2026-09-24T00:40:54.469225+00:00", "trace_id": null, "stage": "gate", "event": "finish", "duration_ms": 0.066, "candidates_in": 5, "candidates_out": 0, "reason": "no_confident_hit"}
{"ts": "2026-09-24T00:40:54.469248+00:00", "trace_id": null, "stage": "embed_query", "event": "start", "model": "Qwen/Qwen3-Embedding-0.6B"}
{"ts": "2026-09-24T00:40:54.501382+00:00", "trace_id": null, "stage": "embed_query", "event": "finish", "duration_ms": 32.131, "model": "Qwen/Qwen3-Embedding-0.6B"}
{"ts": "2026-09-24T00:40:54.501434+00:00", "trace_id": null, "stage": "dense", "event": "start"}
{"ts": "2026-09-24T00:40:54.501629+00:00", "trace_id": null, "stage": "dense", "event": "finish", "duration_ms": 0.194, "candidates_out": 20}
{"ts": "2026-09-24T00:40:54.501650+00:00", "trace_id": null, "stage": "lexical", "event": "start"}
{"ts": "2026-09-24T00:40:54.501905+00:00", "trace_id": null, "stage": "lexical", "event": "finish", "duration_ms": 0.254, "candidates_out": 20}
{"ts": "2026-09-24T00:40:54.501944+00:00", "trace_id": null, "stage": "fuse", "event": "start", "candidates_in": 30}
{"ts": "2026-09-24T00:40:54.502018+00:00", "trace_id": null, "stage": "fuse", "event": "finish", "duration_ms": 0.074, "candidates_in": 30, "candidates_out": 19, "top_score": 0.03252247488101534}
{"ts": "2026-09-24T00:40:54.502235+00:00", "trace_id": null, "stage": "rerank", "event": "start", "candidates_in": 19}
{"ts": "2026-09-24T00:40:55.507322+00:00", "trace_id": null, "stage": "rerank", "event": "stage_slow", "duration_ms": 1005.068, "candidates_in": 19, "soft_budget_ms": 1000.0}
{"ts": "2026-09-24T00:40:56.169831+00:00", "trace_id": null, "stage": "rerank", "event": "finish", "duration_ms": 1667.573, "candidates_in": 19, "candidates_out": 19, "top_score": 0.7231381737620692}
{"ts": "2026-09-24T00:40:56.170259+00:00", "trace_id": null, "stage": "gate", "event": "start", "candidates_in": 5}
{"ts": "2026-09-24T00:40:56.170349+00:00", "trace_id": null, "stage": "gate", "event": "finish", "duration_ms": 0.091, "candidates_in": 5, "candidates_out": 5, "top_score": 0.7231381737620692}
{"ts": "2026-09-24T00:40:56.170374+00:00", "trace_id": null, "stage": "embed_query", "event": "start", "model": "Qwen/Qwen3-Embedding-0.6B"}
{"ts": "2026-09-24T00:40:56.200763+00:00", "trace_id": null, "stage": "embed_query", "event": "finish", "duration_ms": 30.385, "model": "Qwen/Qwen3-Embedding-0.6B"}
{"ts": "2026-09-24T00:40:56.200822+00:00", "trace_id": null, "stage": "dense", "event": "start"}
{"ts": "2026-09-24T00:40:56.201031+00:00", "trace_id": null, "stage": "dense", "event": "finish", "duration_ms": 0.209, "candidates_out": 20}
{"ts": "2026-09-24T00:40:56.201053+00:00", "trace_id": null, "stage": "lexical", "event": "start"}
{"ts": "2026-09-24T00:40:56.201317+00:00", "trace_id": null, "stage": "lexical", "event": "finish", "duration_ms": 0.263, "candidates_out": 20}
{"ts": "2026-09-24T00:40:56.201344+00:00", "trace_id": null, "stage": "fuse", "event": "start", "candidates_in": 30}
{"ts": "2026-09-24T00:40:56.201405+00:00", "trace_id": null, "stage": "fuse", "event": "finish", "duration_ms": 0.06, "candidates_in": 30, "candidates_out": 19, "top_score": 0.03252247488101534}
{"ts": "2026-09-24T00:40:56.201636+00:00", "trace_id": null, "stage": "rerank", "event": "start", "candidates_in": 19}
{"ts": "2026-09-24T00:40:57.206716+00:00", "trace_id": null, "stage": "rerank", "event": "stage_slow", "duration_ms": 1005.064, "candidates_in": 19, "soft_budget_ms": 1000.0}
{"ts": "2026-09-24T00:40:57.742694+00:00", "trace_id": null, "stage": "rerank", "event": "finish", "duration_ms": 1541.039, "candidates_in": 19, "candidates_out": 19, "top_score": 0.5778115462628196}
{"ts": "2026-09-24T00:40:57.743132+00:00", "trace_id": null, "stage": "gate", "event": "start", "candidates_in": 5}
{"ts": "2026-09-24T00:40:57.743216+00:00", "trace_id": null, "stage": "gate", "event": "finish", "duration_ms": 0.084, "candidates_in": 5, "candidates_out": 0, "reason": "no_confident_hit"}
{"ts": "2026-09-24T00:40:57.743241+00:00", "trace_id": null, "stage": "embed_query", "event": "start", "model": "Qwen/Qwen3-Embedding-0.6B"}
{"ts": "2026-09-24T00:40:57.774884+00:00", "trace_id": null, "stage": "embed_query", "event": "finish", "duration_ms": 31.64, "model": "Qwen/Qwen3-Embedding-0.6B"}
{"ts": "2026-09-24T00:40:57.774965+00:00", "trace_id": null, "stage": "dense", "event": "start"}
{"ts": "2026-09-24T00:40:57.775196+00:00", "trace_id": null, "stage": "dense", "event": "finish", "duration_ms": 0.23, "candidates_out": 20}
{"ts": "2026-09-24T00:40:57.775229+00:00", "trace_id": null, "stage": "lexical", "event": "start"}
{"ts": "2026-09-24T00:40:57.775487+00:00", "trace_id": null, "stage": "lexical", "event": "finish", "duration_ms": 0.258, "candidates_out": 20}
{"ts": "2026-09-24T00:40:57.775518+00:00", "trace_id": null, "stage": "fuse", "event": "start", "candidates_in": 33}
{"ts": "2026-09-24T00:40:57.775581+00:00", "trace_id": null, "stage": "fuse", "event": "finish", "duration_ms": 0.063, "candidates_in": 33, "candidates_out": 23, "top_score": 0.03278688524590164}
{"ts": "2026-09-24T00:40:57.775806+00:00", "trace_id": null, "stage": "rerank", "event": "start", "candidates_in": 20}
{"ts": "2026-09-24T00:40:58.780906+00:00", "trace_id": null, "stage": "rerank", "event": "stage_slow", "duration_ms": 1005.079, "candidates_in": 20, "soft_budget_ms": 1000.0}
{"ts": "2026-09-24T00:40:59.622815+00:00", "trace_id": null, "stage": "rerank", "event": "finish", "duration_ms": 1846.986, "candidates_in": 20, "candidates_out": 20, "top_score": 0.7028691799580828}
{"ts": "2026-09-24T00:40:59.623254+00:00", "trace_id": null, "stage": "gate", "event": "start", "candidates_in": 5}
{"ts": "2026-09-24T00:40:59.623321+00:00", "trace_id": null, "stage": "gate", "event": "finish", "duration_ms": 0.067, "candidates_in": 5, "candidates_out": 0, "reason": "no_confident_hit"}
{"ts": "2026-09-24T00:40:59.623345+00:00", "trace_id": null, "stage": "embed_query", "event": "start", "model": "Qwen/Qwen3-Embedding-0.6B"}
{"ts": "2026-09-24T00:40:59.658448+00:00", "trace_id": null, "stage": "embed_query", "event": "finish", "duration_ms": 35.101, "model": "Qwen/Qwen3-Embedding-0.6B"}
{"ts": "2026-09-24T00:40:59.658493+00:00", "trace_id": null, "stage": "dense", "event": "start"}
{"ts": "2026-09-24T00:40:59.658687+00:00", "trace_id": null, "stage": "dense", "event": "finish", "duration_ms": 0.193, "candidates_out": 20}
{"ts": "2026-09-24T00:40:59.658706+00:00", "trace_id": null, "stage": "lexical", "event": "start"}
{"ts": "2026-09-24T00:40:59.658998+00:00", "trace_id": null, "stage": "lexical", "event": "finish", "duration_ms": 0.29, "candidates_out": 20}
{"ts": "2026-09-24T00:40:59.659040+00:00", "trace_id": null, "stage": "fuse", "event": "start", "candidates_in": 34}
{"ts": "2026-09-24T00:40:59.659121+00:00", "trace_id": null, "stage": "fuse", "event": "finish", "duration_ms": 0.08, "candidates_in": 34, "candidates_out": 21, "top_score": 0.03252247488101534}
{"ts": "2026-09-24T00:40:59.659350+00:00", "trace_id": null, "stage": "rerank", "event": "start", "candidates_in": 20}
{"ts": "2026-09-24T00:41:00.662804+00:00", "trace_id": null, "stage": "rerank", "event": "stage_slow", "duration_ms": 1003.429, "candidates_in": 20, "soft_budget_ms": 1000.0}
{"ts": "2026-09-24T00:41:01.410330+00:00", "trace_id": null, "stage": "rerank", "event": "finish", "duration_ms": 1750.958, "candidates_in": 20, "candidates_out": 20, "top_score": 0.7054022585326246}
{"ts": "2026-09-24T00:41:01.410775+00:00", "trace_id": null, "stage": "gate", "event": "start", "candidates_in": 5}
{"ts": "2026-09-24T00:41:01.410850+00:00", "trace_id": null, "stage": "gate", "event": "finish", "duration_ms": 0.073, "candidates_in": 5, "candidates_out": 0, "reason": "no_confident_hit"}
{"ts": "2026-09-24T00:41:01.410886+00:00", "trace_id": null, "stage": "embed_query", "event": "start", "model": "Qwen/Qwen3-Embedding-0.6B"}
{"ts": "2026-09-24T00:41:01.446803+00:00", "trace_id": null, "stage": "embed_query", "event": "finish", "duration_ms": 35.914, "model": "Qwen/Qwen3-Embedding-0.6B"}
{"ts": "2026-09-24T00:41:01.446853+00:00", "trace_id": null, "stage": "dense", "event": "start"}
{"ts": "2026-09-24T00:41:01.447112+00:00", "trace_id": null, "stage": "dense", "event": "finish", "duration_ms": 0.258, "candidates_out": 20}
{"ts": "2026-09-24T00:41:01.447147+00:00", "trace_id": null, "stage": "lexical", "event": "start"}
{"ts": "2026-09-24T00:41:01.447396+00:00", "trace_id": null, "stage": "lexical", "event": "finish", "duration_ms": 0.249, "candidates_out": 20}
{"ts": "2026-09-24T00:41:01.447425+00:00", "trace_id": null, "stage": "fuse", "event": "start", "candidates_in": 30}
{"ts": "2026-09-24T00:41:01.447497+00:00", "trace_id": null, "stage": "fuse", "event": "finish", "duration_ms": 0.071, "candidates_in": 30, "candidates_out": 19, "top_score": 0.03278688524590164}
{"ts": "2026-09-24T00:41:01.447700+00:00", "trace_id": null, "stage": "rerank", "event": "start", "candidates_in": 19}
{"ts": "2026-09-24T00:41:02.452784+00:00", "trace_id": null, "stage": "rerank", "event": "stage_slow", "duration_ms": 1005.066, "candidates_in": 19, "soft_budget_ms": 1000.0}
{"ts": "2026-09-24T00:41:03.335747+00:00", "trace_id": null, "stage": "rerank", "event": "finish", "duration_ms": 1888.022, "candidates_in": 19, "candidates_out": 19, "top_score": 0.6927522791401339}
{"ts": "2026-09-24T00:41:03.336346+00:00", "trace_id": null, "stage": "gate", "event": "start", "candidates_in": 5}
{"ts": "2026-09-24T00:41:03.336430+00:00", "trace_id": null, "stage": "gate", "event": "finish", "duration_ms": 0.085, "candidates_in": 5, "candidates_out": 0, "reason": "no_confident_hit"}
{"ts": "2026-09-24T00:41:03.336460+00:00", "trace_id": null, "stage": "embed_query", "event": "start", "model": "Qwen/Qwen3-Embedding-0.6B"}
{"ts": "2026-09-24T00:41:03.370992+00:00", "trace_id": null, "stage": "embed_query", "event": "finish", "duration_ms": 34.53, "model": "Qwen/Qwen3-Embedding-0.6B"}
{"ts": "2026-09-24T00:41:03.371031+00:00", "trace_id": null, "stage": "dense", "event": "start"}
{"ts": "2026-09-24T00:41:03.371227+00:00", "trace_id": null, "stage": "dense", "event": "finish", "duration_ms": 0.196, "candidates_out": 20}
{"ts": "2026-09-24T00:41:03.371245+00:00", "trace_id": null, "stage": "lexical", "event": "start"}
{"ts": "2026-09-24T00:41:03.371531+00:00", "trace_id": null, "stage": "lexical", "event": "finish", "duration_ms": 0.286, "candidates_out": 20}
{"ts": "2026-09-24T00:41:03.371558+00:00", "trace_id": null, "stage": "fuse", "event": "start", "candidates_in": 31}
{"ts": "2026-09-24T00:41:03.371619+00:00", "trace_id": null, "stage": "fuse", "event": "finish", "duration_ms": 0.061, "candidates_in": 31, "candidates_out": 19, "top_score": 0.03278688524590164}
{"ts": "2026-09-24T00:41:03.371867+00:00", "trace_id": null, "stage": "rerank", "event": "start", "candidates_in": 19}
{"ts": "2026-09-24T00:41:04.374879+00:00", "trace_id": null, "stage": "rerank", "event": "stage_slow", "duration_ms": 1002.994, "candidates_in": 19, "soft_budget_ms": 1000.0}
{"ts": "2026-09-24T00:41:05.036147+00:00", "trace_id": null, "stage": "rerank", "event": "finish", "duration_ms": 1664.258, "candidates_in": 19, "candidates_out": 19, "top_score": 0.7133155752728362}
{"ts": "2026-09-24T00:41:05.036600+00:00", "trace_id": null, "stage": "gate", "event": "start", "candidates_in": 5}
{"ts": "2026-09-24T00:41:05.036680+00:00", "trace_id": null, "stage": "gate", "event": "finish", "duration_ms": 0.078, "candidates_in": 5, "candidates_out": 0, "reason": "no_confident_hit"}
{"ts": "2026-09-24T00:41:05.036720+00:00", "trace_id": null, "stage": "embed_query", "event": "start", "model": "Qwen/Qwen3-Embedding-0.6B"}
{"ts": "2026-09-24T00:41:05.070584+00:00", "trace_id": null, "stage": "embed_query", "event": "finish", "duration_ms": 33.86, "model": "Qwen/Qwen3-Embedding-0.6B"}
{"ts": "2026-09-24T00:41:05.070646+00:00", "trace_id": null, "stage": "dense", "event": "start"}
{"ts": "2026-09-24T00:41:05.070873+00:00", "trace_id": null, "stage": "dense", "event": "finish", "duration_ms": 0.226, "candidates_out": 20}
{"ts": "2026-09-24T00:41:05.070905+00:00", "trace_id": null, "stage": "lexical", "event": "start"}
{"ts": "2026-09-24T00:41:05.071157+00:00", "trace_id": null, "stage": "lexical", "event": "finish", "duration_ms": 0.251, "candidates_out": 20}
{"ts": "2026-09-24T00:41:05.071187+00:00", "trace_id": null, "stage": "fuse", "event": "start", "candidates_in": 25}
{"ts": "2026-09-24T00:41:05.071270+00:00", "trace_id": null, "stage": "fuse", "event": "finish", "duration_ms": 0.083, "candidates_in": 25, "candidates_out": 18, "top_score": 0.032266458495966696}
{"ts": "2026-09-24T00:41:05.071452+00:00", "trace_id": null, "stage": "rerank", "event": "start", "candidates_in": 18}
{"ts": "2026-09-24T00:41:06.074156+00:00", "trace_id": null, "stage": "rerank", "event": "stage_slow", "duration_ms": 1002.686, "candidates_in": 18, "soft_budget_ms": 1000.0}
{"ts": "2026-09-24T00:41:06.633061+00:00", "trace_id": null, "stage": "rerank", "event": "finish", "duration_ms": 1561.589, "candidates_in": 18, "candidates_out": 18, "top_score": 0.7261287834875907}
{"ts": "2026-09-24T00:41:06.633608+00:00", "trace_id": null, "stage": "gate", "event": "start", "candidates_in": 5}
{"ts": "2026-09-24T00:41:06.636606+00:00", "trace_id": null, "stage": "gate", "event": "finish", "duration_ms": 2.998, "candidates_in": 5, "candidates_out": 5, "top_score": 0.7261287834875907}
{"ts": "2026-09-24T00:41:06.636638+00:00", "trace_id": null, "stage": "embed_query", "event": "start", "model": "Qwen/Qwen3-Embedding-0.6B"}
{"ts": "2026-09-24T00:41:06.668201+00:00", "trace_id": null, "stage": "embed_query", "event": "finish", "duration_ms": 31.56, "model": "Qwen/Qwen3-Embedding-0.6B"}
{"ts": "2026-09-24T00:41:06.668253+00:00", "trace_id": null, "stage": "dense", "event": "start"}
{"ts": "2026-09-24T00:41:06.668467+00:00", "trace_id": null, "stage": "dense", "event": "finish", "duration_ms": 0.214, "candidates_out": 20}
{"ts": "2026-09-24T00:41:06.668498+00:00", "trace_id": null, "stage": "lexical", "event": "start"}
{"ts": "2026-09-24T00:41:06.668764+00:00", "trace_id": null, "stage": "lexical", "event": "finish", "duration_ms": 0.266, "candidates_out": 20}
{"ts": "2026-09-24T00:41:06.668794+00:00", "trace_id": null, "stage": "fuse", "event": "start", "candidates_in": 31}
{"ts": "2026-09-24T00:41:06.668871+00:00", "trace_id": null, "stage": "fuse", "event": "finish", "duration_ms": 0.075, "candidates_in": 31, "candidates_out": 25, "top_score": 0.03252247488101534}
{"ts": "2026-09-24T00:41:06.669105+00:00", "trace_id": null, "stage": "rerank", "event": "start", "candidates_in": 20}
{"ts": "2026-09-24T00:41:07.674197+00:00", "trace_id": null, "stage": "rerank", "event": "stage_slow", "duration_ms": 1005.074, "candidates_in": 20, "soft_budget_ms": 1000.0}
{"ts": "2026-09-24T00:41:08.508663+00:00", "trace_id": null, "stage": "rerank", "event": "finish", "duration_ms": 1839.536, "candidates_in": 20, "candidates_out": 20, "top_score": 0.7280348392544875}
{"ts": "2026-09-24T00:41:08.509127+00:00", "trace_id": null, "stage": "gate", "event": "start", "candidates_in": 5}
{"ts": "2026-09-24T00:41:08.511424+00:00", "trace_id": null, "stage": "gate", "event": "finish", "duration_ms": 2.297, "candidates_in": 5, "candidates_out": 5, "top_score": 0.7280348392544875}
{"ts": "2026-09-24T00:41:08.511454+00:00", "trace_id": null, "stage": "embed_query", "event": "start", "model": "Qwen/Qwen3-Embedding-0.6B"}
{"ts": "2026-09-24T00:41:08.542829+00:00", "trace_id": null, "stage": "embed_query", "event": "finish", "duration_ms": 31.372, "model": "Qwen/Qwen3-Embedding-0.6B"}
{"ts": "2026-09-24T00:41:08.542875+00:00", "trace_id": null, "stage": "dense", "event": "start"}
{"ts": "2026-09-24T00:41:08.543091+00:00", "trace_id": null, "stage": "dense", "event": "finish", "duration_ms": 0.216, "candidates_out": 20}
{"ts": "2026-09-24T00:41:08.543124+00:00", "trace_id": null, "stage": "lexical", "event": "start"}
{"ts": "2026-09-24T00:41:08.543392+00:00", "trace_id": null, "stage": "lexical", "event": "finish", "duration_ms": 0.267, "candidates_out": 20}
{"ts": "2026-09-24T00:41:08.543424+00:00", "trace_id": null, "stage": "fuse", "event": "start", "candidates_in": 30}
{"ts": "2026-09-24T00:41:08.543494+00:00", "trace_id": null, "stage": "fuse", "event": "finish", "duration_ms": 0.068, "candidates_in": 30, "candidates_out": 21, "top_score": 0.03278688524590164}
{"ts": "2026-09-24T00:41:08.543739+00:00", "trace_id": null, "stage": "rerank", "event": "start", "candidates_in": 20}
{"ts": "2026-09-24T00:41:09.545042+00:00", "trace_id": null, "stage": "rerank", "event": "stage_slow", "duration_ms": 1001.286, "candidates_in": 20, "soft_budget_ms": 1000.0}
{"ts": "2026-09-24T00:41:10.291171+00:00", "trace_id": null, "stage": "rerank", "event": "finish", "duration_ms": 1747.41, "candidates_in": 20, "candidates_out": 20, "top_score": 0.7037956385994765}
{"ts": "2026-09-24T00:41:10.291648+00:00", "trace_id": null, "stage": "gate", "event": "start", "candidates_in": 5}
{"ts": "2026-09-24T00:41:10.291741+00:00", "trace_id": null, "stage": "gate", "event": "finish", "duration_ms": 0.093, "candidates_in": 5, "candidates_out": 0, "reason": "no_confident_hit"}
{"ts": "2026-09-24T00:41:10.291780+00:00", "trace_id": null, "stage": "embed_query", "event": "start", "model": "Qwen/Qwen3-Embedding-0.6B"}
{"ts": "2026-09-24T00:41:10.322894+00:00", "trace_id": null, "stage": "embed_query", "event": "finish", "duration_ms": 31.112, "model": "Qwen/Qwen3-Embedding-0.6B"}
{"ts": "2026-09-24T00:41:10.322939+00:00", "trace_id": null, "stage": "dense", "event": "start"}
{"ts": "2026-09-24T00:41:10.323157+00:00", "trace_id": null, "stage": "dense", "event": "finish", "duration_ms": 0.217, "candidates_out": 20}
{"ts": "2026-09-24T00:41:10.323186+00:00", "trace_id": null, "stage": "lexical", "event": "start"}
{"ts": "2026-09-24T00:41:10.323493+00:00", "trace_id": null, "stage": "lexical", "event": "finish", "duration_ms": 0.307, "candidates_out": 20}
{"ts": "2026-09-24T00:41:10.323522+00:00", "trace_id": null, "stage": "fuse", "event": "start", "candidates_in": 31}
{"ts": "2026-09-24T00:41:10.323616+00:00", "trace_id": null, "stage": "fuse", "event": "finish", "duration_ms": 0.092, "candidates_in": 31, "candidates_out": 22, "top_score": 0.03278688524590164}
{"ts": "2026-09-24T00:41:10.323848+00:00", "trace_id": null, "stage": "rerank", "event": "start", "candidates_in": 20}
{"ts": "2026-09-24T00:41:11.324888+00:00", "trace_id": null, "stage": "rerank", "event": "stage_slow", "duration_ms": 1001.024, "candidates_in": 20, "soft_budget_ms": 1000.0}
{"ts": "2026-09-24T00:41:12.073451+00:00", "trace_id": null, "stage": "rerank", "event": "finish", "duration_ms": 1749.58, "candidates_in": 20, "candidates_out": 20, "top_score": 0.727876797187945}
{"ts": "2026-09-24T00:41:12.073938+00:00", "trace_id": null, "stage": "gate", "event": "start", "candidates_in": 5}
{"ts": "2026-09-24T00:41:12.077591+00:00", "trace_id": null, "stage": "gate", "event": "finish", "duration_ms": 3.652, "candidates_in": 5, "candidates_out": 5, "top_score": 0.727876797187945}
{"ts": "2026-09-24T00:41:12.077629+00:00", "trace_id": null, "stage": "embed_query", "event": "start", "model": "Qwen/Qwen3-Embedding-0.6B"}
{"ts": "2026-09-24T00:41:12.108295+00:00", "trace_id": null, "stage": "embed_query", "event": "finish", "duration_ms": 30.664, "model": "Qwen/Qwen3-Embedding-0.6B"}
{"ts": "2026-09-24T00:41:12.108420+00:00", "trace_id": null, "stage": "dense", "event": "start"}
{"ts": "2026-09-24T00:41:12.108625+00:00", "trace_id": null, "stage": "dense", "event": "finish", "duration_ms": 0.204, "candidates_out": 20}
{"ts": "2026-09-24T00:41:12.108660+00:00", "trace_id": null, "stage": "lexical", "event": "start"}
{"ts": "2026-09-24T00:41:12.108945+00:00", "trace_id": null, "stage": "lexical", "event": "finish", "duration_ms": 0.284, "candidates_out": 20}
{"ts": "2026-09-24T00:41:12.108978+00:00", "trace_id": null, "stage": "fuse", "event": "start", "candidates_in": 30}
{"ts": "2026-09-24T00:41:12.109062+00:00", "trace_id": null, "stage": "fuse", "event": "finish", "duration_ms": 0.084, "candidates_in": 30, "candidates_out": 20, "top_score": 0.03252247488101534}
{"ts": "2026-09-24T00:41:12.109269+00:00", "trace_id": null, "stage": "rerank", "event": "start", "candidates_in": 20}
{"ts": "2026-09-24T00:41:13.114356+00:00", "trace_id": null, "stage": "rerank", "event": "stage_slow", "duration_ms": 1005.069, "candidates_in": 20, "soft_budget_ms": 1000.0}
{"ts": "2026-09-24T00:41:13.589978+00:00", "trace_id": null, "stage": "rerank", "event": "finish", "duration_ms": 1480.688, "candidates_in": 20, "candidates_out": 20, "top_score": 0.6827420878065452}
{"ts": "2026-09-24T00:41:13.590409+00:00", "trace_id": null, "stage": "gate", "event": "start", "candidates_in": 5}
{"ts": "2026-09-24T00:41:13.590481+00:00", "trace_id": null, "stage": "gate", "event": "finish", "duration_ms": 0.071, "candidates_in": 5, "candidates_out": 0, "reason": "no_confident_hit"}
{"ts": "2026-09-24T00:41:13.590515+00:00", "trace_id": null, "stage": "embed_query", "event": "start", "model": "Qwen/Qwen3-Embedding-0.6B"}
{"ts": "2026-09-24T00:41:13.626807+00:00", "trace_id": null, "stage": "embed_query", "event": "finish", "duration_ms": 36.289, "model": "Qwen/Qwen3-Embedding-0.6B"}
{"ts": "2026-09-24T00:41:13.626858+00:00", "trace_id": null, "stage": "dense", "event": "start"}
{"ts": "2026-09-24T00:41:13.627070+00:00", "trace_id": null, "stage": "dense", "event": "finish", "duration_ms": 0.212, "candidates_out": 20}
{"ts": "2026-09-24T00:41:13.627099+00:00", "trace_id": null, "stage": "lexical", "event": "start"}
{"ts": "2026-09-24T00:41:13.627378+00:00", "trace_id": null, "stage": "lexical", "event": "finish", "duration_ms": 0.279, "candidates_out": 20}
{"ts": "2026-09-24T00:41:13.627411+00:00", "trace_id": null, "stage": "fuse", "event": "start", "candidates_in": 32}
{"ts": "2026-09-24T00:41:13.627496+00:00", "trace_id": null, "stage": "fuse", "event": "finish", "duration_ms": 0.085, "candidates_in": 32, "candidates_out": 21, "top_score": 0.03278688524590164}
{"ts": "2026-09-24T00:41:13.627721+00:00", "trace_id": null, "stage": "rerank", "event": "start", "candidates_in": 20}
{"ts": "2026-09-24T00:41:14.632797+00:00", "trace_id": null, "stage": "rerank", "event": "stage_slow", "duration_ms": 1005.06, "candidates_in": 20, "soft_budget_ms": 1000.0}
{"ts": "2026-09-24T00:41:15.331421+00:00", "trace_id": null, "stage": "rerank", "event": "finish", "duration_ms": 1703.678, "candidates_in": 20, "candidates_out": 20, "top_score": 0.7297247860725344}
{"ts": "2026-09-24T00:41:15.331880+00:00", "trace_id": null, "stage": "gate", "event": "start", "candidates_in": 5}
{"ts": "2026-09-24T00:41:15.338232+00:00", "trace_id": null, "stage": "gate", "event": "finish", "duration_ms": 6.351, "candidates_in": 5, "candidates_out": 5, "top_score": 0.7296241226820421}
{"ts": "2026-09-24T00:41:15.338271+00:00", "trace_id": null, "stage": "embed_query", "event": "start", "model": "Qwen/Qwen3-Embedding-0.6B"}
{"ts": "2026-09-24T00:41:15.368817+00:00", "trace_id": null, "stage": "embed_query", "event": "finish", "duration_ms": 30.544, "model": "Qwen/Qwen3-Embedding-0.6B"}
{"ts": "2026-09-24T00:41:15.368861+00:00", "trace_id": null, "stage": "dense", "event": "start"}
{"ts": "2026-09-24T00:41:15.369057+00:00", "trace_id": null, "stage": "dense", "event": "finish", "duration_ms": 0.194, "candidates_out": 20}
{"ts": "2026-09-24T00:41:15.369086+00:00", "trace_id": null, "stage": "lexical", "event": "start"}
{"ts": "2026-09-24T00:41:15.369356+00:00", "trace_id": null, "stage": "lexical", "event": "finish", "duration_ms": 0.27, "candidates_out": 20}
{"ts": "2026-09-24T00:41:15.369386+00:00", "trace_id": null, "stage": "fuse", "event": "start", "candidates_in": 30}
{"ts": "2026-09-24T00:41:15.369457+00:00", "trace_id": null, "stage": "fuse", "event": "finish", "duration_ms": 0.071, "candidates_in": 30, "candidates_out": 18, "top_score": 0.03278688524590164}
{"ts": "2026-09-24T00:41:15.369652+00:00", "trace_id": null, "stage": "rerank", "event": "start", "candidates_in": 18}
{"ts": "2026-09-24T00:41:16.369755+00:00", "trace_id": null, "stage": "rerank", "event": "stage_slow", "duration_ms": 1000.085, "candidates_in": 18, "soft_budget_ms": 1000.0}
{"ts": "2026-09-24T00:41:17.021157+00:00", "trace_id": null, "stage": "rerank", "event": "finish", "duration_ms": 1651.483, "candidates_in": 18, "candidates_out": 18, "top_score": 0.7307303557428733}
{"ts": "2026-09-24T00:41:17.021590+00:00", "trace_id": null, "stage": "gate", "event": "start", "candidates_in": 5}
{"ts": "2026-09-24T00:41:17.026860+00:00", "trace_id": null, "stage": "gate", "event": "finish", "duration_ms": 5.269, "candidates_in": 5, "candidates_out": 5, "top_score": 0.7306633483080216}
{"ts": "2026-09-24T00:41:17.026890+00:00", "trace_id": null, "stage": "embed_query", "event": "start", "model": "Qwen/Qwen3-Embedding-0.6B"}
{"ts": "2026-09-24T00:41:17.058192+00:00", "trace_id": null, "stage": "embed_query", "event": "finish", "duration_ms": 31.299, "model": "Qwen/Qwen3-Embedding-0.6B"}
{"ts": "2026-09-24T00:41:17.058244+00:00", "trace_id": null, "stage": "dense", "event": "start"}
{"ts": "2026-09-24T00:41:17.058567+00:00", "trace_id": null, "stage": "dense", "event": "finish", "duration_ms": 0.322, "candidates_out": 20}
{"ts": "2026-09-24T00:41:17.058605+00:00", "trace_id": null, "stage": "lexical", "event": "start"}
{"ts": "2026-09-24T00:41:17.058900+00:00", "trace_id": null, "stage": "lexical", "event": "finish", "duration_ms": 0.295, "candidates_out": 20}
{"ts": "2026-09-24T00:41:17.058933+00:00", "trace_id": null, "stage": "fuse", "event": "start", "candidates_in": 29}
{"ts": "2026-09-24T00:41:17.059005+00:00", "trace_id": null, "stage": "fuse", "event": "finish", "duration_ms": 0.071, "candidates_in": 29, "candidates_out": 20, "top_score": 0.03131881575727918}
{"ts": "2026-09-24T00:41:17.059214+00:00", "trace_id": null, "stage": "rerank", "event": "start", "candidates_in": 20}
{"ts": "2026-09-24T00:41:18.064306+00:00", "trace_id": null, "stage": "rerank", "event": "stage_slow", "duration_ms": 1005.074, "candidates_in": 20, "soft_budget_ms": 1000.0}
{"ts": "2026-09-24T00:41:18.932164+00:00", "trace_id": null, "stage": "rerank", "event": "finish", "duration_ms": 1872.925, "candidates_in": 20, "candidates_out": 20, "top_score": 0.6475640868946485}
{"ts": "2026-09-24T00:41:18.932617+00:00", "trace_id": null, "stage": "gate", "event": "start", "candidates_in": 5}
{"ts": "2026-09-24T00:41:18.932696+00:00", "trace_id": null, "stage": "gate", "event": "finish", "duration_ms": 0.078, "candidates_in": 5, "candidates_out": 0, "reason": "no_confident_hit"}
{"ts": "2026-09-24T00:41:18.932737+00:00", "trace_id": null, "stage": "embed_query", "event": "start", "model": "Qwen/Qwen3-Embedding-0.6B"}
{"ts": "2026-09-24T00:41:18.963897+00:00", "trace_id": null, "stage": "embed_query", "event": "finish", "duration_ms": 31.159, "model": "Qwen/Qwen3-Embedding-0.6B"}
{"ts": "2026-09-24T00:41:18.963940+00:00", "trace_id": null, "stage": "dense", "event": "start"}
{"ts": "2026-09-24T00:41:18.964140+00:00", "trace_id": null, "stage": "dense", "event": "finish", "duration_ms": 0.2, "candidates_out": 20}
{"ts": "2026-09-24T00:41:18.964159+00:00", "trace_id": null, "stage": "lexical", "event": "start"}
{"ts": "2026-09-24T00:41:18.964428+00:00", "trace_id": null, "stage": "lexical", "event": "finish", "duration_ms": 0.267, "candidates_out": 20}
{"ts": "2026-09-24T00:41:18.964465+00:00", "trace_id": null, "stage": "fuse", "event": "start", "candidates_in": 29}
{"ts": "2026-09-24T00:41:18.964533+00:00", "trace_id": null, "stage": "fuse", "event": "finish", "duration_ms": 0.067, "candidates_in": 29, "candidates_out": 20, "top_score": 0.03252247488101534}
{"ts": "2026-09-24T00:41:18.964772+00:00", "trace_id": null, "stage": "rerank", "event": "start", "candidates_in": 20}
{"ts": "2026-09-24T00:41:19.966001+00:00", "trace_id": null, "stage": "rerank", "event": "stage_slow", "duration_ms": 1001.215, "candidates_in": 20, "soft_budget_ms": 1000.0}
{"ts": "2026-09-24T00:41:20.987378+00:00", "trace_id": null, "stage": "rerank", "event": "finish", "duration_ms": 2022.582, "candidates_in": 20, "candidates_out": 20, "top_score": 0.7248758155562289}
{"ts": "2026-09-24T00:41:20.987830+00:00", "trace_id": null, "stage": "gate", "event": "start", "candidates_in": 5}
{"ts": "2026-09-24T00:41:20.989211+00:00", "trace_id": null, "stage": "gate", "event": "finish", "duration_ms": 1.38, "candidates_in": 5, "candidates_out": 5, "top_score": 0.7248758155562289}
{"ts": "2026-09-24T00:41:20.989248+00:00", "trace_id": null, "stage": "embed_query", "event": "start", "model": "Qwen/Qwen3-Embedding-0.6B"}
{"ts": "2026-09-24T00:41:21.019741+00:00", "trace_id": null, "stage": "embed_query", "event": "finish", "duration_ms": 30.489, "model": "Qwen/Qwen3-Embedding-0.6B"}
{"ts": "2026-09-24T00:41:21.019793+00:00", "trace_id": null, "stage": "dense", "event": "start"}
{"ts": "2026-09-24T00:41:21.020019+00:00", "trace_id": null, "stage": "dense", "event": "finish", "duration_ms": 0.226, "candidates_out": 20}
{"ts": "2026-09-24T00:41:21.020044+00:00", "trace_id": null, "stage": "lexical", "event": "start"}
{"ts": "2026-09-24T00:41:21.020326+00:00", "trace_id": null, "stage": "lexical", "event": "finish", "duration_ms": 0.281, "candidates_out": 20}
{"ts": "2026-09-24T00:41:21.020368+00:00", "trace_id": null, "stage": "fuse", "event": "start", "candidates_in": 35}
{"ts": "2026-09-24T00:41:21.020445+00:00", "trace_id": null, "stage": "fuse", "event": "finish", "duration_ms": 0.076, "candidates_in": 35, "candidates_out": 26, "top_score": 0.03278688524590164}
{"ts": "2026-09-24T00:41:21.020686+00:00", "trace_id": null, "stage": "rerank", "event": "start", "candidates_in": 20}
{"ts": "2026-09-24T00:41:22.025387+00:00", "trace_id": null, "stage": "rerank", "event": "stage_slow", "duration_ms": 1004.686, "candidates_in": 20, "soft_budget_ms": 1000.0}
{"ts": "2026-09-24T00:41:22.761893+00:00", "trace_id": null, "stage": "rerank", "event": "finish", "duration_ms": 1741.185, "candidates_in": 20, "candidates_out": 20, "top_score": 0.7309759166045887}
{"ts": "2026-09-24T00:41:22.762346+00:00", "trace_id": null, "stage": "gate", "event": "start", "candidates_in": 5}
{"ts": "2026-09-24T00:41:22.763572+00:00", "trace_id": null, "stage": "gate", "event": "finish", "duration_ms": 1.226, "candidates_in": 5, "candidates_out": 5, "top_score": 0.7309722595554787}
{"ts": "2026-09-24T00:41:22.763611+00:00", "trace_id": null, "stage": "embed_query", "event": "start", "model": "Qwen/Qwen3-Embedding-0.6B"}
{"ts": "2026-09-24T00:41:22.795115+00:00", "trace_id": null, "stage": "embed_query", "event": "finish", "duration_ms": 31.501, "model": "Qwen/Qwen3-Embedding-0.6B"}
{"ts": "2026-09-24T00:41:22.795167+00:00", "trace_id": null, "stage": "dense", "event": "start"}
{"ts": "2026-09-24T00:41:22.795370+00:00", "trace_id": null, "stage": "dense", "event": "finish", "duration_ms": 0.202, "candidates_out": 20}
{"ts": "2026-09-24T00:41:22.795390+00:00", "trace_id": null, "stage": "lexical", "event": "start"}
{"ts": "2026-09-24T00:41:22.795671+00:00", "trace_id": null, "stage": "lexical", "event": "finish", "duration_ms": 0.28, "candidates_out": 20}
{"ts": "2026-09-24T00:41:22.795708+00:00", "trace_id": null, "stage": "fuse", "event": "start", "candidates_in": 33}
{"ts": "2026-09-24T00:41:22.795777+00:00", "trace_id": null, "stage": "fuse", "event": "finish", "duration_ms": 0.069, "candidates_in": 33, "candidates_out": 22, "top_score": 0.03278688524590164}
{"ts": "2026-09-24T00:41:22.795997+00:00", "trace_id": null, "stage": "rerank", "event": "start", "candidates_in": 20}
{"ts": "2026-09-24T00:41:23.799980+00:00", "trace_id": null, "stage": "rerank", "event": "stage_slow", "duration_ms": 1003.965, "candidates_in": 20, "soft_budget_ms": 1000.0}
{"ts": "2026-09-24T00:41:24.635908+00:00", "trace_id": null, "stage": "rerank", "event": "finish", "duration_ms": 1839.887, "candidates_in": 20, "candidates_out": 20, "top_score": 0.7309101669755856}
{"ts": "2026-09-24T00:41:24.636371+00:00", "trace_id": null, "stage": "gate", "event": "start", "candidates_in": 5}
{"ts": "2026-09-24T00:41:24.639876+00:00", "trace_id": null, "stage": "gate", "event": "finish", "duration_ms": 3.504, "candidates_in": 5, "candidates_out": 5, "top_score": 0.7309101669755856}
{"ts": "2026-09-24T00:41:24.639918+00:00", "trace_id": null, "stage": "embed_query", "event": "start", "model": "Qwen/Qwen3-Embedding-0.6B"}
{"ts": "2026-09-24T00:41:24.670278+00:00", "trace_id": null, "stage": "embed_query", "event": "finish", "duration_ms": 30.357, "model": "Qwen/Qwen3-Embedding-0.6B"}
{"ts": "2026-09-24T00:41:24.670331+00:00", "trace_id": null, "stage": "dense", "event": "start"}
{"ts": "2026-09-24T00:41:24.670553+00:00", "trace_id": null, "stage": "dense", "event": "finish", "duration_ms": 0.221, "candidates_out": 20}
{"ts": "2026-09-24T00:41:24.670575+00:00", "trace_id": null, "stage": "lexical", "event": "start"}
{"ts": "2026-09-24T00:41:24.670854+00:00", "trace_id": null, "stage": "lexical", "event": "finish", "duration_ms": 0.279, "candidates_out": 20}
{"ts": "2026-09-24T00:41:24.670882+00:00", "trace_id": null, "stage": "fuse", "event": "start", "candidates_in": 33}
{"ts": "2026-09-24T00:41:24.670946+00:00", "trace_id": null, "stage": "fuse", "event": "finish", "duration_ms": 0.064, "candidates_in": 33, "candidates_out": 22, "top_score": 0.03278688524590164}
{"ts": "2026-09-24T00:41:24.671197+00:00", "trace_id": null, "stage": "rerank", "event": "start", "candidates_in": 20}
{"ts": "2026-09-24T00:41:25.674991+00:00", "trace_id": null, "stage": "rerank", "event": "stage_slow", "duration_ms": 1003.777, "candidates_in": 20, "soft_budget_ms": 1000.0}
{"ts": "2026-09-24T00:41:26.650883+00:00", "trace_id": null, "stage": "rerank", "event": "finish", "duration_ms": 1979.662, "candidates_in": 20, "candidates_out": 20, "top_score": 0.7308948563696267}
{"ts": "2026-09-24T00:41:26.651331+00:00", "trace_id": null, "stage": "gate", "event": "start", "candidates_in": 5}
{"ts": "2026-09-24T00:41:26.651415+00:00", "trace_id": null, "stage": "gate", "event": "finish", "duration_ms": 0.085, "candidates_in": 5, "candidates_out": 5, "top_score": 0.7308948563696267}
{"ts": "2026-09-24T00:41:26.651442+00:00", "trace_id": null, "stage": "embed_query", "event": "start", "model": "Qwen/Qwen3-Embedding-0.6B"}
{"ts": "2026-09-24T00:41:26.683317+00:00", "trace_id": null, "stage": "embed_query", "event": "finish", "duration_ms": 31.873, "model": "Qwen/Qwen3-Embedding-0.6B"}
{"ts": "2026-09-24T00:41:26.683364+00:00", "trace_id": null, "stage": "dense", "event": "start"}
{"ts": "2026-09-24T00:41:26.683629+00:00", "trace_id": null, "stage": "dense", "event": "finish", "duration_ms": 0.264, "candidates_out": 20}
{"ts": "2026-09-24T00:41:26.683663+00:00", "trace_id": null, "stage": "lexical", "event": "start"}
{"ts": "2026-09-24T00:41:26.683970+00:00", "trace_id": null, "stage": "lexical", "event": "finish", "duration_ms": 0.307, "candidates_out": 20}
{"ts": "2026-09-24T00:41:26.684000+00:00", "trace_id": null, "stage": "fuse", "event": "start", "candidates_in": 31}
{"ts": "2026-09-24T00:41:26.684083+00:00", "trace_id": null, "stage": "fuse", "event": "finish", "duration_ms": 0.082, "candidates_in": 31, "candidates_out": 22, "top_score": 0.03278688524590164}
{"ts": "2026-09-24T00:41:26.684303+00:00", "trace_id": null, "stage": "rerank", "event": "start", "candidates_in": 20}
{"ts": "2026-09-24T00:41:27.689336+00:00", "trace_id": null, "stage": "rerank", "event": "stage_slow", "duration_ms": 1005.018, "candidates_in": 20, "soft_budget_ms": 1000.0}
{"ts": "2026-09-24T00:41:28.669022+00:00", "trace_id": null, "stage": "rerank", "event": "finish", "duration_ms": 1984.693, "candidates_in": 20, "candidates_out": 20, "top_score": 0.7042579855309925}
{"ts": "2026-09-24T00:41:28.669471+00:00", "trace_id": null, "stage": "gate", "event": "start", "candidates_in": 5}
{"ts": "2026-09-24T00:41:28.669543+00:00", "trace_id": null, "stage": "gate", "event": "finish", "duration_ms": 0.071, "candidates_in": 5, "candidates_out": 0, "reason": "no_confident_hit"}
{"ts": "2026-09-24T00:41:28.669582+00:00", "trace_id": null, "stage": "embed_query", "event": "start", "model": "Qwen/Qwen3-Embedding-0.6B"}
{"ts": "2026-09-24T00:41:28.700448+00:00", "trace_id": null, "stage": "embed_query", "event": "finish", "duration_ms": 30.863, "model": "Qwen/Qwen3-Embedding-0.6B"}
{"ts": "2026-09-24T00:41:28.700506+00:00", "trace_id": null, "stage": "dense", "event": "start"}
{"ts": "2026-09-24T00:41:28.700714+00:00", "trace_id": null, "stage": "dense", "event": "finish", "duration_ms": 0.208, "candidates_out": 20}
{"ts": "2026-09-24T00:41:28.700737+00:00", "trace_id": null, "stage": "lexical", "event": "start"}
{"ts": "2026-09-24T00:41:28.701019+00:00", "trace_id": null, "stage": "lexical", "event": "finish", "duration_ms": 0.281, "candidates_out": 20}
{"ts": "2026-09-24T00:41:28.701057+00:00", "trace_id": null, "stage": "fuse", "event": "start", "candidates_in": 34}
{"ts": "2026-09-24T00:41:28.701147+00:00", "trace_id": null, "stage": "fuse", "event": "finish", "duration_ms": 0.09, "candidates_in": 34, "candidates_out": 23, "top_score": 0.03252247488101534}
{"ts": "2026-09-24T00:41:28.701369+00:00", "trace_id": null, "stage": "rerank", "event": "start", "candidates_in": 20}
{"ts": "2026-09-24T00:41:29.706039+00:00", "trace_id": null, "stage": "rerank", "event": "stage_slow", "duration_ms": 1004.651, "candidates_in": 20, "soft_budget_ms": 1000.0}
{"ts": "2026-09-24T00:41:30.687264+00:00", "trace_id": null, "stage": "rerank", "event": "finish", "duration_ms": 1985.869, "candidates_in": 20, "candidates_out": 20, "top_score": 0.7276197159385016}
{"ts": "2026-09-24T00:41:30.687711+00:00", "trace_id": null, "stage": "gate", "event": "start", "candidates_in": 5}
{"ts": "2026-09-24T00:41:30.689249+00:00", "trace_id": null, "stage": "gate", "event": "finish", "duration_ms": 1.54, "candidates_in": 5, "candidates_out": 5, "top_score": 0.7276197159385016}
{"ts": "2026-09-24T00:41:30.689277+00:00", "trace_id": null, "stage": "embed_query", "event": "start", "model": "Qwen/Qwen3-Embedding-0.6B"}
{"ts": "2026-09-24T00:41:30.719908+00:00", "trace_id": null, "stage": "embed_query", "event": "finish", "duration_ms": 30.627, "model": "Qwen/Qwen3-Embedding-0.6B"}
{"ts": "2026-09-24T00:41:30.719965+00:00", "trace_id": null, "stage": "dense", "event": "start"}
{"ts": "2026-09-24T00:41:30.720180+00:00", "trace_id": null, "stage": "dense", "event": "finish", "duration_ms": 0.214, "candidates_out": 20}
{"ts": "2026-09-24T00:41:30.720213+00:00", "trace_id": null, "stage": "lexical", "event": "start"}
{"ts": "2026-09-24T00:41:30.720505+00:00", "trace_id": null, "stage": "lexical", "event": "finish", "duration_ms": 0.291, "candidates_out": 20}
{"ts": "2026-09-24T00:41:30.720540+00:00", "trace_id": null, "stage": "fuse", "event": "start", "candidates_in": 34}
{"ts": "2026-09-24T00:41:30.720621+00:00", "trace_id": null, "stage": "fuse", "event": "finish", "duration_ms": 0.08, "candidates_in": 34, "candidates_out": 24, "top_score": 0.03278688524590164}
{"ts": "2026-09-24T00:41:30.720859+00:00", "trace_id": null, "stage": "rerank", "event": "start", "candidates_in": 20}
{"ts": "2026-09-24T00:41:31.725017+00:00", "trace_id": null, "stage": "rerank", "event": "stage_slow", "duration_ms": 1004.14, "candidates_in": 20, "soft_budget_ms": 1000.0}
{"ts": "2026-09-24T00:41:32.704511+00:00", "trace_id": null, "stage": "rerank", "event": "finish", "duration_ms": 1983.628, "candidates_in": 20, "candidates_out": 20, "top_score": 0.7091928488371138}
{"ts": "2026-09-24T00:41:32.704989+00:00", "trace_id": null, "stage": "gate", "event": "start", "candidates_in": 5}
{"ts": "2026-09-24T00:41:32.705065+00:00", "trace_id": null, "stage": "gate", "event": "finish", "duration_ms": 0.083, "candidates_in": 5, "candidates_out": 0, "reason": "no_confident_hit"}
{"ts": "2026-09-24T00:41:32.705089+00:00", "trace_id": null, "stage": "embed_query", "event": "start", "model": "Qwen/Qwen3-Embedding-0.6B"}
{"ts": "2026-09-24T00:41:32.735431+00:00", "trace_id": null, "stage": "embed_query", "event": "finish", "duration_ms": 30.338, "model": "Qwen/Qwen3-Embedding-0.6B"}
{"ts": "2026-09-24T00:41:32.735489+00:00", "trace_id": null, "stage": "dense", "event": "start"}
{"ts": "2026-09-24T00:41:32.735698+00:00", "trace_id": null, "stage": "dense", "event": "finish", "duration_ms": 0.209, "candidates_out": 20}
{"ts": "2026-09-24T00:41:32.735724+00:00", "trace_id": null, "stage": "lexical", "event": "start"}
{"ts": "2026-09-24T00:41:32.736018+00:00", "trace_id": null, "stage": "lexical", "event": "finish", "duration_ms": 0.293, "candidates_out": 20}
{"ts": "2026-09-24T00:41:32.736060+00:00", "trace_id": null, "stage": "fuse", "event": "start", "candidates_in": 32}
{"ts": "2026-09-24T00:41:32.736141+00:00", "trace_id": null, "stage": "fuse", "event": "finish", "duration_ms": 0.081, "candidates_in": 32, "candidates_out": 20, "top_score": 0.03278688524590164}
{"ts": "2026-09-24T00:41:32.736351+00:00", "trace_id": null, "stage": "rerank", "event": "start", "candidates_in": 20}
{"ts": "2026-09-24T00:41:33.741444+00:00", "trace_id": null, "stage": "rerank", "event": "stage_slow", "duration_ms": 1005.074, "candidates_in": 20, "soft_budget_ms": 1000.0}
{"ts": "2026-09-24T00:41:34.716087+00:00", "trace_id": null, "stage": "rerank", "event": "finish", "duration_ms": 1979.711, "candidates_in": 20, "candidates_out": 20, "top_score": 0.7166540973200879}
{"ts": "2026-09-24T00:41:34.716639+00:00", "trace_id": null, "stage": "gate", "event": "start", "candidates_in": 5}
{"ts": "2026-09-24T00:41:34.716717+00:00", "trace_id": null, "stage": "gate", "event": "finish", "duration_ms": 0.077, "candidates_in": 5, "candidates_out": 0, "reason": "no_confident_hit"}
{"ts": "2026-09-24T00:41:34.716754+00:00", "trace_id": null, "stage": "embed_query", "event": "start", "model": "Qwen/Qwen3-Embedding-0.6B"}
{"ts": "2026-09-24T00:41:34.746421+00:00", "trace_id": null, "stage": "embed_query", "event": "finish", "duration_ms": 29.663, "model": "Qwen/Qwen3-Embedding-0.6B"}
{"ts": "2026-09-24T00:41:34.746475+00:00", "trace_id": null, "stage": "dense", "event": "start"}
{"ts": "2026-09-24T00:41:34.746683+00:00", "trace_id": null, "stage": "dense", "event": "finish", "duration_ms": 0.208, "candidates_out": 20}
{"ts": "2026-09-24T00:41:34.746722+00:00", "trace_id": null, "stage": "lexical", "event": "start"}
{"ts": "2026-09-24T00:41:34.747053+00:00", "trace_id": null, "stage": "lexical", "event": "finish", "duration_ms": 0.33, "candidates_out": 20}
{"ts": "2026-09-24T00:41:34.747094+00:00", "trace_id": null, "stage": "fuse", "event": "start", "candidates_in": 33}
{"ts": "2026-09-24T00:41:34.747173+00:00", "trace_id": null, "stage": "fuse", "event": "finish", "duration_ms": 0.079, "candidates_in": 33, "candidates_out": 25, "top_score": 0.032018442622950824}
{"ts": "2026-09-24T00:41:34.747383+00:00", "trace_id": null, "stage": "rerank", "event": "start", "candidates_in": 20}
{"ts": "2026-09-24T00:41:35.750097+00:00", "trace_id": null, "stage": "rerank", "event": "stage_slow", "duration_ms": 1002.698, "candidates_in": 20, "soft_budget_ms": 1000.0}
{"ts": "2026-09-24T00:41:36.729764+00:00", "trace_id": null, "stage": "rerank", "event": "finish", "duration_ms": 1982.356, "candidates_in": 20, "candidates_out": 20, "top_score": 0.7159878419754748}
{"ts": "2026-09-24T00:41:36.730246+00:00", "trace_id": null, "stage": "gate", "event": "start", "candidates_in": 5}
{"ts": "2026-09-24T00:41:36.730313+00:00", "trace_id": null, "stage": "gate", "event": "finish", "duration_ms": 0.067, "candidates_in": 5, "candidates_out": 0, "reason": "no_confident_hit"}
{"ts": "2026-09-24T00:41:36.730336+00:00", "trace_id": null, "stage": "embed_query", "event": "start", "model": "Qwen/Qwen3-Embedding-0.6B"}
{"ts": "2026-09-24T00:41:36.761219+00:00", "trace_id": null, "stage": "embed_query", "event": "finish", "duration_ms": 30.879, "model": "Qwen/Qwen3-Embedding-0.6B"}
{"ts": "2026-09-24T00:41:36.761265+00:00", "trace_id": null, "stage": "dense", "event": "start"}
{"ts": "2026-09-24T00:41:36.761487+00:00", "trace_id": null, "stage": "dense", "event": "finish", "duration_ms": 0.22, "candidates_out": 20}
{"ts": "2026-09-24T00:41:36.761523+00:00", "trace_id": null, "stage": "lexical", "event": "start"}
{"ts": "2026-09-24T00:41:36.761798+00:00", "trace_id": null, "stage": "lexical", "event": "finish", "duration_ms": 0.275, "candidates_out": 20}
{"ts": "2026-09-24T00:41:36.761828+00:00", "trace_id": null, "stage": "fuse", "event": "start", "candidates_in": 30}
{"ts": "2026-09-24T00:41:36.761913+00:00", "trace_id": null, "stage": "fuse", "event": "finish", "duration_ms": 0.084, "candidates_in": 30, "candidates_out": 25, "top_score": 0.03278688524590164}
{"ts": "2026-09-24T00:41:36.762150+00:00", "trace_id": null, "stage": "rerank", "event": "start", "candidates_in": 20}
{"ts": "2026-09-24T00:41:37.766228+00:00", "trace_id": null, "stage": "rerank", "event": "stage_slow", "duration_ms": 1004.06, "candidates_in": 20, "soft_budget_ms": 1000.0}
{"ts": "2026-09-24T00:41:38.599203+00:00", "trace_id": null, "stage": "rerank", "event": "finish", "duration_ms": 1837.031, "candidates_in": 20, "candidates_out": 20, "top_score": 0.7251463644198586}
{"ts": "2026-09-24T00:41:38.599660+00:00", "trace_id": null, "stage": "gate", "event": "start", "candidates_in": 5}
{"ts": "2026-09-24T00:41:38.600602+00:00", "trace_id": null, "stage": "gate", "event": "finish", "duration_ms": 0.942, "candidates_in": 5, "candidates_out": 5, "top_score": 0.7251463644198586}
{"ts": "2026-09-24T00:41:38.600631+00:00", "trace_id": null, "stage": "embed_query", "event": "start", "model": "Qwen/Qwen3-Embedding-0.6B"}
{"ts": "2026-09-24T00:41:38.632152+00:00", "trace_id": null, "stage": "embed_query", "event": "finish", "duration_ms": 31.518, "model": "Qwen/Qwen3-Embedding-0.6B"}
{"ts": "2026-09-24T00:41:38.632197+00:00", "trace_id": null, "stage": "dense", "event": "start"}
{"ts": "2026-09-24T00:41:38.632416+00:00", "trace_id": null, "stage": "dense", "event": "finish", "duration_ms": 0.218, "candidates_out": 20}
{"ts": "2026-09-24T00:41:38.632449+00:00", "trace_id": null, "stage": "lexical", "event": "start"}
{"ts": "2026-09-24T00:41:38.632760+00:00", "trace_id": null, "stage": "lexical", "event": "finish", "duration_ms": 0.31, "candidates_out": 20}
{"ts": "2026-09-24T00:41:38.632799+00:00", "trace_id": null, "stage": "fuse", "event": "start", "candidates_in": 30}
{"ts": "2026-09-24T00:41:38.632884+00:00", "trace_id": null, "stage": "fuse", "event": "finish", "duration_ms": 0.084, "candidates_in": 30, "candidates_out": 22, "top_score": 0.03278688524590164}
{"ts": "2026-09-24T00:41:38.633108+00:00", "trace_id": null, "stage": "rerank", "event": "start", "candidates_in": 20}
{"ts": "2026-09-24T00:41:39.637578+00:00", "trace_id": null, "stage": "rerank", "event": "stage_slow", "duration_ms": 1004.453, "candidates_in": 20, "soft_budget_ms": 1000.0}
{"ts": "2026-09-24T00:41:40.393987+00:00", "trace_id": null, "stage": "rerank", "event": "finish", "duration_ms": 1760.856, "candidates_in": 20, "candidates_out": 20, "top_score": 0.6704111908710034}
{"ts": "2026-09-24T00:41:40.394435+00:00", "trace_id": null, "stage": "gate", "event": "start", "candidates_in": 5}
{"ts": "2026-09-24T00:41:40.394500+00:00", "trace_id": null, "stage": "gate", "event": "finish", "duration_ms": 0.065, "candidates_in": 5, "candidates_out": 0, "reason": "no_confident_hit"}
{"ts": "2026-09-24T00:41:40.394522+00:00", "trace_id": null, "stage": "embed_query", "event": "start", "model": "Qwen/Qwen3-Embedding-0.6B"}
{"ts": "2026-09-24T00:41:40.425799+00:00", "trace_id": null, "stage": "embed_query", "event": "finish", "duration_ms": 31.273, "model": "Qwen/Qwen3-Embedding-0.6B"}
{"ts": "2026-09-24T00:41:40.425852+00:00", "trace_id": null, "stage": "dense", "event": "start"}
{"ts": "2026-09-24T00:41:40.426076+00:00", "trace_id": null, "stage": "dense", "event": "finish", "duration_ms": 0.223, "candidates_out": 20}
{"ts": "2026-09-24T00:41:40.426109+00:00", "trace_id": null, "stage": "lexical", "event": "start"}
{"ts": "2026-09-24T00:41:40.426411+00:00", "trace_id": null, "stage": "lexical", "event": "finish", "duration_ms": 0.302, "candidates_out": 20}
{"ts": "2026-09-24T00:41:40.426441+00:00", "trace_id": null, "stage": "fuse", "event": "start", "candidates_in": 30}
{"ts": "2026-09-24T00:41:40.426524+00:00", "trace_id": null, "stage": "fuse", "event": "finish", "duration_ms": 0.081, "candidates_in": 30, "candidates_out": 21, "top_score": 0.03252247488101534}
{"ts": "2026-09-24T00:41:40.426765+00:00", "trace_id": null, "stage": "rerank", "event": "start", "candidates_in": 20}
{"ts": "2026-09-24T00:41:41.428503+00:00", "trace_id": null, "stage": "rerank", "event": "stage_slow", "duration_ms": 1001.723, "candidates_in": 20, "soft_budget_ms": 1000.0}
{"ts": "2026-09-24T00:41:42.200287+00:00", "trace_id": null, "stage": "rerank", "event": "finish", "duration_ms": 1773.5, "candidates_in": 20, "candidates_out": 20, "top_score": 0.7014265258125751}
{"ts": "2026-09-24T00:41:42.200772+00:00", "trace_id": null, "stage": "gate", "event": "start", "candidates_in": 5}
{"ts": "2026-09-24T00:41:42.200847+00:00", "trace_id": null, "stage": "gate", "event": "finish", "duration_ms": 0.075, "candidates_in": 5, "candidates_out": 0, "reason": "no_confident_hit"}
{"ts": "2026-09-24T00:41:42.200881+00:00", "trace_id": null, "stage": "embed_query", "event": "start", "model": "Qwen/Qwen3-Embedding-0.6B"}
{"ts": "2026-09-24T00:41:42.231506+00:00", "trace_id": null, "stage": "embed_query", "event": "finish", "duration_ms": 30.621, "model": "Qwen/Qwen3-Embedding-0.6B"}
{"ts": "2026-09-24T00:41:42.231553+00:00", "trace_id": null, "stage": "dense", "event": "start"}
{"ts": "2026-09-24T00:41:42.231757+00:00", "trace_id": null, "stage": "dense", "event": "finish", "duration_ms": 0.204, "candidates_out": 20}
{"ts": "2026-09-24T00:41:42.231777+00:00", "trace_id": null, "stage": "lexical", "event": "start"}
{"ts": "2026-09-24T00:41:42.232018+00:00", "trace_id": null, "stage": "lexical", "event": "finish", "duration_ms": 0.24, "candidates_out": 14}
{"ts": "2026-09-24T00:41:42.232056+00:00", "trace_id": null, "stage": "fuse", "event": "start", "candidates_in": 26}
{"ts": "2026-09-24T00:41:42.232134+00:00", "trace_id": null, "stage": "fuse", "event": "finish", "duration_ms": 0.078, "candidates_in": 26, "candidates_out": 16, "top_score": 0.03278688524590164}
{"ts": "2026-09-24T00:41:42.232329+00:00", "trace_id": null, "stage": "rerank", "event": "start", "candidates_in": 16}
{"ts": "2026-09-24T00:41:43.233438+00:00", "trace_id": null, "stage": "rerank", "event": "stage_slow", "duration_ms": 1001.074, "candidates_in": 16, "soft_budget_ms": 1000.0}
{"ts": "2026-09-24T00:41:43.711961+00:00", "trace_id": null, "stage": "rerank", "event": "finish", "duration_ms": 1479.614, "candidates_in": 16, "candidates_out": 16, "top_score": 0.7192975858429916}
{"ts": "2026-09-24T00:41:43.712361+00:00", "trace_id": null, "stage": "gate", "event": "start", "candidates_in": 5}
{"ts": "2026-09-24T00:41:43.712438+00:00", "trace_id": null, "stage": "gate", "event": "finish", "duration_ms": 0.075, "candidates_in": 5, "candidates_out": 0, "reason": "no_confident_hit"}
{"ts": "2026-09-24T00:41:43.712475+00:00", "trace_id": null, "stage": "embed_query", "event": "start", "model": "Qwen/Qwen3-Embedding-0.6B"}
{"ts": "2026-09-24T00:41:43.748275+00:00", "trace_id": null, "stage": "embed_query", "event": "finish", "duration_ms": 35.797, "model": "Qwen/Qwen3-Embedding-0.6B"}
{"ts": "2026-09-24T00:41:43.748330+00:00", "trace_id": null, "stage": "dense", "event": "start"}
{"ts": "2026-09-24T00:41:43.748547+00:00", "trace_id": null, "stage": "dense", "event": "finish", "duration_ms": 0.216, "candidates_out": 20}
{"ts": "2026-09-24T00:41:43.748577+00:00", "trace_id": null, "stage": "lexical", "event": "start"}
{"ts": "2026-09-24T00:41:43.748876+00:00", "trace_id": null, "stage": "lexical", "event": "finish", "duration_ms": 0.298, "candidates_out": 20}
{"ts": "2026-09-24T00:41:43.748908+00:00", "trace_id": null, "stage": "fuse", "event": "start", "candidates_in": 28}
{"ts": "2026-09-24T00:41:43.748983+00:00", "trace_id": null, "stage": "fuse", "event": "finish", "duration_ms": 0.074, "candidates_in": 28, "candidates_out": 22, "top_score": 0.03252247488101534}
{"ts": "2026-09-24T00:41:43.749220+00:00", "trace_id": null, "stage": "rerank", "event": "start", "candidates_in": 20}
{"ts": "2026-09-24T00:41:44.754300+00:00", "trace_id": null, "stage": "rerank", "event": "stage_slow", "duration_ms": 1005.062, "candidates_in": 20, "soft_budget_ms": 1000.0}
{"ts": "2026-09-24T00:41:45.508106+00:00", "trace_id": null, "stage": "rerank", "event": "finish", "duration_ms": 1758.863, "candidates_in": 20, "candidates_out": 20, "top_score": 0.5987341311873402}
{"ts": "2026-09-24T00:41:45.508630+00:00", "trace_id": null, "stage": "gate", "event": "start", "candidates_in": 5}
{"ts": "2026-09-24T00:41:45.508711+00:00", "trace_id": null, "stage": "gate", "event": "finish", "duration_ms": 0.082, "candidates_in": 5, "candidates_out": 0, "reason": "no_confident_hit"}
{"ts": "2026-09-24T00:41:45.508740+00:00", "trace_id": null, "stage": "embed_query", "event": "start", "model": "Qwen/Qwen3-Embedding-0.6B"}
{"ts": "2026-09-24T00:41:45.538703+00:00", "trace_id": null, "stage": "embed_query", "event": "finish", "duration_ms": 29.961, "model": "Qwen/Qwen3-Embedding-0.6B"}
{"ts": "2026-09-24T00:41:45.538757+00:00", "trace_id": null, "stage": "dense", "event": "start"}
{"ts": "2026-09-24T00:41:45.538976+00:00", "trace_id": null, "stage": "dense", "event": "finish", "duration_ms": 0.218, "candidates_out": 20}
{"ts": "2026-09-24T00:41:45.539011+00:00", "trace_id": null, "stage": "lexical", "event": "start"}
{"ts": "2026-09-24T00:41:45.539306+00:00", "trace_id": null, "stage": "lexical", "event": "finish", "duration_ms": 0.295, "candidates_out": 20}
{"ts": "2026-09-24T00:41:45.539339+00:00", "trace_id": null, "stage": "fuse", "event": "start", "candidates_in": 27}
{"ts": "2026-09-24T00:41:45.539420+00:00", "trace_id": null, "stage": "fuse", "event": "finish", "duration_ms": 0.081, "candidates_in": 27, "candidates_out": 19, "top_score": 0.032266458495966696}
{"ts": "2026-09-24T00:41:45.539629+00:00", "trace_id": null, "stage": "rerank", "event": "start", "candidates_in": 19}
{"ts": "2026-09-24T00:41:46.541755+00:00", "trace_id": null, "stage": "rerank", "event": "stage_slow", "duration_ms": 1002.106, "candidates_in": 19, "soft_budget_ms": 1000.0}
{"ts": "2026-09-24T00:41:47.207391+00:00", "trace_id": null, "stage": "rerank", "event": "finish", "duration_ms": 1667.739, "candidates_in": 19, "candidates_out": 19, "top_score": 0.5175965686289059}
{"ts": "2026-09-24T00:41:47.207864+00:00", "trace_id": null, "stage": "gate", "event": "start", "candidates_in": 5}
{"ts": "2026-09-24T00:41:47.207939+00:00", "trace_id": null, "stage": "gate", "event": "finish", "duration_ms": 0.075, "candidates_in": 5, "candidates_out": 0, "reason": "no_confident_hit"}
{"ts": "2026-09-24T00:41:47.207976+00:00", "trace_id": null, "stage": "embed_query", "event": "start", "model": "Qwen/Qwen3-Embedding-0.6B"}
{"ts": "2026-09-24T00:41:47.237836+00:00", "trace_id": null, "stage": "embed_query", "event": "finish", "duration_ms": 29.858, "model": "Qwen/Qwen3-Embedding-0.6B"}
{"ts": "2026-09-24T00:41:47.237887+00:00", "trace_id": null, "stage": "dense", "event": "start"}
{"ts": "2026-09-24T00:41:47.238116+00:00", "trace_id": null, "stage": "dense", "event": "finish", "duration_ms": 0.227, "candidates_out": 20}
{"ts": "2026-09-24T00:41:47.238152+00:00", "trace_id": null, "stage": "lexical", "event": "start"}
{"ts": "2026-09-24T00:41:47.238452+00:00", "trace_id": null, "stage": "lexical", "event": "finish", "duration_ms": 0.3, "candidates_out": 20}
{"ts": "2026-09-24T00:41:47.238501+00:00", "trace_id": null, "stage": "fuse", "event": "start", "candidates_in": 25}
{"ts": "2026-09-24T00:41:47.238578+00:00", "trace_id": null, "stage": "fuse", "event": "finish", "duration_ms": 0.076, "candidates_in": 25, "candidates_out": 19, "top_score": 0.032018442622950824}
{"ts": "2026-09-24T00:41:47.238803+00:00", "trace_id": null, "stage": "rerank", "event": "start", "candidates_in": 19}
{"ts": "2026-09-24T00:41:48.243873+00:00", "trace_id": null, "stage": "rerank", "event": "stage_slow", "duration_ms": 1005.055, "candidates_in": 19, "soft_budget_ms": 1000.0}
{"ts": "2026-09-24T00:41:48.851419+00:00", "trace_id": null, "stage": "rerank", "event": "finish", "duration_ms": 1612.595, "candidates_in": 19, "candidates_out": 19, "top_score": 0.6007629174789808}
{"ts": "2026-09-24T00:41:48.851874+00:00", "trace_id": null, "stage": "gate", "event": "start", "candidates_in": 5}
{"ts": "2026-09-24T00:41:48.851952+00:00", "trace_id": null, "stage": "gate", "event": "finish", "duration_ms": 0.077, "candidates_in": 5, "candidates_out": 0, "reason": "no_confident_hit"}
{"ts": "2026-09-24T00:41:48.851990+00:00", "trace_id": null, "stage": "embed_query", "event": "start", "model": "Qwen/Qwen3-Embedding-0.6B"}
{"ts": "2026-09-24T00:41:48.882005+00:00", "trace_id": null, "stage": "embed_query", "event": "finish", "duration_ms": 30.012, "model": "Qwen/Qwen3-Embedding-0.6B"}
{"ts": "2026-09-24T00:41:48.882055+00:00", "trace_id": null, "stage": "dense", "event": "start"}
{"ts": "2026-09-24T00:41:48.882259+00:00", "trace_id": null, "stage": "dense", "event": "finish", "duration_ms": 0.204, "candidates_out": 20}
{"ts": "2026-09-24T00:41:48.882281+00:00", "trace_id": null, "stage": "lexical", "event": "start"}
{"ts": "2026-09-24T00:41:48.882567+00:00", "trace_id": null, "stage": "lexical", "event": "finish", "duration_ms": 0.285, "candidates_out": 20}
{"ts": "2026-09-24T00:41:48.882604+00:00", "trace_id": null, "stage": "fuse", "event": "start", "candidates_in": 24}
{"ts": "2026-09-24T00:41:48.882684+00:00", "trace_id": null, "stage": "fuse", "event": "finish", "duration_ms": 0.08, "candidates_in": 24, "candidates_out": 18, "top_score": 0.032018442622950824}
{"ts": "2026-09-24T00:41:48.882871+00:00", "trace_id": null, "stage": "rerank", "event": "start", "candidates_in": 18}
{"ts": "2026-09-24T00:41:49.884953+00:00", "trace_id": null, "stage": "rerank", "event": "stage_slow", "duration_ms": 1002.064, "candidates_in": 18, "soft_budget_ms": 1000.0}
{"ts": "2026-09-24T00:41:50.448964+00:00", "trace_id": null, "stage": "rerank", "event": "finish", "duration_ms": 1566.071, "candidates_in": 18, "candidates_out": 18, "top_score": 0.6037362066495155}
{"ts": "2026-09-24T00:41:50.449398+00:00", "trace_id": null, "stage": "gate", "event": "start", "candidates_in": 5}
{"ts": "2026-09-24T00:41:50.449470+00:00", "trace_id": null, "stage": "gate", "event": "finish", "duration_ms": 0.071, "candidates_in": 5, "candidates_out": 0, "reason": "no_confident_hit"}
{"ts": "2026-09-24T00:41:50.449507+00:00", "trace_id": null, "stage": "embed_query", "event": "start", "model": "Qwen/Qwen3-Embedding-0.6B"}
{"ts": "2026-09-24T00:41:50.480759+00:00", "trace_id": null, "stage": "embed_query", "event": "finish", "duration_ms": 31.25, "model": "Qwen/Qwen3-Embedding-0.6B"}
{"ts": "2026-09-24T00:41:50.480801+00:00", "trace_id": null, "stage": "dense", "event": "start"}
{"ts": "2026-09-24T00:41:50.481006+00:00", "trace_id": null, "stage": "dense", "event": "finish", "duration_ms": 0.204, "candidates_out": 20}
{"ts": "2026-09-24T00:41:50.481038+00:00", "trace_id": null, "stage": "lexical", "event": "start"}
{"ts": "2026-09-24T00:41:50.481327+00:00", "trace_id": null, "stage": "lexical", "event": "finish", "duration_ms": 0.289, "candidates_out": 20}
{"ts": "2026-09-24T00:41:50.481361+00:00", "trace_id": null, "stage": "fuse", "event": "start", "candidates_in": 36}
{"ts": "2026-09-24T00:41:50.481441+00:00", "trace_id": null, "stage": "fuse", "event": "finish", "duration_ms": 0.08, "candidates_in": 36, "candidates_out": 27, "top_score": 0.03278688524590164}
{"ts": "2026-09-24T00:41:50.481656+00:00", "trace_id": null, "stage": "rerank", "event": "start", "candidates_in": 20}
{"ts": "2026-09-24T00:41:51.486746+00:00", "trace_id": null, "stage": "rerank", "event": "stage_slow", "duration_ms": 1005.071, "candidates_in": 20, "soft_budget_ms": 1000.0}
{"ts": "2026-09-24T00:41:52.318722+00:00", "trace_id": null, "stage": "rerank", "event": "finish", "duration_ms": 1837.043, "candidates_in": 20, "candidates_out": 20, "top_score": 0.7294970193901077}
{"ts": "2026-09-24T00:41:52.319181+00:00", "trace_id": null, "stage": "gate", "event": "start", "candidates_in": 5}
{"ts": "2026-09-24T00:41:52.320491+00:00", "trace_id": null, "stage": "gate", "event": "finish", "duration_ms": 1.31, "candidates_in": 5, "candidates_out": 5, "top_score": 0.7294970193901077}
{"ts": "2026-09-24T00:41:52.320519+00:00", "trace_id": null, "stage": "embed_query", "event": "start", "model": "Qwen/Qwen3-Embedding-0.6B"}
{"ts": "2026-09-24T00:41:52.351836+00:00", "trace_id": null, "stage": "embed_query", "event": "finish", "duration_ms": 31.314, "model": "Qwen/Qwen3-Embedding-0.6B"}
{"ts": "2026-09-24T00:41:52.351883+00:00", "trace_id": null, "stage": "dense", "event": "start"}
{"ts": "2026-09-24T00:41:52.352093+00:00", "trace_id": null, "stage": "dense", "event": "finish", "duration_ms": 0.209, "candidates_out": 20}
{"ts": "2026-09-24T00:41:52.352128+00:00", "trace_id": null, "stage": "lexical", "event": "start"}
{"ts": "2026-09-24T00:41:52.352416+00:00", "trace_id": null, "stage": "lexical", "event": "finish", "duration_ms": 0.288, "candidates_out": 20}
{"ts": "2026-09-24T00:41:52.352447+00:00", "trace_id": null, "stage": "fuse", "event": "start", "candidates_in": 29}
{"ts": "2026-09-24T00:41:52.352518+00:00", "trace_id": null, "stage": "fuse", "event": "finish", "duration_ms": 0.071, "candidates_in": 29, "candidates_out": 19, "top_score": 0.03278688524590164}
{"ts": "2026-09-24T00:41:52.352753+00:00", "trace_id": null, "stage": "rerank", "event": "start", "candidates_in": 19}
{"ts": "2026-09-24T00:41:53.356221+00:00", "trace_id": null, "stage": "rerank", "event": "stage_slow", "duration_ms": 1003.453, "candidates_in": 19, "soft_budget_ms": 1000.0}
{"ts": "2026-09-24T00:41:54.027081+00:00", "trace_id": null, "stage": "rerank", "event": "finish", "duration_ms": 1674.306, "candidates_in": 19, "candidates_out": 19, "top_score": 0.66901495162187}
{"ts": "2026-09-24T00:41:54.027534+00:00", "trace_id": null, "stage": "gate", "event": "start", "candidates_in": 5}
{"ts": "2026-09-24T00:41:54.027613+00:00", "trace_id": null, "stage": "gate", "event": "finish", "duration_ms": 0.079, "candidates_in": 5, "candidates_out": 0, "reason": "no_confident_hit"}
{"ts": "2026-09-24T00:41:54.027649+00:00", "trace_id": null, "stage": "embed_query", "event": "start", "model": "Qwen/Qwen3-Embedding-0.6B"}
{"ts": "2026-09-24T00:41:54.059159+00:00", "trace_id": null, "stage": "embed_query", "event": "finish", "duration_ms": 31.508, "model": "Qwen/Qwen3-Embedding-0.6B"}
{"ts": "2026-09-24T00:41:54.059207+00:00", "trace_id": null, "stage": "dense", "event": "start"}
{"ts": "2026-09-24T00:41:54.059419+00:00", "trace_id": null, "stage": "dense", "event": "finish", "duration_ms": 0.212, "candidates_out": 20}
{"ts": "2026-09-24T00:41:54.059446+00:00", "trace_id": null, "stage": "lexical", "event": "start"}
{"ts": "2026-09-24T00:41:54.059715+00:00", "trace_id": null, "stage": "lexical", "event": "finish", "duration_ms": 0.269, "candidates_out": 20}
{"ts": "2026-09-24T00:41:54.059745+00:00", "trace_id": null, "stage": "fuse", "event": "start", "candidates_in": 27}
{"ts": "2026-09-24T00:41:54.059806+00:00", "trace_id": null, "stage": "fuse", "event": "finish", "duration_ms": 0.061, "candidates_in": 27, "candidates_out": 20, "top_score": 0.03252247488101534}
{"ts": "2026-09-24T00:41:54.060054+00:00", "trace_id": null, "stage": "rerank", "event": "start", "candidates_in": 20}
{"ts": "2026-09-24T00:41:55.063717+00:00", "trace_id": null, "stage": "rerank", "event": "stage_slow", "duration_ms": 1003.644, "candidates_in": 20, "soft_budget_ms": 1000.0}
{"ts": "2026-09-24T00:41:55.899836+00:00", "trace_id": null, "stage": "rerank", "event": "finish", "duration_ms": 1839.759, "candidates_in": 20, "candidates_out": 20, "top_score": 0.6453371503763594}
{"ts": "2026-09-24T00:41:55.900387+00:00", "trace_id": null, "stage": "gate", "event": "start", "candidates_in": 5}
{"ts": "2026-09-24T00:41:55.900455+00:00", "trace_id": null, "stage": "gate", "event": "finish", "duration_ms": 0.068, "candidates_in": 5, "candidates_out": 0, "reason": "no_confident_hit"}
{"ts": "2026-09-24T00:41:55.900476+00:00", "trace_id": null, "stage": "embed_query", "event": "start", "model": "Qwen/Qwen3-Embedding-0.6B"}
{"ts": "2026-09-24T00:41:55.931891+00:00", "trace_id": null, "stage": "embed_query", "event": "finish", "duration_ms": 31.412, "model": "Qwen/Qwen3-Embedding-0.6B"}
{"ts": "2026-09-24T00:41:55.931945+00:00", "trace_id": null, "stage": "dense", "event": "start"}
{"ts": "2026-09-24T00:41:55.932144+00:00", "trace_id": null, "stage": "dense", "event": "finish", "duration_ms": 0.198, "candidates_out": 20}
{"ts": "2026-09-24T00:41:55.932167+00:00", "trace_id": null, "stage": "lexical", "event": "start"}
{"ts": "2026-09-24T00:41:55.932433+00:00", "trace_id": null, "stage": "lexical", "event": "finish", "duration_ms": 0.266, "candidates_out": 20}
{"ts": "2026-09-24T00:41:55.932462+00:00", "trace_id": null, "stage": "fuse", "event": "start", "candidates_in": 31}
{"ts": "2026-09-24T00:41:55.932547+00:00", "trace_id": null, "stage": "fuse", "event": "finish", "duration_ms": 0.083, "candidates_in": 31, "candidates_out": 23, "top_score": 0.03278688524590164}
{"ts": "2026-09-24T00:41:55.932782+00:00", "trace_id": null, "stage": "rerank", "event": "start", "candidates_in": 20}
{"ts": "2026-09-24T00:41:56.937874+00:00", "trace_id": null, "stage": "rerank", "event": "stage_slow", "duration_ms": 1005.076, "candidates_in": 20, "soft_budget_ms": 1000.0}
{"ts": "2026-09-24T00:41:57.954094+00:00", "trace_id": null, "stage": "rerank", "event": "finish", "duration_ms": 2021.288, "candidates_in": 20, "candidates_out": 20, "top_score": 0.730568149862659}
{"ts": "2026-09-24T00:41:57.954544+00:00", "trace_id": null, "stage": "gate", "event": "start", "candidates_in": 5}
{"ts": "2026-09-24T00:41:57.958889+00:00", "trace_id": null, "stage": "gate", "event": "finish", "duration_ms": 4.344, "candidates_in": 5, "candidates_out": 5, "top_score": 0.730568149862659}
{"ts": "2026-09-24T00:41:57.958925+00:00", "trace_id": null, "stage": "embed_query", "event": "start", "model": "Qwen/Qwen3-Embedding-0.6B"}
{"ts": "2026-09-24T00:41:57.988398+00:00", "trace_id": null, "stage": "embed_query", "event": "finish", "duration_ms": 29.475, "model": "Qwen/Qwen3-Embedding-0.6B"}
{"ts": "2026-09-24T00:41:57.988440+00:00", "trace_id": null, "stage": "dense", "event": "start"}
{"ts": "2026-09-24T00:41:57.988696+00:00", "trace_id": null, "stage": "dense", "event": "finish", "duration_ms": 0.254, "candidates_out": 20}
{"ts": "2026-09-24T00:41:57.988736+00:00", "trace_id": null, "stage": "lexical", "event": "start"}
{"ts": "2026-09-24T00:41:57.989016+00:00", "trace_id": null, "stage": "lexical", "event": "finish", "duration_ms": 0.279, "candidates_out": 20}
{"ts": "2026-09-24T00:41:57.989060+00:00", "trace_id": null, "stage": "fuse", "event": "start", "candidates_in": 30}
{"ts": "2026-09-24T00:41:57.989139+00:00", "trace_id": null, "stage": "fuse", "event": "finish", "duration_ms": 0.079, "candidates_in": 30, "candidates_out": 20, "top_score": 0.03252247488101534}
{"ts": "2026-09-24T00:41:57.989380+00:00", "trace_id": null, "stage": "rerank", "event": "start", "candidates_in": 20}
{"ts": "2026-09-24T00:41:58.994475+00:00", "trace_id": null, "stage": "rerank", "event": "stage_slow", "duration_ms": 1005.079, "candidates_in": 20, "soft_budget_ms": 1000.0}
{"ts": "2026-09-24T00:41:59.965626+00:00", "trace_id": null, "stage": "rerank", "event": "finish", "duration_ms": 1976.222, "candidates_in": 20, "candidates_out": 20, "top_score": 0.7241671296018655}
{"ts": "2026-09-24T00:41:59.966089+00:00", "trace_id": null, "stage": "gate", "event": "start", "candidates_in": 5}
{"ts": "2026-09-24T00:41:59.968571+00:00", "trace_id": null, "stage": "gate", "event": "finish", "duration_ms": 2.481, "candidates_in": 5, "candidates_out": 5, "top_score": 0.7241671296018655}
{"ts": "2026-09-24T00:41:59.968613+00:00", "trace_id": null, "stage": "embed_query", "event": "start", "model": "Qwen/Qwen3-Embedding-0.6B"}
{"ts": "2026-09-24T00:42:00.000347+00:00", "trace_id": null, "stage": "embed_query", "event": "finish", "duration_ms": 31.732, "model": "Qwen/Qwen3-Embedding-0.6B"}
{"ts": "2026-09-24T00:42:00.000395+00:00", "trace_id": null, "stage": "dense", "event": "start"}
{"ts": "2026-09-24T00:42:00.000606+00:00", "trace_id": null, "stage": "dense", "event": "finish", "duration_ms": 0.211, "candidates_out": 20}
{"ts": "2026-09-24T00:42:00.000633+00:00", "trace_id": null, "stage": "lexical", "event": "start"}
{"ts": "2026-09-24T00:42:00.000914+00:00", "trace_id": null, "stage": "lexical", "event": "finish", "duration_ms": 0.28, "candidates_out": 20}
{"ts": "2026-09-24T00:42:00.000957+00:00", "trace_id": null, "stage": "fuse", "event": "start", "candidates_in": 32}
{"ts": "2026-09-24T00:42:00.001043+00:00", "trace_id": null, "stage": "fuse", "event": "finish", "duration_ms": 0.086, "candidates_in": 32, "candidates_out": 22, "top_score": 0.03252247488101534}
{"ts": "2026-09-24T00:42:00.001268+00:00", "trace_id": null, "stage": "rerank", "event": "start", "candidates_in": 20}
{"ts": "2026-09-24T00:42:01.005349+00:00", "trace_id": null, "stage": "rerank", "event": "stage_slow", "duration_ms": 1005.079, "candidates_in": 20, "soft_budget_ms": 1000.0}
{"ts": "2026-09-24T00:42:02.015409+00:00", "trace_id": null, "stage": "rerank", "event": "finish", "duration_ms": 2016.881, "candidates_in": 20, "candidates_out": 20, "top_score": 0.7182602701599163}
{"ts": "2026-09-24T00:42:02.015856+00:00", "trace_id": null, "stage": "gate", "event": "start", "candidates_in": 5}
{"ts": "2026-09-24T00:42:02.015932+00:00", "trace_id": null, "stage": "gate", "event": "finish", "duration_ms": 0.076, "candidates_in": 5, "candidates_out": 0, "reason": "no_confident_hit"}
{"ts": "2026-09-24T00:42:02.015956+00:00", "trace_id": null, "stage": "embed_query", "event": "start", "model": "Qwen/Qwen3-Embedding-0.6B"}
{"ts": "2026-09-24T00:42:02.046082+00:00", "trace_id": null, "stage": "embed_query", "event": "finish", "duration_ms": 30.175, "model": "Qwen/Qwen3-Embedding-0.6B"}
{"ts": "2026-09-24T00:42:02.046128+00:00", "trace_id": null, "stage": "dense", "event": "start"}
{"ts": "2026-09-24T00:42:02.046330+00:00", "trace_id": null, "stage": "dense", "event": "finish", "duration_ms": 0.202, "candidates_out": 20}
{"ts": "2026-09-24T00:42:02.046349+00:00", "trace_id": null, "stage": "lexical", "event": "start"}
{"ts": "2026-09-24T00:42:02.046622+00:00", "trace_id": null, "stage": "lexical", "event": "finish", "duration_ms": 0.272, "candidates_out": 20}
{"ts": "2026-09-24T00:42:02.046661+00:00", "trace_id": null, "stage": "fuse", "event": "start", "candidates_in": 29}
{"ts": "2026-09-24T00:42:02.046734+00:00", "trace_id": null, "stage": "fuse", "event": "finish", "duration_ms": 0.072, "candidates_in": 29, "candidates_out": 19, "top_score": 0.032266458495966696}
{"ts": "2026-09-24T00:42:02.046954+00:00", "trace_id": null, "stage": "rerank", "event": "start", "candidates_in": 19}
{"ts": "2026-09-24T00:42:03.046810+00:00", "trace_id": null, "stage": "rerank", "event": "stage_slow", "duration_ms": 1001.456, "candidates_in": 19, "soft_budget_ms": 1000.0}
{"ts": "2026-09-24T00:42:03.928528+00:00", "trace_id": null, "stage": "rerank", "event": "finish", "duration_ms": 1884.512, "candidates_in": 19, "candidates_out": 19, "top_score": 0.6280308802368357}
{"ts": "2026-09-24T00:42:03.928968+00:00", "trace_id": null, "stage": "gate", "event": "start", "candidates_in": 5}
{"ts": "2026-09-24T00:42:03.929042+00:00", "trace_id": null, "stage": "gate", "event": "finish", "duration_ms": 0.073, "candidates_in": 5, "candidates_out": 0, "reason": "no_confident_hit"}
{"ts": "2026-09-24T00:42:03.929077+00:00", "trace_id": null, "stage": "embed_query", "event": "start", "model": "Qwen/Qwen3-Embedding-0.6B"}
{"ts": "2026-09-24T00:42:03.959220+00:00", "trace_id": null, "stage": "embed_query", "event": "finish", "duration_ms": 30.185, "model": "Qwen/Qwen3-Embedding-0.6B"}
{"ts": "2026-09-24T00:42:03.959268+00:00", "trace_id": null, "stage": "dense", "event": "start"}
{"ts": "2026-09-24T00:42:03.959468+00:00", "trace_id": null, "stage": "dense", "event": "finish", "duration_ms": 0.2, "candidates_out": 20}
{"ts": "2026-09-24T00:42:03.959489+00:00", "trace_id": null, "stage": "lexical", "event": "start"}
{"ts": "2026-09-24T00:42:03.959772+00:00", "trace_id": null, "stage": "lexical", "event": "finish", "duration_ms": 0.282, "candidates_out": 20}
{"ts": "2026-09-24T00:42:03.959813+00:00", "trace_id": null, "stage": "fuse", "event": "start", "candidates_in": 32}
{"ts": "2026-09-24T00:42:03.959879+00:00", "trace_id": null, "stage": "fuse", "event": "finish", "duration_ms": 0.066, "candidates_in": 32, "candidates_out": 18, "top_score": 0.03278688524590164}
{"ts": "2026-09-24T00:42:03.960089+00:00", "trace_id": null, "stage": "rerank", "event": "start", "candidates_in": 18}
{"ts": "2026-09-24T00:42:04.963740+00:00", "trace_id": null, "stage": "rerank", "event": "stage_slow", "duration_ms": 1005.071, "candidates_in": 18, "soft_budget_ms": 1000.0}
{"ts": "2026-09-24T00:42:05.766400+00:00", "trace_id": null, "stage": "rerank", "event": "finish", "duration_ms": 1808.81, "candidates_in": 18, "candidates_out": 18, "top_score": 0.7159085789625023}
{"ts": "2026-09-24T00:42:05.766828+00:00", "trace_id": null, "stage": "gate", "event": "start", "candidates_in": 5}
{"ts": "2026-09-24T00:42:05.766943+00:00", "trace_id": null, "stage": "gate", "event": "finish", "duration_ms": 0.115, "candidates_in": 5, "candidates_out": 0, "reason": "no_confident_hit"}
{"ts": "2026-09-24T00:42:05.767002+00:00", "trace_id": null, "stage": "embed_query", "event": "start", "model": "Qwen/Qwen3-Embedding-0.6B"}
{"ts": "2026-09-24T00:42:05.797116+00:00", "trace_id": null, "stage": "embed_query", "event": "finish", "duration_ms": 30.152, "model": "Qwen/Qwen3-Embedding-0.6B"}
{"ts": "2026-09-24T00:42:05.797160+00:00", "trace_id": null, "stage": "dense", "event": "start"}
{"ts": "2026-09-24T00:42:05.797367+00:00", "trace_id": null, "stage": "dense", "event": "finish", "duration_ms": 0.207, "candidates_out": 20}
{"ts": "2026-09-24T00:42:05.797395+00:00", "trace_id": null, "stage": "lexical", "event": "start"}
{"ts": "2026-09-24T00:42:05.797684+00:00", "trace_id": null, "stage": "lexical", "event": "finish", "duration_ms": 0.288, "candidates_out": 20}
{"ts": "2026-09-24T00:42:05.797725+00:00", "trace_id": null, "stage": "fuse", "event": "start", "candidates_in": 32}
{"ts": "2026-09-24T00:42:05.797796+00:00", "trace_id": null, "stage": "fuse", "event": "finish", "duration_ms": 0.071, "candidates_in": 32, "candidates_out": 20, "top_score": 0.03278688524590164}
{"ts": "2026-09-24T00:42:05.798022+00:00", "trace_id": null, "stage": "rerank", "event": "start", "candidates_in": 20}
{"ts": "2026-09-24T00:42:06.798864+00:00", "trace_id": null, "stage": "rerank", "event": "stage_slow", "duration_ms": 1002.1, "candidates_in": 20, "soft_budget_ms": 1000.0}
{"ts": "2026-09-24T00:42:07.820193+00:00", "trace_id": null, "stage": "rerank", "event": "finish", "duration_ms": 2024.636, "candidates_in": 20, "candidates_out": 20, "top_score": 0.7205293790701435}
{"ts": "2026-09-24T00:42:07.820637+00:00", "trace_id": null, "stage": "gate", "event": "start", "candidates_in": 5}
{"ts": "2026-09-24T00:42:07.820736+00:00", "trace_id": null, "stage": "gate", "event": "finish", "duration_ms": 0.098, "candidates_in": 5, "candidates_out": 5, "top_score": 0.7205293790701435}
{"ts": "2026-09-24T00:42:07.820774+00:00", "trace_id": null, "stage": "embed_query", "event": "start", "model": "Qwen/Qwen3-Embedding-0.6B"}
{"ts": "2026-09-24T00:42:07.850692+00:00", "trace_id": null, "stage": "embed_query", "event": "finish", "duration_ms": 29.95, "model": "Qwen/Qwen3-Embedding-0.6B"}
{"ts": "2026-09-24T00:42:07.850742+00:00", "trace_id": null, "stage": "dense", "event": "start"}
{"ts": "2026-09-24T00:42:07.850957+00:00", "trace_id": null, "stage": "dense", "event": "finish", "duration_ms": 0.214, "candidates_out": 20}
{"ts": "2026-09-24T00:42:07.850986+00:00", "trace_id": null, "stage": "lexical", "event": "start"}
{"ts": "2026-09-24T00:42:07.851269+00:00", "trace_id": null, "stage": "lexical", "event": "finish", "duration_ms": 0.283, "candidates_out": 20}
{"ts": "2026-09-24T00:42:07.851310+00:00", "trace_id": null, "stage": "fuse", "event": "start", "candidates_in": 32}
{"ts": "2026-09-24T00:42:07.851376+00:00", "trace_id": null, "stage": "fuse", "event": "finish", "duration_ms": 0.066, "candidates_in": 32, "candidates_out": 22, "top_score": 0.03278688524590164}
{"ts": "2026-09-24T00:42:07.851590+00:00", "trace_id": null, "stage": "rerank", "event": "start", "candidates_in": 20}
{"ts": "2026-09-24T00:42:08.852263+00:00", "trace_id": null, "stage": "rerank", "event": "stage_slow", "duration_ms": 1001.77, "candidates_in": 20, "soft_budget_ms": 1000.0}
{"ts": "2026-09-24T00:42:09.831098+00:00", "trace_id": null, "stage": "rerank", "event": "finish", "duration_ms": 1981.622, "candidates_in": 20, "candidates_out": 20, "top_score": 0.7138970731442791}
{"ts": "2026-09-24T00:42:09.831531+00:00", "trace_id": null, "stage": "gate", "event": "start", "candidates_in": 5}
{"ts": "2026-09-24T00:42:09.831607+00:00", "trace_id": null, "stage": "gate", "event": "finish", "duration_ms": 0.075, "candidates_in": 5, "candidates_out": 0, "reason": "no_confident_hit"}
{"ts": "2026-09-24T00:42:09.831641+00:00", "trace_id": null, "stage": "embed_query", "event": "start", "model": "Qwen/Qwen3-Embedding-0.6B"}
{"ts": "2026-09-24T00:42:09.862362+00:00", "trace_id": null, "stage": "embed_query", "event": "finish", "duration_ms": 30.749, "model": "Qwen/Qwen3-Embedding-0.6B"}
{"ts": "2026-09-24T00:42:09.862415+00:00", "trace_id": null, "stage": "dense", "event": "start"}
{"ts": "2026-09-24T00:42:09.862639+00:00", "trace_id": null, "stage": "dense", "event": "finish", "duration_ms": 0.222, "candidates_out": 20}
{"ts": "2026-09-24T00:42:09.862673+00:00", "trace_id": null, "stage": "lexical", "event": "start"}
{"ts": "2026-09-24T00:42:09.862944+00:00", "trace_id": null, "stage": "lexical", "event": "finish", "duration_ms": 0.271, "candidates_out": 20}
{"ts": "2026-09-24T00:42:09.862977+00:00", "trace_id": null, "stage": "fuse", "event": "start", "candidates_in": 23}
{"ts": "2026-09-24T00:42:09.863057+00:00", "trace_id": null, "stage": "fuse", "event": "finish", "duration_ms": 0.079, "candidates_in": 23, "candidates_out": 18, "top_score": 0.032266458495966696}
{"ts": "2026-09-24T00:42:09.863263+00:00", "trace_id": null, "stage": "rerank", "event": "start", "candidates_in": 18}
{"ts": "2026-09-24T00:42:10.864992+00:00", "trace_id": null, "stage": "rerank", "event": "stage_slow", "duration_ms": 1002.692, "candidates_in": 18, "soft_budget_ms": 1000.0}
{"ts": "2026-09-24T00:42:11.521739+00:00", "trace_id": null, "stage": "rerank", "event": "finish", "duration_ms": 1660.05, "candidates_in": 18, "candidates_out": 18, "top_score": 0.6097130988350586}
{"ts": "2026-09-24T00:42:11.522173+00:00", "trace_id": null, "stage": "gate", "event": "start", "candidates_in": 5}
{"ts": "2026-09-24T00:42:11.522250+00:00", "trace_id": null, "stage": "gate", "event": "finish", "duration_ms": 0.076, "candidates_in": 5, "candidates_out": 0, "reason": "no_confident_hit"}
{"ts": "2026-09-24T00:42:11.522287+00:00", "trace_id": null, "stage": "embed_query", "event": "start", "model": "Qwen/Qwen3-Embedding-0.6B"}
{"ts": "2026-09-24T00:42:11.552594+00:00", "trace_id": null, "stage": "embed_query", "event": "finish", "duration_ms": 30.332, "model": "Qwen/Qwen3-Embedding-0.6B"}
{"ts": "2026-09-24T00:42:11.552638+00:00", "trace_id": null, "stage": "dense", "event": "start"}
{"ts": "2026-09-24T00:42:11.552849+00:00", "trace_id": null, "stage": "dense", "event": "finish", "duration_ms": 0.21, "candidates_out": 20}
{"ts": "2026-09-24T00:42:11.552881+00:00", "trace_id": null, "stage": "lexical", "event": "start"}
{"ts": "2026-09-24T00:42:11.553149+00:00", "trace_id": null, "stage": "lexical", "event": "finish", "duration_ms": 0.267, "candidates_out": 20}
{"ts": "2026-09-24T00:42:11.553180+00:00", "trace_id": null, "stage": "fuse", "event": "start", "candidates_in": 32}
{"ts": "2026-09-24T00:42:11.553244+00:00", "trace_id": null, "stage": "fuse", "event": "finish", "duration_ms": 0.064, "candidates_in": 32, "candidates_out": 25, "top_score": 0.03252247488101534}
{"ts": "2026-09-24T00:42:11.553477+00:00", "trace_id": null, "stage": "rerank", "event": "start", "candidates_in": 20}
{"ts": "2026-09-24T00:42:12.557686+00:00", "trace_id": null, "stage": "rerank", "event": "stage_slow", "duration_ms": 1005.074, "candidates_in": 20, "soft_budget_ms": 1000.0}
{"ts": "2026-09-24T00:42:13.390461+00:00", "trace_id": null, "stage": "rerank", "event": "finish", "duration_ms": 1838.536, "candidates_in": 20, "candidates_out": 20, "top_score": 0.5722669916612986}
{"ts": "2026-09-24T00:42:13.390907+00:00", "trace_id": null, "stage": "gate", "event": "start", "candidates_in": 5}
{"ts": "2026-09-24T00:42:13.390989+00:00", "trace_id": null, "stage": "gate", "event": "finish", "duration_ms": 0.081, "candidates_in": 5, "candidates_out": 0, "reason": "no_confident_hit"}
{"ts": "2026-09-24T00:42:13.391023+00:00", "trace_id": null, "stage": "embed_query", "event": "start", "model": "Qwen/Qwen3-Embedding-0.6B"}
{"ts": "2026-09-24T00:42:13.422303+00:00", "trace_id": null, "stage": "embed_query", "event": "finish", "duration_ms": 31.303, "model": "Qwen/Qwen3-Embedding-0.6B"}
{"ts": "2026-09-24T00:42:13.422370+00:00", "trace_id": null, "stage": "dense", "event": "start"}
{"ts": "2026-09-24T00:42:13.422622+00:00", "trace_id": null, "stage": "dense", "event": "finish", "duration_ms": 0.251, "candidates_out": 20}
{"ts": "2026-09-24T00:42:13.422656+00:00", "trace_id": null, "stage": "lexical", "event": "start"}
{"ts": "2026-09-24T00:42:13.422967+00:00", "trace_id": null, "stage": "lexical", "event": "finish", "duration_ms": 0.311, "candidates_out": 20}
{"ts": "2026-09-24T00:42:13.423004+00:00", "trace_id": null, "stage": "fuse", "event": "start", "candidates_in": 30}
{"ts": "2026-09-24T00:42:13.423072+00:00", "trace_id": null, "stage": "fuse", "event": "finish", "duration_ms": 0.068, "candidates_in": 30, "candidates_out": 20, "top_score": 0.03252247488101534}
{"ts": "2026-09-24T00:42:13.423285+00:00", "trace_id": null, "stage": "rerank", "event": "start", "candidates_in": 20}
{"ts": "2026-09-24T00:42:14.424898+00:00", "trace_id": null, "stage": "rerank", "event": "stage_slow", "duration_ms": 1002.378, "candidates_in": 20, "soft_budget_ms": 1000.0}
{"ts": "2026-09-24T00:42:15.195104+00:00", "trace_id": null, "stage": "rerank", "event": "finish", "duration_ms": 1773.142, "candidates_in": 20, "candidates_out": 20, "top_score": 0.649266501100885}
{"ts": "2026-09-24T00:42:15.195550+00:00", "trace_id": null, "stage": "gate", "event": "start", "candidates_in": 5}
{"ts": "2026-09-24T00:42:15.195627+00:00", "trace_id": null, "stage": "gate", "event": "finish", "duration_ms": 0.077, "candidates_in": 5, "candidates_out": 0, "reason": "no_confident_hit"}
{"ts": "2026-09-24T00:42:15.195651+00:00", "trace_id": null, "stage": "embed_query", "event": "start", "model": "Qwen/Qwen3-Embedding-0.6B"}
{"ts": "2026-09-24T00:42:15.227118+00:00", "trace_id": null, "stage": "embed_query", "event": "finish", "duration_ms": 31.486, "model": "Qwen/Qwen3-Embedding-0.6B"}
{"ts": "2026-09-24T00:42:15.227172+00:00", "trace_id": null, "stage": "dense", "event": "start"}
{"ts": "2026-09-24T00:42:15.227387+00:00", "trace_id": null, "stage": "dense", "event": "finish", "duration_ms": 0.214, "candidates_out": 20}
{"ts": "2026-09-24T00:42:15.227413+00:00", "trace_id": null, "stage": "lexical", "event": "start"}
{"ts": "2026-09-24T00:42:15.227777+00:00", "trace_id": null, "stage": "lexical", "event": "finish", "duration_ms": 0.363, "candidates_out": 20}
{"ts": "2026-09-24T00:42:15.227811+00:00", "trace_id": null, "stage": "fuse", "event": "start", "candidates_in": 30}
{"ts": "2026-09-24T00:42:15.227887+00:00", "trace_id": null, "stage": "fuse", "event": "finish", "duration_ms": 0.074, "candidates_in": 30, "candidates_out": 21, "top_score": 0.03131881575727918}
{"ts": "2026-09-24T00:42:15.228137+00:00", "trace_id": null, "stage": "rerank", "event": "start", "candidates_in": 20}
{"ts": "2026-09-24T00:42:16.231314+00:00", "trace_id": null, "stage": "rerank", "event": "stage_slow", "duration_ms": 1003.858, "candidates_in": 20, "soft_budget_ms": 1000.0}
{"ts": "2026-09-24T00:42:16.874624+00:00", "trace_id": null, "stage": "rerank", "event": "finish", "duration_ms": 1647.586, "candidates_in": 20, "candidates_out": 20, "top_score": 0.5245854815735117}
{"ts": "2026-09-24T00:42:16.875089+00:00", "trace_id": null, "stage": "gate", "event": "start", "candidates_in": 5}
{"ts": "2026-09-24T00:42:16.875158+00:00", "trace_id": null, "stage": "gate", "event": "finish", "duration_ms": 0.069, "candidates_in": 5, "candidates_out": 0, "reason": "no_confident_hit"}
{"ts": "2026-09-24T00:42:16.875183+00:00", "trace_id": null, "stage": "embed_query", "event": "start", "model": "Qwen/Qwen3-Embedding-0.6B"}
{"ts": "2026-09-24T00:42:16.909760+00:00", "trace_id": null, "stage": "embed_query", "event": "finish", "duration_ms": 34.595, "model": "Qwen/Qwen3-Embedding-0.6B"}
{"ts": "2026-09-24T00:42:16.909851+00:00", "trace_id": null, "stage": "dense", "event": "start"}
{"ts": "2026-09-24T00:42:16.910039+00:00", "trace_id": null, "stage": "dense", "event": "finish", "duration_ms": 0.188, "candidates_out": 20}
{"ts": "2026-09-24T00:42:16.910070+00:00", "trace_id": null, "stage": "lexical", "event": "start"}
{"ts": "2026-09-24T00:42:16.910347+00:00", "trace_id": null, "stage": "lexical", "event": "finish", "duration_ms": 0.276, "candidates_out": 19}
{"ts": "2026-09-24T00:42:16.910384+00:00", "trace_id": null, "stage": "fuse", "event": "start", "candidates_in": 33}
{"ts": "2026-09-24T00:42:16.910465+00:00", "trace_id": null, "stage": "fuse", "event": "finish", "duration_ms": 0.08, "candidates_in": 33, "candidates_out": 29, "top_score": 0.03278688524590164}
{"ts": "2026-09-24T00:42:16.910685+00:00", "trace_id": null, "stage": "rerank", "event": "start", "candidates_in": 20}
{"ts": "2026-09-24T00:42:17.914221+00:00", "trace_id": null, "stage": "rerank", "event": "stage_slow", "duration_ms": 1004.148, "candidates_in": 20, "soft_budget_ms": 1000.0}
{"ts": "2026-09-24T00:42:18.937333+00:00", "trace_id": null, "stage": "rerank", "event": "finish", "duration_ms": 2027.851, "candidates_in": 20, "candidates_out": 20, "top_score": 0.5329894620801231}
{"ts": "2026-09-24T00:42:18.937796+00:00", "trace_id": null, "stage": "gate", "event": "start", "candidates_in": 5}
{"ts": "2026-09-24T00:42:18.937866+00:00", "trace_id": null, "stage": "gate", "event": "finish", "duration_ms": 0.069, "candidates_in": 5, "candidates_out": 0, "reason": "no_confident_hit"}
{"ts": "2026-09-24T00:42:18.937901+00:00", "trace_id": null, "stage": "embed_query", "event": "start", "model": "Qwen/Qwen3-Embedding-0.6B"}
{"ts": "2026-09-24T00:42:18.975959+00:00", "trace_id": null, "stage": "embed_query", "event": "finish", "duration_ms": 38.076, "model": "Qwen/Qwen3-Embedding-0.6B"}
{"ts": "2026-09-24T00:42:18.976014+00:00", "trace_id": null, "stage": "dense", "event": "start"}
{"ts": "2026-09-24T00:42:18.976223+00:00", "trace_id": null, "stage": "dense", "event": "finish", "duration_ms": 0.209, "candidates_out": 20}
{"ts": "2026-09-24T00:42:18.976253+00:00", "trace_id": null, "stage": "lexical", "event": "start"}
{"ts": "2026-09-24T00:42:18.976575+00:00", "trace_id": null, "stage": "lexical", "event": "finish", "duration_ms": 0.322, "candidates_out": 20}
{"ts": "2026-09-24T00:42:18.976606+00:00", "trace_id": null, "stage": "fuse", "event": "start", "candidates_in": 34}
{"ts": "2026-09-24T00:42:18.976672+00:00", "trace_id": null, "stage": "fuse", "event": "finish", "duration_ms": 0.066, "candidates_in": 34, "candidates_out": 25, "top_score": 0.032266458495966696}
{"ts": "2026-09-24T00:42:18.976909+00:00", "trace_id": null, "stage": "rerank", "event": "start", "candidates_in": 20}
{"ts": "2026-09-24T00:42:19.979680+00:00", "trace_id": null, "stage": "rerank", "event": "stage_slow", "duration_ms": 1003.303, "candidates_in": 20, "soft_budget_ms": 1000.0}
{"ts": "2026-09-24T00:42:21.004315+00:00", "trace_id": null, "stage": "rerank", "event": "finish", "duration_ms": 2028.456, "candidates_in": 20, "candidates_out": 20, "top_score": 0.5795537675478222}
{"ts": "2026-09-24T00:42:21.004791+00:00", "trace_id": null, "stage": "gate", "event": "start", "candidates_in": 5}
{"ts": "2026-09-24T00:42:21.004855+00:00", "trace_id": null, "stage": "gate", "event": "finish", "duration_ms": 0.065, "candidates_in": 5, "candidates_out": 0, "reason": "no_confident_hit"}
{"ts": "2026-09-24T00:42:21.004879+00:00", "trace_id": null, "stage": "embed_query", "event": "start", "model": "Qwen/Qwen3-Embedding-0.6B"}
{"ts": "2026-09-24T00:42:21.036333+00:00", "trace_id": null, "stage": "embed_query", "event": "finish", "duration_ms": 31.468, "model": "Qwen/Qwen3-Embedding-0.6B"}
{"ts": "2026-09-24T00:42:21.036374+00:00", "trace_id": null, "stage": "dense", "event": "start"}
{"ts": "2026-09-24T00:42:21.036574+00:00", "trace_id": null, "stage": "dense", "event": "finish", "duration_ms": 0.201, "candidates_out": 20}
{"ts": "2026-09-24T00:42:21.036595+00:00", "trace_id": null, "stage": "lexical", "event": "start"}
{"ts": "2026-09-24T00:42:21.036932+00:00", "trace_id": null, "stage": "lexical", "event": "finish", "duration_ms": 0.337, "candidates_out": 20}
{"ts": "2026-09-24T00:42:21.036959+00:00", "trace_id": null, "stage": "fuse", "event": "start", "candidates_in": 33}
{"ts": "2026-09-24T00:42:21.037044+00:00", "trace_id": null, "stage": "fuse", "event": "finish", "duration_ms": 0.083, "candidates_in": 33, "candidates_out": 23, "top_score": 0.03252247488101534}
{"ts": "2026-09-24T00:42:21.037274+00:00", "trace_id": null, "stage": "rerank", "event": "start", "candidates_in": 20}
{"ts": "2026-09-24T00:42:22.037051+00:00", "trace_id": null, "stage": "rerank", "event": "stage_slow", "duration_ms": 1000.242, "candidates_in": 20, "soft_budget_ms": 1000.0}
{"ts": "2026-09-24T00:42:23.085450+00:00", "trace_id": null, "stage": "rerank", "event": "finish", "duration_ms": 2049.104, "candidates_in": 20, "candidates_out": 20, "top_score": 0.6477548762804705}
{"ts": "2026-09-24T00:42:23.085898+00:00", "trace_id": null, "stage": "gate", "event": "start", "candidates_in": 5}
{"ts": "2026-09-24T00:42:23.085963+00:00", "trace_id": null, "stage": "gate", "event": "finish", "duration_ms": 0.065, "candidates_in": 5, "candidates_out": 0, "reason": "no_confident_hit"}
{"ts": "2026-09-24T00:42:23.085986+00:00", "trace_id": null, "stage": "embed_query", "event": "start", "model": "Qwen/Qwen3-Embedding-0.6B"}
{"ts": "2026-09-24T00:42:23.119801+00:00", "trace_id": null, "stage": "embed_query", "event": "finish", "duration_ms": 33.827, "model": "Qwen/Qwen3-Embedding-0.6B"}
{"ts": "2026-09-24T00:42:23.119860+00:00", "trace_id": null, "stage": "dense", "event": "start"}
{"ts": "2026-09-24T00:42:23.120074+00:00", "trace_id": null, "stage": "dense", "event": "finish", "duration_ms": 0.214, "candidates_out": 20}
{"ts": "2026-09-24T00:42:23.120097+00:00", "trace_id": null, "stage": "lexical", "event": "start"}
{"ts": "2026-09-24T00:42:23.120394+00:00", "trace_id": null, "stage": "lexical", "event": "finish", "duration_ms": 0.296, "candidates_out": 20}
{"ts": "2026-09-24T00:42:23.120438+00:00", "trace_id": null, "stage": "fuse", "event": "start", "candidates_in": 31}
{"ts": "2026-09-24T00:42:23.120516+00:00", "trace_id": null, "stage": "fuse", "event": "finish", "duration_ms": 0.078, "candidates_in": 31, "candidates_out": 18, "top_score": 0.03278688524590164}
{"ts": "2026-09-24T00:42:23.120715+00:00", "trace_id": null, "stage": "rerank", "event": "start", "candidates_in": 18}
{"ts": "2026-09-24T00:42:24.125365+00:00", "trace_id": null, "stage": "rerank", "event": "stage_slow", "duration_ms": 1005.059, "candidates_in": 18, "soft_budget_ms": 1000.0}
{"ts": "2026-09-24T00:42:24.734773+00:00", "trace_id": null, "stage": "rerank", "event": "finish", "duration_ms": 1614.704, "candidates_in": 18, "candidates_out": 18, "top_score": 0.6517794275982862}
{"ts": "2026-09-24T00:42:24.735189+00:00", "trace_id": null, "stage": "gate", "event": "start", "candidates_in": 5}
{"ts": "2026-09-24T00:42:24.735268+00:00", "trace_id": null, "stage": "gate", "event": "finish", "duration_ms": 0.078, "candidates_in": 5, "candidates_out": 0, "reason": "no_confident_hit"}
{"ts": "2026-09-24T00:42:24.735306+00:00", "trace_id": null, "stage": "embed_query", "event": "start", "model": "Qwen/Qwen3-Embedding-0.6B"}
{"ts": "2026-09-24T00:42:24.767332+00:00", "trace_id": null, "stage": "embed_query", "event": "finish", "duration_ms": 32.036, "model": "Qwen/Qwen3-Embedding-0.6B"}
{"ts": "2026-09-24T00:42:24.767378+00:00", "trace_id": null, "stage": "dense", "event": "start"}
{"ts": "2026-09-24T00:42:24.767588+00:00", "trace_id": null, "stage": "dense", "event": "finish", "duration_ms": 0.209, "candidates_out": 20}
{"ts": "2026-09-24T00:42:24.767616+00:00", "trace_id": null, "stage": "lexical", "event": "start"}
{"ts": "2026-09-24T00:42:24.767964+00:00", "trace_id": null, "stage": "lexical", "event": "finish", "duration_ms": 0.347, "candidates_out": 20}
{"ts": "2026-09-24T00:42:24.768005+00:00", "trace_id": null, "stage": "fuse", "event": "start", "candidates_in": 34}
{"ts": "2026-09-24T00:42:24.768084+00:00", "trace_id": null, "stage": "fuse", "event": "finish", "duration_ms": 0.078, "candidates_in": 34, "candidates_out": 23, "top_score": 0.032266458495966696}
{"ts": "2026-09-24T00:42:24.768312+00:00", "trace_id": null, "stage": "rerank", "event": "start", "candidates_in": 20}
{"ts": "2026-09-24T00:42:25.769644+00:00", "trace_id": null, "stage": "rerank", "event": "stage_slow", "duration_ms": 1001.693, "candidates_in": 20, "soft_budget_ms": 1000.0}
{"ts": "2026-09-24T00:42:26.667626+00:00", "trace_id": null, "stage": "rerank", "event": "finish", "duration_ms": 1899.992, "candidates_in": 20, "candidates_out": 20, "top_score": 0.5127695191940547}
{"ts": "2026-09-24T00:42:26.668764+00:00", "trace_id": null, "stage": "gate", "event": "start", "candidates_in": 5}
{"ts": "2026-09-24T00:42:26.668907+00:00", "trace_id": null, "stage": "gate", "event": "finish", "duration_ms": 0.146, "candidates_in": 5, "candidates_out": 0, "reason": "no_confident_hit"}
{"ts": "2026-09-24T00:42:26.668990+00:00", "trace_id": null, "stage": "embed_query", "event": "start", "model": "Qwen/Qwen3-Embedding-0.6B"}
{"ts": "2026-09-24T00:42:26.711916+00:00", "trace_id": null, "stage": "embed_query", "event": "finish", "duration_ms": 42.939, "model": "Qwen/Qwen3-Embedding-0.6B"}
{"ts": "2026-09-24T00:42:26.711974+00:00", "trace_id": null, "stage": "dense", "event": "start"}
{"ts": "2026-09-24T00:42:26.712201+00:00", "trace_id": null, "stage": "dense", "event": "finish", "duration_ms": 0.226, "candidates_out": 20}
{"ts": "2026-09-24T00:42:26.712233+00:00", "trace_id": null, "stage": "lexical", "event": "start"}
{"ts": "2026-09-24T00:42:26.712583+00:00", "trace_id": null, "stage": "lexical", "event": "finish", "duration_ms": 0.35, "candidates_out": 20}
{"ts": "2026-09-24T00:42:26.712616+00:00", "trace_id": null, "stage": "fuse", "event": "start", "candidates_in": 32}
{"ts": "2026-09-24T00:42:26.712685+00:00", "trace_id": null, "stage": "fuse", "event": "finish", "duration_ms": 0.068, "candidates_in": 32, "candidates_out": 22, "top_score": 0.03278688524590164}
{"ts": "2026-09-24T00:42:26.712923+00:00", "trace_id": null, "stage": "rerank", "event": "start", "candidates_in": 20}
{"ts": "2026-09-24T00:42:27.717685+00:00", "trace_id": null, "stage": "rerank", "event": "stage_slow", "duration_ms": 1005.078, "candidates_in": 20, "soft_budget_ms": 1000.0}
{"ts": "2026-09-24T00:42:28.603432+00:00", "trace_id": null, "stage": "rerank", "event": "finish", "duration_ms": 1891.104, "candidates_in": 20, "candidates_out": 20, "top_score": 0.7227531802312235}
{"ts": "2026-09-24T00:42:28.603913+00:00", "trace_id": null, "stage": "gate", "event": "start", "candidates_in": 5}
{"ts": "2026-09-24T00:42:28.605413+00:00", "trace_id": null, "stage": "gate", "event": "finish", "duration_ms": 1.5, "candidates_in": 5, "candidates_out": 5, "top_score": 0.7227531802312235}
{"ts": "2026-09-24T00:42:28.605442+00:00", "trace_id": null, "stage": "embed_query", "event": "start", "model": "Qwen/Qwen3-Embedding-0.6B"}
{"ts": "2026-09-24T00:42:28.636098+00:00", "trace_id": null, "stage": "embed_query", "event": "finish", "duration_ms": 30.663, "model": "Qwen/Qwen3-Embedding-0.6B"}
{"ts": "2026-09-24T00:42:28.636151+00:00", "trace_id": null, "stage": "dense", "event": "start"}
{"ts": "2026-09-24T00:42:28.636367+00:00", "trace_id": null, "stage": "dense", "event": "finish", "duration_ms": 0.216, "candidates_out": 20}
{"ts": "2026-09-24T00:42:28.636403+00:00", "trace_id": null, "stage": "lexical", "event": "start"}
{"ts": "2026-09-24T00:42:28.636715+00:00", "trace_id": null, "stage": "lexical", "event": "finish", "duration_ms": 0.312, "candidates_out": 20}
{"ts": "2026-09-24T00:42:28.636752+00:00", "trace_id": null, "stage": "fuse", "event": "start", "candidates_in": 33}
{"ts": "2026-09-24T00:42:28.636859+00:00", "trace_id": null, "stage": "fuse", "event": "finish", "duration_ms": 0.105, "candidates_in": 33, "candidates_out": 24, "top_score": 0.03278688524590164}
{"ts": "2026-09-24T00:42:28.637092+00:00", "trace_id": null, "stage": "rerank", "event": "start", "candidates_in": 20}
{"ts": "2026-09-24T00:42:29.641885+00:00", "trace_id": null, "stage": "rerank", "event": "stage_slow", "duration_ms": 1005.075, "candidates_in": 20, "soft_budget_ms": 1000.0}
{"ts": "2026-09-24T00:42:30.646677+00:00", "trace_id": null, "stage": "rerank", "event": "finish", "duration_ms": 2010.139, "candidates_in": 20, "candidates_out": 20, "top_score": 0.6906654918705633}
{"ts": "2026-09-24T00:42:30.647126+00:00", "trace_id": null, "stage": "gate", "event": "start", "candidates_in": 5}
{"ts": "2026-09-24T00:42:30.647199+00:00", "trace_id": null, "stage": "gate", "event": "finish", "duration_ms": 0.071, "candidates_in": 5, "candidates_out": 0, "reason": "no_confident_hit"}
{"ts": "2026-09-24T00:42:30.647235+00:00", "trace_id": null, "stage": "embed_query", "event": "start", "model": "Qwen/Qwen3-Embedding-0.6B"}
{"ts": "2026-09-24T00:42:30.680841+00:00", "trace_id": null, "stage": "embed_query", "event": "finish", "duration_ms": 33.611, "model": "Qwen/Qwen3-Embedding-0.6B"}
{"ts": "2026-09-24T00:42:30.680893+00:00", "trace_id": null, "stage": "dense", "event": "start"}
{"ts": "2026-09-24T00:42:30.681107+00:00", "trace_id": null, "stage": "dense", "event": "finish", "duration_ms": 0.213, "candidates_out": 20}
{"ts": "2026-09-24T00:42:30.681128+00:00", "trace_id": null, "stage": "lexical", "event": "start"}
{"ts": "2026-09-24T00:42:30.681419+00:00", "trace_id": null, "stage": "lexical", "event": "finish", "duration_ms": 0.29, "candidates_out": 20}
{"ts": "2026-09-24T00:42:30.681447+00:00", "trace_id": null, "stage": "fuse", "event": "start", "candidates_in": 31}
{"ts": "2026-09-24T00:42:30.681517+00:00", "trace_id": null, "stage": "fuse", "event": "finish", "duration_ms": 0.069, "candidates_in": 31, "candidates_out": 21, "top_score": 0.032266458495966696}
{"ts": "2026-09-24T00:42:30.681733+00:00", "trace_id": null, "stage": "rerank", "event": "start", "candidates_in": 20}
{"ts": "2026-09-24T00:42:31.683694+00:00", "trace_id": null, "stage": "rerank", "event": "stage_slow", "duration_ms": 1002.206, "candidates_in": 20, "soft_budget_ms": 1000.0}
{"ts": "2026-09-24T00:42:32.453934+00:00", "trace_id": null, "stage": "rerank", "event": "finish", "duration_ms": 1772.632, "candidates_in": 20, "candidates_out": 20, "top_score": 0.6778842207162664}
{"ts": "2026-09-24T00:42:32.454382+00:00", "trace_id": null, "stage": "gate", "event": "start", "candidates_in": 5}
{"ts": "2026-09-24T00:42:32.454451+00:00", "trace_id": null, "stage": "gate", "event": "finish", "duration_ms": 0.069, "candidates_in": 5, "candidates_out": 0, "reason": "no_confident_hit"}
{"ts": "2026-09-24T00:42:32.454475+00:00", "trace_id": null, "stage": "embed_query", "event": "start", "model": "Qwen/Qwen3-Embedding-0.6B"}
{"ts": "2026-09-24T00:42:32.484598+00:00", "trace_id": null, "stage": "embed_query", "event": "finish", "duration_ms": 30.127, "model": "Qwen/Qwen3-Embedding-0.6B"}
{"ts": "2026-09-24T00:42:32.484650+00:00", "trace_id": null, "stage": "dense", "event": "start"}
{"ts": "2026-09-24T00:42:32.484853+00:00", "trace_id": null, "stage": "dense", "event": "finish", "duration_ms": 0.203, "candidates_out": 20}
{"ts": "2026-09-24T00:42:32.484881+00:00", "trace_id": null, "stage": "lexical", "event": "start"}
{"ts": "2026-09-24T00:42:32.485133+00:00", "trace_id": null, "stage": "lexical", "event": "finish", "duration_ms": 0.252, "candidates_out": 20}
{"ts": "2026-09-24T00:42:32.485162+00:00", "trace_id": null, "stage": "fuse", "event": "start", "candidates_in": 33}
{"ts": "2026-09-24T00:42:32.485249+00:00", "trace_id": null, "stage": "fuse", "event": "finish", "duration_ms": 0.085, "candidates_in": 33, "candidates_out": 27, "top_score": 0.03252247488101534}
{"ts": "2026-09-24T00:42:32.485467+00:00", "trace_id": null, "stage": "rerank", "event": "start", "candidates_in": 20}
{"ts": "2026-09-24T00:42:33.490314+00:00", "trace_id": null, "stage": "rerank", "event": "stage_slow", "duration_ms": 1005.064, "candidates_in": 20, "soft_budget_ms": 1000.0}
{"ts": "2026-09-24T00:42:34.466411+00:00", "trace_id": null, "stage": "rerank", "event": "finish", "duration_ms": 1981.37, "candidates_in": 20, "candidates_out": 20, "top_score": 0.5098897217426692}
{"ts": "2026-09-24T00:42:34.466897+00:00", "trace_id": null, "stage": "gate", "event": "start", "candidates_in": 5}
{"ts": "2026-09-24T00:42:34.466974+00:00", "trace_id": null, "stage": "gate", "event": "finish", "duration_ms": 0.076, "candidates_in": 5, "candidates_out": 0, "reason": "no_confident_hit"}
{"ts": "2026-09-24T00:42:34.467010+00:00", "trace_id": null, "stage": "embed_query", "event": "start", "model": "Qwen/Qwen3-Embedding-0.6B"}
{"ts": "2026-09-24T00:42:34.502958+00:00", "trace_id": null, "stage": "embed_query", "event": "finish", "duration_ms": 35.952, "model": "Qwen/Qwen3-Embedding-0.6B"}
{"ts": "2026-09-24T00:42:34.503006+00:00", "trace_id": null, "stage": "dense", "event": "start"}
{"ts": "2026-09-24T00:42:34.503225+00:00", "trace_id": null, "stage": "dense", "event": "finish", "duration_ms": 0.22, "candidates_out": 20}
{"ts": "2026-09-24T00:42:34.503246+00:00", "trace_id": null, "stage": "lexical", "event": "start"}
{"ts": "2026-09-24T00:42:34.503498+00:00", "trace_id": null, "stage": "lexical", "event": "finish", "duration_ms": 0.251, "candidates_out": 20}
{"ts": "2026-09-24T00:42:34.503526+00:00", "trace_id": null, "stage": "fuse", "event": "start", "candidates_in": 33}
{"ts": "2026-09-24T00:42:34.503591+00:00", "trace_id": null, "stage": "fuse", "event": "finish", "duration_ms": 0.064, "candidates_in": 33, "candidates_out": 22, "top_score": 0.03252247488101534}
{"ts": "2026-09-24T00:42:34.503837+00:00", "trace_id": null, "stage": "rerank", "event": "start", "candidates_in": 20}
{"ts": "2026-09-24T00:42:35.507848+00:00", "trace_id": null, "stage": "rerank", "event": "stage_slow", "duration_ms": 1004.2, "candidates_in": 20, "soft_budget_ms": 1000.0}
{"ts": "2026-09-24T00:42:36.529535+00:00", "trace_id": null, "stage": "rerank", "event": "finish", "duration_ms": 2026.079, "candidates_in": 20, "candidates_out": 20, "top_score": 0.5008014437165256}
{"ts": "2026-09-24T00:42:36.529985+00:00", "trace_id": null, "stage": "gate", "event": "start", "candidates_in": 5}
{"ts": "2026-09-24T00:42:36.530060+00:00", "trace_id": null, "stage": "gate", "event": "finish", "duration_ms": 0.074, "candidates_in": 5, "candidates_out": 0, "reason": "no_confident_hit"}
{"ts": "2026-09-24T00:42:36.530097+00:00", "trace_id": null, "stage": "embed_query", "event": "start", "model": "Qwen/Qwen3-Embedding-0.6B"}
{"ts": "2026-09-24T00:42:36.561802+00:00", "trace_id": null, "stage": "embed_query", "event": "finish", "duration_ms": 31.708, "model": "Qwen/Qwen3-Embedding-0.6B"}
{"ts": "2026-09-24T00:42:36.561854+00:00", "trace_id": null, "stage": "dense", "event": "start"}
{"ts": "2026-09-24T00:42:36.562072+00:00", "trace_id": null, "stage": "dense", "event": "finish", "duration_ms": 0.217, "candidates_out": 20}
{"ts": "2026-09-24T00:42:36.562098+00:00", "trace_id": null, "stage": "lexical", "event": "start"}
{"ts": "2026-09-24T00:42:36.562394+00:00", "trace_id": null, "stage": "lexical", "event": "finish", "duration_ms": 0.296, "candidates_out": 20}
{"ts": "2026-09-24T00:42:36.562423+00:00", "trace_id": null, "stage": "fuse", "event": "start", "candidates_in": 34}
{"ts": "2026-09-24T00:42:36.562506+00:00", "trace_id": null, "stage": "fuse", "event": "finish", "duration_ms": 0.081, "candidates_in": 34, "candidates_out": 24, "top_score": 0.03252247488101534}
{"ts": "2026-09-24T00:42:36.562767+00:00", "trace_id": null, "stage": "rerank", "event": "start", "candidates_in": 20}
{"ts": "2026-09-24T00:42:37.567673+00:00", "trace_id": null, "stage": "rerank", "event": "stage_slow", "duration_ms": 1005.072, "candidates_in": 20, "soft_budget_ms": 1000.0}
{"ts": "2026-09-24T00:42:38.061449+00:00", "trace_id": null, "stage": "rerank", "event": "finish", "duration_ms": 1498.931, "candidates_in": 20, "candidates_out": 20, "top_score": 0.6282013930819603}
{"ts": "2026-09-24T00:42:38.061897+00:00", "trace_id": null, "stage": "gate", "event": "start", "candidates_in": 5}
{"ts": "2026-09-24T00:42:38.061973+00:00", "trace_id": null, "stage": "gate", "event": "finish", "duration_ms": 0.075, "candidates_in": 5, "candidates_out": 0, "reason": "no_confident_hit"}
{"ts": "2026-09-24T00:42:38.062009+00:00", "trace_id": null, "stage": "embed_query", "event": "start", "model": "Qwen/Qwen3-Embedding-0.6B"}
{"ts": "2026-09-24T00:42:38.093282+00:00", "trace_id": null, "stage": "embed_query", "event": "finish", "duration_ms": 31.275, "model": "Qwen/Qwen3-Embedding-0.6B"}
{"ts": "2026-09-24T00:42:38.093336+00:00", "trace_id": null, "stage": "dense", "event": "start"}
{"ts": "2026-09-24T00:42:38.093559+00:00", "trace_id": null, "stage": "dense", "event": "finish", "duration_ms": 0.222, "candidates_out": 20}
{"ts": "2026-09-24T00:42:38.093592+00:00", "trace_id": null, "stage": "lexical", "event": "start"}
{"ts": "2026-09-24T00:42:38.093885+00:00", "trace_id": null, "stage": "lexical", "event": "finish", "duration_ms": 0.292, "candidates_out": 20}
{"ts": "2026-09-24T00:42:38.093918+00:00", "trace_id": null, "stage": "fuse", "event": "start", "candidates_in": 33}
{"ts": "2026-09-24T00:42:38.093991+00:00", "trace_id": null, "stage": "fuse", "event": "finish", "duration_ms": 0.074, "candidates_in": 33, "candidates_out": 21, "top_score": 0.032018442622950824}
{"ts": "2026-09-24T00:42:38.094235+00:00", "trace_id": null, "stage": "rerank", "event": "start", "candidates_in": 20}
{"ts": "2026-09-24T00:42:39.098865+00:00", "trace_id": null, "stage": "rerank", "event": "stage_slow", "duration_ms": 1004.779, "candidates_in": 20, "soft_budget_ms": 1000.0}
{"ts": "2026-09-24T00:42:40.117772+00:00", "trace_id": null, "stage": "rerank", "event": "finish", "duration_ms": 2023.837, "candidates_in": 20, "candidates_out": 20, "top_score": 0.5478878860716457}
{"ts": "2026-09-24T00:42:40.118239+00:00", "trace_id": null, "stage": "gate", "event": "start", "candidates_in": 5}
{"ts": "2026-09-24T00:42:40.118313+00:00", "trace_id": null, "stage": "gate", "event": "finish", "duration_ms": 0.073, "candidates_in": 5, "candidates_out": 0, "reason": "no_confident_hit"}
{"ts": "2026-09-24T00:42:40.118347+00:00", "trace_id": null, "stage": "embed_query", "event": "start", "model": "Qwen/Qwen3-Embedding-0.6B"}
{"ts": "2026-09-24T00:42:40.150200+00:00", "trace_id": null, "stage": "embed_query", "event": "finish", "duration_ms": 31.855, "model": "Qwen/Qwen3-Embedding-0.6B"}
{"ts": "2026-09-24T00:42:40.150250+00:00", "trace_id": null, "stage": "dense", "event": "start"}
{"ts": "2026-09-24T00:42:40.150475+00:00", "trace_id": null, "stage": "dense", "event": "finish", "duration_ms": 0.224, "candidates_out": 20}
{"ts": "2026-09-24T00:42:40.150506+00:00", "trace_id": null, "stage": "lexical", "event": "start"}
{"ts": "2026-09-24T00:42:40.150818+00:00", "trace_id": null, "stage": "lexical", "event": "finish", "duration_ms": 0.312, "candidates_out": 20}
{"ts": "2026-09-24T00:42:40.150849+00:00", "trace_id": null, "stage": "fuse", "event": "start", "candidates_in": 33}
{"ts": "2026-09-24T00:42:40.150914+00:00", "trace_id": null, "stage": "fuse", "event": "finish", "duration_ms": 0.064, "candidates_in": 33, "candidates_out": 25, "top_score": 0.030834914611005692}
{"ts": "2026-09-24T00:42:40.151144+00:00", "trace_id": null, "stage": "rerank", "event": "start", "candidates_in": 20}
{"ts": "2026-09-24T00:42:41.155149+00:00", "trace_id": null, "stage": "rerank", "event": "stage_slow", "duration_ms": 1004.135, "candidates_in": 20, "soft_budget_ms": 1000.0}
{"ts": "2026-09-24T00:42:42.183715+00:00", "trace_id": null, "stage": "rerank", "event": "finish", "duration_ms": 2032.836, "candidates_in": 20, "candidates_out": 20, "top_score": 0.5024503720328167}
{"ts": "2026-09-24T00:42:42.184150+00:00", "trace_id": null, "stage": "gate", "event": "start", "candidates_in": 5}
{"ts": "2026-09-24T00:42:42.184217+00:00", "trace_id": null, "stage": "gate", "event": "finish", "duration_ms": 0.067, "candidates_in": 5, "candidates_out": 0, "reason": "no_confident_hit"}
{"ts": "2026-09-24T00:42:42.184240+00:00", "trace_id": null, "stage": "embed_query", "event": "start", "model": "Qwen/Qwen3-Embedding-0.6B"}
{"ts": "2026-09-24T00:42:42.216468+00:00", "trace_id": null, "stage": "embed_query", "event": "finish", "duration_ms": 32.228, "model": "Qwen/Qwen3-Embedding-0.6B"}
{"ts": "2026-09-24T00:42:42.216528+00:00", "trace_id": null, "stage": "dense", "event": "start"}
{"ts": "2026-09-24T00:42:42.216750+00:00", "trace_id": null, "stage": "dense", "event": "finish", "duration_ms": 0.22, "candidates_out": 20}
{"ts": "2026-09-24T00:42:42.216784+00:00", "trace_id": null, "stage": "lexical", "event": "start"}
{"ts": "2026-09-24T00:42:42.217079+00:00", "trace_id": null, "stage": "lexical", "event": "finish", "duration_ms": 0.294, "candidates_out": 20}
{"ts": "2026-09-24T00:42:42.217116+00:00", "trace_id": null, "stage": "fuse", "event": "start", "candidates_in": 35}
{"ts": "2026-09-24T00:42:42.217195+00:00", "trace_id": null, "stage": "fuse", "event": "finish", "duration_ms": 0.079, "candidates_in": 35, "candidates_out": 27, "top_score": 0.03177805800756621}
{"ts": "2026-09-24T00:42:42.217434+00:00", "trace_id": null, "stage": "rerank", "event": "start", "candidates_in": 20}
{"ts": "2026-09-24T00:42:43.220489+00:00", "trace_id": null, "stage": "rerank", "event": "stage_slow", "duration_ms": 1003.167, "candidates_in": 20, "soft_budget_ms": 1000.0}
{"ts": "2026-09-24T00:42:44.242077+00:00", "trace_id": null, "stage": "rerank", "event": "finish", "duration_ms": 2024.873, "candidates_in": 20, "candidates_out": 20, "top_score": 0.5340918546073078}
{"ts": "2026-09-24T00:42:44.242537+00:00", "trace_id": null, "stage": "gate", "event": "start", "candidates_in": 5}
{"ts": "2026-09-24T00:42:44.242609+00:00", "trace_id": null, "stage": "gate", "event": "finish", "duration_ms": 0.071, "candidates_in": 5, "candidates_out": 0, "reason": "no_confident_hit"}
{"ts": "2026-09-24T00:42:44.242646+00:00", "trace_id": null, "stage": "embed_query", "event": "start", "model": "Qwen/Qwen3-Embedding-0.6B"}
{"ts": "2026-09-24T00:42:44.273733+00:00", "trace_id": null, "stage": "embed_query", "event": "finish", "duration_ms": 31.088, "model": "Qwen/Qwen3-Embedding-0.6B"}
{"ts": "2026-09-24T00:42:44.273782+00:00", "trace_id": null, "stage": "dense", "event": "start"}
{"ts": "2026-09-24T00:42:44.273981+00:00", "trace_id": null, "stage": "dense", "event": "finish", "duration_ms": 0.199, "candidates_out": 20}
{"ts": "2026-09-24T00:42:44.274003+00:00", "trace_id": null, "stage": "lexical", "event": "start"}
{"ts": "2026-09-24T00:42:44.274281+00:00", "trace_id": null, "stage": "lexical", "event": "finish", "duration_ms": 0.277, "candidates_out": 20}
{"ts": "2026-09-24T00:42:44.274319+00:00", "trace_id": null, "stage": "fuse", "event": "start", "candidates_in": 31}
{"ts": "2026-09-24T00:42:44.274398+00:00", "trace_id": null, "stage": "fuse", "event": "finish", "duration_ms": 0.078, "candidates_in": 31, "candidates_out": 22, "top_score": 0.03278688524590164}
{"ts": "2026-09-24T00:42:44.274645+00:00", "trace_id": null, "stage": "rerank", "event": "start", "candidates_in": 20}
{"ts": "2026-09-24T00:42:45.279631+00:00", "trace_id": null, "stage": "rerank", "event": "stage_slow", "duration_ms": 1005.083, "candidates_in": 20, "soft_budget_ms": 1000.0}
{"ts": "2026-09-24T00:42:46.288096+00:00", "trace_id": null, "stage": "rerank", "event": "finish", "duration_ms": 2013.651, "candidates_in": 20, "candidates_out": 20, "top_score": 0.5035646393910896}
{"ts": "2026-09-24T00:42:46.288546+00:00", "trace_id": null, "stage": "gate", "event": "start", "candidates_in": 5}
{"ts": "2026-09-24T00:42:46.288622+00:00", "trace_id": null, "stage": "gate", "event": "finish", "duration_ms": 0.076, "candidates_in": 5, "candidates_out": 0, "reason": "no_confident_hit"}
{"ts": "2026-09-24T00:42:46.288655+00:00", "trace_id": null, "stage": "embed_query", "event": "start", "model": "Qwen/Qwen3-Embedding-0.6B"}
{"ts": "2026-09-24T00:42:46.320452+00:00", "trace_id": null, "stage": "embed_query", "event": "finish", "duration_ms": 31.799, "model": "Qwen/Qwen3-Embedding-0.6B"}
{"ts": "2026-09-24T00:42:46.320499+00:00", "trace_id": null, "stage": "dense", "event": "start"}
{"ts": "2026-09-24T00:42:46.320711+00:00", "trace_id": null, "stage": "dense", "event": "finish", "duration_ms": 0.211, "candidates_out": 20}
{"ts": "2026-09-24T00:42:46.320744+00:00", "trace_id": null, "stage": "lexical", "event": "start"}
{"ts": "2026-09-24T00:42:46.321037+00:00", "trace_id": null, "stage": "lexical", "event": "finish", "duration_ms": 0.293, "candidates_out": 20}
{"ts": "2026-09-24T00:42:46.321068+00:00", "trace_id": null, "stage": "fuse", "event": "start", "candidates_in": 37}
{"ts": "2026-09-24T00:42:46.321146+00:00", "trace_id": null, "stage": "fuse", "event": "finish", "duration_ms": 0.077, "candidates_in": 37, "candidates_out": 29, "top_score": 0.03278688524590164}
{"ts": "2026-09-24T00:42:46.321354+00:00", "trace_id": null, "stage": "rerank", "event": "start", "candidates_in": 20}
{"ts": "2026-09-24T00:42:47.322428+00:00", "trace_id": null, "stage": "rerank", "event": "stage_slow", "duration_ms": 1001.16, "candidates_in": 20, "soft_budget_ms": 1000.0}
{"ts": "2026-09-24T00:42:48.352643+00:00", "trace_id": null, "stage": "rerank", "event": "finish", "duration_ms": 2031.463, "candidates_in": 20, "candidates_out": 20, "top_score": 0.5113003853926718}
{"ts": "2026-09-24T00:42:48.353154+00:00", "trace_id": null, "stage": "gate", "event": "start", "candidates_in": 5}
{"ts": "2026-09-24T00:42:48.353243+00:00", "trace_id": null, "stage": "gate", "event": "finish", "duration_ms": 0.088, "candidates_in": 5, "candidates_out": 0, "reason": "no_confident_hit"}
{"ts": "2026-09-24T00:42:48.353280+00:00", "trace_id": null, "stage": "embed_query", "event": "start", "model": "Qwen/Qwen3-Embedding-0.6B"}
{"ts": "2026-09-24T00:42:48.385267+00:00", "trace_id": null, "stage": "embed_query", "event": "finish", "duration_ms": 31.988, "model": "Qwen/Qwen3-Embedding-0.6B"}
{"ts": "2026-09-24T00:42:48.385311+00:00", "trace_id": null, "stage": "dense", "event": "start"}
{"ts": "2026-09-24T00:42:48.385511+00:00", "trace_id": null, "stage": "dense", "event": "finish", "duration_ms": 0.2, "candidates_out": 20}
{"ts": "2026-09-24T00:42:48.385532+00:00", "trace_id": null, "stage": "lexical", "event": "start"}
{"ts": "2026-09-24T00:42:48.385760+00:00", "trace_id": null, "stage": "lexical", "event": "finish", "duration_ms": 0.228, "candidates_out": 14}
{"ts": "2026-09-24T00:42:48.385786+00:00", "trace_id": null, "stage": "fuse", "event": "start", "candidates_in": 28}
{"ts": "2026-09-24T00:42:48.385847+00:00", "trace_id": null, "stage": "fuse", "event": "finish", "duration_ms": 0.061, "candidates_in": 28, "candidates_out": 21, "top_score": 0.03177805800756621}
{"ts": "2026-09-24T00:42:48.386085+00:00", "trace_id": null, "stage": "rerank", "event": "start", "candidates_in": 20}
{"ts": "2026-09-24T00:42:49.389421+00:00", "trace_id": null, "stage": "rerank", "event": "stage_slow", "duration_ms": 1003.41, "candidates_in": 20, "soft_budget_ms": 1000.0}
{"ts": "2026-09-24T00:42:50.405637+00:00", "trace_id": null, "stage": "rerank", "event": "finish", "duration_ms": 2019.702, "candidates_in": 20, "candidates_out": 20, "top_score": 0.5069939346610859}
{"ts": "2026-09-24T00:42:50.406180+00:00", "trace_id": null, "stage": "gate", "event": "start", "candidates_in": 5}
{"ts": "2026-09-24T00:42:50.406253+00:00", "trace_id": null, "stage": "gate", "event": "finish", "duration_ms": 0.073, "candidates_in": 5, "candidates_out": 0, "reason": "no_confident_hit"}
{"ts": "2026-09-24T00:42:50.406280+00:00", "trace_id": null, "stage": "embed_query", "event": "start", "model": "Qwen/Qwen3-Embedding-0.6B"}
{"ts": "2026-09-24T00:42:50.437359+00:00", "trace_id": null, "stage": "embed_query", "event": "finish", "duration_ms": 31.079, "model": "Qwen/Qwen3-Embedding-0.6B"}
{"ts": "2026-09-24T00:42:50.437402+00:00", "trace_id": null, "stage": "dense", "event": "start"}
{"ts": "2026-09-24T00:42:50.437611+00:00", "trace_id": null, "stage": "dense", "event": "finish", "duration_ms": 0.207, "candidates_out": 20}
{"ts": "2026-09-24T00:42:50.437647+00:00", "trace_id": null, "stage": "lexical", "event": "start"}
{"ts": "2026-09-24T00:42:50.437928+00:00", "trace_id": null, "stage": "lexical", "event": "finish", "duration_ms": 0.281, "candidates_out": 20}
{"ts": "2026-09-24T00:42:50.437963+00:00", "trace_id": null, "stage": "fuse", "event": "start", "candidates_in": 30}
{"ts": "2026-09-24T00:42:50.438051+00:00", "trace_id": null, "stage": "fuse", "event": "finish", "duration_ms": 0.087, "candidates_in": 30, "candidates_out": 20, "top_score": 0.03278688524590164}
{"ts": "2026-09-24T00:42:50.438290+00:00", "trace_id": null, "stage": "rerank", "event": "start", "candidates_in": 20}
{"ts": "2026-09-24T00:42:51.443302+00:00", "trace_id": null, "stage": "rerank", "event": "stage_slow", "duration_ms": 1005.075, "candidates_in": 20, "soft_budget_ms": 1000.0}
{"ts": "2026-09-24T00:42:52.200814+00:00", "trace_id": null, "stage": "rerank", "event": "finish", "duration_ms": 1762.64, "candidates_in": 20, "candidates_out": 20, "top_score": 0.6835388115554042}
{"ts": "2026-09-24T00:42:52.201275+00:00", "trace_id": null, "stage": "gate", "event": "start", "candidates_in": 5}
{"ts": "2026-09-24T00:42:52.201352+00:00", "trace_id": null, "stage": "gate", "event": "finish", "duration_ms": 0.076, "candidates_in": 5, "candidates_out": 0, "reason": "no_confident_hit"}
{"ts": "2026-09-24T00:42:52.201387+00:00", "trace_id": null, "stage": "embed_query", "event": "start", "model": "Qwen/Qwen3-Embedding-0.6B"}
{"ts": "2026-09-24T00:42:52.233309+00:00", "trace_id": null, "stage": "embed_query", "event": "finish", "duration_ms": 31.922, "model": "Qwen/Qwen3-Embedding-0.6B"}
{"ts": "2026-09-24T00:42:52.233354+00:00", "trace_id": null, "stage": "dense", "event": "start"}
{"ts": "2026-09-24T00:42:52.233565+00:00", "trace_id": null, "stage": "dense", "event": "finish", "duration_ms": 0.21, "candidates_out": 20}
{"ts": "2026-09-24T00:42:52.233590+00:00", "trace_id": null, "stage": "lexical", "event": "start"}
{"ts": "2026-09-24T00:42:52.233880+00:00", "trace_id": null, "stage": "lexical", "event": "finish", "duration_ms": 0.289, "candidates_out": 20}
{"ts": "2026-09-24T00:42:52.233913+00:00", "trace_id": null, "stage": "fuse", "event": "start", "candidates_in": 33}
{"ts": "2026-09-24T00:42:52.233981+00:00", "trace_id": null, "stage": "fuse", "event": "finish", "duration_ms": 0.068, "candidates_in": 33, "candidates_out": 23, "top_score": 0.032266458495966696}
{"ts": "2026-09-24T00:42:52.234232+00:00", "trace_id": null, "stage": "rerank", "event": "start", "candidates_in": 20}
{"ts": "2026-09-24T00:42:53.238477+00:00", "trace_id": null, "stage": "rerank", "event": "stage_slow", "duration_ms": 1004.299, "candidates_in": 20, "soft_budget_ms": 1000.0}
{"ts": "2026-09-24T00:42:54.257505+00:00", "trace_id": null, "stage": "rerank", "event": "finish", "duration_ms": 2023.39, "candidates_in": 20, "candidates_out": 20, "top_score": 0.5955574726236708}
{"ts": "2026-09-24T00:42:54.257959+00:00", "trace_id": null, "stage": "gate", "event": "start", "candidates_in": 5}
{"ts": "2026-09-24T00:42:54.258025+00:00", "trace_id": null, "stage": "gate", "event": "finish", "duration_ms": 0.066, "candidates_in": 5, "candidates_out": 0, "reason": "no_confident_hit"}
{"ts": "2026-09-24T00:42:54.258048+00:00", "trace_id": null, "stage": "embed_query", "event": "start", "model": "Qwen/Qwen3-Embedding-0.6B"}
{"ts": "2026-09-24T00:42:54.290017+00:00", "trace_id": null, "stage": "embed_query", "event": "finish", "duration_ms": 31.969, "model": "Qwen/Qwen3-Embedding-0.6B"}
{"ts": "2026-09-24T00:42:54.290068+00:00", "trace_id": null, "stage": "dense", "event": "start"}
{"ts": "2026-09-24T00:42:54.290273+00:00", "trace_id": null, "stage": "dense", "event": "finish", "duration_ms": 0.205, "candidates_out": 20}
{"ts": "2026-09-24T00:42:54.290294+00:00", "trace_id": null, "stage": "lexical", "event": "start"}
{"ts": "2026-09-24T00:42:54.290497+00:00", "trace_id": null, "stage": "lexical", "event": "finish", "duration_ms": 0.202, "candidates_out": 9}
{"ts": "2026-09-24T00:42:54.290523+00:00", "trace_id": null, "stage": "fuse", "event": "start", "candidates_in": 22}
{"ts": "2026-09-24T00:42:54.290597+00:00", "trace_id": null, "stage": "fuse", "event": "finish", "duration_ms": 0.072, "candidates_in": 22, "candidates_out": 17, "top_score": 0.03252247488101534}
{"ts": "2026-09-24T00:42:54.290783+00:00", "trace_id": null, "stage": "rerank", "event": "start", "candidates_in": 17}
{"ts": "2026-09-24T00:42:55.291785+00:00", "trace_id": null, "stage": "rerank", "event": "stage_slow", "duration_ms": 1001.049, "candidates_in": 17, "soft_budget_ms": 1000.0}
{"ts": "2026-09-24T00:42:56.017681+00:00", "trace_id": null, "stage": "rerank", "event": "finish", "duration_ms": 1726.984, "candidates_in": 17, "candidates_out": 17, "top_score": 0.6234103191297027}
{"ts": "2026-09-24T00:42:56.018085+00:00", "trace_id": null, "stage": "gate", "event": "start", "candidates_in": 5}
{"ts": "2026-09-24T00:42:56.018147+00:00", "trace_id": null, "stage": "gate", "event": "finish", "duration_ms": 0.063, "candidates_in": 5, "candidates_out": 0, "reason": "no_confident_hit"}
{"ts": "2026-09-24T00:42:56.018169+00:00", "trace_id": null, "stage": "embed_query", "event": "start", "model": "Qwen/Qwen3-Embedding-0.6B"}
{"ts": "2026-09-24T00:42:56.053964+00:00", "trace_id": null, "stage": "embed_query", "event": "finish", "duration_ms": 35.793, "model": "Qwen/Qwen3-Embedding-0.6B"}
{"ts": "2026-09-24T00:42:56.054019+00:00", "trace_id": null, "stage": "dense", "event": "start"}
{"ts": "2026-09-24T00:42:56.054226+00:00", "trace_id": null, "stage": "dense", "event": "finish", "duration_ms": 0.207, "candidates_out": 20}
{"ts": "2026-09-24T00:42:56.054248+00:00", "trace_id": null, "stage": "lexical", "event": "start"}
{"ts": "2026-09-24T00:42:56.054529+00:00", "trace_id": null, "stage": "lexical", "event": "finish", "duration_ms": 0.281, "candidates_out": 20}
{"ts": "2026-09-24T00:42:56.054559+00:00", "trace_id": null, "stage": "fuse", "event": "start", "candidates_in": 34}
{"ts": "2026-09-24T00:42:56.054618+00:00", "trace_id": null, "stage": "fuse", "event": "finish", "duration_ms": 0.059, "candidates_in": 34, "candidates_out": 23, "top_score": 0.03278688524590164}
{"ts": "2026-09-24T00:42:56.054895+00:00", "trace_id": null, "stage": "rerank", "event": "start", "candidates_in": 20}
{"ts": "2026-09-24T00:42:57.059778+00:00", "trace_id": null, "stage": "rerank", "event": "stage_slow", "duration_ms": 1004.927, "candidates_in": 20, "soft_budget_ms": 1000.0}
{"ts": "2026-09-24T00:42:58.086143+00:00", "trace_id": null, "stage": "rerank", "event": "finish", "duration_ms": 2031.339, "candidates_in": 20, "candidates_out": 20, "top_score": 0.5326439127519175}
{"ts": "2026-09-24T00:42:58.086603+00:00", "trace_id": null, "stage": "gate", "event": "start", "candidates_in": 5}
{"ts": "2026-09-24T00:42:58.086670+00:00", "trace_id": null, "stage": "gate", "event": "finish", "duration_ms": 0.068, "candidates_in": 5, "candidates_out": 0, "reason": "no_confident_hit"}
{"ts": "2026-09-24T00:42:58.086693+00:00", "trace_id": null, "stage": "embed_query", "event": "start", "model": "Qwen/Qwen3-Embedding-0.6B"}
{"ts": "2026-09-24T00:42:58.118775+00:00", "trace_id": null, "stage": "embed_query", "event": "finish", "duration_ms": 32.081, "model": "Qwen/Qwen3-Embedding-0.6B"}
{"ts": "2026-09-24T00:42:58.118820+00:00", "trace_id": null, "stage": "dense", "event": "start"}
{"ts": "2026-09-24T00:42:58.119073+00:00", "trace_id": null, "stage": "dense", "event": "finish", "duration_ms": 0.251, "candidates_out": 20}
{"ts": "2026-09-24T00:42:58.119112+00:00", "trace_id": null, "stage": "lexical", "event": "start"}
{"ts": "2026-09-24T00:42:58.119394+00:00", "trace_id": null, "stage": "lexical", "event": "finish", "duration_ms": 0.281, "candidates_out": 20}
{"ts": "2026-09-24T00:42:58.119437+00:00", "trace_id": null, "stage": "fuse", "event": "start", "candidates_in": 31}
{"ts": "2026-09-24T00:42:58.119521+00:00", "trace_id": null, "stage": "fuse", "event": "finish", "duration_ms": 0.084, "candidates_in": 31, "candidates_out": 22, "top_score": 0.03252247488101534}
{"ts": "2026-09-24T00:42:58.119742+00:00", "trace_id": null, "stage": "rerank", "event": "start", "candidates_in": 20}
{"ts": "2026-09-24T00:42:59.119916+00:00", "trace_id": null, "stage": "rerank", "event": "stage_slow", "duration_ms": 1000.2, "candidates_in": 20, "soft_budget_ms": 1000.0}
{"ts": "2026-09-24T00:43:00.107149+00:00", "trace_id": null, "stage": "rerank", "event": "finish", "duration_ms": 1987.483, "candidates_in": 20, "candidates_out": 20, "top_score": 0.5019866728913814}
{"ts": "2026-09-24T00:43:00.107598+00:00", "trace_id": null, "stage": "gate", "event": "start", "candidates_in": 5}
{"ts": "2026-09-24T00:43:00.107674+00:00", "trace_id": null, "stage": "gate", "event": "finish", "duration_ms": 0.074, "candidates_in": 5, "candidates_out": 0, "reason": "no_confident_hit"}
{"ts": "2026-09-24T00:43:00.107710+00:00", "trace_id": null, "stage": "embed_query", "event": "start", "model": "Qwen/Qwen3-Embedding-0.6B"}
{"ts": "2026-09-24T00:43:00.139567+00:00", "trace_id": null, "stage": "embed_query", "event": "finish", "duration_ms": 31.855, "model": "Qwen/Qwen3-Embedding-0.6B"}
{"ts": "2026-09-24T00:43:00.139622+00:00", "trace_id": null, "stage": "dense", "event": "start"}
{"ts": "2026-09-24T00:43:00.139846+00:00", "trace_id": null, "stage": "dense", "event": "finish", "duration_ms": 0.223, "candidates_out": 20}
{"ts": "2026-09-24T00:43:00.139869+00:00", "trace_id": null, "stage": "lexical", "event": "start"}
{"ts": "2026-09-24T00:43:00.140150+00:00", "trace_id": null, "stage": "lexical", "event": "finish", "duration_ms": 0.28, "candidates_out": 20}
{"ts": "2026-09-24T00:43:00.140191+00:00", "trace_id": null, "stage": "fuse", "event": "start", "candidates_in": 30}
{"ts": "2026-09-24T00:43:00.140260+00:00", "trace_id": null, "stage": "fuse", "event": "finish", "duration_ms": 0.069, "candidates_in": 30, "candidates_out": 20, "top_score": 0.031009615384615385}
{"ts": "2026-09-24T00:43:00.140481+00:00", "trace_id": null, "stage": "rerank", "event": "start", "candidates_in": 20}
{"ts": "2026-09-24T00:43:01.145524+00:00", "trace_id": null, "stage": "rerank", "event": "stage_slow", "duration_ms": 1005.073, "candidates_in": 20, "soft_budget_ms": 1000.0}
{"ts": "2026-09-24T00:43:01.892637+00:00", "trace_id": null, "stage": "rerank", "event": "finish", "duration_ms": 1752.213, "candidates_in": 20, "candidates_out": 20, "top_score": 0.6809953063352326}
{"ts": "2026-09-24T00:43:01.893102+00:00", "trace_id": null, "stage": "gate", "event": "start", "candidates_in": 5}
{"ts": "2026-09-24T00:43:01.893178+00:00", "trace_id": null, "stage": "gate", "event": "finish", "duration_ms": 0.074, "candidates_in": 5, "candidates_out": 0, "reason": "no_confident_hit"}
{"ts": "2026-09-24T00:43:01.893214+00:00", "trace_id": null, "stage": "embed_query", "event": "start", "model": "Qwen/Qwen3-Embedding-0.6B"}
{"ts": "2026-09-24T00:43:01.924412+00:00", "trace_id": null, "stage": "embed_query", "event": "finish", "duration_ms": 31.196, "model": "Qwen/Qwen3-Embedding-0.6B"}
{"ts": "2026-09-24T00:43:01.924458+00:00", "trace_id": null, "stage": "dense", "event": "start"}
{"ts": "2026-09-24T00:43:01.924667+00:00", "trace_id": null, "stage": "dense", "event": "finish", "duration_ms": 0.209, "candidates_out": 20}
{"ts": "2026-09-24T00:43:01.924693+00:00", "trace_id": null, "stage": "lexical", "event": "start"}
{"ts": "2026-09-24T00:43:01.924983+00:00", "trace_id": null, "stage": "lexical", "event": "finish", "duration_ms": 0.29, "candidates_out": 20}
{"ts": "2026-09-24T00:43:01.925013+00:00", "trace_id": null, "stage": "fuse", "event": "start", "candidates_in": 28}
{"ts": "2026-09-24T00:43:01.925078+00:00", "trace_id": null, "stage": "fuse", "event": "finish", "duration_ms": 0.064, "candidates_in": 28, "candidates_out": 22, "top_score": 0.03278688524590164}
{"ts": "2026-09-24T00:43:01.925317+00:00", "trace_id": null, "stage": "rerank", "event": "start", "candidates_in": 20}
{"ts": "2026-09-24T00:43:02.930346+00:00", "trace_id": null, "stage": "rerank", "event": "stage_slow", "duration_ms": 1005.057, "candidates_in": 20, "soft_budget_ms": 1000.0}
{"ts": "2026-09-24T00:43:03.948881+00:00", "trace_id": null, "stage": "rerank", "event": "finish", "duration_ms": 2023.623, "candidates_in": 20, "candidates_out": 20, "top_score": 0.5021745981904981}
{"ts": "2026-09-24T00:43:03.949340+00:00", "trace_id": null, "stage": "gate", "event": "start", "candidates_in": 5}
{"ts": "2026-09-24T00:43:03.949411+00:00", "trace_id": null, "stage": "gate", "event": "finish", "duration_ms": 0.07, "candidates_in": 5, "candidates_out": 0, "reason": "no_confident_hit"}
{"ts": "2026-09-24T00:43:03.949447+00:00", "trace_id": null, "stage": "embed_query", "event": "start", "model": "Qwen/Qwen3-Embedding-0.6B"}
{"ts": "2026-09-24T00:43:03.980926+00:00", "trace_id": null, "stage": "embed_query", "event": "finish", "duration_ms": 31.479, "model": "Qwen/Qwen3-Embedding-0.6B"}
{"ts": "2026-09-24T00:43:03.980971+00:00", "trace_id": null, "stage": "dense", "event": "start"}
{"ts": "2026-09-24T00:43:03.981182+00:00", "trace_id": null, "stage": "dense", "event": "finish", "duration_ms": 0.21, "candidates_out": 20}
{"ts": "2026-09-24T00:43:03.981209+00:00", "trace_id": null, "stage": "lexical", "event": "start"}
{"ts": "2026-09-24T00:43:03.981509+00:00", "trace_id": null, "stage": "lexical", "event": "finish", "duration_ms": 0.299, "candidates_out": 20}
{"ts": "2026-09-24T00:43:03.981553+00:00", "trace_id": null, "stage": "fuse", "event": "start", "candidates_in": 34}
{"ts": "2026-09-24T00:43:03.981624+00:00", "trace_id": null, "stage": "fuse", "event": "finish", "duration_ms": 0.071, "candidates_in": 34, "candidates_out": 25, "top_score": 0.03278688524590164}
{"ts": "2026-09-24T00:43:03.981861+00:00", "trace_id": null, "stage": "rerank", "event": "start", "candidates_in": 20}
{"ts": "2026-09-24T00:43:04.985606+00:00", "trace_id": null, "stage": "rerank", "event": "stage_slow", "duration_ms": 1003.766, "candidates_in": 20, "soft_budget_ms": 1000.0}
{"ts": "2026-09-24T00:43:05.997735+00:00", "trace_id": null, "stage": "rerank", "event": "finish", "duration_ms": 2015.926, "candidates_in": 20, "candidates_out": 20, "top_score": 0.5279710819990432}
{"ts": "2026-09-24T00:43:05.998191+00:00", "trace_id": null, "stage": "gate", "event": "start", "candidates_in": 5}
{"ts": "2026-09-24T00:43:05.998261+00:00", "trace_id": null, "stage": "gate", "event": "finish", "duration_ms": 0.069, "candidates_in": 5, "candidates_out": 0, "reason": "no_confident_hit"}
{"ts": "2026-09-24T00:43:05.998297+00:00", "trace_id": null, "stage": "embed_query", "event": "start", "model": "Qwen/Qwen3-Embedding-0.6B"}
{"ts": "2026-09-24T00:43:05.998369+00:00", "trace_id": null, "stage": "embed_query", "event": "finish", "duration_ms": 0.071, "model": "Qwen/Qwen3-Embedding-0.6B"}
{"ts": "2026-09-24T00:43:05.998390+00:00", "trace_id": null, "stage": "dense", "event": "start"}
{"ts": "2026-09-24T00:43:05.998555+00:00", "trace_id": null, "stage": "dense", "event": "finish", "duration_ms": 0.165, "candidates_out": 20}
{"ts": "2026-09-24T00:43:05.998577+00:00", "trace_id": null, "stage": "lexical", "event": "start"}
{"ts": "2026-09-24T00:43:05.998829+00:00", "trace_id": null, "stage": "lexical", "event": "finish", "duration_ms": 0.252, "candidates_out": 20}
{"ts": "2026-09-24T00:43:05.998857+00:00", "trace_id": null, "stage": "fuse", "event": "start", "candidates_in": 31}
{"ts": "2026-09-24T00:43:05.998916+00:00", "trace_id": null, "stage": "fuse", "event": "finish", "duration_ms": 0.058, "candidates_in": 31, "candidates_out": 19, "top_score": 0.03278688524590164}
{"ts": "2026-09-24T00:43:05.999146+00:00", "trace_id": null, "stage": "rerank", "event": "start", "candidates_in": 19}
{"ts": "2026-09-24T00:43:07.004211+00:00", "trace_id": null, "stage": "rerank", "event": "stage_slow", "duration_ms": 1005.083, "candidates_in": 19, "soft_budget_ms": 1000.0}
{"ts": "2026-09-24T00:43:07.682258+00:00", "trace_id": null, "stage": "rerank", "event": "finish", "duration_ms": 1683.149, "candidates_in": 19, "candidates_out": 19, "top_score": 0.7275253434628324}
{"ts": "2026-09-24T00:43:07.682704+00:00", "trace_id": null, "stage": "gate", "event": "start", "candidates_in": 5}
{"ts": "2026-09-24T00:43:07.682795+00:00", "trace_id": null, "stage": "gate", "event": "finish", "duration_ms": 0.091, "candidates_in": 5, "candidates_out": 5, "top_score": 0.7275253434628324}
{"ts": "2026-09-24T00:43:07.682825+00:00", "trace_id": null, "stage": "embed_query", "event": "start", "model": "Qwen/Qwen3-Embedding-0.6B"}
{"ts": "2026-09-24T00:43:07.714648+00:00", "trace_id": null, "stage": "embed_query", "event": "finish", "duration_ms": 31.821, "model": "Qwen/Qwen3-Embedding-0.6B"}
{"ts": "2026-09-24T00:43:07.714698+00:00", "trace_id": null, "stage": "dense", "event": "start"}
{"ts": "2026-09-24T00:43:07.714920+00:00", "trace_id": null, "stage": "dense", "event": "finish", "duration_ms": 0.221, "candidates_out": 20}
{"ts": "2026-09-24T00:43:07.714953+00:00", "trace_id": null, "stage": "lexical", "event": "start"}
{"ts": "2026-09-24T00:43:07.715226+00:00", "trace_id": null, "stage": "lexical", "event": "finish", "duration_ms": 0.273, "candidates_out": 20}
{"ts": "2026-09-24T00:43:07.715258+00:00", "trace_id": null, "stage": "fuse", "event": "start", "candidates_in": 33}
{"ts": "2026-09-24T00:43:07.715353+00:00", "trace_id": null, "stage": "fuse", "event": "finish", "duration_ms": 0.095, "candidates_in": 33, "candidates_out": 19, "top_score": 0.03252247488101534}
{"ts": "2026-09-24T00:43:07.715550+00:00", "trace_id": null, "stage": "rerank", "event": "start", "candidates_in": 19}
{"ts": "2026-09-24T00:43:08.717855+00:00", "trace_id": null, "stage": "rerank", "event": "stage_slow", "duration_ms": 1002.322, "candidates_in": 19, "soft_budget_ms": 1000.0}
{"ts": "2026-09-24T00:43:09.382868+00:00", "trace_id": null, "stage": "rerank", "event": "finish", "duration_ms": 1667.349, "candidates_in": 19, "candidates_out": 19, "top_score": 0.6611156332120085}
{"ts": "2026-09-24T00:43:09.383294+00:00", "trace_id": null, "stage": "gate", "event": "start", "candidates_in": 5}
{"ts": "2026-09-24T00:43:09.383367+00:00", "trace_id": null, "stage": "gate", "event": "finish", "duration_ms": 0.072, "candidates_in": 5, "candidates_out": 0, "reason": "no_confident_hit"}
{"ts": "2026-09-24T00:43:09.383409+00:00", "trace_id": null, "stage": "embed_query", "event": "start", "model": "Qwen/Qwen3-Embedding-0.6B"}
{"ts": "2026-09-24T00:43:09.418286+00:00", "trace_id": null, "stage": "embed_query", "event": "finish", "duration_ms": 34.876, "model": "Qwen/Qwen3-Embedding-0.6B"}
{"ts": "2026-09-24T00:43:09.418340+00:00", "trace_id": null, "stage": "dense", "event": "start"}
{"ts": "2026-09-24T00:43:09.418569+00:00", "trace_id": null, "stage": "dense", "event": "finish", "duration_ms": 0.229, "candidates_out": 20}
{"ts": "2026-09-24T00:43:09.418590+00:00", "trace_id": null, "stage": "lexical", "event": "start"}
{"ts": "2026-09-24T00:43:09.418933+00:00", "trace_id": null, "stage": "lexical", "event": "finish", "duration_ms": 0.342, "candidates_out": 20}
{"ts": "2026-09-24T00:43:09.418960+00:00", "trace_id": null, "stage": "fuse", "event": "start", "candidates_in": 34}
{"ts": "2026-09-24T00:43:09.419028+00:00", "trace_id": null, "stage": "fuse", "event": "finish", "duration_ms": 0.067, "candidates_in": 34, "candidates_out": 24, "top_score": 0.03278688524590164}
{"ts": "2026-09-24T00:43:09.419294+00:00", "trace_id": null, "stage": "rerank", "event": "start", "candidates_in": 20}
{"ts": "2026-09-24T00:43:10.421725+00:00", "trace_id": null, "stage": "rerank", "event": "stage_slow", "duration_ms": 1002.442, "candidates_in": 20, "soft_budget_ms": 1000.0}
{"ts": "2026-09-24T00:43:10.916487+00:00", "trace_id": null, "stage": "rerank", "event": "finish", "duration_ms": 1497.218, "candidates_in": 20, "candidates_out": 20, "top_score": 0.7227163684278656}
{"ts": "2026-09-24T00:43:10.916992+00:00", "trace_id": null, "stage": "gate", "event": "start", "candidates_in": 5}
{"ts": "2026-09-24T00:43:10.918527+00:00", "trace_id": null, "stage": "gate", "event": "finish", "duration_ms": 1.535, "candidates_in": 5, "candidates_out": 5, "top_score": 0.7227163684278656}
{"ts": "2026-09-24T00:43:10.918558+00:00", "trace_id": null, "stage": "embed_query", "event": "start", "model": "Qwen/Qwen3-Embedding-0.6B"}
{"ts": "2026-09-24T00:43:10.951027+00:00", "trace_id": null, "stage": "embed_query", "event": "finish", "duration_ms": 32.468, "model": "Qwen/Qwen3-Embedding-0.6B"}
{"ts": "2026-09-24T00:43:10.951082+00:00", "trace_id": null, "stage": "dense", "event": "start"}
{"ts": "2026-09-24T00:43:10.951284+00:00", "trace_id": null, "stage": "dense", "event": "finish", "duration_ms": 0.201, "candidates_out": 20}
{"ts": "2026-09-24T00:43:10.951307+00:00", "trace_id": null, "stage": "lexical", "event": "start"}
{"ts": "2026-09-24T00:43:10.951621+00:00", "trace_id": null, "stage": "lexical", "event": "finish", "duration_ms": 0.314, "candidates_out": 20}
{"ts": "2026-09-24T00:43:10.951664+00:00", "trace_id": null, "stage": "fuse", "event": "start", "candidates_in": 31}
{"ts": "2026-09-24T00:43:10.951736+00:00", "trace_id": null, "stage": "fuse", "event": "finish", "duration_ms": 0.071, "candidates_in": 31, "candidates_out": 22, "top_score": 0.03278688524590164}
{"ts": "2026-09-24T00:43:10.951983+00:00", "trace_id": null, "stage": "rerank", "event": "start", "candidates_in": 20}
{"ts": "2026-09-24T00:43:11.956072+00:00", "trace_id": null, "stage": "rerank", "event": "stage_slow", "duration_ms": 1004.102, "candidates_in": 20, "soft_budget_ms": 1000.0}
{"ts": "2026-09-24T00:43:12.974200+00:00", "trace_id": null, "stage": "rerank", "event": "finish", "duration_ms": 2022.247, "candidates_in": 20, "candidates_out": 20, "top_score": 0.7173673984975226}
{"ts": "2026-09-24T00:43:12.974667+00:00", "trace_id": null, "stage": "gate", "event": "start", "candidates_in": 5}
{"ts": "2026-09-24T00:43:12.974739+00:00", "trace_id": null, "stage": "gate", "event": "finish", "duration_ms": 0.071, "candidates_in": 5, "candidates_out": 0, "reason": "no_confident_hit"}
{"ts": "2026-09-24T00:43:12.974774+00:00", "trace_id": null, "stage": "embed_query", "event": "start", "model": "Qwen/Qwen3-Embedding-0.6B"}
{"ts": "2026-09-24T00:43:13.014198+00:00", "trace_id": null, "stage": "embed_query", "event": "finish", "duration_ms": 39.422, "model": "Qwen/Qwen3-Embedding-0.6B"}
{"ts": "2026-09-24T00:43:13.014255+00:00", "trace_id": null, "stage": "dense", "event": "start"}
{"ts": "2026-09-24T00:43:13.014473+00:00", "trace_id": null, "stage": "dense", "event": "finish", "duration_ms": 0.218, "candidates_out": 20}
{"ts": "2026-09-24T00:43:13.014495+00:00", "trace_id": null, "stage": "lexical", "event": "start"}
{"ts": "2026-09-24T00:43:13.014800+00:00", "trace_id": null, "stage": "lexical", "event": "finish", "duration_ms": 0.304, "candidates_out": 16}
{"ts": "2026-09-24T00:43:13.014836+00:00", "trace_id": null, "stage": "fuse", "event": "start", "candidates_in": 28}
{"ts": "2026-09-24T00:43:13.014920+00:00", "trace_id": null, "stage": "fuse", "event": "finish", "duration_ms": 0.084, "candidates_in": 28, "candidates_out": 22, "top_score": 0.03278688524590164}
{"ts": "2026-09-24T00:43:13.015168+00:00", "trace_id": null, "stage": "rerank", "event": "start", "candidates_in": 20}
{"ts": "2026-09-24T00:43:14.017699+00:00", "trace_id": null, "stage": "rerank", "event": "stage_slow", "duration_ms": 1002.533, "candidates_in": 20, "soft_budget_ms": 1000.0}
{"ts": "2026-09-24T00:43:14.812562+00:00", "trace_id": null, "stage": "rerank", "event": "finish", "duration_ms": 1797.418, "candidates_in": 20, "candidates_out": 20, "top_score": 0.6281053016618118}
{"ts": "2026-09-24T00:43:14.813000+00:00", "trace_id": null, "stage": "gate", "event": "start", "candidates_in": 5}
{"ts": "2026-09-24T00:43:14.813076+00:00", "trace_id": null, "stage": "gate", "event": "finish", "duration_ms": 0.076, "candidates_in": 5, "candidates_out": 0, "reason": "no_confident_hit"}
{"ts": "2026-09-24T00:43:14.813117+00:00", "trace_id": null, "stage": "embed_query", "event": "start", "model": "Qwen/Qwen3-Embedding-0.6B"}
{"ts": "2026-09-24T00:43:14.851007+00:00", "trace_id": null, "stage": "embed_query", "event": "finish", "duration_ms": 37.889, "model": "Qwen/Qwen3-Embedding-0.6B"}
{"ts": "2026-09-24T00:43:14.851053+00:00", "trace_id": null, "stage": "dense", "event": "start"}
{"ts": "2026-09-24T00:43:14.851259+00:00", "trace_id": null, "stage": "dense", "event": "finish", "duration_ms": 0.205, "candidates_out": 20}
{"ts": "2026-09-24T00:43:14.851280+00:00", "trace_id": null, "stage": "lexical", "event": "start"}
{"ts": "2026-09-24T00:43:14.851604+00:00", "trace_id": null, "stage": "lexical", "event": "finish", "duration_ms": 0.323, "candidates_out": 20}
{"ts": "2026-09-24T00:43:14.851650+00:00", "trace_id": null, "stage": "fuse", "event": "start", "candidates_in": 33}
{"ts": "2026-09-24T00:43:14.851724+00:00", "trace_id": null, "stage": "fuse", "event": "finish", "duration_ms": 0.074, "candidates_in": 33, "candidates_out": 20, "top_score": 0.03278688524590164}
{"ts": "2026-09-24T00:43:14.851955+00:00", "trace_id": null, "stage": "rerank", "event": "start", "candidates_in": 20}
{"ts": "2026-09-24T00:43:15.854923+00:00", "trace_id": null, "stage": "rerank", "event": "stage_slow", "duration_ms": 1002.977, "candidates_in": 20, "soft_budget_ms": 1000.0}
{"ts": "2026-09-24T00:43:16.652698+00:00", "trace_id": null, "stage": "rerank", "event": "finish", "duration_ms": 1800.762, "candidates_in": 20, "candidates_out": 20, "top_score": 0.5367188830782206}
{"ts": "2026-09-24T00:43:16.653154+00:00", "trace_id": null, "stage": "gate", "event": "start", "candidates_in": 5}
{"ts": "2026-09-24T00:43:16.653226+00:00", "trace_id": null, "stage": "gate", "event": "finish", "duration_ms": 0.072, "candidates_in": 5, "candidates_out": 0, "reason": "no_confident_hit"}
{"ts": "2026-09-24T00:43:16.653247+00:00", "trace_id": null, "stage": "embed_query", "event": "start", "model": "Qwen/Qwen3-Embedding-0.6B"}
{"ts": "2026-09-24T00:43:16.686501+00:00", "trace_id": null, "stage": "embed_query", "event": "finish", "duration_ms": 33.25, "model": "Qwen/Qwen3-Embedding-0.6B"}
{"ts": "2026-09-24T00:43:16.686555+00:00", "trace_id": null, "stage": "dense", "event": "start"}
{"ts": "2026-09-24T00:43:16.686779+00:00", "trace_id": null, "stage": "dense", "event": "finish", "duration_ms": 0.222, "candidates_out": 20}
{"ts": "2026-09-24T00:43:16.686812+00:00", "trace_id": null, "stage": "lexical", "event": "start"}
{"ts": "2026-09-24T00:43:16.687137+00:00", "trace_id": null, "stage": "lexical", "event": "finish", "duration_ms": 0.324, "candidates_out": 20}
{"ts": "2026-09-24T00:43:16.687172+00:00", "trace_id": null, "stage": "fuse", "event": "start", "candidates_in": 34}
{"ts": "2026-09-24T00:43:16.687270+00:00", "trace_id": null, "stage": "fuse", "event": "finish", "duration_ms": 0.097, "candidates_in": 34, "candidates_out": 22, "top_score": 0.03278688524590164}
{"ts": "2026-09-24T00:43:16.687497+00:00", "trace_id": null, "stage": "rerank", "event": "start", "candidates_in": 20}
{"ts": "2026-09-24T00:43:17.688249+00:00", "trace_id": null, "stage": "rerank", "event": "stage_slow", "duration_ms": 1000.756, "candidates_in": 20, "soft_budget_ms": 1000.0}
{"ts": "2026-09-24T00:43:18.459960+00:00", "trace_id": null, "stage": "rerank", "event": "finish", "duration_ms": 1772.479, "candidates_in": 20, "candidates_out": 20, "top_score": 0.6931936357606568}
{"ts": "2026-09-24T00:43:18.460486+00:00", "trace_id": null, "stage": "gate", "event": "start", "candidates_in": 5}
{"ts": "2026-09-24T00:43:18.460566+00:00", "trace_id": null, "stage": "gate", "event": "finish", "duration_ms": 0.079, "candidates_in": 5, "candidates_out": 0, "reason": "no_confident_hit"}
{"ts": "2026-09-24T00:43:18.460599+00:00", "trace_id": null, "stage": "embed_query", "event": "start", "model": "Qwen/Qwen3-Embedding-0.6B"}
{"ts": "2026-09-24T00:43:18.496404+00:00", "trace_id": null, "stage": "embed_query", "event": "finish", "duration_ms": 35.803, "model": "Qwen/Qwen3-Embedding-0.6B"}
{"ts": "2026-09-24T00:43:18.496453+00:00", "trace_id": null, "stage": "dense", "event": "start"}
{"ts": "2026-09-24T00:43:18.496730+00:00", "trace_id": null, "stage": "dense", "event": "finish", "duration_ms": 0.276, "candidates_out": 20}
{"ts": "2026-09-24T00:43:18.496761+00:00", "trace_id": null, "stage": "lexical", "event": "start"}
{"ts": "2026-09-24T00:43:18.497110+00:00", "trace_id": null, "stage": "lexical", "event": "finish", "duration_ms": 0.349, "candidates_out": 20}
{"ts": "2026-09-24T00:43:18.497157+00:00", "trace_id": null, "stage": "fuse", "event": "start", "candidates_in": 35}
{"ts": "2026-09-24T00:43:18.497237+00:00", "trace_id": null, "stage": "fuse", "event": "finish", "duration_ms": 0.081, "candidates_in": 35, "candidates_out": 25, "top_score": 0.03252247488101534}
{"ts": "2026-09-24T00:43:18.497444+00:00", "trace_id": null, "stage": "rerank", "event": "start", "candidates_in": 20}
{"ts": "2026-09-24T00:43:19.500044+00:00", "trace_id": null, "stage": "rerank", "event": "stage_slow", "duration_ms": 1002.606, "candidates_in": 20, "soft_budget_ms": 1000.0}
{"ts": "2026-09-24T00:43:20.554150+00:00", "trace_id": null, "stage": "rerank", "event": "finish", "duration_ms": 2056.724, "candidates_in": 20, "candidates_out": 20, "top_score": 0.5431702417078096}
{"ts": "2026-09-24T00:43:20.554601+00:00", "trace_id": null, "stage": "gate", "event": "start", "candidates_in": 5}
{"ts": "2026-09-24T00:43:20.554675+00:00", "trace_id": null, "stage": "gate", "event": "finish", "duration_ms": 0.073, "candidates_in": 5, "candidates_out": 0, "reason": "no_confident_hit"}
{"ts": "2026-09-24T00:43:20.554711+00:00", "trace_id": null, "stage": "embed_query", "event": "start", "model": "Qwen/Qwen3-Embedding-0.6B"}
{"ts": "2026-09-24T00:43:20.585974+00:00", "trace_id": null, "stage": "embed_query", "event": "finish", "duration_ms": 31.261, "model": "Qwen/Qwen3-Embedding-0.6B"}
{"ts": "2026-09-24T00:43:20.586022+00:00", "trace_id": null, "stage": "dense", "event": "start"}
{"ts": "2026-09-24T00:43:20.586230+00:00", "trace_id": null, "stage": "dense", "event": "finish", "duration_ms": 0.207, "candidates_out": 20}
{"ts": "2026-09-24T00:43:20.586262+00:00", "trace_id": null, "stage": "lexical", "event": "start"}
{"ts": "2026-09-24T00:43:20.586518+00:00", "trace_id": null, "stage": "lexical", "event": "finish", "duration_ms": 0.255, "candidates_out": 20}
{"ts": "2026-09-24T00:43:20.586548+00:00", "trace_id": null, "stage": "fuse", "event": "start", "candidates_in": 33}
{"ts": "2026-09-24T00:43:20.586618+00:00", "trace_id": null, "stage": "fuse", "event": "finish", "duration_ms": 0.069, "candidates_in": 33, "candidates_out": 22, "top_score": 0.03278688524590164}
{"ts": "2026-09-24T00:43:20.586868+00:00", "trace_id": null, "stage": "rerank", "event": "start", "candidates_in": 20}
{"ts": "2026-09-24T00:43:21.591945+00:00", "trace_id": null, "stage": "rerank", "event": "stage_slow", "duration_ms": 1005.081, "candidates_in": 20, "soft_budget_ms": 1000.0}
{"ts": "2026-09-24T00:43:22.605162+00:00", "trace_id": null, "stage": "rerank", "event": "finish", "duration_ms": 2018.308, "candidates_in": 20, "candidates_out": 20, "top_score": 0.5611144636114856}
{"ts": "2026-09-24T00:43:22.605614+00:00", "trace_id": null, "stage": "gate", "event": "start", "candidates_in": 5}
{"ts": "2026-09-24T00:43:22.605686+00:00", "trace_id": null, "stage": "gate", "event": "finish", "duration_ms": 0.07, "candidates_in": 5, "candidates_out": 0, "reason": "no_confident_hit"}
{"ts": "2026-09-24T00:43:22.605721+00:00", "trace_id": null, "stage": "embed_query", "event": "start", "model": "Qwen/Qwen3-Embedding-0.6B"}
{"ts": "2026-09-24T00:43:22.636140+00:00", "trace_id": null, "stage": "embed_query", "event": "finish", "duration_ms": 30.417, "model": "Qwen/Qwen3-Embedding-0.6B"}
{"ts": "2026-09-24T00:43:22.636190+00:00", "trace_id": null, "stage": "dense", "event": "start"}
{"ts": "2026-09-24T00:43:22.636408+00:00", "trace_id": null, "stage": "dense", "event": "finish", "duration_ms": 0.216, "candidates_out": 20}
{"ts": "2026-09-24T00:43:22.636444+00:00", "trace_id": null, "stage": "lexical", "event": "start"}
{"ts": "2026-09-24T00:43:22.636732+00:00", "trace_id": null, "stage": "lexical", "event": "finish", "duration_ms": 0.287, "candidates_out": 20}
{"ts": "2026-09-24T00:43:22.636774+00:00", "trace_id": null, "stage": "fuse", "event": "start", "candidates_in": 30}
{"ts": "2026-09-24T00:43:22.636858+00:00", "trace_id": null, "stage": "fuse", "event": "finish", "duration_ms": 0.083, "candidates_in": 30, "candidates_out": 18, "top_score": 0.03278688524590164}
{"ts": "2026-09-24T00:43:22.637060+00:00", "trace_id": null, "stage": "rerank", "event": "start", "candidates_in": 18}
{"ts": "2026-09-24T00:43:23.638179+00:00", "trace_id": null, "stage": "rerank", "event": "stage_slow", "duration_ms": 1001.119, "candidates_in": 18, "soft_budget_ms": 1000.0}
{"ts": "2026-09-24T00:43:24.288851+00:00", "trace_id": null, "stage": "rerank", "event": "finish", "duration_ms": 1651.799, "candidates_in": 18, "candidates_out": 18, "top_score": 0.7307282681504349}
{"ts": "2026-09-24T00:43:24.289291+00:00", "trace_id": null, "stage": "gate", "event": "start", "candidates_in": 5}
{"ts": "2026-09-24T00:43:24.294362+00:00", "trace_id": null, "stage": "gate", "event": "finish", "duration_ms": 5.071, "candidates_in": 5, "candidates_out": 5, "top_score": 0.730654797153296}
{"ts": "2026-09-24T00:43:24.294392+00:00", "trace_id": null, "stage": "embed_query", "event": "start", "model": "Qwen/Qwen3-Embedding-0.6B"}
{"ts": "2026-09-24T00:43:24.326505+00:00", "trace_id": null, "stage": "embed_query", "event": "finish", "duration_ms": 32.108, "model": "Qwen/Qwen3-Embedding-0.6B"}
{"ts": "2026-09-24T00:43:24.326585+00:00", "trace_id": null, "stage": "dense", "event": "start"}
{"ts": "2026-09-24T00:43:24.326813+00:00", "trace_id": null, "stage": "dense", "event": "finish", "duration_ms": 0.228, "candidates_out": 20}
{"ts": "2026-09-24T00:43:24.326843+00:00", "trace_id": null, "stage": "lexical", "event": "start"}
{"ts": "2026-09-24T00:43:24.327145+00:00", "trace_id": null, "stage": "lexical", "event": "finish", "duration_ms": 0.301, "candidates_out": 20}
{"ts": "2026-09-24T00:43:24.327186+00:00", "trace_id": null, "stage": "fuse", "event": "start", "candidates_in": 32}
{"ts": "2026-09-24T00:43:24.327256+00:00", "trace_id": null, "stage": "fuse", "event": "finish", "duration_ms": 0.07, "candidates_in": 32, "candidates_out": 20, "top_score": 0.03278688524590164}
{"ts": "2026-09-24T00:43:24.327491+00:00", "trace_id": null, "stage": "rerank", "event": "start", "candidates_in": 20}
{"ts": "2026-09-24T00:43:25.329848+00:00", "trace_id": null, "stage": "rerank", "event": "stage_slow", "duration_ms": 1002.347, "candidates_in": 20, "soft_budget_ms": 1000.0}
{"ts": "2026-09-24T00:43:26.165573+00:00", "trace_id": null, "stage": "rerank", "event": "finish", "duration_ms": 1838.09, "candidates_in": 20, "candidates_out": 20, "top_score": 0.730530651214025}
{"ts": "2026-09-24T00:43:26.166040+00:00", "trace_id": null, "stage": "gate", "event": "start", "candidates_in": 5}
{"ts": "2026-09-24T00:43:26.171716+00:00", "trace_id": null, "stage": "gate", "event": "finish", "duration_ms": 5.675, "candidates_in": 5, "candidates_out": 5, "top_score": 0.7304815553890739}
{"ts": "2026-09-24T00:43:26.171755+00:00", "trace_id": null, "stage": "embed_query", "event": "start", "model": "Qwen/Qwen3-Embedding-0.6B"}
{"ts": "2026-09-24T00:43:26.204409+00:00", "trace_id": null, "stage": "embed_query", "event": "finish", "duration_ms": 32.651, "model": "Qwen/Qwen3-Embedding-0.6B"}
{"ts": "2026-09-24T00:43:26.204461+00:00", "trace_id": null, "stage": "dense", "event": "start"}
{"ts": "2026-09-24T00:43:26.204678+00:00", "trace_id": null, "stage": "dense", "event": "finish", "duration_ms": 0.216, "candidates_out": 20}
{"ts": "2026-09-24T00:43:26.204705+00:00", "trace_id": null, "stage": "lexical", "event": "start"}
{"ts": "2026-09-24T00:43:26.205081+00:00", "trace_id": null, "stage": "lexical", "event": "finish", "duration_ms": 0.376, "candidates_out": 20}
{"ts": "2026-09-24T00:43:26.205111+00:00", "trace_id": null, "stage": "fuse", "event": "start", "candidates_in": 32}
{"ts": "2026-09-24T00:43:26.205187+00:00", "trace_id": null, "stage": "fuse", "event": "finish", "duration_ms": 0.075, "candidates_in": 32, "candidates_out": 21, "top_score": 0.03278688524590164}
{"ts": "2026-09-24T00:43:26.205434+00:00", "trace_id": null, "stage": "rerank", "event": "start", "candidates_in": 20}
{"ts": "2026-09-24T00:43:27.207970+00:00", "trace_id": null, "stage": "rerank", "event": "stage_slow", "duration_ms": 1002.535, "candidates_in": 20, "soft_budget_ms": 1000.0}
{"ts": "2026-09-24T00:43:27.987406+00:00", "trace_id": null, "stage": "rerank", "event": "finish", "duration_ms": 1781.978, "candidates_in": 20, "candidates_out": 20, "top_score": 0.7136340029517464}
{"ts": "2026-09-24T00:43:27.987876+00:00", "trace_id": null, "stage": "gate", "event": "start", "candidates_in": 5}
{"ts": "2026-09-24T00:43:27.987948+00:00", "trace_id": null, "stage": "gate", "event": "finish", "duration_ms": 0.071, "candidates_in": 5, "candidates_out": 0, "reason": "no_confident_hit"}
{"ts": "2026-09-24T00:43:27.987985+00:00", "trace_id": null, "stage": "embed_query", "event": "start", "model": "Qwen/Qwen3-Embedding-0.6B"}
{"ts": "2026-09-24T00:43:28.019666+00:00", "trace_id": null, "stage": "embed_query", "event": "finish", "duration_ms": 31.679, "model": "Qwen/Qwen3-Embedding-0.6B"}
{"ts": "2026-09-24T00:43:28.019717+00:00", "trace_id": null, "stage": "dense", "event": "start"}
{"ts": "2026-09-24T00:43:28.019924+00:00", "trace_id": null, "stage": "dense", "event": "finish", "duration_ms": 0.207, "candidates_out": 20}
{"ts": "2026-09-24T00:43:28.019947+00:00", "trace_id": null, "stage": "lexical", "event": "start"}
{"ts": "2026-09-24T00:43:28.020275+00:00", "trace_id": null, "stage": "lexical", "event": "finish", "duration_ms": 0.326, "candidates_out": 20}
{"ts": "2026-09-24T00:43:28.020317+00:00", "trace_id": null, "stage": "fuse", "event": "start", "candidates_in": 33}
{"ts": "2026-09-24T00:43:28.020408+00:00", "trace_id": null, "stage": "fuse", "event": "finish", "duration_ms": 0.09, "candidates_in": 33, "candidates_out": 22, "top_score": 0.03252247488101534}
{"ts": "2026-09-24T00:43:28.020631+00:00", "trace_id": null, "stage": "rerank", "event": "start", "candidates_in": 20}
{"ts": "2026-09-24T00:43:29.021438+00:00", "trace_id": null, "stage": "rerank", "event": "stage_slow", "duration_ms": 1000.805, "candidates_in": 20, "soft_budget_ms": 1000.0}
{"ts": "2026-09-24T00:43:29.802974+00:00", "trace_id": null, "stage": "rerank", "event": "finish", "duration_ms": 1782.347, "candidates_in": 20, "candidates_out": 20, "top_score": 0.7102519093009744}
{"ts": "2026-09-24T00:43:29.803447+00:00", "trace_id": null, "stage": "gate", "event": "start", "candidates_in": 5}
{"ts": "2026-09-24T00:43:29.803524+00:00", "trace_id": null, "stage": "gate", "event": "finish", "duration_ms": 0.076, "candidates_in": 5, "candidates_out": 0, "reason": "no_confident_hit"}
{"ts": "2026-09-24T00:43:29.803561+00:00", "trace_id": null, "stage": "embed_query", "event": "start", "model": "Qwen/Qwen3-Embedding-0.6B"}
{"ts": "2026-09-24T00:43:29.833807+00:00", "trace_id": null, "stage": "embed_query", "event": "finish", "duration_ms": 30.242, "model": "Qwen/Qwen3-Embedding-0.6B"}
{"ts": "2026-09-24T00:43:29.833863+00:00", "trace_id": null, "stage": "dense", "event": "start"}
{"ts": "2026-09-24T00:43:29.834060+00:00", "trace_id": null, "stage": "dense", "event": "finish", "duration_ms": 0.196, "candidates_out": 20}
{"ts": "2026-09-24T00:43:29.834089+00:00", "trace_id": null, "stage": "lexical", "event": "start"}
{"ts": "2026-09-24T00:43:29.834396+00:00", "trace_id": null, "stage": "lexical", "event": "finish", "duration_ms": 0.307, "candidates_out": 20}
{"ts": "2026-09-24T00:43:29.834424+00:00", "trace_id": null, "stage": "fuse", "event": "start", "candidates_in": 32}
{"ts": "2026-09-24T00:43:29.834500+00:00", "trace_id": null, "stage": "fuse", "event": "finish", "duration_ms": 0.074, "candidates_in": 32, "candidates_out": 22, "top_score": 0.030886196246139225}
{"ts": "2026-09-24T00:43:29.834732+00:00", "trace_id": null, "stage": "rerank", "event": "start", "candidates_in": 20}
{"ts": "2026-09-24T00:43:30.839807+00:00", "trace_id": null, "stage": "rerank", "event": "stage_slow", "duration_ms": 1005.073, "candidates_in": 20, "soft_budget_ms": 1000.0}
{"ts": "2026-09-24T00:43:31.674763+00:00", "trace_id": null, "stage": "rerank", "event": "finish", "duration_ms": 1840.035, "candidates_in": 20, "candidates_out": 20, "top_score": 0.5040482715823729}
{"ts": "2026-09-24T00:43:31.675219+00:00", "trace_id": null, "stage": "gate", "event": "start", "candidates_in": 5}
{"ts": "2026-09-24T00:43:31.675304+00:00", "trace_id": null, "stage": "gate", "event": "finish", "duration_ms": 0.084, "candidates_in": 5, "candidates_out": 0, "reason": "no_confident_hit"}
{"ts": "2026-09-24T00:43:31.675342+00:00", "trace_id": null, "stage": "embed_query", "event": "start", "model": "Qwen/Qwen3-Embedding-0.6B"}
{"ts": "2026-09-24T00:43:31.711880+00:00", "trace_id": null, "stage": "embed_query", "event": "finish", "duration_ms": 36.536, "model": "Qwen/Qwen3-Embedding-0.6B"}
{"ts": "2026-09-24T00:43:31.711931+00:00", "trace_id": null, "stage": "dense", "event": "start"}
{"ts": "2026-09-24T00:43:31.712139+00:00", "trace_id": null, "stage": "dense", "event": "finish", "duration_ms": 0.207, "candidates_out": 20}
{"ts": "2026-09-24T00:43:31.712167+00:00", "trace_id": null, "stage": "lexical", "event": "start"}
{"ts": "2026-09-24T00:43:31.712489+00:00", "trace_id": null, "stage": "lexical", "event": "finish", "duration_ms": 0.321, "candidates_out": 20}
{"ts": "2026-09-24T00:43:31.712528+00:00", "trace_id": null, "stage": "fuse", "event": "start", "candidates_in": 33}
{"ts": "2026-09-24T00:43:31.712603+00:00", "trace_id": null, "stage": "fuse", "event": "finish", "duration_ms": 0.075, "candidates_in": 33, "candidates_out": 24, "top_score": 0.03278688524590164}
{"ts": "2026-09-24T00:43:31.712810+00:00", "trace_id": null, "stage": "rerank", "event": "start", "candidates_in": 20}
{"ts": "2026-09-24T00:43:32.715235+00:00", "trace_id": null, "stage": "rerank", "event": "stage_slow", "duration_ms": 1002.421, "candidates_in": 20, "soft_budget_ms": 1000.0}
{"ts": "2026-09-24T00:43:33.509400+00:00", "trace_id": null, "stage": "rerank", "event": "finish", "duration_ms": 1796.592, "candidates_in": 20, "candidates_out": 20, "top_score": 0.7284356294870871}
{"ts": "2026-09-24T00:43:33.509886+00:00", "trace_id": null, "stage": "gate", "event": "start", "candidates_in": 5}
{"ts": "2026-09-24T00:43:33.509993+00:00", "trace_id": null, "stage": "gate", "event": "finish", "duration_ms": 0.106, "candidates_in": 5, "candidates_out": 5, "top_score": 0.7284356294870871}
{"ts": "2026-09-24T00:43:33.510031+00:00", "trace_id": null, "stage": "embed_query", "event": "start", "model": "Qwen/Qwen3-Embedding-0.6B"}
{"ts": "2026-09-24T00:43:33.541892+00:00", "trace_id": null, "stage": "embed_query", "event": "finish", "duration_ms": 31.859, "model": "Qwen/Qwen3-Embedding-0.6B"}
{"ts": "2026-09-24T00:43:33.541939+00:00", "trace_id": null, "stage": "dense", "event": "start"}
{"ts": "2026-09-24T00:43:33.542163+00:00", "trace_id": null, "stage": "dense", "event": "finish", "duration_ms": 0.222, "candidates_out": 20}
{"ts": "2026-09-24T00:43:33.542199+00:00", "trace_id": null, "stage": "lexical", "event": "start"}
{"ts": "2026-09-24T00:43:33.542494+00:00", "trace_id": null, "stage": "lexical", "event": "finish", "duration_ms": 0.295, "candidates_out": 20}
{"ts": "2026-09-24T00:43:33.542528+00:00", "trace_id": null, "stage": "fuse", "event": "start", "candidates_in": 32}
{"ts": "2026-09-24T00:43:33.542622+00:00", "trace_id": null, "stage": "fuse", "event": "finish", "duration_ms": 0.093, "candidates_in": 32, "candidates_out": 19, "top_score": 0.03278688524590164}
{"ts": "2026-09-24T00:43:33.542837+00:00", "trace_id": null, "stage": "rerank", "event": "start", "candidates_in": 19}
{"ts": "2026-09-24T00:43:34.547894+00:00", "trace_id": null, "stage": "rerank", "event": "stage_slow", "duration_ms": 1005.058, "candidates_in": 19, "soft_budget_ms": 1000.0}
{"ts": "2026-09-24T00:43:35.500013+00:00", "trace_id": null, "stage": "rerank", "event": "finish", "duration_ms": 1957.178, "candidates_in": 19, "candidates_out": 19, "top_score": 0.5131346672253697}
{"ts": "2026-09-24T00:43:35.500457+00:00", "trace_id": null, "stage": "gate", "event": "start", "candidates_in": 5}
{"ts": "2026-09-24T00:43:35.500530+00:00", "trace_id": null, "stage": "gate", "event": "finish", "duration_ms": 0.072, "candidates_in": 5, "candidates_out": 0, "reason": "no_confident_hit"}
{
  "modes": {
    "rrf": {
      "tau": 0.03131881575727918,
      "n": 60,
      "key": "Qwen/Qwen3-Embedding-0.6B|97b0c614be4d77ee51c0cef4e5f07c00f9eb65b3|BAAI/bge-reranker-v2-m3|953dc6f6f85a1b2dbfca4c34a2796e7dde08d41e|rrf",
      "held_out_abstain": 0.05434782608695652,
      "held_out_unanswerable_abstain": 0.1111111111111111
    },
    "rerank": {
      "tau": 0.719521087925673,
      "n": 60,
      "key": "Qwen/Qwen3-Embedding-0.6B|97b0c614be4d77ee51c0cef4e5f07c00f9eb65b3|BAAI/bge-reranker-v2-m3|953dc6f6f85a1b2dbfca4c34a2796e7dde08d41e|rerank",
      "held_out_abstain": 0.7391304347826086,
      "held_out_unanswerable_abstain": 1.0
    },
    "cascade": {
      "tau": 0.719521087925673,
      "n": 60,
      "key": "Qwen/Qwen3-Embedding-0.6B|97b0c614be4d77ee51c0cef4e5f07c00f9eb65b3|BAAI/bge-reranker-v2-m3|953dc6f6f85a1b2dbfca4c34a2796e7dde08d41e|cascade",
      "held_out_abstain": 0.7391304347826086,
      "held_out_unanswerable_abstain": 1.0
    }
  },
  "held_out": {}
}
